Date,Close,High,Low,Open,Volume,daily_return,log_return,ma_7,price_ma_ratio,high_low_ratio,ma_14,ma_30,ma_crossover,volatility_7,volatility_14,day_of_week,month,quarter,is_monday,is_friday,volume_ma_7,volume_ratio,target
2021-07-28,1398.433349609375,1400.1752945157943,1380.9268245638375,1397.9978633827702,4686788.0,,,,,1.013938805163001,,,0,,,2,7,3,0,0,,,1
2021-07-29,1408.362548828125,1410.9754663584183,1393.643092143495,1393.643092143495,4660873.0,0.7100230569818455,0.007075142616249499,,,1.012436738152424,,,0,,,3,7,3,0,0,,,0
2021-07-30,1402.701416015625,1413.9369841697644,1398.9127063515282,1402.265929702053,6234257.0,-0.40196558884717515,-0.004027756420055977,,,1.010739968083799,,,0,,,4,7,3,0,1,,,1
2021-08-02,1421.0352783203125,1423.8223478971256,1410.278682485059,1417.4642058801662,5553389.0,1.3070395520641043,0.012985714975122107,,,1.0096035383504494,,,0,,,0,8,3,1,0,,,1
2021-08-03,1441.6336669921875,1444.638585966481,1424.562626930286,1434.4917348838053,5513668.0,1.4495339409323238,0.01439128629518421,,,1.0140927177624024,,,0,,,1,8,3,0,0,,,0
2021-08-04,1436.4515380859375,1463.14686912244,1427.5676602328276,1453.740322661586,6740391.0,-0.35946225625140826,-0.0036010987424704736,,,1.0249229580360553,,,0,,,2,8,3,0,0,,,1
2021-08-05,1440.1966552734375,1451.0402206367958,1434.5353338843984,1436.6691740338504,5420536.0,0.260720051334995,0.0026038076620411668,1421.2592075892858,1.0133244151264096,1.0115053887921366,,,0,,,3,8,3,0,0,5544271.714285715,0.9776822420216366,0
2021-08-06,1437.2789306640625,1446.3806580542653,1431.8789431145815,1443.2015868253418,3754855.0,-0.20259209731472438,-0.0020279759269603926,1426.8085763113838,1.0073383034882974,1.0101277520766805,,,0,0.7770255202112257,,4,8,3,0,1,5411138.428571428,0.6939122052716185,1
2021-08-09,1448.688720703125,1452.3031718189327,1433.9692629808042,1446.6854412607183,5018477.0,0.7938466080338991,0.007907122230601879,1432.5694580078125,1.0112519938249476,1.012785426655532,,,0,0.7833143333839346,,0,8,3,1,0,5462224.714285715,0.9187606263936465,1
2021-08-10,1460.8385009765625,1463.2336751471903,1446.7287902084508,1452.782006038996,6846517.0,0.8386743197351887,0.008351769872099431,1440.874755859375,1.013855295219799,1.011408416733285,,,0,0.70642148399618,,1,8,3,0,0,5549690.428571428,1.2336754794019014,1
2021-08-11,1461.0999755859375,1466.7177057432823,1452.7821455937024,1458.7048011852285,4899639.0,0.01789894017718563,0.00017897338508006652,1446.5982840401787,1.0100246846037018,1.0095923261390887,,,0,0.6524788385849071,,2,8,3,0,0,5456297.571428572,0.8979786999991595,1
2021-08-12,1471.5950927734375,1477.6048241977232,1458.0079432401938,1462.4934728122273,5659579.0,0.7183024681997718,0.00715734963654818,1450.8784877232142,1.0142786630482976,1.0134408602150538,,,0,0.4962346087623835,,3,8,3,0,0,5477142.0,1.033308794988335,1
2021-08-13,1491.279052734375,1500.2501118966013,1473.0758127751071,1478.0403134331104,5612790.0,1.3375934764664255,0.01328726675250918,1458.7109898158483,1.0223266042046055,1.018447318790946,,,0,0.5359705887488044,,4,8,3,0,1,5316056.142857143,1.0558184204923344,0
2021-08-16,1484.4854736328125,1498.0290315167445,1472.0305249977998,1487.359618942514,4564109.0,-0.4555538474912524,-0.0045659465619672275,1465.0379638671875,1.0132744067015782,1.0176616626336492,1443.1485857282366,,0,0.6532279863960838,,0,8,3,1,0,5193709.428571428,0.8787763471887944,1
2021-08-17,1516.92919921875,1523.243749524593,1468.9386381583165,1484.0499890055655,9510390.0,2.185519909908029,0.021619797887321164,1476.4165736607142,1.0274398339064879,1.0369689447575303,1451.6125749860491,,0,0.8564606104147957,0.8102282225315957,1,8,3,0,0,6015928.714285715,1.5808681338620534,0
2021-08-18,1509.7872314453125,1528.9922175200145,1504.1695013711565,1505.9114463640587,6686090.0,-0.47081747632755633,-0.004719293129945277,1485.1449323381696,1.016592521423715,1.01650260567458,1458.8571951729912,,0,0.9771087438619575,0.8564346378692409,2,8,3,0,0,6254159.142857143,1.0690629782959975,0
2021-08-20,1509.351806640625,1519.8470681780625,1494.6759407419663,1494.6759407419663,6206972.0,-0.02884014353934372,-0.00028844303108510274,1492.075404575893,1.011578772769626,1.0168405249258252,1466.4750802176338,,0,0.996023511105179,0.831607824332131,4,8,3,0,1,6162795.571428572,1.0071682450049513,1
2021-08-23,1514.4033203125,1526.9453446318312,1508.524256380302,1511.7904030093007,6189051.0,0.33468099681268626,0.0033412218643884806,1499.6901681082588,1.0098107946008612,1.0122113304931075,1473.1442260742188,,0,0.9790029412027745,0.8016016050390954,0,8,3,1,0,6346997.285714285,0.9751148017551877,0
2021-08-24,1498.8128662109375,1530.2985404267783,1491.7144197309815,1524.201733492807,7602939.0,-1.029478335952494,-0.010348141162317899,1503.5784214564733,0.9968305243161714,1.0258656215864397,1477.2284545898438,,0,1.130361557505774,0.8387945734070327,1,8,3,0,0,6624620.142857143,1.1476792383632304,1
2021-08-25,1511.6163330078125,1521.5018494102508,1496.3307234273852,1496.3307234273852,6153253.0,0.8542405183138424,0.008506125305180051,1506.4837472098213,1.003406997126585,1.0168219001245997,1482.597368512835,,0,1.067096969863117,0.8301325117676707,2,8,3,0,0,6701829.142857143,0.9181453106064604,0
2021-08-26,1504.7791748046875,1520.7180143906892,1498.0727289530273,1510.2663441886914,5302248.0,-0.45230777505033126,-0.004533337816411895,1509.382847377232,0.9969499636354394,1.0151162790697674,1487.21040562221,,0,1.0667660040627458,0.8586153616121701,3,8,3,0,0,6807277.571428572,0.7789087405888273,0
2021-08-27,1488.3179931640625,1504.7792899357576,1485.1824068076487,1502.427706488343,6698514.0,-1.0939267313266443,-0.010999541068152829,1505.2955322265625,0.9887214578805082,1.0131949335235069,1490.8560529436384,,0,0.7091001940118619,0.930188469410043,4,8,3,0,1,6405581.0,1.045730902473952,0
2021-08-30,1478.954833984375,1496.896845466197,1472.2918733754789,1483.3096963013163,6559667.0,-0.6291101244957797,-0.006310973612286924,1500.890904017857,0.9853846339032639,1.0167120205821059,1493.0179181780134,,0,0.7190447397150556,0.9442467145895184,0,8,3,1,0,6387520.571428572,1.0269504303972719,1
2021-08-31,1486.2711181640625,1493.717976258792,1468.3291042613178,1480.7840546962734,12255438.0,0.4946928744251844,0.004934732897038855,1497.5936628069196,0.9924395081763131,1.0172909955430236,1494.8345336914062,,0,0.775966092817748,0.929360162665981,1,8,3,0,0,7251587.142857143,1.6900352651862813,0
2021-09-01,1461.274169921875,1488.9275478953632,1457.267717526702,1488.9275478953632,7801974.0,-1.6818565560949184,-0.016961603700446446,1490.0037841796875,0.9807184286624954,1.0217254729435679,1494.8469761439733,,0,0.901110696070368,1.0481893697253521,2,9,3,0,0,7482004.714285715,1.0427651809819571,1
2021-09-02,1471.15966796875,1475.688788882233,1448.1224872534362,1460.9257408190936,6830050.0,0.6764985141291868,0.006742205308421813,1486.0533272879463,0.9899777087095675,1.01903589086658,1494.81587437221,,0,0.9642300356601052,1.0460613269591459,3,9,3,0,0,7371592.0,0.9265366287228051,1
2021-09-03,1481.219482421875,1485.835573126243,1467.066178541702,1477.2130299720811,5339139.0,0.6838016751108178,0.006814743549355797,1481.7109200613838,0.9996683309592613,1.012793829521173,1494.0973336356026,,0,0.9330008930594171,0.995255409577288,4,9,3,0,1,7255290.0,0.7358960151834041,1
2021-09-06,1507.130615234375,1508.5241497669524,1480.0868805296004,1485.1385628200474,4876026.0,1.7493108293535231,0.01734186513578819,1482.046840122768,1.01692508929713,1.0192132432301384,1495.71484375,,0,1.2003791385204017,1.094572605283573,0,9,3,1,0,7194401.142857143,0.6777528668721916,0
2021-09-07,1486.4451904296875,1511.0501627608223,1484.13709211518,1506.7823763845429,3520341.0,-1.3725037893594028,-0.013820097021785027,1481.779296875,1.0031488451515875,1.0181338171444028,1493.5374145507812,,0,1.2474865883554642,0.9840098580105237,1,9,3,0,0,6740376.428571428,0.5222766172342855,0
2021-09-08,1474.774169921875,1481.393539587416,1465.8031107394431,1481.393539587416,4584896.0,-0.7851631922222935,-0.007882618286399789,1481.1820591517858,0.9956738004012955,1.0106361002604969,1491.0364815848213,1470.176912434896,1,1.2616807383759874,0.9956468824555373,2,9,3,0,0,6458266.285714285,0.7099267507971623,0
2021-09-09,1473.3372802734375,1476.211532481626,1465.1066314443815,1468.3727788082772,3331674.0,-0.09743116456356615,-0.0009747865957517526,1479.3343680245537,0.9959460904304384,1.007579585539311,1488.4640154157366,1472.673710123698,1,1.240021517169764,0.9951053140780021,3,9,3,0,0,5183442.857142857,0.642753106732701,1
2021-09-13,1473.5985107421875,1481.9598261405356,1459.0532050480786,1465.8468336141766,4662374.0,0.01773052730340563,0.00017728955631187782,1481.0949881417412,0.9949385573109263,1.0156996475613116,1485.5493861607142,1474.8482421875,1,1.031721175702926,0.9863623078168436,0,9,3,1,0,4734928.571428572,0.98467673369639,0
2021-09-14,1468.5904541015625,1477.12592169284,1462.0145685181678,1477.12592169284,4945167.0,-0.3398521784677033,-0.003404309877531357,1480.7279575892858,0.9918030159250293,1.0103359798869778,1483.3906424386162,1477.0445434570313,1,1.012444319765074,0.9580485552169262,1,9,3,0,0,4465659.571428572,1.1073766194896117,1
2021-09-15,1490.6258544921875,1493.8049254065334,1472.117688719493,1474.774197393646,4062344.0,1.500445568680031,0.014893002323327468,1482.0717250279017,1.005771737844958,1.0147319992506203,1481.891322544643,1479.3642293294272,1,1.1454522258809872,1.023054526464204,2,9,3,0,0,4283260.285714285,0.9484233338676393,0
2021-09-16,1482.61279296875,1497.4193240191062,1473.2062483617503,1493.8918432115129,3246568.0,-0.5375635676309498,-0.005390136396176376,1478.5691789899554,1.0027348155475262,1.0164356319315653,1480.3080095563616,1480.7302001953126,0,0.8938277254156527,1.0255957299702276,3,9,3,0,0,4050480.5714285714,0.801526619557383,0
2021-09-17,1473.075927734375,1496.3308524712506,1467.1096806648245,1478.0404287798092,7454864.0,-0.6432471970836406,-0.006453249467031347,1476.6592843191963,0.9975733355535205,1.0199175100481817,1479.2192905970983,1481.9510131835937,0,0.7728687443290281,0.9987563823379045,4,9,3,0,1,4612555.285714285,1.6162113054967022,0
2021-09-20,1470.0709228515625,1487.3597058300793,1461.4482737789865,1467.5886724736702,5660743.0,-0.20399524737562125,-0.0020420360108304265,1475.9873918805804,0.9959915179075618,1.0177299686317953,1478.584725516183,1482.9468221028646,0,0.7196995281867833,0.986804136002659,0,9,3,1,0,4766247.714285715,1.1876728486086119,1
2021-09-21,1496.7225341796875,1503.951647897765,1467.2837297515794,1480.6531353271755,4672222.0,1.8129473152511455,0.017967093884483185,1479.3281424386162,1.0117583051670993,1.0249903392252524,1479.331255231585,1484.9282755533854,0,1.0024643441326733,1.098202397887429,1,9,3,0,0,4957754.571428572,0.9424068764770871,0
2021-09-22,1495.3726806640625,1514.5340753328271,1492.019457861005,1495.4597566485802,4553892.0,-0.09018729155199079,-0.0009022798475835169,1482.4387381417412,1.0087247737053433,1.0150900293915064,1481.7668631417412,1486.4844075520834,0,1.0070830319276936,0.9805809597247866,2,9,3,0,0,4942257.142857143,0.9214194786650403,1
2021-09-23,1517.713134765625,1519.8469748097546,1499.030711311994,1508.5243325905417,3826090.0,1.4939723314753683,0.01482922483354407,1489.456263950893,1.0189712658898615,1.0138864823386717,1485.0921107700892,1488.3802286783855,1,1.0751876947934724,1.0358835543607772,3,9,3,0,0,4782389.0,0.8000373871719761,1
2021-09-24,1536.264892578125,1557.2989006716446,1526.3357843635558,1531.1697244858783,8280446.0,1.222349427407754,0.012149390627140903,1495.9761265345983,1.0269314231216076,1.020285913902621,1489.02392578125,1490.8857259114584,1,1.0354307928215807,1.0637472915906936,4,9,3,0,1,5384975.0,1.5376944182656374,0
2021-09-27,1499.07421875,1540.7502282501684,1496.4177103112731,1540.532485142728,5045337.0,-2.4208503369306578,-0.024506345892629233,1498.3277587890625,1.0004981953758507,1.0296257640052078,1488.4484688895088,1491.8016967773438,1,1.4799218811082475,1.1925643591465451,0,9,3,1,0,5641942.0,0.8942553822779461,0
2021-09-28,1469.4176025390625,1489.3628929542976,1458.8788571335956,1489.3628929542976,6557197.0,-1.9783287471694777,-0.0199815965313466,1497.805140904018,0.9810472420011713,1.0208955223880598,1487.232212611607,1491.0729817708334,1,1.674966247842201,1.254351149942638,1,9,3,0,0,5513703.857142857,1.1892544775514784,1
2021-09-29,1473.9033203125,1481.8727405310417,1441.4595923280765,1445.1612257222723,7792548.0,0.30527181419948146,0.0030480680591588438,1498.3526262555804,0.9836825420701002,1.0280362685281346,1487.1700090680804,1490.7202433268228,1,1.6768757782369839,1.2406379451725982,2,9,3,0,0,5818247.428571428,1.339329084172917,0
2021-09-30,1459.0531005859375,1483.2661787983272,1454.6111620660795,1483.2661787983272,6914031.0,-1.0075436781982416,-0.010126537526454385,1492.9712785993304,0.9772814263076688,1.0196994341027517,1486.1497105189733,1488.7910400390624,1,1.513359850907609,1.2698038635089017,3,9,3,0,0,6138505.857142857,1.1263377702824426,0
2021-10-01,1450.2999267578125,1462.319283856379,1446.9031126334762,1450.2563356034425,5733906.0,-0.5999215398404534,-0.0060172829882533495,1486.5323137555804,0.9756262365355313,1.0106545981471033,1484.4855259486608,1486.8081298828124,0,1.510833152207693,1.277524710300049,4,10,4,0,1,6307079.285714285,0.9091222323758417,1
2021-10-04,1462.1448974609375,1470.2013920560314,1450.517437336317,1456.7013200318202,2947154.0,0.8167255947950647,0.008134084404354949,1478.593994140625,0.9888751768606717,1.0135702985796995,1484.0251290457588,1485.2345662434896,0,1.3836943553346404,1.298475535011479,0,10,4,1,0,6181517.0,0.4767687284529024,1
2021-10-05,1474.3822021484375,1483.2224874376122,1448.427180676316,1455.3949602586436,4373310.0,0.8369419958822455,0.008334590563220813,1469.7536097935267,1.0031492301322267,1.024022820909125,1482.8648681640625,1483.900528971354,0,1.308274646807225,1.2497667597211173,1,10,4,0,0,5623354.714285715,0.7777048082864009,0
2021-10-06,1457.6162109375,1488.4921465220082,1454.5242157353737,1482.4824144265476,4271698.0,-1.1371536624971812,-0.01143668692448852,1463.8310372488838,0.9957544100697141,1.0233532934131737,1481.0793980189733,1482.5273071289062,0,1.0763568992289885,1.276964314998577,2,10,4,0,0,5512834.857142857,0.7748641326458847,1
2021-10-07,1472.8148193359375,1484.3116163202355,1460.3163824937865,1469.330928574646,5476108.0,1.042703030083758,0.01037304377552757,1464.3163539341517,1.0058037085899867,1.0164315309436387,1481.060747419085,1481.2339233398438,0,0.931545701120111,1.302435676938001,3,10,4,0,0,5358393.571428572,1.0219682311503007,1
2021-10-08,1501.4259033203125,1508.0888641225729,1479.2596960117546,1485.2258362951295,4738376.0,1.9426124458250094,0.019239845884277403,1468.2481515066963,1.0225968285943827,1.0194889161034704,1483.3003888811384,1481.1221476236979,0,1.1820881603837017,1.3985403524783677,4,10,4,0,1,4922083.285714285,0.9626769245763329,0
2021-10-11,1472.7711181640625,1506.7826417086249,1449.0371141255885,1464.9759556959,8840633.0,-1.9085047815467715,-0.01926951819586864,1470.2078683035713,1.0017434608505047,1.0398509651824084,1481.5895734514509,1480.6039184570313,0,1.3773719907961337,1.4137756189164956,0,10,4,1,0,5197312.142857143,1.7010009706940552,0
2021-10-12,1467.719482421875,1471.072705631953,1447.556445684018,1460.621034543982,7439300.0,-0.3430020917632337,-0.003435916925527752,1472.6963762555804,0.9966205567461506,1.016245487364621,1479.6143450055804,1480.2294067382813,0,1.3575907105001206,1.415174070250675,1,10,4,0,0,5440939.857142857,1.3672821599440579,1
2021-10-13,1488.6661376953125,1492.5420290685638,1463.277374662343,1477.1257522003684,7104171.0,1.4271565870934477,0.01417068575333405,1476.4851248604912,1.0082500071485463,1.01999938966662,1477.539559500558,1480.3092407226563,0,1.4234202263218172,1.409399080581775,2,10,4,0,0,6034799.428571428,1.177200847200603,1
2021-10-14,1494.37109375,1553.4665576738048,1479.085483572147,1527.6857924741366,19655776.0,0.38322602430653774,0.003824935840494136,1479.3406808035713,1.0101602106542924,1.05028855663029,1474.5471452985491,1481.412471516927,0,1.4032669100932895,1.364656748025252,3,10,4,0,0,8218008.857142857,2.3917929928872934,1
2021-10-18,1560.91357421875,1566.8797152948314,1515.4923316359125,1515.4923316359125,13438109.0,4.452875242773002,0.04356582909155063,1494.097446986607,1.044720059837397,1.0339080459770116,1478.9642421177455,1484.4042683919272,1,1.9848852004723887,1.6960472911598086,0,10,4,1,0,9527496.142857144,1.4104554647418757,1
2021-10-19,1587.0426025390625,1597.799091923905,1552.3343687944996,1579.944155219386,10324260.0,1.6739574023751036,0.01660101153452615,1510.4157017299108,1.0507323253600909,1.029287970454917,1487.3660278320312,1487.9317057291667,1,2.00144171632653,1.5962075862510736,1,10,4,0,0,10220089.285714285,1.010192740138907,0
2021-10-20,1569.79736328125,1609.5572816820163,1562.5683548664963,1593.3572134225717,5876115.0,-1.0866273677985983,-0.010925742827559067,1520.1830531529017,1.032637063033591,1.030071597616307,1494.2156023297991,1490.020597330729,1,2.110806320651809,1.655748719246135,2,10,4,0,0,10382623.42857143,0.56595667178199,0
2021-10-21,1527.381103515625,1579.944278051199,1521.4584473764492,1579.944278051199,8779629.0,-2.7020213409560623,-0.027391971328016275,1527.9844796316963,0.9996051163319298,1.0384406362037695,1499.0961739676338,1491.385127766927,1,2.2856179049756076,1.8248728504704634,3,10,4,0,0,10373908.57142857,0.8463183321453713,0
2021-10-22,1497.898681640625,1535.6988064564907,1486.7501901182247,1524.1149349651396,7369809.0,-1.9302596979325792,-0.019491324674781478,1532.2957938058037,0.9775519111230178,1.03292322857169,1502.496085030692,1492.1559448242188,1,2.4603003433152324,1.910370685265932,4,10,4,0,1,10363981.285714285,0.7110982543126112,0
2021-10-25,1487.2291259765625,1506.564672832556,1469.5047506520364,1499.8582271507623,5905209.0,-0.7123015591666282,-0.00714850538213247,1532.0905064174108,0.9707188444462392,1.0252193279158,1504.2878156389509,1492.6190063476563,1,2.432117037847721,1.9190283894202163,0,10,4,1,0,10192701.0,0.5793566396188802,1
2021-10-26,1497.0263671875,1517.1484199782562,1490.1726392111948,1502.6061429097938,5871709.0,0.6587580245582147,0.006565976962508873,1532.4698311941963,0.9768716725868094,1.0181024534052248,1505.9052559988838,1493.3999348958334,1,2.4413523237397596,1.914625976105314,1,10,4,0,0,8223548.571428572,0.7140115911031804,1
2021-10-27,1519.21337890625,1523.782638320306,1494.785823536902,1501.7713769207796,5090259.0,1.4820722069467163,0.014711968390111563,1526.512660435268,0.9952183288627711,1.0193986418166536,1510.3050537109375,1495.0873657226562,1,1.6916281931264718,1.9096842321821987,2,10,4,0,0,7030998.571428572,0.7239738350516762,0
2021-10-28,1497.202392578125,1515.5230879740864,1486.789920282188,1510.7781326616437,5329972.0,-1.4488410011220254,-0.01459439194225089,1513.6783447265625,0.9891152884588477,1.019325640630147,1512.0470232282366,1495.3065836588542,1,1.4571131671458055,1.9520667779856407,3,10,4,0,0,6317528.857142857,0.8436798818851006,0
2021-10-29,1465.4375,1504.8467856229756,1459.5503108556832,1492.8966047069405,5875091.0,-2.1216164718670494,-0.021444462383124724,1498.7697928292412,0.9777602317656006,1.0310345415504976,1509.4764229910713,1494.7340738932292,1,1.5389059693079934,1.9647238949110655,4,10,4,0,1,6317382.571428572,0.929988161010082,1
2021-11-01,1493.8193359375,1500.1018935472132,1472.6867651673283,1474.0048022483252,3636806.0,1.9367483046871747,0.019182320285630588,1493.9752546037946,0.9998956350409325,1.01861572265625,1510.9798671177455,1495.4255208333334,0,1.661511526901436,1.9695592693564588,0,11,4,1,0,5582693.571428572,0.6514428838818332,0
2021-11-02,1491.93017578125,1499.4429230262488,1481.7812470277015,1489.381949223956,3471772.0,-0.12646510262663835,-0.0012654513722188826,1493.1226109095983,0.9992013816416444,1.0119192195433535,1512.7092023577009,1496.1541625976563,0,1.4994190599853328,1.9664974475156416,1,11,4,0,0,5025831.142857143,0.6907856434719625,1
2021-11-03,1495.9720458984375,1509.1084388738689,1492.896626127134,1501.6835397594302,3530713.0,0.27091550146245424,0.002705491868706501,1494.3715994698662,1.0010709828995272,1.0108593002777368,1513.2310529436384,1496.1291463216146,0,1.4725618351467937,1.932022042545004,2,11,4,0,0,4686617.428571428,0.7533606175053699,1
2021-11-04,1501.4200439453125,1508.713225915456,1498.1689284716672,1506.955843008158,483407.0,0.36417779742690115,0.0036351627567663054,1494.999267578125,1.0042948357945278,1.0070381231671555,1513.7345493861608,1496.3307250976563,0,1.4578372517662708,1.9317776630781205,3,11,4,0,0,3916860.0,0.12341697175798982,1
2021-11-08,1526.726318359375,1529.80173828125,1496.41146484375,1520.1361328125,5245903.0,1.6854893150063832,0.016714425618108576,1496.072544642857,1.0204894968671694,1.022313564298297,1511.2926025390625,1496.6311645507812,0,1.4927275743582953,1.5506803607118989,0,11,4,1,0,3939094.8571428573,1.3317534078894993,1
2021-11-09,1531.1199951171875,1537.7101816098009,1516.621584833438,1524.3101357414869,4016134.0,0.28778417617991714,0.002873708702823929,1500.9179164341517,1.0201224053309919,1.0139049826187716,1507.298130580357,1496.45966796875,1,1.3319279491166658,1.4674997300813286,1,11,4,0,0,3751403.714285714,1.0705683274519793,0
2021-11-10,1529.054931640625,1538.544734840755,1513.0626830662195,1516.6214263051052,4780368.0,-0.13487273911568787,-0.0013496377425807067,1510.0061209542412,1.0126150552782833,1.0168413721782472,1504.3879568917412,1497.4590250651042,1,0.8459075352340087,1.4474637431059938,2,11,4,0,0,3595014.714285714,1.3297214003058124,0
2021-11-11,1523.0357666015625,1528.703282929299,1501.6835237971957,1522.7281388179986,4731349.0,-0.3936526356580372,-0.00394429487046685,1514.179896763393,1.0058486246298075,1.0179929783499124,1504.0775756835938,1499.2462972005208,1,0.6799220681970432,1.256725302722671,3,11,4,0,0,3751378.0,1.2612296068271447,1
2021-11-12,1564.246337890625,1566.5748914793885,1527.20958236198,1531.559061749532,5069009.0,2.705817695996604,0.026698576820071845,1524.510777064732,1.0260644669907806,1.0257759704837146,1508.816693987165,1502.2577311197917,1,1.1069874020916575,1.3217866115626724,4,11,4,0,1,3979554.714285714,1.2737628614084355,1
2021-11-15,1570.353271484375,1581.6444339073437,1560.1164957791602,1565.9158372510617,4354074.0,0.39040740871960633,0.003896472967091257,1535.1366664341517,1.0229403712517826,1.0137989298789074,1514.7541329520088,1505.9677368164062,1,1.1004638883112092,1.2880846710008969,0,11,4,1,0,4097177.714285714,1.0627007915274362,1
2021-11-16,1574.8787841796875,1589.5089115274943,1561.4347616165671,1572.857750868686,6034233.0,0.28818437083490966,0.002877699157491974,1545.6307721819196,1.0189230264589513,1.0179797136589055,1520.3150198800224,1510.1203653971354,1,1.104704109587247,1.2860958986272917,1,11,4,0,0,4890152.857142857,1.2339559061402403,0
2021-11-17,1570.616943359375,1583.401946486974,1564.6857762457305,1575.0983554327267,4732492.0,-0.27061389505811384,-0.0027098071638822076,1551.9008614676338,1.0120601014900148,1.0119616158882396,1523.9867030552455,1513.7361002604166,1,1.057269779511757,1.2544797781877832,2,11,4,0,0,4816808.428571428,0.982495374308163,0
2021-11-18,1563.5435791015625,1572.3743637688792,1545.6182521663638,1565.4766573762213,4326924.0,-0.450355784567269,-0.004513729412622834,1556.5328020368304,1.0045040985037759,1.0173109443842383,1528.7253592354912,1516.708146158854,1,1.1071735823411548,1.17673177608968,3,11,4,0,0,4861207.0,0.8900925222892174,0
2021-11-22,1545.9696044921875,1568.8155799150782,1538.720400752232,1567.5853905552658,6621839.0,-1.1239836768395906,-0.011303481084221651,1558.949183872768,0.9916741485130797,1.0195585755203698,1534.4776524135045,1519.6532592773438,1,1.2290727714279837,1.039986136772781,0,11,4,1,0,5124274.285714285,1.2922491324207024,0
2021-11-23,1526.1990966796875,1535.293531113381,1502.5622768372482,1524.6174092729004,8436160.0,-1.2788419484478841,-0.012870895231744946,1559.401088169643,0.9787084979343407,1.021783625730994,1536.790492466518,1521.432735188802,1,1.3367898742447881,1.026588138074214,1,11,4,0,0,5653533.0,1.49219258117004,0
2021-11-24,1490.2606201171875,1529.3623875671965,1483.2310888902196,1528.9230418655106,7333061.0,-2.354769875089413,-0.023829376505540747,1548.8316999162946,0.9621837028501725,1.0311018957345974,1536.6712384905134,1521.0605590820312,1,0.9715833723588447,1.2272401824541752,2,11,4,0,0,5976969.0,1.2268862361507982,1
2021-11-25,1513.458251953125,1516.7972152757627,1491.095489055288,1493.7755410190332,4476260.0,1.5566157706101924,0.015446247829712722,1540.7038399832588,0.9823161419326184,1.0172368077089138,1537.9202532087054,1522.416796875,1,1.2476345022817974,1.295369071202586,3,11,4,0,0,5994424.142857143,0.746737283402583,0
2021-11-26,1486.4383544921875,1509.8993723813282,1479.716343711144,1496.016112373624,4494181.0,-1.7853084104611505,-0.018014372963185345,1528.0694928850446,0.972755729640112,1.0203978477351172,1536.850132533482,1523.0407592773438,1,1.269966680376366,1.3847753795059083,4,11,4,0,1,5774416.714285715,0.7782917690857929,1
2021-11-29,1490.5682373046875,1504.3197801115232,1466.667872488146,1485.8672594442671,3942776.0,0.2778374764092373,0.0027745222151609166,1516.6339634486608,0.982813436351707,1.025671734091715,1534.2674124581474,1523.1041625976563,0,1.3249032834534398,1.2963570863705454,0,11,4,1,0,5661600.142857143,0.6964066519205411,1
2021-11-30,1504.8907470703125,1520.0481727071376,1493.819257622796,1497.7733686584895,14808963.0,0.9608758195145395,0.009562887683137046,1508.2549874441963,0.997769448533643,1.0175582922435218,1532.3938947405134,1523.4548177083334,0,1.4746887214266808,1.3265029915246322,1,11,4,0,0,7159034.285714285,2.068569922838755,1
2021-12-01,1506.867919921875,1530.59258798338,1505.1983847910458,1506.9557676104166,5193264.0,0.1313831489369921,0.0013129691679927074,1502.6690325055804,1.0027942862503085,1.0168710008254889,1530.8091081891741,1521.6532958984376,0,1.4674918564107273,1.3281067965641684,2,12,4,0,0,6954952.142857143,0.7467001775610451,1
2021-12-02,1536.1722412109375,1538.1492968624316,1503.748507074007,1506.9557521388576,5559574.0,1.9447173107634885,0.019260493218675935,1504.0937674386162,1.0213274427876589,1.0228766909005027,1531.7474278041295,1519.9576171875,0,1.626784775478561,1.4308803997995263,3,12,4,0,0,6544011.285714285,0.849566688880361,0
2021-12-03,1525.0128173828125,1569.913923973845,1522.3767433293804,1556.2502305587047,6754012.0,-0.7264435281897907,-0.007290949778480554,1509.0583670479912,1.0105724541099304,1.031225635081959,1528.945033482143,1518.4647989908854,0,1.3001488486731636,1.2237282019633569,4,12,4,0,1,6461290.0,1.0453039563307018,0
2021-12-06,1489.6456298828125,1523.6069679725288,1486.3065595311832,1520.1361797156055,3991449.0,-2.3191403440592895,-0.02346455548787462,1505.6565638950892,0.9893661447130699,1.0250960397114246,1523.1802019391741,1517.2069498697917,0,1.5035937455502486,1.3366043173440398,0,12,4,1,0,6392031.285714285,0.6244414054919587,1
2021-12-07,1504.0123291015625,1515.6549914895222,1488.50340265687,1494.7420908613851,4202122.0,0.9644373756112934,0.009598163657612634,1508.1671316964287,0.9972451311876869,1.0182408644711114,1518.1183122907366,1517.4107381184897,0,1.3795237867183547,1.3738374620552585,1,12,4,0,0,6350308.571428572,0.6617193405224853,1
2021-12-08,1540.653564453125,1546.3211884129332,1522.4207176698017,1522.7722156867264,3029169.0,2.43623237938817,0.024070295863559,1515.3221784319196,1.0167168318274196,1.0156989920497885,1515.97807094029,1519.191552734375,0,1.625332917384008,1.5592188122773742,2,12,4,0,0,6219793.285714285,0.48702084793677,1
2021-12-09,1549.5283203125,1554.756598546638,1530.680432518433,1545.6181864523098,2082171.0,0.5760383816413084,0.005743856245284632,1521.698974609375,1.018288338342522,1.015729061087292,1514.9769810267858,1520.9416178385416,1,1.6129988942779845,1.5669158250093673,3,12,4,0,0,4401680.142857143,0.47304005116747466,0
2021-12-10,1545.837646484375,1549.7917572754393,1534.1949869329085,1546.4966649495525,1823469.0,-0.2381804694851053,-0.0023846457037019356,1527.266078404018,1.0121600082284052,1.0101660939289805,1514.9675554547991,1521.8290934244792,1,1.6303415611016652,1.537954645382794,4,12,4,0,1,3920280.8571428573,0.4651373374633581,0
2021-12-13,1533.0089111328125,1556.4699276693766,1527.8685881008832,1552.691619157812,4040584.0,-0.8298889201423076,-0.008333516695316477,1526.814174107143,1.0040572959897311,1.0187197641153447,1515.4539707728795,1523.0226440429688,1,1.5191053522661102,1.513490906626187,0,12,4,1,0,3703282.285714286,1.0910818264075852,1
2021-12-14,1539.59912109375,1549.1329011030184,1502.8697785484514,1520.9269292908916,4768144.0,0.4298872572154666,0.0042896588158636735,1528.8979317801338,1.0069992830071766,1.0307831877484757,1518.9781494140625,1525.494698079427,1,1.492056680725884,1.3481621117832285,1,12,4,0,0,3419586.8571428573,1.3943625938438344,0
2021-12-15,1523.8265380859375,1535.9085444800232,1512.4035502224383,1533.316447831235,3053149.0,-1.0244603800895535,-0.010297440927804852,1533.7809186662946,0.9935099071456613,1.0155414831273888,1519.718741280692,1526.4949381510417,1,1.18405868955241,1.3308352564056687,2,12,4,0,0,3285544.0,0.9292674211637403,1
2021-12-16,1556.6898193359375,1561.9619682661307,1544.7396365465954,1548.825573419924,4481031.0,2.1566287519364957,0.021337025504303348,1541.3062744140625,1.0099808488275461,1.0111490191046288,1524.7367030552455,1528.6535929361978,1,1.3626934776366975,1.328070344917065,3,12,4,0,0,3325388.1428571427,1.3475211937665537,1
2021-12-17,1599.9652099609375,1618.549554473689,1587.5756827064808,1599.2183437253605,18887243.0,2.7799623333735646,0.027420229097753823,1549.7793666294642,1.032382572908181,1.0195101701951017,1532.550772530692,1532.1200317382813,1,1.4476037899443979,1.4790475410391446,4,12,4,0,1,5590827.285714285,3.378255495078661,0
2021-12-20,1580.6778564453125,1607.697614867699,1570.4850584603494,1583.1381278143033,5773891.0,-1.205485806537998,-0.012128107133475492,1554.2293003627233,1.017017151894136,1.0236949445694388,1537.9641374860491,1534.7619588216146,1,1.5916962709357247,1.5410915925192126,0,12,4,1,0,6118215.857142857,0.9437213617200402,1
2021-12-21,1591.8372802734375,1615.0347541246067,1582.523173111217,1582.523173111217,5353584.0,0.705989761457193,0.007035093213337057,1560.8006766183037,1.019885052665648,1.0205441421432537,1544.0333775111608,1536.93232421875,1,1.5788882215967264,1.5421127582742074,1,12,4,0,0,6622518.0,0.8083910077707603,1
2021-12-22,1603.34814453125,1607.2583855937914,1592.496327262333,1603.6117948544356,4156428.0,0.7231181478445592,0.007205161845486913,1570.8491385323662,1.020688814222636,1.0092697597342883,1548.8316563197545,1539.3399291992187,1,1.4781864266984932,1.481576356221913,2,12,4,0,0,6639067.142857143,0.6260560272344631,1
2021-12-23,1632.257080078125,1635.771845585297,1605.3691454006876,1609.1035837520574,4112933.0,1.8030354571138218,0.017869735533628833,1584.0859898158483,1.0304093910128431,1.0189381366097086,1556.4919607979912,1542.7800008138022,1,1.5338271034240267,1.4987625932930413,3,12,4,0,0,6545465.571428572,0.6283637053952661,1
2021-12-24,1637.4415283203125,1648.2054986567352,1629.0939594879846,1645.7451196749826,3780347.0,0.3176244909864012,0.0031712112998360086,1600.3167027064733,1.0231984241313319,1.0117313915857604,1567.0488106863838,1546.593526204427,1,1.3312000552243917,1.265112201334398,4,12,4,0,1,6649351.0,0.5685287180658684,1
2021-12-27,1639.77001953125,1647.1070714566104,1621.2296519691486,1634.366045830512,2647733.0,0.1422030143162445,0.0014210200158060518,1612.185302734375,1.0171101403480665,1.015961600169372,1576.7457885742188,1549.1109822591145,1,1.2657370800462924,1.270234631135051,0,12,4,1,0,6387451.285714285,0.41452104784293686,1
2021-12-28,1658.96923828125,1665.910921270975,1650.5338229288552,1652.5547486394014,3340933.0,1.1708482605071957,0.011640468700905564,1620.6144496372767,1.0236668188738893,1.00931643940191,1585.1969081333705,1552.0648478190103,1,0.9404411529325388,1.1728521734584132,1,12,4,0,0,4166549.8571428573,0.8018463991910538,0
2021-12-29,1656.8165283203125,1664.065732003417,1648.7764809648074,1655.0151681366292,3236635.0,-0.1297618974037018,-0.0012984616105642184,1631.4914027622767,1.0155226840393752,1.0092730889936414,1592.8603515625,1554.7961059570312,1,0.655849008433957,1.1861040637473017,2,12,4,0,0,3804084.714285714,0.8508314727706418,1
2021-12-30,1663.2310791015625,1678.124963441618,1646.9752873799528,1655.8940269931556,4584738.0,0.3871612017145365,0.0038641366156968314,1641.6905168805804,1.0131209640303653,1.0189132625731252,1601.245596749442,1557.8832438151042,1,0.6644459647008168,1.1683840930390943,3,12,4,0,0,3694249.5714285714,1.2410471765249675,0
2021-12-31,1658.7498779296875,1668.0639863705464,1644.6029662423111,1660.726933803263,4619420.0,-0.26942745528153456,-0.002697910643050403,1649.6050502232142,1.0055436467688044,1.0142654613969477,1610.22709437779,1561.056787109375,1,0.7427082570970288,1.1270580531724586,4,12,4,0,1,3760391.285714286,1.2284413107617713,1
2022-01-03,1668.15185546875,1681.8595288444444,1658.749899209766,1658.749899209766,3329616.0,0.5668110463282972,0.005652107168986611,1654.732875279018,1.0081094540334612,1.013931955411535,1619.409432547433,1565.1295288085937,1,0.47788980898551914,1.1263376427220184,0,1,1,1,0,3648488.8571428573,0.9126013893344963,1
2022-01-04,1668.7667236328125,1675.356908855861,1650.1823798513894,1668.1515753213837,3921999.0,0.036859244081810516,0.0003685245273121485,1659.2079031808037,1.005761074566776,1.0152556040543463,1629.7623029436384,1569.8817830403646,1,0.4890123594671387,1.0426254610793175,1,1,1,0,0,3668724.8571428573,1.0690360146152766,0
2022-01-05,1620.8782958984375,1672.062075740944,1616.7923589736022,1669.513848940133,6995719.0,-2.869689756883731,-0.02911670447706647,1656.5090855189733,0.9784904351373522,1.0341847958772077,1634.3471941266741,1574.2357055664063,1,1.2905318163141455,1.3157930000209017,2,1,1,0,0,4289865.714285715,1.6307547755407594,0
2022-01-06,1597.2852783203125,1606.2478877431283,1581.6445284122708,1606.2478877431283,6449205.0,-1.4555699609172468,-0.014662673123282696,1647.6970912388392,0.9694046841579212,1.0155555555555555,1634.155770438058,1577.029939778646,1,1.2195863616025968,1.181029243645853,3,1,1,0,0,4733904.571428572,1.3623436853636857,0
2022-01-07,1594.209716796875,1613.277275679743,1587.6195318472028,1595.2201260127915,4834389.0,-0.19254929380377872,-0.0019273490826098906,1638.7532610212054,0.9728186388495285,1.016161141456031,1635.1223318917412,1580.6223185221354,1,1.2163497947688533,1.1318609692437955,4,1,1,0,1,4962155.142857143,0.9742518846793701,1
2022-01-10,1626.2381591796875,1643.065121465988,1593.0675577969869,1594.8249406516995,7857560.0,2.0090482478782645,0.019891331674362033,1633.4685581752233,0.9955735915703128,1.0313844591362726,1637.5795375279017,1585.144649251302,1,1.535516948393592,1.2371378787914775,0,1,1,1,0,5429701.142857143,1.4471441048531268,1
2022-01-11,1630.4996337890625,1643.152810574252,1625.710808876999,1629.972440435956,5142287.0,0.2620449277567438,0.0026170218865897484,1629.4328090122767,1.0006547215515027,1.010728846484881,1639.5189296177455,1589.331612141927,1,1.550956546935916,1.2270897051204774,1,1,1,0,0,5504396.428571428,0.9342145077538669,1
2022-01-12,1649.6990966796875,1659.848025074008,1634.3659749272922,1642.1863497006073,5362535.0,1.1775202209649116,0.011706413986357616,1626.7967006138392,1.0140782164465951,1.0155913978494624,1640.7647879464287,1594.0926513671875,1,1.619232731898375,1.1714995623472955,2,1,1,0,0,5794813.428571428,0.9254025286750266,1
2022-01-13,1666.7017822265625,1680.497193406144,1639.9455664762318,1673.907008333963,14277630.0,1.0306537465587517,0.010253787246794736,1626.501708984375,1.0247156661564711,1.0247274225186913,1642.8548060825892,1598.4436360677084,1,1.6804964372753888,1.1977200820729321,3,1,1,0,0,7274189.285714285,1.962779553735247,1
2022-01-14,1695.3033447265625,1698.5105900038816,1652.8186341424216,1653.697325601296,7688506.0,1.716057593806064,0.017014996380665465,1637.1338588169642,1.0355312948885151,1.027644869750133,1646.8214721679688,1604.1199869791667,1,1.2041932283300514,1.270283357010162,4,1,1,0,1,7373158.857142857,1.0427696119081504,1
2022-01-17,1704.221923828125,1716.8751010955164,1696.3137014437718,1703.38720992574,5262464.0,0.526075709654239,0.005246967654721509,1652.4105224609375,1.0313550420206867,1.0121212247677092,1650.0538068498884,1611.272530110677,1,0.7877197111316815,1.245610526728939,0,1,1,1,0,7203624.428571428,0.730530034176645,0
2022-01-18,1687.74658203125,1709.0548494342218,1679.574708740925,1688.9327940218743,3690315.0,-0.9667368766074214,-0.009714401140506578,1665.7729317801338,1.0131912638462879,1.0175521461116763,1652.2630964006696,1617.3970052083334,1,0.9982529703337024,1.282186145843991,1,1,1,0,0,7040185.285714285,0.5241786757357462,0
2022-01-19,1640.560791015625,1683.5726913474412,1636.8702228464151,1683.5726913474412,5747770.0,-2.795786495318253,-0.028356126647632426,1667.8190220424108,0.9836563615916759,1.0285315645975974,1650.643790108817,1620.72724609375,1,1.5471047195467453,1.4988540473558887,2,1,1,0,0,6738786.714285715,0.8529384062289975,0
2022-01-20,1602.469482421875,1623.8217266018507,1595.264255760639,1620.3069609598556,5533463.0,-2.3218468222789057,-0.023492263226366255,1663.8147147042412,0.9631297693545937,1.0179014045717432,1646.6237618582588,1622.4919514973958,1,1.7995802127770821,1.6139711340380838,3,1,1,0,0,6794669.0,0.814383011151831,0
2022-01-21,1569.0791015625,1588.6739615819963,1560.5558383681555,1577.2509740263736,8252758.0,-2.083682792442998,-0.02105697814829974,1652.297572544643,0.9496346951269915,1.018018018018018,1639.5471365792412,1623.2666666666667,1,1.7955588689684392,1.6673689766079007,4,1,1,0,1,7207558.0,1.1450144417845822,0
2022-01-24,1526.111328125,1554.0976288940496,1518.378800587523,1550.890383701955,7116712.0,-2.738407094627182,-0.02776600334096476,1632.2132219587054,0.9349950775999842,1.023524319684064,1629.35746547154,1623.036747233073,1,1.754984624494691,1.7702415976651873,0,1,1,1,0,6184569.714285715,1.150720636806977,0
2022-01-25,1513.2384033203125,1528.923023226851,1494.214713216816,1517.1485371127924,9137653.0,-0.8435115163258344,-0.008470892077488416,1606.2039446149554,0.9421209606623592,1.0232284622169951,1621.66890171596,1622.158056640625,0,1.2229950458630519,1.6511312944100192,1,1,1,0,0,6391590.714285715,1.4296367537390366,0
2022-01-27,1474.9710693359375,1502.298344990341,1463.0208901242818,1495.532465460377,11231734.0,-2.5288370887501688,-0.025613616744209644,1573.453822544643,0.9374098230290383,1.0268468175206458,1612.93217250279,1620.529541015625,0,0.8126880740384034,1.7234002056016948,3,1,1,0,0,7244343.571428572,1.5504143183238233,1
2022-01-28,1481.6494140625,1517.9833897106614,1475.7622245146904,1477.0802616309584,10998502.0,0.4527780147965288,0.0045175605877676205,1544.0113699776787,0.9596104296070823,1.0286097343424383,1604.8921508789062,1618.028194173177,0,1.2066811512221265,1.7423251387786585,4,1,1,0,1,8288370.285714285,1.3269800480508043,1
2022-01-31,1525.583984375,1537.2706230423364,1507.2632899140615,1509.591843604878,8788872.0,2.9652473719836925,0.02922134115245742,1527.5861118861608,0.9986893521120792,1.0199084880054272,1597.7025669642858,1615.5488199869792,0,2.0871794973915807,1.8631169073109093,0,1,1,1,0,8722813.42857143,1.0075730808608376,1
2022-02-01,1557.0850830078125,1564.0706364850143,1524.2658745729875,1551.8568050061044,5119935.0,2.064855095192808,0.02043825950581387,1521.1026262555804,1.023655508925659,1.026114054362844,1592.4586704799108,1614.7623942057292,0,2.278819092288646,1.974295602666135,1,2,1,0,0,8663738.0,0.5909614302740919,1
2022-02-02,1570.3094482421875,1575.3180537987653,1557.0412289736769,1571.9789834277135,4253717.0,0.8493026732251163,0.00845716389367898,1521.2783900669642,1.0322301680582375,1.011738176539574,1586.7879813058037,1614.0447998046875,0,2.182545887855487,1.9571421198250722,2,2,1,0,0,8092446.428571428,0.5256404274709441,0
2022-02-03,1527.6490478515625,1563.1920737397209,1523.6509588896436,1563.1920737397209,3832922.0,-2.716687493562453,-0.027542717091355785,1521.4980643136162,1.004042715322626,1.0259515570934257,1576.8556431361608,1611.5214965820312,0,2.1779621727460765,2.01166416236836,3,2,1,0,0,7623333.571428572,0.5027881784374983,1
2022-02-04,1529.8895263671875,1541.180689045186,1502.694071308099,1521.8934563342548,4700077.0,0.14666186050886765,0.0014655441704179062,1523.8767961774554,1.0039456799951378,1.0256117452460463,1565.0403703962054,1608.1092447916667,0,2.1432942760091955,1.9139369216386897,4,2,1,0,1,6989394.142857143,0.672458428289278,0
2022-02-07,1506.955810546875,1521.8935649371356,1489.733479878767,1513.2823459720123,4310209.0,-1.4990439129791255,-0.015103931389938619,1528.446044921875,0.9859398148554871,1.021587811170751,1550.9499337332588,1603.7597208658854,0,1.9536293475206512,1.8894066660062145,0,2,1,1,0,6000604.857142857,0.7182957556135888,1
2022-02-08,1508.976806640625,1515.7426876167267,1490.2606366365032,1502.5623164200597,6053401.0,0.13411117164852104,0.0013402132293918285,1532.3499581473213,0.9847468579990987,1.0170990566037736,1538.1806640625,1599.3999471028646,0,1.9538222336316753,1.9073668564850144,1,2,1,0,0,5294161.857142857,1.143410640502572,1
2022-02-09,1526.5506591796875,1531.5591574092173,1515.7427117216866,1524.5296259925371,3867244.0,1.1646204541861938,0.011578909485781,1532.4880545479912,0.9961256498210976,1.0104347826086957,1530.0370832170759,1594.985994466146,0,1.6332659824829219,1.8788196339590089,2,2,1,0,0,4591072.142857143,0.8423400634243386,1
2022-02-10,1554.9322509765625,1558.710666830921,1536.611557080806,1542.6745490801131,4334630.0,1.859197506889565,0.018421257044337842,1532.1805071149554,1.0148492581363326,1.0143817151760188,1526.641566685268,1591.5898518880208,0,1.5916838059524685,1.8985894361494593,3,2,1,0,0,4478885.714285715,0.9677920528702929,0
2022-02-11,1512.5355224609375,1534.1513109136818,1505.1984702260409,1528.923139634157,7551371.0,-2.7265965117771573,-0.027644579606588046,1523.9270891462054,0.9925248610865957,1.0192352312737156,1522.602739606585,1586.5666666666666,0,1.8268304370613613,1.954653075622419,4,2,1,0,1,4949979.142857143,1.5255359228930663,0
2022-02-14,1478.1346435546875,1510.0751620435087,1474.6638553981247,1484.9884794415796,7459637.0,-2.274384858762113,-0.02300647971401677,1516.8536028180804,0.9744741620473729,1.0240131379878594,1519.1758335658483,1580.5461588541666,0,1.7439444562454918,1.9125844189354904,0,2,1,1,0,5468081.285714285,1.36421472363419,1
2022-02-15,1527.3853759765625,1534.8542531207022,1485.3838827787808,1492.8967373992116,4669915.0,3.331951702548186,0.0327764521131019,1516.4958670479912,1.0071807046528711,1.0333047711877517,1520.1863316127233,1575.8539428710938,0,2.265212171881664,2.120591761228613,1,2,1,0,0,5463772.428571428,0.8547052537510256,0
2022-02-16,1523.0357666015625,1542.4986942805128,1517.368143011698,1527.3852458984643,5350642.0,-0.28477484748856696,-0.0028518110251544468,1518.793003627232,1.0027935096910492,1.0165619341519423,1523.6195242745537,1570.9962443033853,0,2.176157354659091,1.9883134499590112,2,2,1,0,0,5612405.714285715,0.9533598019082217,0
2022-02-17,1515.5670166015625,1536.8313062358195,1511.6129051790003,1532.4378490996394,3937950.0,-0.49038572591538765,-0.0049159206213258725,1519.7344621930804,0.9972577804246776,1.016683107805191,1526.0422101702009,1567.4858683268228,0,2.1907225880708663,1.996789209002964,3,2,1,0,0,5310198.428571428,0.7415824574109943,0
2022-02-18,1499.8822021484375,1513.5458959572877,1496.850759804493,1502.5622537515017,5602215.0,-1.0349139484637226,-0.010403064200929584,1515.9246826171875,0.9894173631099843,1.0111535074845908,1524.2063685825892,1564.2390991210937,0,2.1673110529603368,1.8483041064741816,4,2,1,0,1,5558051.428571428,1.0079458731168889,1
2022-02-21,1520.751220703125,1526.5506699725988,1486.3065594227182,1494.6541280390445,5120890.0,1.3913771711401512,0.013817863793117056,1511.0416782924108,1.0064257277282296,1.0270765881336832,1521.611092703683,1561.7904825846354,0,2.0982116047447326,1.7954826811132099,0,2,1,1,0,5670374.285714285,0.9030955880463422,1
2022-02-22,1523.9583740234375,1538.5886069583632,1485.911101612414,1493.687498875911,8878515.0,0.21089270070284716,0.0021067063420667767,1512.6735142299108,1.0074602084900466,1.0354513168982902,1518.300301688058,1558.3811564127604,0,1.8048360964955064,1.7760557020651746,1,2,1,0,0,5859966.285714285,1.5151136656953952,1
2022-02-23,1531.42724609375,1544.9591147620647,1523.123655479762,1537.7099108964103,5478811.0,0.49009685550620574,0.004888997904595342,1520.2867431640625,1.0073278958589758,1.0143359727910108,1518.5701729910713,1555.0787434895833,0,1.4633874265865143,1.626921010619161,2,2,1,0,0,5576991.142857143,0.9823954995906907,0
2022-02-24,1474.576171875,1506.9119549303691,1467.8541604033635,1485.0764924641971,13592379.0,-3.712293506842157,-0.03782953376338676,1512.7425711495537,0.9747700633257446,1.026608770530904,1514.6192190987724,1549.2413126627605,0,1.6183141769360905,1.9082039271831122,3,2,1,0,0,6851628.857142857,1.9838171744854332,1
2022-02-25,1489.0302734375,1518.5104098119332,1473.565327823913,1506.9555976255283,9737281.0,0.9802207466923063,0.009754477483983736,1507.8846435546875,0.9874961455454973,1.0305009090125599,1513.33882359096,1543.3189290364583,0,1.7129153911640431,1.8979589913570982,4,2,1,0,1,7478291.571428572,1.3020729276192016,1
2022-02-28,1507.48291015625,1518.4226821951142,1463.0211477782968,1478.134596610253,15076542.0,1.239238519721364,0.012316228124801898,1506.729771205357,1.0004998500496147,1.0378678971940691,1513.2321166992188,1537.0582478841145,0,1.8047269553483778,1.9297552231934882,0,2,1,1,0,9069519.0,1.6623309350804603,0
2022-03-02,1496.2357177734375,1506.4285162813565,1485.867116633062,1502.5622527750063,6771489.0,-0.746090871547378,-0.007488880511765493,1506.2088448660713,0.9933786558705804,1.0138379801384163,1511.0667637416295,1530.1253743489583,0,1.7819395847361492,1.9092956664907987,2,3,1,0,0,9236558.142857144,0.7331182130041111,1
2022-03-03,1512.095947265625,1523.562911977588,1498.6520343318016,1511.5247764511598,7344147.0,1.060008747538066,0.010544300433534673,1504.972377232143,1.0047333560012466,1.016622189190764,1508.0070277622767,1524.270353190104,0,1.7421240923133126,1.856589797680922,3,3,1,0,0,9554166.285714285,0.7686852814129076,1
2022-03-04,1514.2489013671875,1525.408239012716,1477.0802130071288,1489.6015651994855,9074499.0,0.14238210911521332,0.0014228084190309781,1503.5853097098213,1.0070921094988778,1.0327186198691254,1508.1294119698662,1520.0599568684895,0,1.74048601289428,1.7065392404180815,4,3,1,0,1,9582164.0,0.9470197963633267,1
2022-03-07,1528.791259765625,1538.5886906416126,1490.260662094903,1491.139353523025,9742588.0,0.9603677694801416,0.00955785552282178,1503.208740234375,1.0170186074937677,1.0324292452830188,1511.7477416992188,1517.6040161132812,0,1.7748092945031027,1.5865177075433956,0,3,1,1,0,10191275.0,0.9559734184388117,1
2022-03-08,1562.489013671875,1581.644529208251,1509.9872022162124,1509.9872022162124,10984500.0,2.2042089586132407,0.02180267448156842,1515.7677176339287,1.0308235196556876,1.0474555856413001,1514.2551443917412,1517.384346516927,0,0.9224190851430277,1.4400132855601224,1,3,1,0,0,9818720.857142856,1.1187302460084778,1
2022-03-09,1593.3751220703125,1609.411241059636,1573.7363895823908,1573.7363895823908,10193515.0,1.9767248363464995,0.01957441337840854,1530.6741245814733,1.040962995638267,1.022668886424309,1519.2793840680804,1519.6264729817708,1,1.0203803383965462,1.5099571747326832,2,3,1,0,0,9883897.142857144,1.031325483528186,1
2022-03-10,1604.4027099609375,1620.9660220308197,1590.6071900970094,1620.9660220308197,6547182.0,0.6920898750004678,0.006897059260839737,1544.519810267857,1.0387712085626764,1.0190863162965829,1525.624790736607,1522.665283203125,1,1.01786999111786,1.4932943452925904,3,3,1,0,0,8665417.142857144,0.7555530094009157,0
2022-03-11,1600.9757080078125,1609.2354285026502,1591.310102745416,1593.9461769078878,4758657.0,-0.21359986067390757,-0.002138283105466854,1559.482666015625,1.0266069273461047,1.0112645082352638,1532.8457554408483,1526.8654378255208,1,0.8858053855826536,1.4472406052729316,4,3,1,0,1,8377869.714285715,0.5680032230491324,1
2022-03-14,1661.3419189453125,1665.1203351700804,1609.3674043195065,1609.3674043195065,10289724.0,3.7705888125321607,0.03701239982068905,1580.8035191127233,1.0509477609701894,1.0346427613116398,1542.887948172433,1532.8551879882812,1,1.38254434216795,1.6833274513884349,0,3,1,1,0,8798666.42857143,1.1694640413445772,0
2022-03-15,1616.1771240234375,1659.2768725454414,1608.0052511537049,1659.2768725454414,7140443.0,-2.718573124943924,-0.027562100165468024,1595.3646937779017,1.0130455627648691,1.0318852325606216,1549.4750017438616,1535.8749593098958,1,2.0600111587952354,1.9086699370973215,1,3,1,0,0,8522372.714285715,0.8378468343716955,1
2022-03-16,1660.1995849609375,1664.1975665515567,1624.7004302568198,1638.7594929307566,5233979.0,2.7238636337029165,0.02687426650265251,1614.1373116629463,1.0285367750098882,1.0243104116667794,1558.6730259486608,1539.312109375,1,2.1661447656096606,2.004369038227326,2,3,1,0,0,7878285.714285715,0.6643550627402626,0
2022-03-17,1629.62109375,1689.9872589454178,1610.6853579171534,1689.9872589454178,17731459.0,-1.8418563338971627,-0.0185902970712772,1623.7276088169642,1.0036296019732829,1.049234880442952,1569.7476632254463,1541.2891642252605,1,2.383963813894711,1.7399214999382506,3,3,1,0,0,8842137.0,2.0053363796557324,0
2022-03-21,1628.259033203125,1658.002713659227,1617.7586073153643,1635.2445864629065,8362085.0,-0.083581425897028,-0.0008361637464593499,1628.7110246930804,0.9997224851535339,1.0248764594185327,1579.6925746372767,1544.6428304036458,1,2.3157648408320752,1.751376910374265,0,3,1,1,0,8580504.142857144,0.9745447191422933,1
2022-03-22,1658.442138671875,1660.7267148165508,1615.9134542580089,1625.579059476518,5709382.0,1.8537041621303763,0.018367324821925678,1636.430943080357,1.0134507329408504,1.0277324632952693,1590.475376674107,1548.9279174804688,1,2.386354224994509,1.7746967912768639,1,3,1,0,0,8460818.42857143,0.6748025676475843,0
2022-03-23,1645.2618408203125,1669.5137026271,1631.7299714623814,1666.877628359794,6192824.0,-0.7947396863732359,-0.007979145748056244,1642.757533482143,1.001524453418796,1.0231556273559506,1601.1200997488838,1553.5381184895834,1,2.4250576982451157,1.777788051653313,2,3,1,0,0,8665699.42857143,0.7146363719449832,1
2022-03-24,1657.8272705078125,1664.7689550629934,1630.9833085626924,1630.9833085626924,3784303.0,0.7637343415948239,0.0076083265562220306,1642.2554408482142,1.0094819778167734,1.0207148940905315,1611.5294799804688,1558.4998006184896,1,1.9518904244719686,1.7748712845460282,3,3,1,0,0,7736353.571428572,0.48915848597922884,0
2022-03-25,1648.9083251953125,1664.2414466217965,1632.6085574568626,1662.484063890411,3438588.0,-0.5379900229152357,-0.0053944240067942155,1646.9313267299108,1.0012004134193786,1.0193756727664156,1621.1480102539062,1562.578389485677,1,1.5884733744676613,1.7996870631743889,4,3,1,0,1,7207517.142857143,0.47708356870267593,0
2022-03-28,1646.5797119140625,1652.7305512508635,1627.9075210702022,1639.6380289243905,4008555.0,-0.14122151278326278,-0.0014132132434295697,1644.985630580357,1.0009690548683656,1.0152484277266207,1629.5614711216517,1565.6333048502604,1,1.17420670504586,1.807975470201351,0,3,1,1,0,7032456.571428572,0.5700077859401133,1
2022-03-29,1657.2120361328125,1660.1996084457126,1634.8493821555994,1646.5798912876753,3917785.0,0.6457218039198631,0.006436459520396482,1648.9271937779017,1.0050243833603891,1.0155061540022041,1636.327401297433,1570.4558553059896,1,0.9100224004245868,1.7449478082645082,1,3,1,0,0,5059074.571428572,0.7744074424452896,1
2022-03-30,1672.984375,1686.208722896825,1665.1201302185948,1678.3005006424887,7795839.0,0.9517393383162487,0.0094723883233285,1655.3165283203125,1.0106733947117748,1.0126649076517151,1642.0137765066963,1576.9508463541667,1,0.9318444734576015,1.6961207115869033,2,3,1,0,0,4978182.285714285,1.5660011129707816,1
2022-03-31,1675.5325927734375,1680.9365660718338,1664.4171256540967,1669.5135784299448,5399145.0,0.1523156947259352,0.0015219981202840261,1657.758021763393,1.0107220539889998,1.0099250603488263,1647.094482421875,1581.8890869140625,1,0.6727876117918403,1.6941772017724444,3,3,1,0,0,4933862.714285715,1.0943038573746868,0
2022-04-01,1672.6331787109375,1678.564346091196,1650.4462192514522,1657.9589669091613,6171518.0,-0.17304432483170595,-0.0017319421947122533,1661.668212890625,1.00659876967932,1.0170366816632757,1652.2128731863838,1586.8756673177083,1,0.5589160645021111,1.6932224443868653,4,4,2,0,1,4930819.0,1.251621282387368,0
2022-04-04,1654.531982421875,1663.362874183329,1645.7890456129824,1660.5071270406477,7364074.0,-1.0821976102980746,-0.010880959617827096,1661.1974574497767,0.995987548019647,1.0106780565937,1651.7264491489955,1591.507832845052,1,0.6893916478913541,1.4063418427511596,0,4,2,1,0,5442214.857142857,1.3531391525887149,0
2022-04-05,1635.3323974609375,1660.3751001308806,1631.8616096448654,1655.2787548219912,5472024.0,-1.1604239244038972,-0.011672093873276996,1659.2580392020088,0.9855805178123,1.0174729831975275,1653.09468296596,1596.0228393554687,1,0.7979689461000723,1.2265239315868628,1,4,2,0,0,5732705.714285715,0.9545272813087013,0
2022-04-06,1606.9947509765625,1632.169281125761,1601.107561481124,1629.9725526181892,5407453.0,-1.7328370995629228,-0.017480264485007408,1653.6030447823662,0.9718140977347209,1.0194001454942245,1649.2943376813616,1598.8976236979167,1,1.0061796337821434,1.0573429953292492,2,4,2,0,0,5932548.285714285,0.9114890835395766,0
2022-04-07,1591.3101806640625,1606.3797601498356,1588.2787381336382,1600.1410724456011,5797544.0,-0.9760187644028417,-0.009808130484588451,1644.1884940011162,0.9678392632414214,1.0113966280487188,1646.5578438895088,1601.142683919271,1,0.9240183928182728,0.9779773371721826,3,4,2,0,0,6201085.285714285,0.9349240871361758,1
2022-04-08,1594.4732666015625,1615.034665184189,1588.6739252736745,1601.8542952289315,5131446.0,0.19877243141748213,0.0019857514041684327,1632.972621372768,0.9764237597940615,1.0165929203539823,1644.14457484654,1603.2442179361979,1,0.7428135488617923,0.9826932290832238,4,4,2,0,1,5820457.714285715,0.8816224173238806,0
2022-04-11,1552.25244140625,1593.9463082740529,1548.737675566616,1593.9463082740529,8248407.0,-2.6479481393439364,-0.026836377240938875,1615.3611711774554,0.960932124098783,1.0291906327460505,1636.5595964704241,1605.833426920573,1,0.9451404927285574,1.0143114251885141,0,4,2,1,0,6227495.142857143,1.3245144011811583,0
2022-04-12,1531.0760498046875,1544.3004005492446,1518.1593269126358,1544.3004005492446,6456184.0,-1.3642363211474717,-0.013736275348946374,1595.1387241908483,0.9598388068607279,1.0172189263492981,1628.4034685407366,1607.234952799479,0,0.8573795077793441,1.0395830324608901,1,4,2,0,0,6268161.714285715,1.0299963999470156,1
2022-04-13,1536.43603515625,1544.3002810224598,1521.893648211039,1542.05957483646,6257693.0,0.35007962878434995,0.003494682764497502,1578.2678745814733,0.973495095415082,1.0147228637413392,1619.732666015625,1608.200056966146,0,1.0532274409287767,1.006012390312477,2,4,2,0,0,6110107.285714285,1.024154357261578,0
2022-04-18,1424.71044921875,1449.841005189607,1397.119514091803,1410.7392326254023,30523965.0,-7.271736888554425,-0.07549687195155375,1548.1790248325892,0.920249161347997,1.0377358490566038,1603.7185320172991,1605.8158813476562,0,2.583552333037506,2.062025622809734,0,4,2,1,0,9688956.0,3.1503874101605995,0
2022-04-19,1372.5159912109375,1438.110326839995,1361.9716942234015,1438.110326839995,17044923.0,-3.6635133852239044,-0.03732305405412529,1514.6820591517858,0.9061413138936494,1.0559032415574596,1584.1425519670759,1601.1632161458333,0,2.6620355043516377,2.1594096424385545,1,4,2,0,0,11351451.714285715,1.5015632739334208,1
2022-04-20,1395.0982666015625,1402.6550983089537,1373.3946323351558,1383.9389289365774,10678747.0,1.6453196563998684,0.016319309311511276,1486.6517857142858,0.9384162989662472,1.021305213581654,1565.4201398577009,1597.1915283203125,0,3.022314187076241,2.242533333316798,2,4,2,0,0,12048766.42857143,0.8862938013867809,1
2022-04-21,1422.4256591796875,1429.8065810155888,1396.4602858072528,1401.512761278948,7766514.0,1.9588148901291458,0.019398770169898442,1462.0735560825892,0.972882419808527,1.0238791575723611,1547.5230887276787,1593.6460083007812,0,3.280610513401706,2.3311986302915346,3,4,2,0,0,12425204.714285715,0.6250612507873253,0
2022-04-22,1393.121337890625,1415.308297343831,1390.4413932842554,1409.7286280030771,8134245.0,-2.0601654012598614,-0.020816828517264206,1439.340541294643,0.9678886253266755,1.0178841799299714,1527.3508562360491,1588.000419108073,0,3.2558641280151632,2.3127808560127106,4,4,2,0,1,12408895.857142856,0.6555172268061009,0
2022-04-25,1371.725341796875,1382.0060971733296,1365.5745010161786,1382.0060971733296,7000570.0,-1.5358314822846997,-0.015477475384665214,1416.5761544363838,0.9683385799633527,1.0120327350466223,1505.8574393136162,1580.6120930989584,0,3.255436200747706,2.2909915320318257,0,4,2,1,0,12486665.285714285,0.5606436818651009,1
2022-04-26,1389.211181640625,1398.8767875849935,1376.5141331003783,1385.8721112277144,5345435.0,1.2747333092822055,0.01266676976500317,1395.5440325055804,0.9954620916879382,1.0162458589758514,1486.9059535435267,1573.4390421549479,0,3.360598902708579,2.398747399478216,1,4,2,0,0,12356342.714285715,0.43260656681364995,0
2022-04-27,1364.4320068359375,1381.961856821622,1362.2791486149092,1381.961856821622,8819356.0,-1.7836866800498896,-0.017997861003558147,1386.932826450893,0.9837765613547889,1.0144483663474737,1467.5559256417412,1565.5542521158854,0,2.1945967431082223,2.403471270451385,2,4,2,0,0,9255684.285714285,0.9528583438841213,1
2022-04-28,1390.616943359375,1407.4878820528004,1368.5178339093395,1379.5454535287045,9245177.0,1.9191089326729749,0.019009262986249834,1389.5186767578125,1.0007903935513305,1.0284760981390635,1452.1003679547991,1556.5300862630208,0,1.8863187053947041,2.5421181130142734,3,4,2,0,0,8141434.857142857,1.1355709604295094,0
2022-04-29,1377.3927001953125,1403.5337684574995,1371.4615334467492,1397.1192785504973,9831395.0,-0.9509623212353602,-0.009555128400423012,1386.9893101283483,0.9930809777242279,1.0233854426307871,1436.820547921317,1548.57060546875,0,1.8090315284073057,2.54214274945542,4,4,2,0,1,8020384.571428572,1.2258009466307742,0
2022-05-02,1354.0634765625,1364.3881007348616,1345.276562373256,1362.7625430622788,7072627.0,-1.693723484196219,-0.017082310254781262,1377.2232840401787,0.9831836945061386,1.0142064010450687,1419.6484200613838,1538.3660685221355,0,1.6089397752684742,2.524028007657905,0,5,2,1,0,7921257.857142857,0.8928666542047209,0
2022-05-04,1349.274658203125,1379.545534836563,1344.5297030639988,1359.5553049527848,6220959.0,-0.3536627670906678,-0.0035428963228374003,1370.95947265625,0.9841827458173432,1.0260431820083766,1405.1500069754463,1529.0211873372396,0,1.4917622753418083,2.4921894211429882,2,5,2,0,0,7647931.285714285,0.813417219323119,1
2022-05-05,1392.857666015625,1396.5921043901596,1368.5178503702025,1370.8025337737408,6144870.0,3.230106453680892,0.03179035371701562,1373.9783761160713,1.013740601910287,1.0205143498949338,1395.2772652762276,1521.1744750976563,0,1.9337368931205943,2.727180771672282,3,5,2,0,0,7525688.428571428,0.8165193202353258,0
2022-05-06,1355.6890869140625,1372.384224522361,1348.8353579374136,1361.9717522559292,6171472.0,-2.668512369098419,-0.027047635263930142,1369.1895054408483,0.9901398466222987,1.0174586664312812,1382.3667689732142,1511.0827067057292,0,2.1432288397089607,2.7621365554625577,4,5,2,0,1,7643693.714285715,0.807393942076172,1
2022-05-09,1379.8531494140625,1394.3076886723288,1337.500262821824,1353.1848843470543,6832202.0,1.7824191942862333,0.017667203747324535,1371.3925258091517,1.0061693668630132,1.0424728334113773,1379.1626761300224,1502.235750325521,0,2.163489750784523,2.1319370917133456,0,5,2,1,0,7359814.571428572,0.9283117031946961,0
2022-05-10,1364.6077880859375,1378.7986761047448,1358.5009255643938,1369.0012452272315,6212545.0,-1.1048538994601564,-0.011110027425916191,1367.6769321986608,0.99775594364395,1.0149412857646145,1378.5978044782366,1492.461767578125,0,2.0578413268929974,1.9110735232576408,1,5,2,0,0,6926581.428571428,0.8969135877582984,0
2022-05-11,1341.542236328125,1361.9278360516032,1328.2300387627954,1361.9278360516032,7846080.0,-1.6902696847542753,-0.01704717782077484,1362.5554373604912,0.9845780946182473,1.0253704526364997,1374.7723737444196,1482.2162312825521,0,2.117831867451326,1.8947578342518692,2,5,2,0,0,6642965.0,1.1811111453996823,0
2022-05-12,1325.7696533203125,1342.201139918884,1321.8155419424827,1330.3388057853947,7034979.0,-1.175705287593698,-0.011826713563353134,1358.513462611607,0.9758973243972512,1.015422422667571,1367.868373325893,1471.5225626627605,0,2.071887641021514,1.7946208515686068,3,5,2,0,0,6637586.714285715,1.0598699953492132,0
2022-05-13,1321.9034423828125,1343.7389035215306,1316.3676433280884,1334.9959664754049,6723761.0,-0.291620111217461,-0.0029204615114413134,1354.6032889229912,0.9758602043804445,1.020793021107873,1362.7813807896205,1460.3456095377603,0,2.071667296173075,1.736636401539214,4,5,2,0,1,6709415.571428572,1.002138104044787,0
2022-05-16,1308.4593505859375,1328.4495800627174,1299.2770683025562,1326.8240224148346,6145331.0,-1.0170252505463773,-0.01022232287016173,1342.54638671875,0.9746101613545564,1.0224528797374017,1358.2623814174108,1448.194775390625,0,1.3812284810132347,1.7150204533529756,0,5,2,1,0,6709481.428571428,0.9159174319837791,1
2022-05-17,1334.2489013671875,1340.0043728900273,1301.2541039526504,1313.555783441477,6516378.0,1.9709860126492451,0.019518135975981423,1339.4835030691963,0.9960920745272229,1.0297791713545188,1354.3365042550224,1436.81865234375,0,1.4893222882163308,1.7740001595016137,1,5,2,0,0,6758753.714285715,0.9641389929960883,0
2022-05-18,1326.1209716796875,1361.70797213733,1322.694161149026,1337.3682641118933,6594126.0,-0.6091764197198479,-0.006110394692975111,1331.8074776785713,0.9957302342161377,1.0294957157400715,1351.6000017438616,1425.2682454427083,0,1.2001858130372791,1.724154376387305,2,5,2,0,0,6724742.857142857,0.9805766763253826,0
2022-05-19,1254.0245361328125,1304.593165199384,1245.6769672791786,1301.3420497086145,16561140.0,-5.436640931449599,-0.05590010981666672,1316.0098702566963,0.9528990355431048,1.047296529893212,1341.8434012276787,1411.9179972330728,0,2.2154646513082383,2.109808398510864,3,5,2,0,0,8203113.571428572,2.018884641276017,1
2022-05-20,1278.6278076171875,1288.8206063685277,1271.2028009563014,1276.7385996614764,10488908.0,1.9619449839671566,0.019429469288911035,1307.0220947265625,0.9782755875176576,1.0138591618890178,1334.7887660435267,1400.0278442382812,0,2.488125573454148,2.225214015220116,4,5,2,0,1,8580660.42857143,1.2223893588743577,1
2022-05-23,1290.2703857421875,1307.4927145622214,1274.1464210976928,1278.5837480095963,5887569.0,0.9105525513868562,0.009064320158488374,1301.9507707868304,0.9910285509201059,1.026171476772505,1330.2321166992188,1389.4703653971353,0,2.5400113675784044,2.2272155622312457,0,5,2,1,0,8416744.714285715,0.6995066620004582,0
2022-05-24,1266.1942138671875,1291.2808943889067,1261.14173869041,1290.446073263294,5693167.0,-1.8659788011139211,-0.018836078326527846,1293.9923095703125,0.9785175727108025,1.02389830958239,1324.2977992466517,1378.6331665039063,0,2.6020253034400254,2.265280365511509,1,5,2,0,0,8269517.0,0.6884521792506141,0
2022-05-25,1239.3502197265625,1267.5123214901744,1229.5089191300704,1260.9221361098096,9630092.0,-2.120053452040238,-0.021428493511442617,1284.1195765904017,0.9651361464461815,1.030909415758442,1313.3329816545759,1366.7957316080729,0,2.665276477920136,2.040685285950762,2,5,2,0,0,8767340.0,1.0984052175460288,1
2022-05-26,1251.2125244140625,1256.528650069207,1236.3627261774936,1245.98435370499,13040065.0,0.9571390312995698,0.009525874757686514,1272.2572370256696,0.9834587597545869,1.0163106857435449,1305.870370047433,1356.7610677083333,0,2.516736105174164,2.0167401191878316,3,5,2,0,0,9699295.285714285,1.344434272375046,1
2022-05-27,1284.07568359375,1289.040311563104,1263.0310670153488,1268.7864314520264,8284860.0,2.6265049732520307,0.025926046458967053,1266.250767299107,1.0140769243778334,1.0205927195514022,1299.0291224888392,1348.5277221679687,0,2.8510044595200568,2.102684230019706,4,5,2,0,1,9940828.714285715,0.833417438135116,1
2022-05-30,1341.5860595703125,1344.3978291185176,1304.8567164973847,1306.6140992805465,10904213.0,4.478737251343934,0.04381339343467985,1278.759556361607,1.0491308181402472,1.0303030303030303,1297.3847133091517,1342.0327229817708,0,2.3675057752077704,2.4741644329551304,0,5,2,1,0,9132696.285714285,1.1939752137664743,0
2022-05-31,1335.192626953125,1347.979808875038,1321.4731129690715,1341.4973856707466,16033857.0,-0.47655777067594496,-0.004776969278221172,1286.8402448381696,1.0375745025918397,1.0200584451138863,1296.9311697823662,1339.0487955729166,0,2.380485807275021,2.43483925256709,1,5,2,0,0,9924831.857142856,1.6155293339766261,0
2022-06-01,1312.947998046875,1345.093445851079,1307.2203524001836,1343.5394511125153,8738508.0,-1.6660239471971705,-0.016800582207543373,1290.0799037388392,1.0177261069192387,1.0289722336263787,1296.015337262835,1337.0631958007812,0,2.5271449472358607,2.4563863779452926,2,6,2,0,0,10332108.857142856,0.8457622853981878,1
2022-06-02,1339.099609375,1344.2943706627866,1310.3284820297667,1317.787679252321,7205840.0,1.9918238473288996,0.019722465723806128,1300.4949602399554,1.0296845818825178,1.0259216594150538,1297.2436349051338,1335.1965738932292,0,2.399538435923587,2.513624653776818,3,6,2,0,0,10548205.0,0.6831342394274665,1
2022-06-03,1351.2652587890625,1380.8356080966064,1347.9797125984878,1354.1069147899177,9395707.0,0.9084947324972115,0.009043927446131333,1316.4828229631696,1.0264207289447225,1.0243741765480896,1300.3011997767858,1332.824560546875,0,2.023021717899095,2.499151655122618,4,6,2,0,1,10514721.42857143,0.8935764074994175,1
2022-06-06,1358.6800537109375,1364.496369880414,1325.779716646575,1346.2036506605543,6624883.0,0.5487297829679827,0.005472297460254278,1331.8353271484375,1.0201561904953946,1.0292029307340504,1302.0462820870537,1331.6765177408854,1,2.0390384687716225,2.452700180052354,0,6,2,1,0,9598266.857142856,0.6902165879113772,0
2022-06-07,1337.9451904296875,1349.622374002398,1334.304423990545,1349.622374002398,4904592.0,-1.5261034578830546,-0.01537868265603145,1339.530970982143,0.9988161673101946,1.01148010134452,1302.890869140625,1330.5505126953126,1,2.156124301392278,2.4867627873564104,1,6,2,0,0,9115371.42857143,0.538057284712166,0
2022-06-08,1331.9957275390625,1349.9332266440192,1324.891750325521,1349.9332266440192,4697608.0,-0.44467164523490643,-0.004456632502781441,1338.160923549107,0.9953927843045266,1.0189007715629188,1308.460239955357,1328.643330891927,1,1.3266658304918593,1.928147060756142,2,6,2,0,0,8228713.571428572,0.5708799995555632,1
2022-06-09,1345.315673828125,1347.0472249005495,1315.5677694893511,1318.675759494895,4361061.0,0.999999175197952,0.009950322686811139,1339.6070731026787,1.0042613993611011,1.0239284179357917,1313.2236589704241,1328.0061197916666,1,1.3724636251273943,1.8867771690896544,3,6,2,0,0,6561171.285714285,0.6646772062627582,0
2022-06-10,1311.394287109375,1326.6233521245908,1308.5526310764772,1319.6525958969517,6516436.0,-2.521444399902517,-0.025537774738305288,1339.3851143973213,0.9791017333348958,1.0138097013593161,1314.7325090680804,1325.3653645833333,1,1.5799772087554143,2.030079590571488,4,6,2,0,1,6243732.428571428,1.04367637059216,0
2022-06-13,1264.951904296875,1281.9126277011962,1253.5854977400272,1281.9126277011962,6987685.0,-3.5414507497108283,-0.03605681137028556,1328.7925851004463,0.9519558721809503,1.0225968870988356,1314.6437726702009,1321.6173380533853,1,1.7846732456942842,2.1994387847942716,0,6,2,1,0,6212567.428571428,1.1247660617515114,1
2022-06-14,1279.204345703125,1286.6191002718645,1245.9932304081092,1252.0759892436106,6090247.0,1.1267180481594918,0.011204178597638758,1318.4981689453125,0.9701980448910147,1.0326052091394178,1317.4904959542412,1319.1220336914062,0,1.8209598267872116,2.126933942254415,1,6,2,0,0,5740358.857142857,1.0609523117917565,0
2022-06-15,1262.90966796875,1284.3992668383935,1259.9348988081592,1278.893618751976,4651958.0,-1.2738135067402734,-0.012819960723405114,1304.816685267857,0.967882831533148,1.0194171683420916,1318.3260062081474,1316.2432006835938,0,1.72974812817795,2.153071703323495,2,6,2,0,0,5458512.428571428,0.8522391513941253,0
2022-06-16,1240.70947265625,1282.045779950868,1236.0919312149667,1276.93979675799,6641772.0,-1.7578609045100224,-0.017734947645836906,1290.9258684430804,0.9611004806593628,1.037176724137931,1315.2284197126116,1311.1715942382812,0,1.743086201668882,2.072787345933364,3,6,2,0,0,5706681.0,1.1638589926438854,0
2022-06-17,1231.9183349609375,1240.4874196646322,1214.0251729542306,1235.2483238555576,9692047.0,-0.7085573124940736,-0.007110795009817199,1276.6290980747767,0.9649774839213164,1.0217971153316434,1307.395010811942,1307.0459025065104,0,1.7303947395926746,1.5698593943738222,4,6,2,0,1,6420172.285714285,1.5096241298019462,1
2022-06-20,1255.7611083984375,1263.0426411881947,1227.2119802322318,1234.360400176754,4595194.0,1.9354183439648232,0.01916927327932038,1263.8355887276787,0.9936111307505038,1.0291967985426467,1301.7213309151787,1302.9095011393229,0,1.9424236410736155,1.7100404262817073,0,6,2,1,0,6453619.857142857,0.7120335721221704,1
2022-06-21,1287.507080078125,1292.9238409740165,1263.3979359517734,1264.507932381181,6270787.0,2.5280263473181908,0.024966002994523145,1260.423130580357,1.0214879819646734,1.023370233702337,1299.9041224888392,1300.3394775390625,0,2.1891440182612683,1.8381879058444202,1,6,2,0,0,6418527.142857143,0.97698223602255,0
2022-06-22,1276.27392578125,1296.1206407453683,1274.2759321593971,1275.208372542165,6253366.0,-0.8724732058322693,-0.008763015370148283,1262.040562220982,1.011278055544601,1.017142840129573,1295.4165736607142,1298.1638671875,0,1.6953713751698527,1.7414444692449393,2,6,2,0,0,6313624.428571428,0.9904558104060265,1
2022-06-23,1289.7713623046875,1294.6997896368189,1272.4998618309749,1278.5382855533985,6254281.0,1.0575657976539254,0.010520126881187664,1263.5501360212054,1.0207520267981214,1.0174459176552688,1291.0241524832588,1296.9639241536458,0,1.6888499888585755,1.7500243910816735,3,6,2,0,0,6337057.857142857,0.986937651665977,0
2022-06-24,1279.6927490234375,1303.1358968889983,1268.859226493718,1294.6999234508755,6114340.0,-0.7814263501122021,-0.007844954849563074,1265.947719029018,1.0108575020814936,1.0270137692815602,1285.3822021484375,1295.5569010416666,0,1.6298719121733787,1.735404392821743,4,6,2,0,1,6545969.571428572,0.934061781571286,1
2022-06-27,1309.440673828125,1317.787869343207,1301.0491434910748,1303.6243570986562,4511097.0,2.3246146254551237,0.022980070201559562,1275.7664620535713,1.0263952790547175,1.0128655600258245,1283.3461652483259,1295.5896118164062,0,1.5404496588115262,1.8469621468880926,0,6,2,1,0,6241587.428571428,0.7227483475357643,1
2022-06-28,1314.369140625,1321.5618966121417,1290.2599938030853,1304.4679496880472,4412178.0,0.3763795409277071,0.0037567300541537147,1287.5451485770088,1.0208334380177946,1.0242601514108742,1282.087123325893,1294.926953125,0,1.4147838672991806,1.849502554902444,1,6,2,0,0,5487320.428571428,0.8040678610686981,0
2022-06-29,1299.3619384765625,1311.5719003108716,1293.811955824604,1300.6494910925776,5060038.0,-1.1417798611203955,-0.011483482126502173,1293.7738385881696,1.0043192246756905,1.0137268359643101,1278.8047136579241,1294.0349853515625,0,1.5269488381106298,1.8419361555054747,2,6,2,0,0,5553726.714285715,0.9111067685387163,0
2022-06-30,1298.1630859375,1316.01180739461,1292.035883778109,1300.9602987057103,9165177.0,-0.0922647111295305,-0.0009230730121322325,1295.2961251395088,1.0022133632166021,1.0185567010309278,1277.859627859933,1295.5062703450521,0,1.240945143227412,1.7200776795297221,3,6,2,0,0,5967211.0,1.5359230635551517,1
2022-07-01,1313.7030029296875,1318.675765280758,1280.802665224558,1291.1478536823045,4651635.0,1.1970697026071342,0.01189961493822035,1300.6431361607142,1.0100410838345126,1.0295698167129905,1281.3418491908483,1296.6754435221353,1,1.2100126600583596,1.4225017292457316,4,7,3,0,1,5738392.285714285,0.8106164180480019,1
2022-07-04,1321.339599609375,1325.113587041055,1298.251676497921,1314.4576225280762,4800224.0,0.581303130361821,0.005796200829699421,1305.1528843470983,1.0124021602805362,1.0206908344733243,1284.3515101841517,1297.711083984375,1,1.181237363040919,1.4048833302744343,0,7,3,1,0,5530669.857142857,0.8679281396267964,0
2022-07-05,1310.639404296875,1340.8313086434368,1307.1318587687915,1330.9302267306132,7379669.0,-0.8097990339246075,-0.008130957160304864,1309.5738351004463,1.000813676302831,1.0257812168287195,1287.760777064732,1299.1925903320312,1,1.1858144955683665,1.371476516129747,1,7,3,0,0,5711431.142857143,1.2920875373292728,1
2022-07-06,1324.5809326171875,1331.9956869281368,1305.3557731895742,1316.1892947506883,5209162.0,1.0637196069800625,0.010581019125324337,1311.7367292131696,1.0097917540295775,1.0204081632653061,1293.7515956333705,1302.0336140950521,1,0.8958135282366888,1.2520373424049949,2,7,3,0,0,5811154.714285715,0.8964073847826113,1
2022-07-07,1330.8411865234375,1344.3831420553722,1328.1771952712536,1334.7040605575694,3323472.0,0.47262147235356267,0.004715081236448157,1314.089878627232,1.0127474597960564,1.0122016451131801,1300.8175136021205,1304.6879028320313,1,0.9002756960586167,1.2050213461741464,3,7,3,0,0,5655625.285714285,0.5876400631411806,1
2022-07-08,1344.8271484375,1347.0471411605954,1331.9511906435466,1345.315590195814,3652582.0,1.0509114126981745,0.010454277243903723,1320.5849086216517,1.0183571988878404,1.0113337114926524,1307.1793736049108,1306.7129516601562,1,0.7280923076265898,1.1492539515725704,4,7,3,0,1,5454560.142857143,0.6696382300932423,0
2022-07-11,1308.15283203125,1331.906752322399,1302.1588521446984,1327.555545243658,4702638.0,-2.7270654410018746,-0.02764940035242603,1322.0120152064733,0.9895165981732331,1.0228450623583327,1308.6540701729912,1305.5985107421875,1,1.4273935572309475,1.2849575995926419,0,7,3,1,0,4817054.571428572,0.9762476073849751,0
2022-07-12,1277.47265625,1304.1125702899617,1275.1638853794875,1298.0742548130895,4710356.0,-2.345305153191546,-0.023732451512797948,1316.8362513950892,0.9701074487405807,1.0227019328592881,1308.7396937779017,1303.67451171875,1,1.598872413078801,1.4252224258574868,1,7,3,0,0,4825443.285714285,0.9761499039777338,1
2022-07-13,1282.6673583984375,1296.475756562151,1277.4725970808702,1287.5957856267937,5264025.0,0.40663900890736127,0.004058144670063924,1311.3116455078125,0.9781560034126882,1.0148755906973697,1308.2322649274554,1302.665157063802,1,1.5825096842424418,1.3990127834667705,2,7,3,0,0,4891700.571428572,1.0761134953243254,0
2022-07-14,1268.814697265625,1290.215406752036,1255.627961359536,1288.4838556808252,6157606.0,-1.0799885911269458,-0.010858628000541133,1305.3366873604912,0.9720210192140413,1.0275459343506896,1307.4552612304688,1300.3223266601562,1,1.5970403312756245,1.413543242157942,3,7,3,0,0,4717120.142857143,1.3053740022551896,1
2022-07-15,1270.1468505859375,1284.0440292907308,1252.6533480412868,1284.0440292907308,5620018.0,0.10499195218840462,0.0010493687418655809,1297.5603899274554,0.9788730146555641,1.0250593520534057,1304.6485595703125,1297.6183797200522,0,1.482467990780331,1.240390821049504,4,7,3,0,1,4775813.857142857,1.1767665508140617,1
2022-07-18,1323.027099609375,1326.3126460134347,1285.8644370743764,1287.5959883201187,5835171.0,4.163317729681659,0.04078984420838332,1296.444091796875,1.0205045539415865,1.0314560444887073,1305.2669852120537,1296.4299479166666,1,2.334228620745251,1.704304678876463,0,7,3,1,0,5134628.0,1.13643500561287,0
2022-07-19,1317.9208984375,1320.3184472133253,1305.4444960050953,1306.7321568201792,3418540.0,-0.3859483432639088,-0.003866950457587183,1292.600341796875,1.0195888518839678,1.0113937829250856,1306.5926252092634,1295.762471516927,0,2.2827706706291067,1.675016073333206,1,7,3,0,0,5101193.428571428,0.6701451430665217,1
2022-07-20,1345.58203125,1354.9060006770792,1331.9956324398804,1333.105628800247,5079392.0,2.0988462088502136,0.020771238519755722,1297.9473702566963,1.0366999942254076,1.0172000325520834,1309.979692731585,1296.2153483072916,1,2.139965702180151,1.7547003381036048,2,7,3,0,0,5155015.428571428,0.9853301256573765,1
2022-07-21,1361.2109375,1363.475265334351,1334.7485774263982,1347.0917602580191,5008061.0,1.1614978416054855,0.01154804236286817,1309.9099818638392,1.0391637260166273,1.021522171586309,1313.3731166294642,1296.7451904296875,1,1.7606920724209778,1.7532810971484896,3,7,3,0,0,5197544.714285715,0.9635436105503992,0
2022-07-22,1337.590087890625,1367.5155470877928,1325.024907125753,1362.1875644368015,7020642.0,-1.7352820902803656,-0.017505145849877984,1317.7560860770088,1.0150513452551468,1.0320678047133547,1314.5338657924108,1297.6183837890626,1,2.0309999299823227,1.8291406609685839,4,7,3,0,1,5448490.0,1.2885482032636566,0
2022-07-25,1335.192626953125,1347.225032901467,1314.3246918354944,1314.3246918354944,7859626.0,-0.179237343279115,-0.0017939816560308174,1327.2386474609375,1.0059928781514944,1.0250321258288364,1316.2876674107142,1299.9597412109374,1,1.931575766152223,1.8126294893106818,0,7,3,1,0,5691635.714285715,1.380908124578799,0
2022-07-26,1288.6171875,1329.021061010545,1283.1559829173068,1329.021061010545,7268273.0,-3.488293637406381,-0.03550587554361959,1329.8772670200892,0.968974520774731,1.0357439615322233,1313.7188284737724,1300.2735026041667,1,2.5187987547464776,2.0308330990811196,1,7,3,0,0,5927100.714285715,1.2262779646179696,1
2022-07-27,1306.2882080078125,1308.019759034265,1283.1558396500427,1288.483822375233,4517285.0,1.3713165305590413,0.013619990700386529,1327.4859967912946,0.9840316290833049,1.0193771626297579,1311.965044294085,1301.7194539388022,1,1.949527778227936,2.0668411039663375,2,7,3,0,0,5738831.285714285,0.7871437188343401,1
2022-07-28,1347.4468994140625,1353.7072142935083,1322.9825345301238,1328.7989592318934,6636841.0,3.1508124435280616,0.031021929829009903,1331.7039969308037,1.0118216229128558,1.0232237984716077,1312.1521693638392,1305.2773681640624,1,2.3081346869866985,2.2277465238606347,3,7,3,0,0,6198588.571428572,1.0707019708634131,1
2022-07-29,1376.1290283203125,1381.4570107879367,1356.8595350883038,1361.1219644216355,7009465.0,2.1286277714337,0.02106288941484992,1336.0678536551338,1.0299843863136005,1.0181282402957297,1317.007611955915,1310.0843912760417,1,2.311941460674738,2.1406147829685453,4,7,3,0,1,6474313.285714285,1.082657679767604,1
2022-08-01,1377.3280029296875,1388.8275224964943,1365.6508188965988,1388.8275224964943,2983249.0,0.0871266127449255,0.0008708867954336024,1338.3702915736608,1.029108320471026,1.016971178341636,1324.14013671875,1314.13662109375,1,2.284136138469261,1.9958959313581142,0,8,3,1,0,6185054.428571428,0.4823318912472442,0
2022-08-02,1370.7122802734375,1373.7314920454614,1357.1703247119033,1373.3319367159932,4374635.0,-0.4803302221531691,-0.00481487515137231,1343.1020333426338,1.0205570732865983,1.0122027184296662,1330.4290597098213,1316.9101277669272,1,2.153272492837591,2.015037188423187,1,8,3,0,0,5807053.428571428,0.7533312813132129,1
2022-08-03,1390.6922607421875,1394.1554711718493,1367.4267796780443,1375.5075317485316,6011955.0,1.4576348921864435,0.014471135137440607,1351.030552455357,1.0293566331381252,1.0195467076490181,1339.1345999581474,1320.724072265625,1,2.1724796823147763,1.9763122351910072,2,8,3,0,0,5543100.428571428,1.0845834524324873,1
2022-08-04,1420.70654296875,1424.2140880582283,1398.5509508931095,1409.6953575514096,7402209.0,2.1582260197913428,0.021352660861376764,1369.9004603794642,1.0370874264654326,1.0183498049525692,1349.8888636997767,1325.0885782877604,1,1.2539140182020811,2.0066804642447336,3,8,3,0,0,5562234.142857143,1.3307978071195903,1
2022-08-05,1435.58056640625,1443.6168753071977,1422.8378294078434,1428.2545901627868,5361971.0,1.0469455153221618,0.010415029946215315,1388.3707972935267,1.034003718030337,1.0146039453477296,1357.9283970424108,1330.2848388671875,1,1.2615730793344238,1.765929747115435,4,8,3,0,1,5682903.571428572,0.9435266554509044,1
2022-08-08,1438.0225830078125,1440.331353880655,1417.2434283560572,1435.8913682028474,3763409.0,0.1701065519210676,0.0016996203459178798,1401.3101806640625,1.0261986267211394,1.016290726817043,1366.507088797433,1334.5709025065105,1,1.0419326020643445,1.748227039323278,0,8,3,1,0,5272413.285714285,0.7137924885738824,0
2022-08-10,1422.970947265625,1439.6208933320956,1410.22821022237,1439.6208933320956,4423829.0,-1.0466898030700666,-0.010522061270868008,1408.0018833705358,1.0106314232046734,1.0208425011616318,1372.034868512835,1338.1909627278646,1,1.1252320764516135,1.7483272247475858,2,8,3,0,0,4903036.714285715,0.9022630785346818,1
2022-08-11,1438.5108642578125,1448.6340529159374,1435.0033190587033,1447.435278505994,3462090.0,1.0920754933225307,0.010861554110872152,1416.7422921316963,1.015365230675342,1.0094987472685257,1377.5562918526787,1342.8292602539063,1,1.1301485749219429,1.7461425240113375,3,8,3,0,0,4971442.571428572,0.6963954526794723,0
2022-08-12,1415.5562744140625,1433.227439869018,1412.0487289334717,1432.6058852060069,3562286.0,-1.5957189072460132,-0.016085875836104657,1423.1485770089287,0.9946651370647307,1.0149985694555619,1383.1253051757812,1346.7423665364583,1,1.3664335938367922,1.7333071742883535,4,8,3,0,1,4855392.714285715,0.7336761843215919,1
2022-08-16,1417.6429443359375,1428.7873514369574,1412.8921814722432,1428.7873514369574,3004430.0,0.1474098882249475,0.0014730134650360886,1426.9986746651787,0.9934437708350106,1.011250094078765,1389.014613560268,1350.20703125,1,1.2963710352537174,1.7268143806799034,1,8,3,0,0,4425746.285714285,0.6788527416715903,1
2022-08-17,1426.34521484375,1431.4511977140078,1407.4752781493191,1417.6428006795595,4067324.0,0.613854887973142,0.00611978473913313,1427.80419921875,0.9989781621487047,1.0170347003154574,1398.852329799107,1353.7072184244792,1,1.0272875909370616,1.3049698940807508,2,8,3,0,0,3949334.1428571427,1.029875886130389,0
2022-08-18,1405.6551513671875,1419.1971089271724,1397.7076196338453,1415.5563420168944,4635706.0,-1.4505649306524315,-0.014611884832504213,1423.5291399274554,0.9874438899359806,1.015374810147316,1405.9499686104912,1356.8744099934895,1,1.0609964548029114,1.4127416545002114,3,8,3,0,0,3845582.0,1.2054627882073508,1
2022-08-19,1418.220458984375,1425.1468812486205,1407.5644914382176,1407.7421559361846,4739884.0,0.8939111136160305,0.008899393798522698,1420.7002650669642,0.9982545184627861,1.012491356465264,1411.0052228655134,1359.9957275390625,1,1.1458301708719412,1.2046397566958817,4,8,3,0,1,3985078.4285714286,1.189407958954312,0
2022-08-22,1399.1727294921875,1419.907441241582,1397.7075125167294,1408.3634783046589,3950555.0,-1.34307253653837,-0.013521733344701388,1417.3005196707588,0.9872096355522522,1.0158831003811943,1412.6512015206474,1362.2734456380208,1,1.18738783364816,1.1723452477790333,0,8,3,1,0,3917467.8571428573,1.0084460534364854,0
2022-08-23,1369.646728515625,1380.3914715875098,1361.2995342191398,1374.619490522654,5551574.0,-2.11024703056345,-0.021328310270530827,1407.4627859933037,0.9731317532129347,1.0140247879973907,1412.1025390625,1363.1007649739583,1,1.2077823126113059,1.3160958165049246,1,8,3,0,0,4215965.571428572,1.3167977550914534,0
2022-08-24,1365.29541015625,1372.843384781504,1359.523429560467,1363.0754176194105,2888426.0,-0.317696400742018,-0.0031820212715771,1400.2826625279017,0.9750141501370231,1.0097975179621166,1411.715619768415,1365.005517578125,1,1.1432880660645461,1.3125460857117681,2,8,3,0,0,4119699.8571428573,0.701125348972198,0
2022-08-25,1348.11279296875,1375.241038810172,1344.2055841247086,1374.6194842114278,4331088.0,-1.2585274263489654,-0.01266513962010068,1390.3497837611608,0.969621320270823,1.0230883244735756,1408.6742292131696,1367.3601888020833,1,1.1320935835941057,1.277563727085422,3,8,3,0,0,4309222.428571428,1.0050741338584883,1
2022-08-26,1351.1319580078125,1371.9110023088876,1347.4910833756708,1363.208696236988,3079136.0,0.223954928312331,0.002237045230563379,1379.6050327845983,0.9793614301918603,1.0181225087382704,1403.7046160016741,1369.6423421223958,1,1.0636036993407707,1.0924285287961089,4,8,3,0,1,4168052.714285714,0.7387468947900954,0
2022-08-29,1298.02978515625,1304.068208908207,1287.5958190364718,1304.068208908207,8079050.0,-3.9301988630229268,-0.04009516354904804,1364.22998046875,0.9514743142576638,1.0127931371228447,1393.8795601981026,1370.6161783854166,0,1.604810550660298,1.3752421755130475,0,8,3,1,0,4659959.0,1.7337169704711994,1
2022-08-30,1325.7353515625,1328.5325643697545,1301.8038708297447,1308.108629152098,6725875.0,2.134432254412011,0.021119722823486207,1351.017822265625,0.9812863529359466,1.0205320433737637,1385.8590436662946,1372.4691284179687,0,1.9047666491951607,1.5595697998788607,1,8,3,0,0,4943672.0,1.3605018698651528,0
2022-09-01,1300.205322265625,1303.668532666685,1288.5282470130728,1296.5202209856338,8140604.0,-1.925725920092991,-0.019445095603201793,1336.8796212332588,0.9725672391252385,1.0117500611171768,1377.0900704520088,1371.7084025065103,0,1.9376081115880504,1.5975715760815639,3,9,3,0,0,5542250.428571428,1.4688264460287703,0
2022-09-02,1290.260009765625,1312.4599411105255,1285.8200234966448,1312.4599411105255,5175653.0,-0.7649032294891778,-0.007678436179223521,1325.5386614118304,0.9733854223394509,1.0207182320441988,1366.500723702567,1370.7863728841146,0,1.8779749202388039,1.518698207027383,4,9,3,0,1,5488547.428571428,0.9429913956937658,1
2022-09-05,1297.6302490234375,1302.6917893036236,1284.3546268952266,1288.4838352280558,3669352.0,0.5712212423875096,0.005695959602161345,1315.8722098214287,0.9861369814927038,1.014277335888706,1358.077436174665,1369.1879801432292,0,1.947481401906628,1.5376164545847473,0,9,3,1,0,5600108.285714285,0.65522875858676,0
2022-09-06,1292.1246337890625,1305.3558130293177,1283.5554395953404,1297.630281168584,3428442.0,-0.42428228214611563,-0.004251849134620862,1307.8739013671875,0.9879581146457151,1.0169843644937144,1349.1118425641741,1366.8851033528647,0,1.933589242826736,1.5235298225750153,1,9,3,0,0,5471158.857142857,0.6266390886318365,1
2022-09-07,1294.3892822265625,1301.5820386558355,1276.984556877254,1278.71610824793,3600574.0,0.17526547968202966,0.0017511206896471925,1299.7678048270088,0.9958619358161728,1.019262160725524,1339.6864188058037,1365.4450764973958,0,1.930266640056211,1.4998875875734852,2,9,3,0,0,5545650.0,0.6492609522779115,1
2022-09-08,1310.5950927734375,1315.2126348669317,1299.672683824082,1309.7958736116143,4061475.0,1.2520043830244187,0.012442316178161312,1301.5628487723213,1.0069395373489922,1.0119568190024013,1332.8964146205358,1364.6251586914063,0,1.342000415402301,1.5656226291157458,3,9,3,0,0,4971710.714285715,0.8169169996817709,1
2022-09-09,1342.3408203125,1349.755574320764,1314.2356907860071,1321.3396674929586,4816910.0,2.4222376319052996,0.023933667414621846,1303.93505859375,1.0294537381027007,1.027027027027027,1327.4764404296875,1366.415946451823,0,1.4154905169909704,1.7154602815772726,4,9,3,0,1,4699001.428571428,1.0250922612433464,1
2022-09-12,1364.14111328125,1372.7547502634757,1350.7768218512558,1354.9060300810474,5494819.0,1.6240505122741444,0.01611003878358376,1313.0687430245537,1.038895427621752,1.0162705844938165,1324.9741821289062,1368.344376627604,0,1.1420946657712439,1.7695272794630303,0,9,3,1,0,4321032.142857143,1.271645018675267,1
2022-09-13,1371.9111328125,1379.0595531212691,1368.6700299824238,1378.08277795064,4947158.0,0.5695905984799632,0.005679745648437501,1324.733189174107,1.0356131665032153,1.0075909626946231,1325.1359252929688,1369.1598510742188,0,0.9539276133732688,1.6860438222029748,1,9,3,0,0,4288390.0,1.153616625353571,0
2022-09-14,1310.1510009765625,1331.0632685678052,1307.1317890233854,1329.33171750544,14332197.0,-4.501758922921306,-0.0460623567120818,1326.5218680245537,0.9876588034900845,1.018308390741763,1321.1970389229912,1366.9605834960937,0,2.26182135003474,2.076983192912912,2,9,3,0,0,5811653.571428572,2.4661134432479566,0
2022-09-15,1272.322265625,1309.9732552773253,1268.9922765591873,1309.7956992197146,12784100.0,-2.887356901865945,-0.029298612183132837,1323.6929582868304,0.9611913832885263,1.0322941120092992,1315.7834298270088,1363.4603922526042,0,2.542023503003717,2.1794809765774157,3,9,3,0,0,7148176.142857143,1.7884422186174844,0
2022-09-16,1222.816650390625,1265.3960749571352,1215.0910093151838,1265.3960749571352,20464045.0,-3.8909650936633122,-0.03968685875636175,1313.468296595982,0.930982996361395,1.0414002451308588,1306.6180507114955,1358.530537923177,0,2.885435879354869,2.3602683767467814,4,9,3,0,1,9557243.42857143,2.141207886242871,1
2022-09-19,1234.58251953125,1248.5240318620802,1225.9688818685945,1236.092071374122,6595241.0,0.9621940572093424,0.00957594451409377,1302.6093575613838,0.9477764859930939,1.018397816067817,1302.0861031668526,1353.3268798828126,0,2.853436501026712,2.199370698920716,0,9,3,1,0,9919210.0,0.6648957931125563,0
2022-09-20,1233.0284423828125,1255.2283703476603,1229.964787284812,1250.2554997650657,7219797.0,-0.12587875851567398,-0.0012595805237463633,1286.9933035714287,0.958069042753476,1.0205400864512704,1295.4641810825892,1347.0709431966145,0,2.514040613812567,2.0841278347287426,1,9,3,0,0,10262479.57142857,0.7035138973723658,0
2022-09-21,1222.993896484375,1233.2503054303857,1215.13514453256,1225.347110268316,7917054.0,-0.8138130114051401,-0.008171425459203395,1266.8294154575892,0.9653974572753503,1.014907939235676,1289.9490792410713,1339.9847208658855,0,2.2117733448463337,2.046296500318579,2,9,3,0,0,10608513.142857144,0.7462925193556139,0
2022-09-22,1214.7357177734375,1228.9436728727633,1207.676183442698,1213.3149439431238,9168498.0,-0.6752428392877929,-0.006775329186342918,1244.3757847377233,0.9761807748689573,1.0176102582146138,1284.554486955915,1332.5418253580729,0,2.0599527956502772,2.04526260240066,3,9,3,0,0,11211561.714285715,0.8177717104582805,0
2022-09-23,1212.515625,1238.5784272088515,1209.4520782930736,1214.3360624565184,10426200.0,-0.18276343907189796,-0.0018293065521624943,1230.4278738839287,0.9854422601567149,1.0240822678620591,1278.4748709542412,1325.5266479492188,0,1.6974623739867132,2.0272798881544807,4,9,3,0,1,10653562.142857144,0.97865858012481,1
2022-09-26,1225.6580810546875,1242.7075831808704,1203.2361527470398,1207.6761385505345,9414587.0,1.0838999336348687,0.010780678431406744,1223.7615618024554,1.001549745727786,1.0328043920087637,1273.727260044643,1318.4315551757813,0,1.6589296456822207,2.0691939681979923,0,9,3,1,0,10172203.142857144,0.9255209385599876,1
2022-09-27,1237.4683837890625,1248.967902705002,1223.6599857287542,1237.3794973619083,8561254.0,0.9635886971195218,0.009589757905243511,1225.8546665736608,1.0094739756123479,1.0206821480406385,1269.6614815848213,1312.495292154948,0,0.8151490936525142,2.0953340191559398,1,9,3,0,0,8471804.42857143,1.0105585028765418,1
2022-09-28,1238.4896240234375,1248.390814263547,1222.7721172911329,1224.5481116517592,7022098.0,0.08252657181009315,0.0008249253735850974,1226.4128243582588,1.0098472548764303,1.0209513257704703,1264.5110909598213,1306.5235148111979,0,0.7373227402818446,2.051554804853691,2,9,3,0,0,8532784.0,0.8229550871087327,1
2022-09-29,1241.9971923828125,1251.942716758091,1236.9799869799815,1247.547174377518,6119965.0,0.2832133827637584,0.002828130892745912,1227.6940743582588,1.0116503926534224,1.0120961777357773,1257.3436889648438,1300.3785807291667,0,0.7375051256632773,1.9006217283728508,3,9,3,0,0,8375665.142857143,0.7306840585931461,1
2022-09-30,1255.139404296875,1260.3342738295787,1221.8839576743449,1233.3834762714234,8120130.0,1.0581514994288055,0.010525922588544958,1232.2862897600446,1.0185452964353603,1.0314680587413698,1249.557852608817,1295.3613891601562,0,0.6860184638464354,1.856650491051614,4,9,3,0,1,8404676.0,0.9661443225176081,0
2022-10-03,1237.64599609375,1253.8519436659194,1230.7640183576234,1253.8519436659194,4943169.0,-1.3937422523137788,-0.014035460392508607,1235.5591866629463,1.0016889595037854,1.0187590187590188,1239.967485700335,1289.3422403971354,0,0.8919110258508516,1.8374517710095002,0,10,4,1,0,7801057.571428572,0.6336537007628801,1
2022-10-04,1269.3031005859375,1271.8338706895042,1255.6279233059583,1260.689463513092,6631341.0,2.557848091627446,0.025256825018234196,1243.6716831752233,1.0206094725460617,1.012906647807638,1237.0497785295759,1285.013252766927,0,1.205921220558351,1.6809176268028523,1,10,4,0,0,7258934.857142857,0.91354188052462,1
2022-10-06,1292.169189453125,1296.2983982475762,1282.3567767134796,1283.155995899196,6180672.0,1.801467975350568,0.017854338214445223,1253.1732700892858,1.0311177394974766,1.0108718741829612,1238.4674159458705,1282.4306681315104,0,1.2761923386563763,1.5705064092721548,3,10,4,0,0,6796947.0,0.9093306156425819,0
2022-10-07,1288.6612548828125,1294.5664568499894,1278.8489526769124,1284.3544909391685,3994466.0,-0.2714764133787462,-0.002718455788767242,1260.486537388393,1.0223522557827511,1.0122903523048417,1243.1706019810267,1279.8761962890626,0,1.3284231396057098,1.0805362207947644,4,10,4,0,1,6144548.714285715,0.6500828922900557,1
2022-10-10,1298.8291015625,1300.915873263201,1266.5947604561948,1266.5947604561948,5274677.0,0.7890240077569555,0.007859274908424833,1269.1064627511162,1.0234201303702704,1.0270971536268196,1247.7596435546875,1278.2334065755208,0,1.3103083931398336,1.0743411675631356,0,10,4,1,0,5894917.142857143,0.8947839082677038,0
2022-10-11,1264.3302001953125,1313.9248120732866,1261.0445461830916,1298.8288627361512,12824774.0,-2.656154017929313,-0.02692067155510942,1272.2968924386162,0.9937383386765696,1.0419337017476917,1249.9954833984375,1275.3400146484375,0,1.830019156456516,1.343094510354236,1,10,4,0,0,6852747.0,1.8714792768505828,1
2022-10-12,1268.6815185546875,1279.6927051868731,1255.2284480932103,1276.0519384547556,5481467.0,0.3441599638055681,0.0034356908871769026,1274.231480189732,0.9956444635677827,1.0194898841966384,1253.2588849748884,1274.3617390950521,0,1.798347184887849,1.3119750335962006,2,10,4,0,0,6475795.142857143,0.8464546637251342,0
2022-10-13,1260.8671875,1276.8954711779977,1256.515979742123,1270.7239342833766,4821514.0,-0.6159411121232194,-0.006178458548146217,1277.548793247768,0.9869424903096186,1.0162190467645762,1256.553989955357,1272.1994669596354,1,1.707556650437029,1.30877919211278,3,10,4,0,0,6458415.857142857,0.7465474671575256,1
2022-10-14,1309.1297607421875,1326.6677039503666,1302.913780870934,1318.6757298301836,14990688.0,3.8277285443426123,0.03756288340823332,1283.238316127232,1.0201766455143693,1.018231385244505,1263.4549996512276,1272.4969482421875,1,2.0275572441496594,1.6061123984054841,4,10,4,0,1,7652608.285714285,1.9588991674883287,1
2022-10-17,1323.0711669921875,1327.5555954732513,1310.2396529236005,1311.4828704785757,4286396.0,1.0649369274208675,0.010593064131328841,1287.6528843470983,1.027506079530935,1.0132158590308367,1270.413077218192,1273.5906534830729,1,1.9644590065366434,1.605645441072615,0,10,4,1,0,7381997.428571428,0.5806553092811776,1
2022-10-18,1335.2811279296875,1341.7191065769207,1329.553590285518,1340.875552734101,4692004.0,0.9228498996964429,0.009186176582404965,1294.3128662109375,1.0316525183271055,1.0091500759204375,1277.399701799665,1274.845682779948,1,1.9528496784928366,1.6048938419436096,1,10,4,0,0,7481645.714285715,0.6271352826879952,0
2022-10-19,1319.0751953125,1336.391138059882,1315.3900942154946,1335.5475842083438,3553171.0,-1.2136719585271405,-0.012210970956720994,1297.2051653180804,1.016859345444448,1.01596563934664,1283.1558140345983,1275.744034830729,1,2.0519482803072986,1.6704078066113692,2,10,4,0,0,7235716.285714285,0.49106002221440653,1
2022-10-20,1332.794921875,1335.5476913144482,1309.085333326775,1309.7957743941563,4583939.0,1.040101929841053,0.010347300860455062,1306.98583984375,1.0197470249825624,1.0202143873390013,1289.641366141183,1277.0242228190104,1,1.6109045347090396,1.6763384967545363,3,10,4,0,0,6058454.142857143,0.7566185848587166,0
2022-10-21,1332.4398193359375,1337.323804011944,1324.314623149871,1332.2622632524126,3594485.0,-0.026643449283469955,-0.00026646999280993753,1316.0941685267858,1.012419818581408,1.0098233309778992,1295.1628243582588,1277.7523803710938,1,1.6330767444700014,1.674532442908216,4,10,4,0,1,5788885.285714285,0.620928697424772,1
2022-10-24,1347.846435546875,1351.3540892842454,1341.7636768252662,1348.423655366755,982837.0,1.1562710741124471,0.01149637347068719,1328.519775390625,1.0145475140936968,1.0071476166963105,1303.0342843191963,1277.9359008789063,1,1.5263864003172791,1.596508437803916,0,10,4,1,0,5240502.857142857,0.18754631507554345,1
2022-10-25,1355.35009765625,1361.2108571850183,1350.6881126041244,1356.9484274924105,3914341.0,0.5567149128773208,0.005551709829477909,1335.1226806640625,1.0151502309751241,1.0077906546172277,1309.1804983956474,1277.6428670247396,1,0.8599999057883648,1.4963853764202861,1,10,4,0,0,3658167.5714285714,1.0700278004135795,1
2022-10-27,1368.052490234375,1377.8823898027329,1357.7738493894442,1374.201834673,6760137.0,0.937203797018249,0.009328392905873947,1341.548583984375,1.0197562030674163,1.0148099334969007,1314.6007341657366,1277.5142456054687,1,0.8472781958691957,1.454925995565087,3,10,4,0,0,4011559.1428571427,1.6851644857428787,0
2022-10-28,1358.447021484375,1371.6431919026134,1352.8363861734367,1369.892717518689,3053981.0,-0.7021272077326834,-0.0070460371979671225,1344.8579973493304,1.010104430476547,1.0139017592381385,1319.5854317801338,1279.124112955729,1,0.9253219416985714,1.475043064279017,4,10,4,0,1,3777555.8571428573,0.8084542268846473,1
2022-10-31,1380.35107421875,1388.2059642832278,1373.70805956196,1373.70805956196,4542336.0,1.6124333439548,0.01599571710165371,1353.6116943359375,1.0197540993437786,1.0105538470276507,1325.4084298270088,1282.7250732421876,1,0.7865503116164955,1.5083269445981968,0,10,4,1,0,3918865.1428571427,1.1590947466715582,1
2022-11-01,1412.0848388671875,1413.8802423495365,1388.8343418542263,1394.1757329638529,4542692.0,2.2989633029697254,0.022729353027327186,1364.9388253348213,1.0345407520522403,1.0180337566119453,1335.9623325892858,1289.0340128580729,1,1.0036485726398272,1.2898787151815276,1,11,4,0,0,3912972.714285714,1.160931172204516,0
2022-11-02,1394.400146484375,1411.8604013679294,1386.949178263202,1411.1871250678016,2938906.0,-1.2523817192881759,-0.012602901174056028,1373.7903006417412,1.0150021774305775,1.0179611650485438,1344.9422345842634,1294.3612670898438,1,1.2543056001185104,1.3992394917947346,2,11,4,0,0,3819318.5714285714,0.7694843844620002,0
2022-11-03,1374.15673828125,1385.9615363587588,1365.987675554083,1381.3383511548411,3174027.0,-1.4517646354357927,-0.014624058540907106,1377.5489153180804,0.997537526980632,1.0146222847849444,1353.0343453543526,1299.0655436197917,1,1.4532514117944773,1.4748586129886943,3,11,4,0,0,4132345.714285714,0.7680932863451475,0
2022-11-04,1359.120361328125,1364.9104934069014,1347.5849165055247,1364.9104934069014,4509682.0,-1.0942257556391999,-0.011002564388710372,1378.0875244140625,0.9862366048963385,1.0128567607793537,1356.6051025390625,1303.6030924479167,1,1.533656145414611,1.2171866264907547,4,11,4,0,1,4217394.428571428,1.0693052491008244,0
2022-11-07,1353.240234375,1371.598297862103,1338.562835117572,1365.763237456549,4898592.0,-0.43264210591171803,-0.0043358071004685255,1375.9714878627233,0.9834798513717523,1.0246797997657162,1358.7600359235491,1308.2199096679688,1,1.4882656803779202,1.2081880006086043,0,11,4,1,0,3951459.4285714286,1.2396918375474726,1
2022-11-09,1356.6065673828125,1372.5856991457824,1347.5398034514983,1372.5856991457824,3334755.0,0.24876093115626663,0.0024845203332394565,1375.7085658482142,0.9861147928132409,1.0185863865617426,1360.2832815987724,1313.0229410807292,1,1.4723523154005942,1.1890693138193023,2,11,4,0,0,3991570.0,0.8354494597363945,0
2022-11-10,1348.302978515625,1357.32492412614,1333.086979052459,1333.086979052459,3435763.0,-0.612085262362172,-0.006139661833587297,1371.1302664620537,0.9833514812525215,1.0181818181818183,1362.3709803989955,1317.111104329427,1,1.2929084876828467,1.1473109621752284,3,11,4,0,0,3833488.1428571427,0.8962498048681289,1
2022-11-11,1409.4813232421875,1412.5335307351531,1388.430263614367,1388.430263614367,7214098.0,4.537433032589977,0.04437503211277079,1370.758335658482,1.028249317604991,1.0173600848040005,1367.8485804966517,1322.8448689778645,1,2.0850641881708523,1.6315776081820141,4,11,4,0,1,4215117.571428572,1.7114820352579216,1
2022-11-14,1423.12646484375,1428.602422973989,1408.0001044253945,1414.014771210018,4908813.0,0.9680966591437246,0.009634406292315588,1374.862095424107,1.0351048803951168,1.014632327429409,1374.3261980329241,1328.9994303385417,1,2.0324635590098654,1.6326388168292696,0,11,4,1,0,4496532.857142857,1.091688453294014,1
2022-11-15,1430.9364013671875,1434.3925307337452,1411.8602416877316,1416.438498094257,3497614.0,0.5487872452920151,0.005472868947410177,1382.9734758649554,1.0346810161866875,1.0159592914232634,1380.261195591518,1335.2974039713542,1,1.8784117013025807,1.621420283252765,1,11,4,0,0,4542759.571428572,0.7699315680270742,1
2022-11-16,1438.8363037109375,1444.4020103215976,1430.4876342122222,1433.7642672771042,4497697.0,0.5520792074477976,0.005505608360363927,1394.3614676339287,1.031896202748974,1.0097270160025102,1386.2244960239955,1341.420633951823,1,1.7287840032358268,1.621395137484435,2,11,4,0,0,4541047.428571428,0.9904536499005328,0
2022-11-17,1425.0118408203125,1438.8364702781969,1421.0170021122965,1433.809252596975,3469515.0,-0.9608085961530177,-0.009654541424320161,1404.6145542689733,1.0145216255159444,1.012539940155123,1390.2930210658483,1347.666162109375,1,1.8030117654657358,1.6556041266187056,3,11,4,0,0,4336893.571428572,0.8000000329399697,1
2022-11-18,1430.39794921875,1434.527355233414,1414.3290664394517,1428.8717905380126,3126064.0,0.37796937850964607,0.0037725686906816855,1415.1561802455358,1.010770379401212,1.0142811805775944,1395.432373046875,1353.0359903971355,1,1.797623371355458,1.6300655589096675,4,11,4,0,1,4307080.571428572,0.7257964990803847,0
2022-11-21,1407.7757568359375,1425.4156170914362,1404.0503824610678,1420.2538323357628,3071764.0,-1.5815313769967476,-0.015941710283145692,1423.6522914341517,0.9888480251155846,1.0152168575268066,1397.3912789481026,1356.889542643229,1,1.9527726165778099,1.667608280136338,0,11,4,1,0,4255080.714285715,0.7219049898835224,1
2022-11-22,1422.902099609375,1425.5502757469735,1402.2100319375145,1408.4939437323687,3399329.0,1.074485243831358,0.010687536711838176,1425.569545200893,0.9981288562171535,1.0166453265044813,1398.1639404296875,1361.364237467448,1,1.0106105567016717,1.5760129763600794,1,11,4,0,0,3710113.714285714,0.9162331027512596,0
2022-11-23,1421.196533203125,1429.141171694554,1417.7404034167669,1426.3583182139566,3245067.0,-0.11986533765873109,-0.0011993723361255228,1425.2938406808037,0.997125289283702,1.0080415062237849,1400.0779680524554,1365.4431518554688,1,0.943434060037572,1.5315833231608176,2,11,4,0,0,3472435.714285714,0.9345218362573822,1
2022-11-24,1463.07421875,1468.639925244856,1422.6327148727294,1426.4479469523692,5282215.0,2.946649852324801,0.029040705453790613,1429.8849574497767,1.0232111409573934,1.0323394857233004,1406.4292166573662,1372.0679524739583,1,1.4705548665352268,1.6266276603519858,3,11,4,0,0,3727378.714285714,1.4171393370239393,1
2022-11-25,1468.32568359375,1475.8214702395546,1448.710925020796,1464.5104516907584,4563255.0,0.35893359177887607,0.003582909624449622,1434.0977260044642,1.0238672420774617,1.0187135644182221,1414.2295968191963,1378.7227579752605,1,1.467436443009025,1.564951976617028,4,11,4,0,1,3736744.1428571427,1.221184760193643,0
2022-11-28,1457.3289794921875,1484.3497790755966,1454.276771758371,1461.4583854460668,3825766.0,-0.7489281311655493,-0.007517466793118335,1438.7144601004463,1.0129383000643795,1.020679012345679,1421.66450718471,1385.271484375,1,1.43901987097704,1.5826407813384165,0,11,4,1,0,3787637.1428571427,1.0100666604811293,1
2022-11-29,1462.4010009765625,1471.1086636498967,1449.8331771528565,1455.3539549520883,3131710.0,0.34803545086590226,0.0034743120906851736,1443.2863246372767,1.013243856061679,1.0146744376058634,1429.2212524414062,1390.380525716146,1,1.4388969031344565,1.5814471235926806,1,11,4,0,0,3788443.714285714,0.8266481532220581,1
2022-11-30,1467.697265625,1477.3924872568878,1448.1274354474258,1454.2317409044451,11868134.0,0.3621622690972437,0.003615080406547025,1451.8465401785713,1.0109176314491743,1.0202088925968176,1437.7494158063616,1395.201395670573,1,1.1724486518456725,1.5474846819687258,2,11,4,0,0,5045068.0,2.3524230000467785,1
2022-12-01,1487.5814208984375,1501.49579683449,1483.272518616262,1486.7734674759286,5407928.0,1.3547858771113974,0.013456907078810856,1461.0864432198662,1.0181337509505481,1.0122858598062805,1443.3279942103795,1400.2780721028646,1,1.1957868244966607,1.0952282396562236,3,12,4,0,0,5332010.714285715,1.0142380219737528,0
2022-12-02,1470.345703125,1491.800796645968,1466.799715499316,1486.5940827164045,4283343.0,-1.1586402956705322,-0.01165404834221578,1468.1077532087054,1.0015243771524285,1.017044645483955,1446.7007969447545,1405.3204223632813,1,1.3595011408928548,1.1549617900148703,4,12,4,0,1,5480335.857142857,0.7815840327408505,1
2022-12-05,1472.00634765625,1476.5846043633042,1457.2391986740056,1470.4353696971718,3824966.0,0.11294245480641951,0.0011287872279841348,1469.3837716238838,1.0017848135272842,1.013275381081501,1449.6343645368304,1409.9608032226563,1,0.824226148987563,1.1518559121405656,0,12,4,1,0,5272157.428571428,0.7255029941388592,0
2022-12-06,1447.903076171875,1459.6629463817758,1443.100394052047,1458.765244692734,4822398.0,-1.6374434473569122,-0.01650997718606365,1466.4662562779017,0.9873415565980068,1.0114770617470508,1450.281991141183,1413.8095784505208,1,1.0342520313900085,1.2463744152160752,1,12,4,0,0,5309177.857142857,0.9083135147774426,0
2022-12-07,1441.2598876953125,1457.6878704538565,1433.3600699527174,1443.504141646878,4898087.0,-0.4588144459314547,-0.00459870230041549,1464.1706717354912,0.9843523815341675,1.0169725674735322,1451.4425659179688,1416.923360188802,1,1.0139834367339968,1.2219762081320102,2,12,4,0,0,5462366.571428572,0.8966968686466248,1
2022-12-08,1454.4112548828125,1457.7776358497745,1434.975993517009,1441.259904655338,4206837.0,0.91249102953459,0.009083529839537667,1463.0292794363838,0.9941094654258107,1.0158899120513372,1453.1578020368304,1420.2253987630208,1,1.0807911058420683,1.2399543211475907,3,12,4,0,0,5615956.142857143,0.7490865122496759,0
2022-12-09,1408.7633056640625,1461.4583510232733,1401.4020860579217,1461.4583510232733,8880658.0,-3.1385860818594957,-0.03188895157525547,1454.610142299107,0.968481701521357,1.0428544138494091,1453.2283412388392,1421.5824259440103,1,1.552677418634035,1.4559240864213887,4,12,4,0,1,5189173.857142857,1.7113818585545835,0
2022-12-12,1388.9239501953125,1405.7558561467297,1373.5284545512598,1391.437558650479,8037679.0,-1.4082816743582138,-0.014182920547630833,1440.5162179129463,0.9641848754799984,1.0234632209392407,1450.8013305664062,1422.5983235677083,1,1.3136300315363585,1.4680857589499596,0,12,4,1,0,5564852.571428572,1.444365128605127,1
2022-12-13,1411.32177734375,1416.1244596167126,1383.4930240961316,1388.924053738368,6135067.0,1.6126028459144903,0.01599738522250012,1432.084228515625,0.98550193434265,1.0235862667554105,1450.095990862165,1423.6306803385417,1,1.6268610405549782,1.5430553997918963,1,12,4,0,0,5829384.571428572,1.052438199063013,1
2022-12-14,1417.830078125,1425.9991416279158,1412.0847653639985,1420.164080614015,4976020.0,0.4611493201429395,0.004600892843149793,1424.344761439732,0.9954261892969318,1.0098537825810554,1446.864266531808,1423.8221883138021,1,1.6563564255589738,1.2964278360459665,2,12,4,0,0,5993820.857142857,0.8301916454626868,0
2022-12-15,1382.909423828125,1409.3916231159728,1378.1964900565588,1408.7632757795202,6443866.0,-2.4629646976494945,-0.024938030853877406,1415.0599539620537,0.9772797399545441,1.02263475004071,1440.7631051199776,1423.4391642252604,0,1.7741756119183727,1.414145220559939,3,12,4,0,0,6225459.142857143,1.0350828512614125,0
2022-12-16,1366.4813232421875,1390.988620603821,1357.369739724668,1368.9949315397396,9630453.0,-1.1879375686414617,-0.01195049930035177,1404.3773018973213,0.973015813767471,1.024767666388358,1434.2739868164062,1423.1833170572916,0,1.7831225165493596,1.4268623097493478,4,12,4,0,1,6901511.428571428,1.3954121643747601,0
2022-12-19,1353.1507568359375,1361.7238526722738,1342.1090906861166,1353.6893559876569,6222740.0,-0.9755395979083814,-0.009803291602843166,1389.9115164620537,0.9735517267173318,1.0146148790156317,1426.4703979492188,1422.9843302408854,0,1.6266357876342528,1.413765903363937,0,12,4,1,0,7189497.571428572,0.8655319705134173,0
2022-12-20,1353.105712890625,1360.9156732509964,1330.7977396833635,1347.4501487795155,7396259.0,-0.0033288194301261953,-3.328874836549777e-05,1381.9604317801338,0.9791204449664739,1.0226314883693737,1418.2852870396205,1422.9798461914063,0,1.3527987465701723,1.3990491535725902,1,12,4,0,0,6977440.571428572,1.0600246500538346,1
2022-12-21,1355.12548828125,1365.4041277239296,1348.6619710394373,1360.0179181471094,6236361.0,0.14926959300987086,0.001491582966934906,1377.132080078125,0.9840199846367484,1.0124139013659508,1408.8241489955358,1422.9304768880208,0,1.3189020635111164,1.3054490351268373,2,12,4,0,0,6720109.428571428,0.9280147989086743,1
2022-12-22,1366.3468017578125,1373.4385569270282,1357.1004311899765,1365.8530220311222,6302640.0,0.8280645278685439,0.008246548833299857,1370.7070835658483,0.996818954348224,1.0120389953179263,1401.3956560407366,1423.5319376627604,0,1.147083859788951,1.353689392643935,3,12,4,0,0,6744048.428571428,0.9345484491627635,0
2022-12-23,1343.948974609375,1355.4395983339368,1340.2684201544278,1354.3622907194851,6283822.0,-1.639249063240944,-0.016528334094628533,1360.1526402064733,0.9880868770767974,1.0113195073101557,1392.2487008231026,1421.3475260416667,0,1.1419218041976897,1.372137881740674,4,12,4,0,1,6930877.285714285,0.9066416473643277,1
2022-12-26,1348.70703125,1355.4397938764648,1343.2758922315616,1347.0013761347504,4115459.0,0.3540355125467354,0.0035341028208337867,1355.2665841238838,0.995159953804864,1.0090554008415171,1385.1632690429688,1418.8668782552083,0,0.9136436504849617,1.3638911161734817,0,12,4,1,0,6598247.714285715,0.6237199902467612,1
2022-12-27,1359.8834228515625,1365.8082322618604,1344.3083199922382,1355.484662525693,4860076.0,0.8286745262389594,0.008252598701737467,1354.3240269252233,1.0041049230581554,1.0159932895972452,1379.3506644112724,1416.498445638021,0,0.9245598129837802,1.409308941020524,1,12,4,0,0,5916765.285714285,0.8214076045460844,0
2022-12-28,1355.6641845703125,1368.9501033965662,1345.2059383085596,1351.1307473515324,5029860.0,-0.31026470433785924,-0.0031074702317342696,1354.6830880301338,1.000724225871606,1.017650951732983,1372.2973022460938,1413.7260416666666,0,0.8462953025121177,1.3583485131756374,2,12,4,0,0,5746353.857142857,0.8753133073675513,1
2022-12-29,1362.3072509765625,1365.673632332556,1347.4502440923538,1350.1433491771486,4624745.0,0.49002300730955906,0.004888263023984293,1355.997593470982,1.0046531480114425,1.013524349652315,1368.979012625558,1411.635888671875,0,0.8634647638488021,1.1438182398725258,3,12,4,0,0,5350423.285714285,0.8643699298237099,0
2022-12-30,1353.9136962890625,1373.8427403112848,1350.1883218006867,1371.688234257162,5060544.0,-0.6161278728776587,-0.006180337732112017,1355.8244803292412,0.9985906848062556,1.0175193475818627,1366.478280203683,1409.0864135742188,0,0.9037210649517486,1.0999663564771365,4,12,4,0,1,5182449.428571428,0.9764772565074442,1
2023-01-02,1368.097412109375,1370.3416663943312,1350.188306748515,1359.1203949695496,3801140.0,1.0476085631742071,0.010421591704943264,1356.0745675223213,1.0088659170188705,1.0149263325308666,1363.390825544085,1407.7638020833333,0,0.9406775243691432,1.0378876997396251,0,1,1,1,0,4825092.285714285,0.7877859686236646,0
2023-01-03,1366.795654296875,1375.862418801588,1360.107711434535,1364.3717941574034,4551130.0,-0.09515095935258566,-0.0009519625661404635,1359.33837890625,1.0054859595714682,1.011583426249702,1359.7455095563616,1405.8935872395834,0,0.6085921945354831,1.0204338958039796,1,1,1,0,0,4577564.857142857,0.9942251266846371,0
2023-01-04,1341.884521484375,1365.4042617792377,1338.5629595029295,1365.4042617792377,7059590.0,-1.8225937969721717,-0.018394076498898584,1358.363734654018,0.9878683354471031,1.020052327076401,1356.8151593889509,1403.249853515625,0,0.9830623741502315,0.9236946838159127,2,1,1,0,0,4998155.0,1.4124391900611326,0
2023-01-05,1324.2894287109375,1351.8489350836053,1318.948147732721,1351.8489350836053,9868404.0,-1.3112225747990647,-0.013198949912107209,1353.2788783482142,0.9785783624490906,1.0249447162933893,1353.8014526367188,1398.6236938476563,0,0.9903502477283953,0.9342531968288642,3,1,1,0,0,5713630.428571428,1.727168763077906,0
2023-01-06,1300.32080078125,1324.109893788294,1298.525397535435,1319.6213856737572,6443714.0,-1.809923677561831,-0.01826503151380254,1345.3726806640625,0.9665134571778465,1.019702730729347,1350.0278843470983,1393.0235310872397,0,1.1270470461473752,1.009743561202997,4,1,1,0,1,5915609.571428572,1.0892730363954521,1
2023-01-09,1332.5931396484375,1336.9918995481128,1300.051455589557,1300.051455589557,11498717.0,2.4818751532543315,0.02451576918136909,1341.1278076171875,0.9936362008749086,1.0284146014372975,1348.562700544085,1388.8656697591146,0,1.597780622117486,1.2515015575138932,0,1,1,1,0,6897605.571428572,1.6670592252520589,0
2023-01-10,1319.39697265625,1332.0994726561996,1305.3031008773603,1330.3938176401173,7158624.0,-0.990262263819619,-0.009951979719105613,1336.1968470982142,0.9874270961808898,1.0205288501657799,1346.0106637137276,1384.0988688151042,0,1.616127904134273,1.2708247583440577,1,1,1,0,0,7197331.285714285,0.9946219947119685,1
2023-01-11,1320.74365234375,1341.1663664241717,1314.2353148895495,1319.621525196474,6173092.0,0.10206781699588774,0.0010201576321664922,1329.4320242745537,0.9934645985863438,1.0204918032786887,1342.7532958984375,1379.2004150390626,0,1.515537997607934,1.2408448084412231,2,1,1,0,0,7536181.571428572,0.8191272916517347,1
2023-01-12,1329.13720703125,1333.087116700985,1306.156063838339,1330.3490824935222,6591385.0,0.6355173218213217,0.006335064257215403,1324.05224609375,1.0038404533903416,1.0206185567010309,1341.6953125,1373.9189412434896,0,1.5715662744048204,1.1907491223380016,3,1,1,0,0,7827646.571428572,0.8420647176456576,1
2023-01-13,1349.8292236328125,1363.9680258321482,1317.8261351507858,1331.740511918386,11610426.0,1.5568006442149063,0.015448068227478436,1325.1872035435267,1.018595123785827,1.0350136406090344,1341.7754690987724,1369.9017252604167,0,1.5764006140173474,1.264970942281716,4,1,1,0,1,8477766.0,1.36951479906381,1
2023-01-16,1369.4439697265625,1371.6882240197883,1348.617333718516,1355.529593108561,6073063.0,1.4531279772533434,0.014426712506821045,1331.6378522600446,1.028390690008063,1.017107069384656,1342.4583653041295,1366.482979329427,0,1.5102835060745603,1.3062663182583205,0,1,1,1,0,7935574.428571428,0.7652959536406592,1
2023-01-17,1382.01171875,1384.435469422026,1368.097342887301,1370.7904478929847,5922644.0,0.9177264131475793,0.009135408925637845,1343.3079833984375,1.0288122573749958,1.0119422251783958,1344.34033203125,1364.286600748698,0,1.1192848804175988,1.3207865726581738,1,1,1,0,0,7861135.857142857,0.7534081725121838,1
2023-01-18,1387.3082275390625,1393.0983596644714,1382.1015138518171,1386.7246995181722,5843098.0,0.383246300823914,0.0038251378315650696,1351.1244245256696,1.026780511370073,1.0079566122332122,1346.1261160714287,1362.488212076823,0,0.8723997156060911,1.3189521964195887,2,1,1,0,0,7053190.285714285,0.8284333419778511,0
2023-01-19,1381.47314453125,1391.033689390057,1370.0274480510775,1382.370846215969,6165284.0,-0.4206046567000743,-0.004214916862183246,1359.9924490792412,1.0157947167034287,1.0153327156830776,1348.0946480887276,1360.0569417317708,0,0.7136647403287534,1.3113655259640387,3,1,1,0,0,6911284.571428572,0.8920605042783859,0
2023-01-20,1369.489013671875,1386.9492697066073,1368.0975320601096,1380.665357157775,6496429.0,-0.8674892383406685,-0.00871273829410115,1366.9560721261162,1.0018529794756457,1.013779527559055,1348.194048200335,1358.7477986653646,1,0.9079033593121291,1.3106417786716076,4,1,1,0,1,6957475.571428572,0.9337336413624079,1
2023-01-23,1389.642333984375,1394.40019717801,1371.7780469216464,1377.972211024558,4855020.0,1.4715941574781066,0.014608712808031023,1375.5996616908483,1.0102084005140464,1.0164911155322316,1349.8259538922991,1358.7717447916666,1,0.9775547901159861,1.3662037673897498,0,1,1,1,0,6709423.428571428,0.7236121034372892,1
2023-01-24,1393.1431884765625,1408.3143680159328,1391.213108045872,1400.4145497993616,5200802.0,0.2519248591218437,0.002516080604002312,1381.7873709542412,1.0082182090826892,1.0122923367176158,1353.4872872488838,1358.165791829427,1,0.8949753584902517,1.2456509793456205,1,1,1,0,0,5793762.857142857,0.8976553111054892,0
2023-01-25,1385.1536865234375,1396.8238083152746,1381.338454399183,1388.744493228618,4158617.0,-0.5734874935477197,-0.0057513824734382055,1384.0316162109375,1.0008107259251575,1.0112103980503655,1357.8347342354912,1357.0765787760417,1,0.844915617547513,1.1876251363177412,2,1,1,0,0,5520270.571428572,0.753335718999695,0
2023-01-27,1363.7435302734375,1392.2903779726057,1353.1955355242728,1387.8467984858346,6209955.0,-1.5456881397570288,-0.015577584398929822,1381.421875,0.9872027908009184,1.028890756303882,1362.3649291992188,1356.4377156575522,1,0.981648522171506,1.1526188635909294,4,1,1,0,1,5561315.0,1.1166342852364952,1
2023-01-30,1381.3834228515625,1386.051427868807,1364.5065870211054,1372.406405831687,6964719.0,1.293490468445202,0.012851963265413059,1380.575474330357,1.000585225897626,1.0157894736842106,1365.8499494280134,1356.934452311198,1,1.1201116849150397,1.0193470599096897,0,1,1,1,0,5721546.571428572,1.2172790893251488,0
2023-01-31,1376.8499755859375,1390.450178190422,1358.2226654027863,1390.450178190422,9448126.0,-0.32818167574840684,-0.003287213729248787,1379.9150216238838,0.9977788153691237,1.0237277094607153,1369.9537353515625,1357.7244262695312,1,1.1156299562706797,0.9709921899644298,1,1,1,0,0,6190524.0,1.5262239513165605,1
2023-02-01,1392.425048828125,1395.9710362007636,1371.7330909295972,1384.4354819888624,6194199.0,1.1312106270372269,0.011248602852429663,1383.1915980747767,1.006675467640347,1.0176695783104137,1375.0738351004463,1359.0350708007813,1,1.1250390505537111,0.9928086832283834,2,2,1,0,0,6147348.285714285,1.0076212884170872,1
2023-02-02,1421.735107421875,1424.6077091096986,1393.233077644041,1393.233077644041,6916834.0,2.1049649041014806,0.020831165856270647,1387.7762799944196,1.0244699581027512,1.0225192984354865,1381.6879708426338,1361.255391438802,1,1.2579390129626513,1.0940908613592608,3,2,1,0,0,6441893.142857143,1.073726907076917,1
2023-02-03,1435.783935546875,1440.4968688634683,1412.084591809749,1434.0782806205175,7040194.0,0.9881466703369091,0.009832964266345112,1393.8678152901787,1.0300718043683146,1.0201208038233076,1387.82759312221,1363.569962565104,1,1.2805594724798275,1.0614175364618117,4,2,1,0,1,6704663.428571428,1.050044357185587,0
2023-02-06,1409.2569580078125,1434.5272821728977,1401.8509191605494,1434.5272821728977,4570612.0,-1.8475605473993961,-0.018648411243353088,1397.3111397879463,1.0085491469148948,1.0233094422279334,1390.671377999442,1365.746895345052,1,1.517091663543446,1.180656936953843,0,2,1,1,0,6763519.857142857,0.6757741673772187,0
2023-02-07,1402.5692138671875,1414.822864476851,1396.0159473630506,1408.494023406654,4336238.0,-0.47455817781301146,-0.004756877802978504,1402.857666015625,0.9997943824555938,1.0134718497659894,1392.1397705078125,1367.5423014322917,1,1.3498020763768823,1.175207993188573,1,2,1,0,0,6495846.0,0.6675401479653305,1
2023-02-08,1427.79443359375,1439.0157038986365,1405.3518929839772,1405.3518929839772,7983338.0,1.7985008851727935,0.01782519194104852,1409.4878104073662,1.0129881387062816,1.0239540083040561,1395.0316423688616,1369.8060017903647,1,1.4167508883731468,1.2582748704805398,2,2,1,0,0,6641363.0,1.202063190944389,1
2023-02-09,1451.583740234375,1454.0524200647055,1423.7999147042935,1432.9114998664174,6904911.0,1.6661576821494828,0.016524295533591422,1420.1640625,1.0221239774783943,1.0212477224137881,1400.039542061942,1373.0033203125,1,1.42721038163428,1.300337717067006,3,2,1,0,0,6278046.571428572,1.0998502354895379,0
2023-02-10,1443.998046875,1450.955234729636,1433.1357691390035,1447.9478465069385,4786762.0,-0.5225804856528793,-0.005239507132521806,1427.5316336495537,1.0115348849982042,1.0124338991282997,1405.361615862165,1375.7263468424478,1,1.4922140829313,1.2783314658407814,4,2,1,0,1,6076984.142857143,0.7876870973287525,0
2023-02-13,1407.1025390625,1433.6296691341104,1405.8009153813505,1433.6296691341104,4001199.0,-2.5550940247008436,-0.025883034614778144,1425.4412667410713,0.9871347012981472,1.0197956577266922,1406.6087733677455,1377.4993082682292,1,1.6980032220870667,1.4560954809942792,0,2,1,1,0,5660464.857142857,0.7068675631738878,1
2023-02-14,1430.26318359375,1432.731863182567,1416.7079103135172,1422.5877904936112,5043736.0,1.6459812905093019,0.016325818533562138,1424.652587890625,1.0039382202726577,1.011310696264485,1409.2602015904017,1379.5715006510416,1,1.7864433149200345,1.5138713969703788,1,2,1,0,0,5375256.571428572,0.9383246981752047,1
2023-02-15,1433.674560546875,1435.4250350492096,1414.7778957082892,1421.9595093920875,3465747.0,0.2385139317194307,0.002382299387269024,1428.1408168247767,1.0038747885761024,1.0145939086294415,1412.7259783063616,1381.8007975260416,1,1.5990807984456779,1.497478884249223,2,2,1,0,0,5217418.714285715,0.6642646852380286,1
2023-02-16,1437.9385986328125,1449.2944372484508,1434.3926112378667,1436.3226917714796,4290289.0,0.2974202237578272,0.0029697880483982903,1433.1935860770088,1.0033107966724801,1.0103889450446373,1418.025626046317,1385.0026000976563,1,1.566532027123362,1.4049992795062218,3,2,1,0,0,5210854.571428572,0.823336928941351,0
2023-02-17,1421.7799072265625,1431.8341218036317,1414.328939750233,1430.9364201598676,2857734.0,-1.1237400137678821,-0.01130101675788108,1432.3343680245537,0.9926312870558656,1.0123770231672484,1420.91108921596,1388.2522827148437,1,1.5098142953477653,1.4334442023565712,4,2,1,0,1,4478625.428571428,0.6380828326854624,1
2023-02-20,1429.5450439453125,1439.015840816843,1420.6129557658476,1422.8122811217777,2417716.0,0.5461560315546565,0.005446700077177708,1429.1859828404017,1.0002512346952894,1.0129541864139022,1424.6750226702009,1392.5597574869792,1,1.348281022023674,1.4269595461784355,0,2,1,1,0,3837597.5714285714,0.6300076949183572,0
2023-02-21,1417.9197998046875,1437.80391388057,1414.7778439330089,1435.1556281819492,2723288.0,-0.8132128602636568,-0.008165374724277207,1425.4605189732142,0.9947099768333405,1.0162753962018163,1426.4960763113838,1395.4039794921875,1,1.363878363465202,1.4321559666882457,1,2,1,0,0,3542815.5714285714,0.7686790195804314,0
2023-02-22,1402.030517578125,1413.8801358358503,1396.1954567000723,1403.1077157532914,3656244.0,-1.1206051448573562,-0.011269312289927402,1424.7359444754463,0.9840634140063892,1.0126663348250509,1425.0886056082588,1398.1584309895834,1,1.0260963568505963,1.3486109190788933,2,2,1,0,0,3493536.285714286,1.046573929960612,0
2023-02-23,1392.06591796875,1409.256926645148,1389.7768444892642,1409.256926645148,4766854.0,-0.7107262990671437,-0.007132639895993494,1419.2791922433037,0.9808259894013238,1.014016697884359,1421.9658900669642,1400.53583984375,1,0.7185428629067555,1.320154885364495,3,2,1,0,0,3453981.714285714,1.3801040058446832,0
2023-02-24,1392.0211181640625,1408.4939219116857,1386.949081805962,1400.4146068720393,2790986.0,-0.0032182243749567796,-3.218276160908479e-05,1413.3287004743304,0.9849238310216747,1.0155339805825243,1420.7347586495537,1402.6319702148437,1,0.6888482160762854,1.2336316641816443,4,2,1,0,1,3357587.285714286,0.8312474888962571,0
2023-02-27,1354.9012451171875,1382.4606439922532,1348.347978750886,1382.4606439922532,4920268.0,-2.666617090970025,-0.027028163048699965,1401.4662214006696,0.9667741001727864,1.025299600532623,1417.3299037388392,1402.8010375976562,0,1.0111724809493046,1.4134587852592284,0,2,1,1,0,3447584.285714286,1.4271639479237843,0
2023-02-28,1335.3760986328125,1368.0972790929927,1329.7654634659286,1360.556563512157,9679811.0,-1.441075248453716,-0.014515595844917175,1389.1228201729912,0.9613088772571705,1.0288259972756062,1410.7285940987724,1401.6654418945313,0,1.0328061386103493,1.3163706485638809,1,2,1,0,0,4422166.714285715,2.188929460467779,1
2023-03-01,1343.006591796875,1347.3154939495362,1329.9449890099595,1339.7299588712954,5125043.0,0.5714115425515587,0.005697851793403095,1376.7601841517858,0.9754833174699149,1.0130610702571297,1402.9730834960938,1400.3652709960938,0,1.038674650104321,1.2078362807038079,2,3,1,0,0,4808927.714285715,1.0657350878398968,0
2023-03-02,1321.551513671875,1336.3186620674148,1317.197682560526,1333.0869580251103,4644499.0,-1.597540790644536,-0.01610439027718303,1362.9932861328125,0.96959502817617,1.0145164084025105,1394.2269025530134,1398.1733805338542,0,1.0716191026845285,1.2399095990068203,3,3,1,0,0,5083386.428571428,0.9136623912546488,1
2023-03-03,1327.9700927734375,1337.3959600849184,1322.3145285534606,1334.6579262232572,4615015.0,0.48568512352036297,0.004845094784098845,1352.4132254464287,0.9819262839100656,1.0114053284644433,1388.5745849609375,1396.3899454752604,0,1.2041462054753247,1.137680596811697,4,3,1,0,1,5220353.714285715,0.8840425864957809,1
2023-03-06,1353.240234375,1364.8655358556944,1340.40316723241,1341.6599713901492,6561742.0,1.902914963151492,0.018850359946764414,1346.86669921875,1.0047321202313095,1.0182500080731627,1383.0729457310267,1395.848319498698,0,1.5728978830492177,1.1748042825218048,0,3,1,1,0,5476766.285714285,1.1981051696720724,0
2023-03-08,1339.999267578125,1342.961726985448,1329.585949900398,1338.0692966126087,4137080.0,-0.9784638721586969,-0.009832822866304845,1339.4350062779017,1.0004212681448361,1.0100601071228619,1376.3818533761162,1394.1935506184896,0,1.5758450645389728,1.1698792866010006,2,3,1,0,0,5669065.428571428,0.7297640240928601,0
2023-03-09,1328.9573974609375,1345.0710964615623,1323.7506846342324,1342.0638181835122,5104656.0,-0.8240206083951263,-0.00827434424845912,1335.7287423270088,0.9949305988173356,1.016106062927719,1368.5974818638392,1392.054024251302,0,1.287324302833935,1.1511573304248965,3,3,1,0,0,5695406.571428572,0.8962759613348561,0
2023-03-10,1321.01318359375,1323.4818636483467,1308.5351061285123,1310.6446835313463,3699580.0,-0.5977779184167531,-0.005995717629925584,1333.6768973214287,0.9905046613965401,1.0114225116696,1361.39985874721,1389.9160074869792,0,1.195512743306719,1.1397015794399465,4,3,1,0,1,4841087.857142857,0.764204267547303,0
2023-03-13,1288.2916259765625,1327.0724033065608,1281.9179661287412,1314.4147222773474,8798403.0,-2.4770046221772146,-0.02508198576358401,1325.8604736328125,0.9716645541492668,1.0352241238292192,1351.3103288922991,1387.4009440104167,0,1.4232067513393893,1.2070474444080102,0,3,1,1,0,5365853.571428572,1.6397024038912726,0
2023-03-14,1274.7364501953125,1300.1862721963982,1266.6571346659057,1293.5881864305952,7402784.0,-1.0521822472434939,-0.010577568222563945,1319.172607421875,0.9663151304260279,1.0264705709326276,1341.0829467773438,1383.846044921875,0,1.3724835862239648,1.2099462298619472,1,3,1,0,0,5759894.285714285,1.285229143590433,0
2023-03-15,1274.422119140625,1295.2487527671929,1271.9085107865455,1290.894921852731,7556182.0,-0.02465851310985423,-0.0002466155382107123,1311.5228969029017,0.9717116812448426,1.0183505667134924,1331.968061174665,1380.4317830403645,0,1.3237244162259092,1.2195847757430551,2,3,1,0,0,6180061.0,1.2226711030845812,0
2023-03-16,1260.462890625,1272.7614692311392,1255.615279699322,1272.7614692311392,7323117.0,-1.095337903036242,-0.01101380896627285,1298.2689906529017,0.970879609464531,1.0136556075806302,1322.5678449358259,1376.0330444335937,0,0.7458230195215985,1.2248356456818985,3,3,1,0,0,6288828.857142857,1.1644643488242485,1
2023-03-17,1275.3646240234375,1295.2936653670802,1267.016064862061,1283.7132927675293,9090018.0,1.1822429291074465,0.011753090342070584,1289.0354701450892,0.9893945151717873,1.0223182651658782,1314.2352382114955,1371.1540283203126,0,1.1152583211482479,1.314402066183376,4,3,1,0,1,6996391.428571428,1.299243773422789,0
2023-03-20,1260.05908203125,1274.4671293545564,1243.1822453152042,1274.4671293545564,8221829.0,-1.2000914643455096,-0.012073506987182661,1279.1928536551338,0.9850423088518581,1.0251651631586969,1307.4607979910713,1365.296533203125,0,1.1312620465882968,1.1909780166886186,0,3,1,1,0,7441701.857142857,1.104831819096373,0
2023-03-21,1248.433837890625,1261.271017345097,1247.805490469527,1255.8848065948691,8536755.0,-0.9225951629097229,-0.009268774310991398,1268.8243756975446,0.9839295822199903,1.0107913669064745,1301.2506365094866,1359.9357625325522,0,1.1305377554764515,1.1676452728457052,1,3,1,0,0,8132726.857142857,1.04967929575826,0
2023-03-22,1247.132080078125,1263.2907105920035,1240.7584199586402,1259.475478387338,8356487.0,-0.10427126956920052,-0.0010432566987670366,1262.9444405691963,0.9874797655517255,1.0181600948830267,1294.4024571010045,1354.7545247395833,0,0.8688200163526799,1.134635595118955,2,3,1,0,0,8069596.0,1.0355520895965549,0
2023-03-23,1233.9359130859375,1242.3742213827816,1229.851326526063,1242.3742213827816,7607718.0,-1.058121044513649,-0.01063758951089503,1257.1157924107142,0.9815610626604844,1.0101824461108577,1288.1441999162946,1348.2925740559897,0,0.8694977982760315,1.1040362869567457,3,3,1,0,0,8098872.285714285,0.9393552252230672,1
2023-03-24,1239.4117431640625,1255.8396167899662,1236.583961191075,1246.0098280458892,7559127.0,0.44376940650268093,0.004427876534800855,1252.1143101283483,0.9898551059902959,1.0155716523933758,1281.818603515625,1341.2201741536458,0,0.9248845109543495,1.1012602814677994,4,3,1,0,1,8099293.0,0.9333070182792498,1
2023-03-27,1246.8626708984375,1252.9670859905164,1233.531823227334,1244.4389202610448,4170193.0,0.6011664626763835,0.0059936666667506,1250.171421595982,0.9973533623946381,1.015755785458646,1274.220206124442,1334.648994954427,0,0.9325632942224376,0.9248594339490894,0,3,1,1,0,7648875.285714285,0.5452034245856539,0
2023-03-28,1236.6739501953125,1254.987088423621,1235.1029720803328,1249.6906260051426,6633366.0,-0.8171485874850504,-0.008205055466256009,1244.6441824776787,0.9935963768645107,1.0160991567446367,1266.8398263113838,1328.9680419921874,0,0.7430419333720798,0.9204956968898295,1,3,1,0,0,7297925.0,0.9089386366672718,1
2023-03-29,1242.0150146484375,1247.715397534525,1224.9586853177364,1237.9304287914233,8813966.0,0.431889460619872,0.004309594947438217,1242.0664585658483,0.999958581992891,1.0185775344830392,1260.6296561104912,1322.6931030273438,0,0.7192648314343391,0.9541632106691676,2,3,1,0,0,7382516.0,1.193897310889675,1
2023-03-31,1281.873046875,1283.6684502024389,1251.3063709749888,1260.37313586201,8711975.0,3.2091425430830656,0.031587253669212036,1246.8434884207588,1.0280945914860649,1.0258626344259993,1257.8339320591517,1317.6330525716146,0,1.4020989506786032,1.3694473624384205,4,3,1,0,1,7407547.428571428,1.176094393455694,0
2023-04-03,1266.5224609375,1288.201979583624,1261.405604921375,1288.201979583624,5242764.0,-1.1975121853854631,-0.012047401241424184,1249.6135428292412,1.0135313179064749,1.0212432658914017,1256.2789916992188,1311.9191813151042,0,1.52168093060318,1.2430907955102286,0,4,2,1,0,6962729.857142857,0.7529753570177082,1
2023-04-05,1277.9234619140625,1281.4693402483783,1256.7825403486722,1256.7825403486722,7506334.0,0.9001815070948993,0.008961540250873735,1255.8974783761162,1.0175380426485339,1.019642857142857,1256.506635393415,1307.1239664713542,0,1.4220485263691984,1.239318464486412,2,4,2,0,0,6948246.428571428,1.080320635885005,0
2023-04-06,1276.44189453125,1282.2769547830226,1266.0733974815537,1271.1454333092524,6948465.0,-0.11593553346249674,-0.0011600279069046897,1261.1875,1.0120952630209623,1.0127982764140695,1256.6509050641741,1302.020528157552,0,1.4420024339693034,1.239839243937112,3,4,2,0,0,6861009.0,1.0127468131873898,1
2023-04-10,1281.558837890625,1287.304150296638,1270.247819156027,1278.282204991806,4993788.0,0.40087554171466255,0.004000741766520407,1266.1440952845983,1.01217455632691,1.013427561837456,1258.15775844029,1297.4751627604167,0,1.4400316862139542,1.2003088154694634,0,4,2,1,0,6978665.428571428,0.7155792251559846,0
2023-04-11,1262.3033447265625,1286.720788629793,1246.9077377115614,1282.7260596530837,6942255.0,-1.5025055888776784,-0.015139075584120408,1269.8054373604912,0.994091935336548,1.0319294280676294,1257.224809919085,1292.8175903320312,0,1.5553870263824172,1.232482729412027,1,4,2,0,0,7022792.428571428,0.9885319935922111,1
2023-04-12,1282.1871337890625,1285.0597348400097,1256.7821367628455,1268.49718551361,5831169.0,1.5751989524203536,0.01562921455885204,1275.5443115234375,1.0052078333975643,1.0225000000000002,1258.805385044643,1289.1549641927083,0,1.6293575520520884,1.2590358245472724,2,4,2,0,0,6596678.571428572,0.8839553021812925,0
2023-04-13,1247.0870361328125,1266.7019040302373,1241.5213299689306,1265.534848101012,11267238.0,-2.737517537906009,-0.027756857360247477,1270.5748814174108,0.9815140015530639,1.0202820309675524,1258.709184919085,1284.323828125,0,1.5070587173255043,1.4542484645255498,3,4,2,0,0,6961716.142857143,1.618456967907318,0
2023-04-17,1129.5780029296875,1132.136430654267,1064.0457840517952,1122.3963899019734,53171705.0,-9.42268099967728,-0.0989663464397803,1251.0113874162946,0.9029318312302475,1.063992215018407,1250.312465122768,1276.8130533854167,0,3.7643919810321043,2.910266888510928,0,4,2,1,0,13808707.714285715,3.8505924015606134,1
2023-04-18,1130.5206298828125,1140.0362461201344,1124.909994178881,1140.0362461201344,12430884.0,0.08344947853802243,0.0008341467881945781,1229.9538399832588,0.9191569578726632,1.0134466330813379,1242.9256591796875,1269.9845377604167,0,3.687391418535433,2.9143497648222594,1,4,2,0,0,14512214.857142856,0.8565807578215097,0
2023-04-19,1106.1480712890625,1126.0321873055573,1103.6345720960464,1126.0321873055573,11307230.0,-2.155870308733454,-0.021794486881100902,1205.6261509486608,0.9174884523022971,1.0202944124584397,1233.4068254743304,1262.0892537434895,0,3.6237788844052976,2.9267588953228922,2,4,2,0,0,15134895.57142857,0.7470966645680476,0
2023-04-20,1098.248291015625,1111.2200368576048,1096.4528876003903,1104.801447731595,8621249.0,-0.7141702343910761,-0.007167326372436478,1179.438929966518,0.9311616422961402,1.0134681110553985,1222.791512625558,1254.6458129882812,0,3.5255954549722324,2.900431269155118,3,4,2,0,0,15653104.285714285,0.5507692814560836,1
2023-04-21,1101.794189453125,1107.0906515432816,1095.1961036957662,1102.4674657463806,8691352.0,0.3228685595513925,0.0032234845821276794,1156.5090506417412,0.9526896385650807,1.010860655737705,1213.1572440011162,1247.1066162109375,0,3.6447915129895976,2.9177271413712433,4,4,2,0,1,15902975.285714285,0.5465236437742239,0
2023-04-24,1100.8514404296875,1104.1728922888556,1093.400473827501,1102.3774892119632,8313774.0,-0.0855648933768105,-0.0008560152102680034,1130.6039515904017,0.9736844090108991,1.0098522167487685,1203.0741315569196,1238.6936564127604,0,3.431409110241566,2.9044390289899105,0,4,2,1,0,16257633.142857144,0.511376651628573,0
2023-04-25,1099.5947265625,1109.110341734084,1090.7074586862907,1100.537247505562,6808576.0,-0.114158352438265,-0.0011422356271880083,1109.5336216517858,0.9910422767770755,1.016872427983539,1190.0542515345983,1230.6801717122396,0,3.493052976036506,2.676956826846727,1,4,2,0,0,15620681.42857143,0.43586933330236094,1
2023-04-26,1101.9736328125,1106.8660626545704,1095.6897216700977,1102.3775546957118,5680192.0,0.21634391221907467,0.0021611022576089284,1105.5901402064733,0.9967288896106672,1.010200279115001,1178.3007638113838,1223.1140462239584,0,0.8641671824942726,2.697736200715056,2,4,2,0,0,8836179.57142857,0.6428334727789679,1
2023-04-27,1118.7606201171875,1120.152101431663,1100.04356365504,1104.1729691026203,8020704.0,1.5233565309401342,0.015118699626997476,1103.9101388113838,1.0134526179112673,1.0182797649484077,1166.9319893973213,1216.372294108073,0,1.11840013088485,2.7355513464752947,3,4,2,0,0,8206153.857142857,0.9774011235505368,1
2023-04-28,1124.595703125,1130.2063382433646,1117.5935866641942,1127.243879067781,10118277.0,0.521566714352284,0.005202112661662683,1106.5455147879463,1.0163121969189968,1.0112856334625338,1156.0858328683037,1210.9157633463542,0,0.6922858852377503,2.75500529286883,4,4,2,0,1,8036303.428571428,1.2590710505064482,1
2023-05-02,1146.76904296875,1148.8338008021124,1126.2117608061656,1126.2117608061656,8886401.0,1.9716721113316682,0.0195248643249079,1113.47705078125,1.0298991273903142,1.0200868440405502,1146.4579903738838,1206.6501831054688,0,0.8104276963924532,2.8410991033354476,1,5,2,0,0,8074182.285714285,1.1005945476017776,0
2023-05-03,1139.318115234375,1142.3253939620522,1132.9892745231457,1136.4903330105765,5549783.0,-0.649732200224562,-0.006518521475272971,1118.837611607143,1.0183051619062153,1.0082402540331512,1137.673331124442,1202.1467163085938,0,0.9428701500459925,2.8328839921671762,2,5,2,0,0,7625386.714285715,0.7278034817044501,1
2023-05-04,1143.2679443359375,1145.2877729850925,1133.3482975814445,1139.138429209269,4505401.0,0.346683603880904,0.00346084041598057,1124.8971121651787,1.0163311221729416,1.0105346921410892,1127.75053187779,1198.2402180989584,0,0.91308477499768,2.775758745535406,3,5,2,0,0,7081333.428571428,0.6362362463857191,0
2023-05-05,1130.2960205078125,1148.1603035984033,1125.9421898266594,1148.1603035984033,5373791.0,-1.1346354887663446,-0.01141121586277038,1129.2830113002233,1.00089703749853,1.0197329081124178,1119.4083164760045,1193.4045979817708,0,1.0985197876568886,2.721244637790578,4,5,2,0,1,6876364.142857143,0.7814872639608611,1
2023-05-08,1136.1312255859375,1140.3504892363796,1126.7951061867552,1133.303443374171,5260842.0,0.5162545892626769,0.005149265639580994,1134.1626674107142,1.001735692975786,1.0120300336549188,1119.8764038085938,1189.2736694335938,0,1.0960396133268446,1.0333879587204404,0,5,2,1,0,6816457.0,0.7717854011255407,1
2023-05-09,1140.70947265625,1141.8765286648618,1131.7324559214633,1136.49031862399,4969897.0,0.4029681578332944,0.004021584157583785,1137.2982177734375,1.0029994374646,1.0089633134495017,1120.6041782924108,1185.6828572591146,0,0.9883536348781398,1.0377907285255414,1,5,2,0,0,6380627.428571428,0.778904121206889,0
2023-05-10,1134.021728515625,1145.8265283700148,1130.3411732804484,1145.8265283700148,6515734.0,-0.5862793551676182,-0.005880047195208201,1138.6447928292412,0.9959398538132959,1.013699717798145,1122.5951538085938,1181.9125122070313,0,1.03138164006771,0.8459923828612343,2,5,2,0,0,5865978.428571428,1.1107667850027894,0
2023-05-11,1127.6031494140625,1145.377687946898,1124.8652248185404,1140.3056511286572,6888461.0,-0.5660014213276221,-0.005676092792417228,1135.9068080357142,0.9926898416640262,1.0182354851726052,1124.691929408482,1178.3680867513021,0,0.6485822891702093,0.8347817084433282,3,5,2,0,0,5580558.428571428,1.2343676870637805,0
2023-05-12,1117.818115234375,1127.5133374467855,1112.2973374345554,1125.1344060204997,8292212.0,-0.867772867144978,-0.008715599406039883,1132.8353794642858,0.9867436482809953,1.013679795410933,1125.8364955357142,1174.3149658203124,0,0.6762589835868656,0.8798368451881279,4,5,2,0,1,5972334.0,1.3884374182689716,1
2023-05-15,1129.6229248046875,1139.0937216777986,1118.2221569213568,1122.0373891886634,5534710.0,1.056058173456731,0.010505208300563548,1130.8860909598213,0.9988830297187034,1.0186649536742363,1127.8916015625,1170.4069742838542,0,0.8215792431703719,0.9129218720752166,0,5,2,1,0,6119378.142857143,0.9044562814704304,1
2023-05-16,1134.964111328125,1143.6268436028956,1133.572630095202,1135.5924585788405,5236469.0,0.47282915441548834,0.004717148285602821,1131.5529610770088,1.0030145741016572,1.0088694921178976,1130.4179861886162,1167.0166463216146,0,0.7255645168061255,0.91143997787472,1,5,2,0,0,6099760.714285715,0.8584712163767548,0
2023-05-17,1119.34423828125,1131.9568810406574,1115.3494000856915,1131.6427073715677,10465667.0,-1.3762437852415266,-0.013858018158777416,1129.154820033482,0.9913115707623325,1.0148899357938328,1131.6587437220983,1162.9276204427083,0,0.866602309650632,1.007617755995811,2,5,2,0,0,6843307.142857143,1.5293288437190455,0
2023-05-18,1118.536376953125,1130.7900277183155,1115.3494919176374,1129.8473970507112,6948732.0,-0.07217273297135396,-0.0007219879002642359,1125.9872349330358,0.9933828219816774,1.0138436749311026,1131.6427263532366,1157.483064778646,0,0.8284289384562786,0.9229246378881013,3,5,2,0,0,7125997.857142857,0.9751240653314017,1
2023-05-19,1139.0936279296875,1143.043537044953,1124.6406535054546,1127.5581838226922,11094136.0,1.8378705780280669,0.018211858557261578,1126.7117919921875,1.0109893550644458,1.016363345466961,1132.6782924107142,1153.2354370117187,0,1.1295791357661606,1.0395496695982769,4,5,2,0,1,7780055.285714285,1.4259713578605309,1
2023-05-22,1160.548828125,1163.0623271928262,1140.3056104941186,1142.7293613064382,7625947.0,1.8835326323708435,0.018660137966178506,1131.4183175223213,1.0257468967503294,1.019956682216837,1133.662562779018,1149.32294921875,0,1.2706117544428164,1.0275172565894668,0,5,2,1,0,7885410.428571428,0.9670957610993454,1
2023-05-23,1167.05712890625,1179.714700851119,1164.3640238293533,1166.293994801615,7436031.0,0.5607950844916054,0.005592284830778371,1138.4524623325892,1.0251259209497885,1.0131837438357814,1135.6439208984375,1145.6767903645834,0,1.1371787896743397,1.0112629546253407,1,5,2,0,0,7763098.857142857,0.9578689047812498,0
2023-05-24,1165.80029296875,1171.500676643536,1159.202207626038,1163.6907159656682,4824077.0,-0.10769275182594962,-0.0010775078213662898,1143.6206577845983,1.0193942239790577,1.010609425117197,1137.25337437221,1141.8181722005208,1,1.1483689409064746,1.0126784495463028,2,5,2,0,0,7661579.857142857,0.6296452024189938,1
2023-05-25,1170.9171142578125,1173.2960455245018,1157.361841386736,1162.0747750049484,4334121.0,0.438910619590982,0.0043795021611414105,1148.756801060268,1.0192906916216655,1.0137676943959666,1140.1548810686384,1138.7719645182292,1,1.148362520057092,0.944870498643076,3,5,2,0,0,7532673.0,0.5753762309873268,1
2023-05-26,1182.677001953125,1188.063211884976,1172.398361832931,1172.398361832931,5521606.0,1.0043313529298326,0.009993214616119966,1157.8043387276787,1.0214826135932251,1.0133613714945444,1143.4795793805804,1135.454960123698,1,0.8230777997134829,0.9639966349047348,4,5,2,0,1,6826378.571428572,0.8088631391042939,0
2023-05-29,1179.939208984375,1196.3670853553535,1175.8546221650074,1196.3670853553535,4419365.0,-0.23149118180438855,-0.002317595368661818,1166.576171875,1.011454920331432,1.0174447272678813,1146.281703404018,1133.21669921875,1,0.8526358839820132,0.973222939224782,0,5,2,1,0,6465040.428571428,0.6835788652564608,1
2023-05-30,1188.42236328125,1190.7115464294095,1175.2261922392356,1180.477725221967,6274719.0,0.7189484197390739,0.0071637630634238635,1173.6231340680804,1.0126098649417992,1.0131764883155545,1150.1674630301338,1135.1781778971354,1,0.712289070465303,0.9495716941893434,1,5,2,0,0,5776552.285714285,1.0862394538551494,0
2023-05-31,1183.4403076171875,1194.930824721551,1179.7148232909426,1184.8316796350225,17800782.0,-0.4192159132976103,-0.004200970867492329,1176.893345424107,1.0055629188647686,1.012898033601173,1154.1558314732142,1136.9421671549478,1,0.5357640769363055,0.9395630852421716,2,5,2,0,0,7230100.142857143,2.4620380974371407,1
2023-06-01,1184.5174560546875,1193.4944735314186,1183.2606516913986,1187.2554902181837,4277841.0,0.09101840038461262,0.000909770037556984,1179.3876778738838,1.004349526688333,1.0086488313672828,1158.9200701032366,1139.5544799804688,1,0.5241207514298095,0.8768274088033681,3,6,2,0,0,6778930.142857143,0.6310495771235373,0
2023-06-02,1181.7880859375,1194.4338775054596,1179.104315999841,1190.8857617337856,10909311.0,-0.23042042168617272,-0.0023068629804062148,1181.6716482979912,1.000098536374023,1.013001022299388,1162.6461530412946,1142.3391398111978,1,0.5385126177393981,0.8722589293195336,4,6,2,0,1,7648249.285714285,1.4263801547861235,1
2023-06-05,1186.7918701171875,1191.29517545123,1180.241587621195,1186.3369863034209,5002553.0,0.4234079052944706,0.0042251405621999616,1183.9394705636162,1.0024092444119743,1.0093655298592838,1166.348135811942,1145.1723958333334,1,0.5373778697863146,0.8717210109680182,0,6,2,1,0,7743739.571428572,0.6460125568346204,0
2023-06-06,1163.5928955078125,1172.3266432707878,1158.1342892739997,1172.3266432707878,10008100.0,-1.9547635262351704,-0.019741217149420114,1181.213169642857,0.9850829007093003,1.0122544977108698,1169.508754185268,1147.263777669271,1,0.8603394766292153,0.9669740301550762,1,6,2,0,0,8384667.285714285,1.1936192169547029,1
2023-06-07,1172.644775390625,1177.2391456905614,1166.7768194344242,1174.0549594386937,5397578.0,0.777924987146128,0.007749147522190243,1180.171107700893,0.9936226770328838,1.0089668615984406,1173.3736397879463,1149.698779296875,1,0.9406820375515158,0.9697338431829591,2,6,2,0,0,8524412.0,0.6331906529154152,0
2023-06-08,1167.0499267578125,1175.4197442918237,1165.503255197743,1170.1430477667195,5034942.0,-0.47711367928525705,-0.004782554999026605,1177.1179024832588,0.9914469266806606,1.0085083323876243,1175.3705182756696,1151.867989095052,1,0.8768313337463111,0.889131620976061,3,6,2,0,0,8347301.0,0.6031820345282864,0
2023-06-09,1151.7203369140625,1166.777036268273,1149.9463343805824,1166.777036268273,5339073.0,-1.3135333366874224,-0.01322236482312236,1172.5864780970983,0.9822050300145897,1.0146360759493671,1174.7399117606026,1152.9666463216147,1,0.9653327480240634,0.8253969731802175,4,6,2,0,1,6567056.857142857,0.813008493171914,1
2023-06-12,1175.3741455078125,1178.785773831074,1158.1340948031748,1158.5889785796096,4785588.0,2.053780578115716,0.020329748912928238,1171.2802908761162,1.003495196379198,1.0178318548090142,1175.333984375,1154.6592610677083,1,1.3388709604045812,0.990504118236883,0,6,2,1,0,6639592.142857143,0.7207653568221543,1
2023-06-13,1187.1102294921875,1188.611368241848,1180.0141088524708,1182.6069242988217,4846587.0,0.998497714896085,0.00993545663260766,1172.0405970982142,1.0128576027411365,1.0072857259289363,1176.8561226981026,1156.0039672851562,1,1.398610394239023,1.0201790060330158,1,6,2,0,0,5773488.714285715,0.8394555250463689,0
2023-06-14,1183.0618896484375,1188.7933592845616,1176.5114958499232,1188.4749628140476,3457981.0,-0.34102476275365,-0.0034160757760358816,1171.5077427455358,1.0098626295681354,1.0104392209323596,1177.7236066545759,1157.4620930989583,1,1.3964959716389551,1.0235553737809315,2,6,2,0,0,5552835.571428572,0.622741472445648,0
2023-06-15,1170.6890869140625,1177.1938369363772,1166.9135288571645,1177.1938369363772,6161155.0,-1.0458288651366998,-0.010513360862701741,1172.521484375,0.9984372163023398,1.0088098285134126,1176.8673270089287,1158.376131184896,1,1.2194522489181634,1.027572697181873,3,6,2,0,0,5003272.0,1.2314251553783204,1
2023-06-16,1175.101318359375,1184.0625068222432,1165.4578042106698,1170.8708768960637,8536287.0,0.3768918233399754,0.0037618336562896906,1172.8724190848213,1.0019003765782921,1.0159634287439294,1176.521763392857,1159.8696411132812,1,1.191013208161227,1.0329697637322484,4,6,2,0,1,5451659.0,1.5658145529645195,1
2023-06-19,1177.2392578125,1182.2429795419966,1170.916417503836,1177.2392578125,4451787.0,0.18193660578220694,0.001817713016084222,1174.3280378069196,1.002479051774168,1.0096732455612045,1175.7229701450892,1161.2399088541667,1,1.1695511421270155,1.0130216470381348,0,6,2,1,0,5368351.142857143,0.8292652402075679,1
2023-06-20,1185.7911376953125,1187.2467436756683,1174.6009515510648,1177.2392998592454,4009180.0,0.7264351597230378,0.007238093284890148,1179.1952950613838,1.0055935116613448,1.0107660325899657,1175.8908865792412,1162.7426310221354,1,0.9902971117137415,1.0281705871769296,1,6,2,0,0,5178366.428571428,0.7742171310781545,0
2023-06-21,1182.1065673828125,1186.1551000366512,1178.1491003379751,1182.6524057587176,4041529.0,-0.31072675409442585,-0.0031121051204314023,1180.1570696149554,1.001651896868688,1.0067954045004825,1175.7186802455358,1164.345458984375,1,0.7020653168873727,1.031609115219203,2,6,2,0,0,5072072.285714285,0.7968200712326486,0
2023-06-22,1165.9127197265625,1173.0543732215287,1158.5890460770524,1173.0543732215287,6676607.0,-1.3699143633135624,-0.01379384276051163,1177.1288539341517,0.9904716172999216,1.0124852959670692,1174.584725516183,1165.6224446614583,1,0.7563470118259662,1.0934684008646154,3,6,2,0,0,5333503.714285715,1.251823821199712,0
2023-06-23,1150.85595703125,1163.9110992338815,1149.354818354435,1161.27275111336,7239467.0,-1.291414223428633,-0.01299825471420153,1172.5280064174108,0.9815168172806563,1.012664740815449,1172.0178745814733,1166.7237060546875,1,0.8535061554166926,1.1269454387169766,4,6,2,0,1,5873716.0,1.232519073104658,1
2023-06-26,1155.72314453125,1159.0438181837924,1148.3540498449702,1155.6321899905513,3403244.0,0.4229189126809141,0.004220271241248918,1170.3900146484375,0.9874683909349713,1.0093087740146562,1171.4557495117188,1167.5937133789062,1,0.8460188761838355,1.0182657270979225,0,6,2,1,0,5479728.714285715,0.6210606724248419,1
2023-06-27,1163.729248046875,1166.322063496411,1159.2258317923613,1164.5025282959484,3240024.0,0.6927354144899533,0.006903470265130251,1168.7654331752233,0.9956910214955055,1.0061215265476595,1170.8189261300224,1168.5525512695312,1,0.8880807675435128,1.0132204928089108,1,6,2,0,0,4723119.714285715,0.6859923516653853,1
2023-06-28,1176.6478271484375,1179.6955262002027,1165.7761494538163,1173.6001280966725,5662358.0,1.110101780396433,0.011039853745076942,1168.680943080357,1.006816988088367,1.0119400081678698,1171.5044904436384,1170.4626708984374,0,1.0049616552830536,1.0498587076271486,2,6,2,0,0,4896058.428571428,1.156513567517241,1
2023-06-30,1214.9947509765625,1218.0879833361869,1186.746419756991,1190.158048597247,12821692.0,3.2589975473848787,0.03207018537236888,1172.8528878348213,1.035931073350161,1.0264096550513409,1176.0240914481026,1173.6779500325522,0,1.5943206761476447,1.275478288587322,4,6,2,0,1,6154988.714285715,2.0831381819175205,0
2023-07-03,1213.3570556640625,1224.547242045568,1208.5807755595015,1209.9909598221436,7732412.0,-0.13479031997328805,-0.00134881243838644,1177.3172433035713,1.0306118105085786,1.0132109221071095,1178.7371564592634,1176.1533976236979,1,1.5833529130368187,1.1869530972660973,0,7,3,1,0,6682257.714285715,1.1571556097678193,1
2023-07-04,1223.7738037109375,1224.5470838930623,1211.2645002907818,1223.000523528813,5797775.0,0.8585064056988445,0.008548421961694724,1185.5831124441963,1.0322125803462292,1.0109658820175873,1181.3559831891741,1178.260896809896,1,1.3833032225673538,1.1805890804621173,1,7,3,0,0,6556710.285714285,0.8842505993641585,1
2023-07-05,1225.72998046875,1235.418916948158,1219.9983999394044,1235.327962395677,5414936.0,0.159847902601018,0.0015972028182251283,1196.2794015066963,1.0246184786973354,1.0126397846173565,1184.4037039620537,1180.216658528646,1,1.1179779554879958,1.1696911031799326,2,7,3,0,0,6296063.0,0.8600511144821772,0
2023-07-06,1222.63671875,1225.8663271465523,1216.4957873550766,1221.4085546821386,5963897.0,-0.25236077831489734,-0.0025267974487105096,1205.8384835379463,1.0139307506281998,1.0077028953892633,1188.114249093192,1182.1112060546875,1,1.1935671340451932,1.1197233884236546,3,7,3,0,0,6661870.571428572,0.8952285902367961,0
2023-07-07,1210.1728515625,1224.365315371182,1205.7605007879629,1213.6300129632032,6295647.0,-1.0194252304349893,-0.010246569554913147,1212.4732840401787,0.9981026942960647,1.0154299419918476,1190.6193586077009,1183.4197306315104,1,1.382819929893674,1.1747525016896485,4,7,3,0,1,7098388.142857143,0.8869121937682553,0
2023-07-10,1209.217529296875,1220.8170652524432,1200.256341377616,1215.9498311998557,3940315.0,-0.07894097643915687,-0.0007897215123550155,1217.1260986328125,0.9935022596715154,1.017130277229969,1192.903520856585,1184.3044148763022,1,1.37825289890834,1.177411212292463,0,7,3,1,0,6852382.0,0.5750285083347659,1
2023-07-11,1226.9124755859375,1229.0049853388443,1207.2615190395204,1213.129475218487,6126128.0,1.4633385524398967,0.01452735071888726,1218.8286307198662,1.0066324704411456,1.0180105685109742,1195.8407592773438,1185.8701904296875,1,0.805138875879461,1.218603126661089,1,7,3,0,0,5895872.857142857,1.039053614017166,0
2023-07-12,1212.9930419921875,1229.914695139052,1207.2614623680488,1229.0958821848033,8102770.0,-1.134509092598679,-0.011409937395963589,1218.7766287667412,0.9952545965864098,1.0187641480136114,1198.0469360351562,1186.6892130533854,1,0.9398757761883769,1.2667322926700504,2,7,3,0,0,5948781.142857143,1.3620891079056099,1
2023-07-13,1241.9237060546875,1252.5680534152625,1210.764166319061,1214.44876945457,9977644.0,2.3850643046546383,0.02357065957937987,1221.3694719587054,1.0168288421873026,1.034526861844031,1203.4762922014509,1188.6386596679688,1,1.2858415827592868,1.3075026300889419,3,7,3,0,0,6545905.285714285,1.524257312701286,1
2023-07-14,1297.2830810546875,1300.9676843031073,1256.0706748916025,1256.0706748916025,12833381.0,4.457550389779108,0.043610586522805965,1231.591343470982,1.0533389081792075,1.0357440152922759,1213.9353724888392,1192.3975138346354,1,2.0516577178270747,1.587849625228841,4,7,3,0,1,7605683.142857143,1.6873410000063487,0
2023-07-17,1294.5538330078125,1327.3054684043354,1286.684431680645,1297.2831359575227,11569884.0,-0.21038184238525437,-0.002106034558608442,1241.8652169363838,1.0424270004126606,1.0315703180387688,1223.851850237165,1196.1563720703125,1,2.0480195955045017,1.6104461062392743,0,7,3,1,0,8406538.42857143,1.376295855696949,1
2023-07-18,1342.089111328125,1344.5909722136412,1300.0578928736984,1304.606730847364,16743977.0,3.6719429589009422,0.03606133293749489,1260.7103969029017,1.0645498876071307,1.0342546894134885,1236.59184047154,1201.3329467773438,1,2.1058570962416807,1.7795234775527793,1,7,3,0,0,9899157.0,1.691454838023076,0
2023-07-19,1341.8616943359375,1363.559740717556,1328.8975058703595,1351.9146708665796,13687062.0,-0.016944999424250984,-0.00016946435251481324,1279.6595633370537,1.0486083430163842,1.026083452406282,1248.392830984933,1207.2752400716147,1,2.0981883242112644,1.8013798634978067,2,7,3,0,0,11291549.42857143,1.2121509175142178,0
2023-07-20,1318.7081298828125,1338.2681331891115,1310.7021306189188,1338.2681331891115,8347221.0,-1.725480692299164,-0.017405405990009854,1292.773228236607,1.0200614470347453,1.0210314776532605,1255.8009294782366,1212.1440185546876,1,2.43138629848195,1.8041301672849406,3,7,3,0,0,11608848.42857143,0.7190395370703621,0
2023-07-21,1211.4464111328125,1228.186155763225,1187.2466172377842,1201.075039161913,45548305.0,-8.133848295872104,-0.08483754107528353,1292.552280970982,0.9372513816019559,1.0344827586206897,1255.6644548688616,1213.6239013671875,1,4.2465008054066615,2.9549190988364384,4,7,3,0,1,16958210.57142857,2.6859145785546747,1
2023-07-24,1215.995361328125,1228.0953149237007,1213.8574296627578,1219.998361010124,8859789.0,0.3754974345962836,0.003747942028410506,1288.8482317243304,0.943474438182115,1.011729454310708,1255.108851841518,1215.7664021809896,1,4.129524945427782,2.9473154890004616,0,7,3,1,0,16798517.0,0.5274149497839601,0
2023-07-25,1214.1759033203125,1221.681486555465,1204.7598302000642,1216.3593679271178,6801982.0,-0.14962705168753976,-0.0014973910474893287,1276.9757777622767,0.9508214051232732,1.0140456678013499,1254.2835606166295,1217.059794108073,1,3.5906403658978983,2.947151095905208,1,7,3,0,0,15936888.57142857,0.42680740155230157,1
2023-07-26,1227.1400146484375,1228.186269607745,1218.5427551834298,1221.817896357927,5528885.0,1.0677292550999473,0.01062069279454289,1267.3452322823662,0.9682760335465003,1.0079139729675415,1254.605224609375,1218.3941202799479,1,3.6623902915897846,2.9604495877113974,2,7,3,0,0,15073888.714285715,0.3667855790098945,1
2023-07-27,1231.052001953125,1240.7410487249035,1225.5024420215238,1236.0101907567564,9191861.0,0.3187889937570132,0.003182819389817278,1251.4827880859375,0.9836747366185834,1.012434578815072,1256.0965924944196,1219.993790690104,1,3.182927007728311,2.944197626219874,3,7,3,0,0,13995015.0,0.6567953660642736,0
2023-07-28,1219.5433349609375,1240.78638389591,1215.4493812068724,1231.6887088868766,6122735.0,-0.9348644065342859,-0.009392616910501665,1234.0087367466517,0.9882777152584422,1.0208457901092345,1256.8341500418526,1221.622265625,1,3.1456889429475074,2.9584733274925648,4,7,3,0,1,12914396.857142856,0.47410150607332163,1
2023-07-31,1233.3719482421875,1235.0095744205737,1212.9477090948285,1227.0491075504592,7902180.0,1.1339173348598575,0.01127536681169507,1221.8178536551338,1.0094564787643994,1.0181886367897994,1257.2955409458705,1223.5646199544271,0,3.266340536348562,2.948108799139705,0,7,3,1,0,12850819.57142857,0.6149164227291029,1
2023-08-01,1242.0145263671875,1245.4716872331724,1234.5544774108216,1239.1033148368012,6064652.0,0.7007276383508954,0.006982839513207987,1226.1847272600446,1.0129097996045957,1.0088430361090641,1259.3685041155134,1225.7237955729167,1,0.7250571682845858,2.930754166760677,1,8,3,0,0,7210297.714285715,0.8411097905131082,0
2023-08-02,1234.4180908203125,1248.1555587567932,1226.776021109862,1245.7447635687552,7419145.0,-0.611622117584576,-0.006135001873674652,1228.8165457589287,1.0045584876609261,1.017427417294633,1258.8323887416295,1227.3446940104166,1,0.8120598790839287,2.8684478592282767,2,8,3,0,0,7004491.428571428,1.0591982409653888,1
2023-08-03,1241.196044921875,1243.2430221271263,1227.2765555039189,1228.186323150697,6503741.0,0.5490809112379758,0.005475789574552105,1232.6765659877233,1.0069113660218934,1.0130096729637694,1254.826171875,1229.3143432617187,1,0.8022427202138624,2.5761163550691815,3,8,3,0,0,6961885.571428572,0.9341924588205259,1
2023-08-04,1253.97802734375,1260.846816478249,1239.1033507409106,1245.3807687817762,5712345.0,1.0298117266946072,0.010245452911206848,1236.5105678013392,1.014126413471314,1.0175477418605454,1251.9279000418526,1232.249853515625,1,0.7964413126239294,2.600026125492163,4,8,3,0,1,6988094.142857143,0.8174396170433471,1
2023-08-07,1267.3060302734375,1269.1255651338445,1252.749751390182,1262.6662385905188,3729093.0,1.062857772549619,0.010572491454776288,1241.6897147042412,1.0206302067785895,1.0130718954248366,1246.5862513950892,1236.131522623698,1,0.8455936291166657,2.3862811593365634,0,8,3,1,0,6207698.714285715,0.6007206811468275,0
2023-08-08,1264.7587890625,1267.8065991644844,1259.482203966465,1267.1696952534337,4161877.0,-0.20099653517690053,-0.002011988042940574,1248.1490652901787,1.0133074840451528,1.006609378974791,1241.078901018415,1239.766044108073,1,0.678887458701434,2.3846276472695864,1,8,3,0,0,5927576.142857143,0.7021212211698287,1
2023-08-09,1268.5799560546875,1270.0355619948482,1257.7536994683935,1259.118350860222,4090828.0,0.3021261465215863,0.0030167066267278338,1253.1787806919642,1.0122896873135845,1.0097649186256783,1237.4983171735491,1243.2610677083333,1,0.6248619514192134,2.3589847723624198,2,8,3,0,0,5383097.285714285,0.7599394517457966,0
2023-08-10,1263.758056640625,1269.8535657391153,1260.5738702782455,1266.032475470896,3873025.0,-0.3801021284506767,-0.003808263523671033,1256.2849993024554,1.0059485366316712,1.0073614848599246,1241.23486328125,1246.1647420247396,1,0.6712959684821429,0.6736493205751993,3,8,3,0,0,5070007.714285715,0.7639090940802739,0
2023-08-11,1248.0645751953125,1270.8087636526227,1243.6977576448735,1266.396413303026,5783517.0,-1.2418105952202274,-0.01249585496410481,1258.2344970703125,0.9919173080227257,1.0217987094059637,1243.5255214146205,1247.267069498698,1,0.829699746206955,0.789289872426863,4,8,3,0,1,4836346.571428572,1.1958442006962398,1
2023-08-14,1267.806640625,1269.1257591782453,1242.378570429603,1248.0646177377491,4304135.0,1.5818144206679374,0.01569434121276453,1262.0360107421875,1.004572476406136,1.021529016505326,1247.3562883649554,1249.0820556640624,1,0.987246528136231,0.8642402223458673,0,8,3,1,0,4522117.142857143,0.9517964404788908,1
2023-08-16,1290.50537109375,1291.824489722674,1278.5874374632606,1283.5002048304689,7735313.0,1.7903937194681419,0.017745549426905687,1267.2542027064733,1.0183476751054519,1.0103528721396449,1251.8823852539062,1251.3064412434896,1,1.1137228964512895,0.9317513197464438,2,8,3,0,0,4811112.571428572,1.607801290274765,0
2023-08-17,1284.1824951171875,1291.8699868845008,1279.133240534935,1291.8699868845008,5618346.0,-0.4899534801008687,-0.0049115768714391005,1269.6651262555804,1.0114340140257463,1.0099573257467995,1255.6774204799108,1253.2548583984376,1,1.1181197953597133,0.9594484291181872,3,8,3,0,0,5081005.857142857,1.1057546788893684,0
2023-08-18,1263.4852294921875,1281.5895150593435,1261.0743232513742,1277.0406772674733,5134103.0,-1.611707502920856,-0.016248367696629303,1269.483189174107,0.9952752744320925,1.0162680275299523,1258.816127232143,1254.616475423177,1,1.3116660557331183,1.0404468474161745,4,8,3,0,1,5219895.285714285,0.9835643665210909,1
2023-08-21,1278.58740234375,1280.04300828704,1261.9841437074754,1264.3495172472738,3032722.0,1.1952789394801488,0.011881918981440889,1270.9128243582588,1.0060386344668184,1.0143098981628336,1262.0458025251116,1256.8969604492188,1,1.3879735557105897,1.0445409295165269,0,8,3,1,0,5068737.285714285,0.5983190347125338,0
2023-08-22,1277.086181640625,1279.1786914005518,1270.626854331071,1277.9504163795991,2890714.0,-0.11741244285475849,-0.0011748142526468567,1272.8168422154017,1.0033542449185322,1.006730407940247,1264.5509207589287,1259.159248860677,1,1.3756776742533716,1.0410216474601197,1,8,3,0,0,4928407.142857143,0.586541232533838,1
2023-08-23,1280.9071044921875,1288.7766155616553,1278.814705879977,1288.230777273931,2559125.0,0.29919068160724205,0.002987439970247519,1277.5086321149554,1.0026602343747812,1.007789955523559,1267.8715645926338,1260.9590698242187,1,1.2298979133393964,1.014236210526065,2,8,3,0,0,4467779.714285715,0.5727956980101782,1
2023-08-24,1295.145263671875,1296.4644934581945,1286.8208670818306,1293.2347737304617,5171963.0,1.111568444718114,0.01105435925598558,1281.4141496930804,1.0107155941598456,1.0074941482711834,1271.7250802176338,1263.6974772135416,1,1.1642932145447598,1.0370611716116074,3,8,3,0,0,4591755.142857143,1.1263586230301106,0
2023-08-25,1291.9609375,1294.14440193583,1284.0460038576823,1285.5016097963642,4307172.0,-0.24586633339083175,-0.002461690809984085,1281.6220877511162,1.0080670034073973,1.00786451423688,1274.4381452287946,1265.3653849283853,1,0.9714970006042235,1.0248615603825404,4,8,3,0,1,4102020.714285714,1.0500122500600315,0
2023-08-28,1287.912353515625,1296.2367481573856,1284.0458417309012,1291.9607743738602,3133464.0,-0.31336736791819364,-0.0031385939161792512,1282.1549246651787,1.0044904314913035,1.0094941364476917,1275.9100254603795,1265.05302734375,1,0.9582457674634416,1.00339354164124,0,8,3,1,0,3747037.5714285714,0.8362510223790885,1
2023-08-29,1289.73193359375,1295.8728642902074,1287.5940021549932,1295.508935074852,3074444.0,0.14128135918241025,0.0014118165097184306,1285.9044538225446,1.0029764884629084,1.0064297147403283,1277.6938214983259,1264.8922973632812,1,0.623653195036609,0.9991330484073037,1,8,3,0,0,3452800.5714285714,0.8904203809048754,1
2023-08-30,1305.6529541015625,1307.0176054605397,1295.5090234553786,1298.2383261733323,3070887.0,1.2344441579770438,0.012268870249133207,1289.770961216518,1.0123138087014028,1.0088834441109993,1280.3418927873884,1263.6777587890624,1,0.6331706442151989,1.0406626205189577,2,8,3,0,0,3458252.714285714,0.8879880256623401,1
2023-08-31,1305.926025390625,1314.523396952584,1299.7396715462935,1305.6531617088096,9792735.0,0.020914538446437092,0.00020912351661743592,1293.8909388950892,1.009301469029386,1.0113743742150323,1283.3538905552455,1262.4799031575521,1,0.6199413439122472,1.0285905665738904,3,8,3,0,0,4444255.714285715,2.203458943310128,1
2023-09-01,1313.5679931640625,1315.524015813637,1299.3301072963106,1301.8319683222358,3582133.0,0.5851761604300343,0.0058347065497611934,1298.5567801339287,1.0115599204130186,1.0124632750571934,1288.032706124442,1262.3085652669272,1,0.627627520753141,0.9380958823043632,4,9,3,0,1,4590399.714285715,0.780353176838195,1
2023-09-04,1332.9005126953125,1337.3583962271932,1305.243554943164,1312.794670582204,4609014.0,1.4717562875967038,0.014610310594982325,1303.9503871372767,1.0222018612392099,1.0246044817937656,1292.6822684151787,1266.3570353190105,1,0.7088317673336175,0.927562795824838,0,9,3,1,0,4509978.428571428,1.0219592117783016,1
2023-09-05,1345.4552001953125,1346.5014550487228,1325.076385647424,1332.8094095252152,5496840.0,0.9419073201954564,0.009374990328975612,1311.5924246651787,1.0258180627558735,1.0161689315675417,1296.6072562081474,1270.67236328125,1,0.6655343886781626,0.8516885551334061,1,9,3,0,0,4679931.0,1.1745557787069938,0
2023-09-06,1344.135986328125,1349.0942859762029,1331.2628646848657,1348.184518450567,5075786.0,-0.09804963160393587,-0.000980977316991053,1319.6243722098213,1.018574690369849,1.0133943654287676,1300.8896484375,1275.0043660481772,1,0.620655397679434,0.8298285755658134,2,9,3,0,0,4957405.571428572,1.0238795125526343,0
2023-09-07,1333.901123046875,1340.451515969817,1330.1256765994524,1337.90412243496,4411743.0,-0.7614455222800243,-0.007643593194396494,1325.9342564174108,1.0060084929482025,1.0077630554405679,1305.9193551199776,1278.5630696614583,1,0.8024029219974234,0.697356590876053,3,9,3,0,0,5148448.285714285,0.8569073155967272,1
2023-09-08,1336.994384765625,1341.679709913553,1328.442547485381,1331.444824857423,3125838.0,0.2318958778357194,0.002316274143020733,1330.4116036551338,1.0049479282144005,1.009964422212484,1310.0912824358259,1282.094482421875,1,0.7327831319894796,0.6582581995110368,4,9,3,0,1,5156298.428571428,0.6062174335526241,1
2023-09-11,1343.2264404296875,1344.6821575553772,1332.3547611267988,1336.9945540619674,4182226.0,0.4661242960384504,0.004650413008401533,1335.740234375,1.0056045373658975,1.0092523378819562,1314.8155866350446,1286.2172526041666,1,0.719497093170545,0.6466967465757556,0,9,3,1,0,4354797.142857143,0.9603721741344029,1
2023-09-12,1365.652099609375,1368.2904478169532,1343.8176775697427,1348.7304447397828,6793161.0,1.669536759007939,0.01655753196921139,1343.1808210100446,1.0167298983486321,1.0182113769268677,1320.8688005719866,1290.626590983073,1,0.8664041274413344,0.7340593360421227,1,9,3,0,0,4813515.428571428,1.4112681471171886,0
2023-09-13,1363.1502685546875,1369.2002453382354,1354.3255672096377,1369.2002453382354,4804686.0,-0.18319680798668525,-0.0018336481856366682,1347.5022147042412,1.0116126368325717,1.01098308891801,1325.7263009207588,1294.6644490559895,1,0.7994297312375489,0.7273404464950063,2,9,3,0,0,4841468.571428572,0.9924026003916167,1
2023-09-14,1370.9742431640625,1376.0690305788348,1363.8781225031132,1369.200240762729,6444213.0,0.5739627383612333,0.005723218479750538,1351.1477922712054,1.0146737840273787,1.0089384145654803,1331.370108468192,1299.2163208007812,1,0.7632965523129943,0.7067709221511147,3,9,3,0,0,4976807.571428572,1.2948487373704536,1
2023-09-15,1375.2047119140625,1381.3911761511094,1372.839338313645,1381.0272468920564,8657816.0,0.3085739043672042,0.0030809879222539697,1355.586181640625,1.01447235929308,1.0062293071001078,1337.6052769252233,1303.6832763671875,1,0.745778251529382,0.6754950942433935,4,9,3,0,1,5488526.142857143,1.5774391475327894,0
2023-09-18,1357.1912841796875,1369.1092169496771,1353.734123045365,1369.1092169496771,3991916.0,-1.3098724559562624,-0.013185269434519862,1358.9133475167412,0.9987327644251928,1.0113575432890205,1342.4238019670759,1307.1237182617188,1,0.8936217827344111,0.8249024619261085,0,9,3,1,0,5428550.857142857,0.7353557339796235,0
2023-09-20,1355.7811279296875,1360.193478454991,1342.9988490854248,1342.9988490854248,4169337.0,-0.10390254243729524,-0.0010395655854823645,1361.59716796875,0.9957285163513236,1.0128031601674683,1346.004385811942,1310.0728881835937,1,0.903773927205444,0.7937257100738624,2,9,3,0,0,5577622.142857143,0.7475115547831379,1
2023-09-21,1366.2435302734375,1368.7909240446215,1342.8170139394665,1352.4151068014571,6779195.0,0.7716881529193698,0.007687258698574246,1364.8853236607142,1.0009951067603837,1.0193428515095697,1350.312779017857,1313.455712890625,1,0.9257121133337486,0.8007598436918941,3,9,3,0,0,5948617.714285715,1.1396252584393916,0
2023-09-22,1361.1488037109375,1370.9742270619945,1351.1867819544711,1357.282291448548,5455613.0,-0.37290032484035285,-0.003735973314010314,1364.2419956752233,0.9977326662175102,1.0146444928057252,1353.7114083426338,1316.5413411458333,1,0.6958325560907909,0.8176682488891341,4,9,3,0,1,5757539.428571428,0.9475598157308073,0
2023-09-25,1341.1339111328125,1355.417217832278,1338.7685376167728,1355.417217832278,4217863.0,-1.4704411834736808,-0.014813593320017096,1361.0968017578125,0.9853332322879471,1.0124358167582446,1354.2995082310267,1319.120536295573,1,0.8832638144045001,0.8586684677176405,0,9,3,1,0,5673707.571428572,0.7434050745301264,0
2023-09-26,1328.85205078125,1346.3650768655104,1327.3509120486192,1345.682751173916,3996528.0,-0.9157818059487011,-0.009200008655366586,1355.079345703125,0.9806451961613611,1.0143248967882539,1353.113568987165,1321.8134521484376,1,0.8357479261122935,0.8533283099307636,1,9,3,0,0,5324038.285714285,0.7506572615609612,1
2023-09-27,1334.6290283203125,1336.994401796738,1319.2085123948889,1324.6215850268404,3863586.0,0.4347344413297316,0.0043379220099913135,1349.2828194754463,0.9891395703379439,1.013482242749905,1352.4345005580358,1324.0408650716147,1,0.8557478922295415,0.8645215438939275,2,9,3,0,0,4639148.285714285,0.832822268668898,0
2023-09-28,1309.56494140625,1339.7237598799838,1305.51651996519,1335.4478965364908,5814602.0,-1.8779815500946095,-0.018958395571053242,1342.4790562220983,0.9754825859939501,1.0262020735790505,1350.6962018694196,1324.6761840820313,1,0.9727332314828475,0.9793521991629628,3,9,3,0,0,4899532.0,1.1867668177287136,0
2023-09-29,1305.926025390625,1316.2519778265992,1288.231087711194,1302.878325748762,6068968.0,-0.2778721314666055,-0.0027825891274491617,1335.356898716518,0.9779602940950239,1.0217514469125177,1348.4770333426338,1325.400968424479,1,0.9629524514047318,0.974447613620792,4,9,3,0,1,5170907.857142857,1.1736755261683116,0
2023-10-03,1304.6065673828125,1307.3358698250358,1292.1427973188988,1306.471635140572,4181867.0,-0.10103619823472743,-0.0010108727420787527,1326.5516183035713,0.9834570697302961,1.0117580444960583,1345.718470982143,1326.7716796875,0,0.8108468895632679,0.9579127899713195,1,10,4,0,0,4799861.0,0.8712475215428114,1
2023-10-04,1314.0228271484375,1319.1175035605104,1290.23238190221,1296.4188460811952,4510406.0,0.7217700723763043,0.007191777783174036,1319.8193359375,0.9956081043585067,1.0223875342639555,1342.0306658063616,1327.952860514323,0,0.9650908095746354,0.8417798516873839,2,10,4,0,0,4664831.428571428,0.9668958180084292,1
2023-10-05,1331.3992919921875,1342.4985228636597,1319.3448718155562,1320.982497846701,7384621.0,1.3223868326137644,0.013137196236781227,1318.428676060268,1.0098379352386953,1.0175493546401113,1339.76273890904,1329.7632975260417,0,1.0679250649532503,0.943917695070257,3,10,4,0,0,5117225.428571428,1.4430908122141415,1
2023-10-06,1345.2733154296875,1350.5500119701062,1331.2629831328263,1336.9034978713848,3598672.0,1.0420633029434967,0.010366712500272419,1320.7745710100446,1.018548770514947,1.0144877676925201,1337.926958356585,1331.908837890625,0,1.074749520758151,0.979683674567525,4,10,4,0,1,5060388.857142857,0.7111453490220203,0
2023-10-09,1342.3165283203125,1356.4634585781648,1330.2621079137662,1332.7185470073357,3567552.0,-0.21979080945574436,-0.0022003270396160736,1321.8727852957588,1.0154657416749673,1.0196963820201492,1335.5778023856026,1333.4812133789062,0,1.0774214526028263,0.9716072728662453,0,10,4,1,0,5018098.285714285,0.7109370516229712,1
2023-10-10,1360.2391357421875,1361.9221836979575,1336.539643834747,1350.0042495921527,5688951.0,1.3351997866182908,0.013263645527284946,1329.1119559151787,1.0234195318825312,1.018991236047727,1335.7955060686384,1335.7571533203125,0,0.7287481682506112,0.9895658627684729,1,10,4,0,0,5000148.142857143,1.1377564899005708,0
2023-10-11,1359.556640625,1381.254574348816,1347.7750842911132,1361.9220140294271,7220129.0,-0.0501746420356497,-0.0005018723372123166,1336.773472377232,1.0170434024302202,1.0248405616396388,1336.065185546875,1338.1452962239584,0,0.6898851090955499,0.989150053124515,2,10,4,0,0,5164599.714285715,1.398003601330132,0
2023-10-12,1333.2645263671875,1368.6545111001026,1320.9826627670805,1357.2824151740776,11081662.0,-1.9338741375074853,-0.01952818116254168,1340.867466517857,0.9943298347222832,1.036088171084065,1333.7095424107142,1339.5963826497396,1,1.1709315934550455,1.090979441348148,3,10,4,0,0,6150284.714285715,1.8018128452264683,0
2023-10-13,1302.013916015625,1308.2458018313064,1273.6746332154582,1278.2234711912276,17973439.0,-2.3439167347167444,-0.023718233982273053,1339.1519077845983,0.9722675287597418,1.0271428571428571,1329.4856218610491,1339.4750813802084,0,1.5165336979539752,1.2367734734721816,4,10,4,0,1,8073575.142857143,2.226205699701881,1
2023-10-16,1304.7431640625,1313.340423053773,1300.9676064898863,1302.878096148435,4850745.0,0.20961742522898064,0.0020939803443823838,1335.3438895089287,0.9770840113270881,1.0095104724377186,1326.8862827845983,1339.435652669271,0,1.393314013036394,1.196321544128711,0,10,4,1,0,7711592.857142857,0.6290198523002937,1
2023-10-17,1312.294189453125,1322.2106781963569,1308.2913009819003,1310.292745217513,3923764.0,0.5787365359412044,0.005770682894576586,1330.6325857979912,0.9862182870458801,1.0106393562381786,1325.703578404018,1339.393192545573,0,1.329582476520241,1.1932155003893428,1,10,4,0,0,7758034.571428572,0.505767790008375,0
2023-10-18,1310.565673828125,1322.8020028156968,1308.5641186072812,1311.8847923385383,4264837.0,-0.1317170828684655,-0.001318039060670931,1326.0967494419642,0.988288127830511,1.01088053997963,1323.9847673688616,1338.6486979166666,0,1.3313948240645639,1.1838814257818253,2,10,4,0,0,7857646.714285715,0.5427626304764056,0
2023-10-19,1304.288330078125,1309.746935628435,1297.4195403384058,1297.4195403384058,6795691.0,-0.47897971657262506,-0.00480130500568854,1318.1037772042412,0.9895186954433745,1.0095014718884332,1323.60786655971,1337.2764689127605,0,1.1106496568126323,1.0787584061648796,3,10,4,0,0,8015752.428571428,0.847792027081247,0
2023-10-20,1298.4658203125,1308.700705916645,1296.6462850939854,1300.9676812379575,3928622.0,-0.44641277786149347,-0.0044741217510311905,1309.3765171595983,0.9916672578863972,1.0092966146290125,1323.074994768415,1335.754130045573,0,1.0882503901798588,1.0827497450228456,4,10,4,0,1,7545537.142857143,0.5206550475626464,0
2023-10-23,1281.5440673828125,1303.1055136577395,1278.4508355358098,1296.964582762976,2636516.0,-1.303211271715643,-0.013117775758961774,1301.9878801618304,0.984298000702989,1.0192848073908112,1321.4276733398438,1334.008894856771,0,0.9854477806328811,1.1347730166514283,0,10,4,1,0,6339087.714285715,0.4159141060721356,0
2023-10-25,1262.560302734375,1292.5104566531788,1254.4967997562355,1289.2389333048216,6940777.0,-1.4813196932982886,-0.014924008007142078,1296.3516496930804,0.9739335025595056,1.0303019161980562,1317.7517787388392,1331.5277587890625,0,0.7511995171378073,1.1613120990554404,2,10,4,0,0,4762993.142857143,1.45723010548709,0
2023-10-26,1252.7918701171875,1266.2003688015045,1246.9400932403355,1248.737169993209,6357656.0,-0.7737002815652927,-0.00776708870548312,1288.9300362723213,0.9719626627216726,1.015446031181112,1312.136962890625,1328.513273111979,0,0.7005393059457671,1.0705942336761605,3,10,4,0,0,4978266.142857143,1.2770823852240236,1
2023-10-27,1272.052001953125,1276.3371998881837,1256.6622771033196,1256.6622771033196,4634358.0,1.5373768217489925,0.01525678925761834,1283.18115234375,0.9913269062826419,1.0156564919177935,1306.9068690708705,1325.3932698567708,0,0.99561151084897,1.1294900112522535,4,10,4,0,1,5079779.571428572,0.9123147835126816,0
2023-10-30,1269.0111083984375,1272.0521334622172,1256.155513264206,1272.0521334622172,2667696.0,-0.2390541856793993,-0.00239340376389411,1277.2447858537946,0.9935535634621102,1.012654977851192,1301.6707676478795,1322.2552978515625,0,0.9908927870520955,1.1292744722521373,0,10,4,1,0,4851616.571428572,0.5498571374560396,0
2023-10-31,1261.039794921875,1272.7894712580314,1256.0634389161826,1271.6835518717269,3451595.0,-0.6281515917242686,-0.006301327647057745,1271.0664236886162,0.992111640603609,1.0133162321453135,1294.5851004464287,1318.5908162434896,0,0.9930949781388378,1.013987700146093,1,10,4,0,0,4373888.571428572,0.7891364728737618,0
2023-11-01,1247.9075927734375,1269.3794791877367,1245.603735057758,1265.324779602583,3090672.0,-1.0413788844190308,-0.010468391756179432,1263.8438197544642,0.9873906674765219,1.0190877270682528,1286.6101684570312,1314.3475789388021,0,1.0153171977197855,1.012162539440969,2,11,4,0,0,4254181.428571428,0.7265021607312738,1
2023-11-02,1262.6524658203125,1268.319979123895,1254.819348447591,1262.514211838651,3758060.0,1.181567700385977,0.011746416928288036,1261.14501953125,1.0011952997202676,1.0107590233550403,1281.56644984654,1311.1962849934896,0,1.1394876195613906,1.0397280185341693,3,11,4,0,0,4414402.0,0.8513180267678385,1
2023-11-03,1280.0697021484375,1282.788209750896,1269.6562183795236,1271.775812861255,3349045.0,1.3794164902540595,0.013699891370323894,1263.6463623046875,1.0129967848075758,1.010342950462711,1279.9990059988838,1308.6725708007812,0,1.1188353811826057,0.9736276387768071,4,11,4,0,1,3901297.4285714286,0.8584439052180516,1
2023-11-06,1293.2017822265625,1296.8418333328405,1281.682490759758,1284.5392525449097,2736381.0,1.0258878915800018,0.010206613768114013,1269.4192068917412,1.0187350051154926,1.0118276895271436,1279.1746215820312,1306.2378458658854,0,1.0625318082136885,1.0181124759598306,0,11,4,1,0,3383972.4285714286,0.8086298153307311,1
2023-11-07,1294.1231689453125,1295.597615576028,1285.4145181543718,1290.1604881630135,2272209.0,0.0712484881642883,0.0007122311847858962,1272.572230747768,1.0169349430050671,1.0079220339258945,1277.8766915457588,1304.0036580403646,0,0.9535318312356084,1.0025896003360786,1,11,4,0,0,3046522.5714285714,0.7458369162630293,0
2023-11-08,1281.866455078125,1294.7680585080989,1277.6733889661616,1294.7680585080989,3550635.0,-0.9471056667022304,-0.009516192338624462,1274.4087088448662,1.0058519266083945,1.0133795300814472,1275.8267473493304,1302.028076171875,0,1.0470205550984226,1.0282489191434097,2,11,4,0,0,3172656.714285714,1.1191362065780204,0
2023-11-09,1266.9376220703125,1287.8566074771882,1262.5602919196745,1286.3821608724284,5498051.0,-1.1646168716461736,-0.01171451651759968,1275.251255580357,0.9934807878261911,1.0200357287643282,1273.1588396344866,1299.9642618815103,0,1.1297338236826282,1.060776038311199,3,11,4,0,0,3465007.5714285714,1.5867356381369275,0
2023-11-10,1261.454345703125,1265.4170263311844,1254.22025431754,1262.46802069147,2943649.0,-0.43279765883242893,-0.0043373693900131145,1277.1865059988838,0.9876821746691923,1.0089272773064384,1270.5151628766741,1297.5251057942708,0,1.0503897564141176,1.0605410442558976,4,11,4,0,1,3444004.285714286,0.8547169967848887,1
2023-11-13,1265.7857666015625,1273.9874114709824,1263.2975323492624,1271.5914215374528,3462092.0,0.3433672342714189,0.0034277907496325206,1277.6341203962054,0.9907263326757675,1.0084618855400127,1269.3895699637276,1296.065799967448,0,0.9581260898127278,1.0194249838031713,0,11,4,1,0,3401723.1428571427,1.017746552146555,1
2023-11-15,1299.836669921875,1303.062071087934,1283.7096640915788,1289.2389232333946,8551860.0,2.690100032625109,0.026545529343997447,1280.457972935268,1.0151341921376649,1.015075376884422,1272.0521676199776,1295.8628214518228,0,1.32245585119342,1.1768980413393255,2,11,4,0,0,4144982.4285714286,2.0631836557501173,1
2023-11-16,1331.537841796875,1339.3709592887674,1299.9288638617754,1304.9973516506468,6673907.0,2.4388580972181106,0.02409592824106254,1285.9345528738838,1.0354631492101012,1.030341733708273,1277.6768798828125,1296.7605305989584,0,1.5525997854548348,1.2782377009771544,3,11,4,0,0,4707486.142857143,1.4177220702235283,0
2023-11-17,1324.7645263671875,1337.1592379171582,1322.4606682729127,1327.9899276991723,4901251.0,-0.5086836601314371,-0.005099818598196276,1290.3118896484375,1.0267010146888882,1.0111145609067083,1281.4420601981026,1297.1185872395833,0,1.5898616960961862,1.2604432562571175,4,11,4,0,1,5083063.571428572,0.9642316943564264,0
2023-11-20,1323.888916015625,1338.0807035519097,1321.1704086192708,1328.8652717092657,3584210.0,-0.06609554635068626,-0.0006611739908657725,1296.3150983537946,1.0212709222447895,1.0127994805381022,1285.3619035993304,1296.8682413736979,0,1.5029694843997603,1.2556153203139915,0,11,4,1,0,5087860.0,0.704463173121902,1
2023-11-21,1326.100830078125,1336.2378065415437,1324.0273576196985,1328.8654600226937,3793135.0,0.16707701346703185,0.0016693759509398714,1304.7669852120537,1.0163506933482105,1.0092222028884636,1290.0091203962054,1296.229158528646,1,1.3364190109512897,1.2275789868020466,1,11,4,0,0,4844300.571428572,0.7830098368321134,1
2023-11-22,1343.42578125,1344.4854659823166,1323.520357257011,1323.520357257011,3108786.0,1.306458059516813,0.012979975055974096,1316.4771902901787,1.0204702300644353,1.0158404127374026,1296.8318481445312,1296.266133626302,1,1.258423294694223,1.1798321788903117,2,11,4,0,0,4867891.571428572,0.6386309050609502,0
2023-11-23,1335.5465087890625,1352.733312304696,1334.1180718038254,1352.733312304696,3186928.0,-0.58650597382508,-0.00588232674891856,1326.4430106026787,1.0068630903202147,1.0139532181553477,1302.038565499442,1295.443046061198,1,1.3721635212800274,1.1997160686687716,3,11,4,0,0,4828582.428571428,0.6600131709759123,0
2023-11-24,1324.6260986328125,1338.6796311644991,1321.3545755708367,1332.136697533604,2973195.0,-0.8176735204939778,-0.008210348058579994,1329.9843575613838,0.9959711865044819,1.0131115870894667,1305.2211652483259,1294.2786946614583,1,1.1849373413663884,1.2065976940949794,4,11,4,0,1,4031630.285714286,0.7374671756324594,1
2023-11-28,1329.510498046875,1331.6300926725826,1315.0884351345396,1330.7085493558543,3755373.0,0.3687379721042605,0.0036805980025072637,1329.6947370256696,0.999861442650208,1.0125783613452206,1307.8146449497767,1294.1535603841146,1,0.7238500094473759,1.1867699147079176,1,11,4,0,0,3614696.8571428573,1.0389178258694525,1
2023-11-29,1345.08447265625,1346.0981477081089,1336.0534165206054,1337.251355220777,3875778.0,1.1714066667584788,0.011645988123939426,1332.5975864955358,1.0093703352664416,1.007518210771589,1311.4547380719866,1295.5892456054687,1,0.8082446838790932,1.2133962264763958,2,11,4,0,0,3468200.714285714,1.1175183673872888,0
2023-11-30,1340.9835205078125,1346.0520077696417,1335.8229014307435,1339.2325660460233,10120867.0,-0.304884357213564,-0.003053500764141547,1335.0396728515625,1.0044521880338988,1.007657531794029,1315.6773856026787,1296.797257486979,1,0.8271735305501979,1.1748399051860754,3,11,4,0,0,4402008.857142857,2.2991473503233686,0
2023-12-01,1338.3572998046875,1345.3610059685648,1332.6897863489253,1345.3610059685648,3489187.0,-0.19584287673650724,-0.001960348996481045,1336.7905970982142,1.0011719881257948,1.0095080038501338,1320.7787911551338,1297.6660278320312,1,0.839860862278149,1.1066560547176358,4,12,4,0,1,4358587.714285715,0.800531554880457,1
2023-12-04,1349.4617919921875,1356.4194883018783,1335.592634024112,1345.867750934818,5511948.0,0.8297105854408571,0.008262874090993738,1337.6528843470983,1.008828080725033,1.0155937175357246,1327.0650373186384,1298.9625651041667,1,0.7426962849709889,1.0849658640170143,0,12,4,1,0,4701896.571428572,1.1722818476045958,0
2023-12-05,1339.8778076171875,1351.8118605948976,1328.8654104130064,1350.7981854850148,5123039.0,-0.7102079089509661,-0.007127418901382493,1338.2716413225446,1.0012001795786807,1.0172677007032334,1332.3573259626116,1300.1488810221354,1,0.7620410627710626,1.1313390611904763,1,12,4,0,0,4978483.857142857,1.029035977017329,1
2023-12-06,1358.6312255859375,1361.1193473034823,1337.2053455420607,1342.4580969426866,5269178.0,1.3996364341686274,0.01389931970071578,1343.1295166015625,1.011541484862605,1.0178835672779394,1336.5569370814733,1302.15439453125,1,0.801674725047739,0.9730390888751477,2,12,4,0,0,5306481.428571428,0.9929702140535954,0
2023-12-07,1350.89013671875,1357.2948166644478,1347.1118322726163,1357.2948166644478,4424453.0,-0.5697711580159637,-0.005714005460147246,1346.1837506975446,1.0034960948078349,1.0075591232649574,1337.939243861607,1304.4659301757813,1,0.8760710125066749,0.7829525984871624,3,12,4,0,0,5402064.285714285,0.8190300533261756,1
2023-12-08,1374.1591796875,1377.4305905862009,1351.2127312666094,1355.0371580856024,6323433.0,1.7224970659175387,0.017078302690763825,1350.3372802734375,1.0176414439281707,1.0194032062553282,1341.4674333844866,1308.1858927408855,1,0.9917438920264116,0.8704127599817439,4,12,4,0,1,5751729.285714285,1.0993968397827187,0
2023-12-11,1371.7171630859375,1380.4718241872586,1365.7271318060862,1373.0994779966725,3862018.0,-0.17770987798646498,-0.0017786796931383473,1354.7278006417412,1.0125407941256896,1.0107962213225372,1344.8837367466517,1312.1500691731771,1,0.9796905987957849,0.874184860310729,0,12,4,1,0,4857608.0,0.7950452156699347,0
2023-12-12,1360.243896484375,1373.0993792323095,1352.5029110424384,1361.5800891380788,6103494.0,-0.8364163480867437,-0.0083993393782007,1357.854457310268,1.0017597167069292,1.0152284095078186,1347.3225272042412,1315.0897989908854,1,1.0631729308371958,0.9219895026547429,1,12,4,0,0,5231080.428571428,1.1667750254160825,0
2023-12-13,1335.316162109375,1360.2439518858023,1320.7097241735976,1360.19782972632,8549258.0,-1.8325929959639664,-0.018495929955958272,1355.8336530412946,0.9848672505761334,1.0299340778587378,1346.7432686941963,1317.2999674479167,1,1.2715095089635187,1.0062975942046577,2,12,4,0,0,5664981.857142857,1.5091412851076336,1
2023-12-14,1383.6510009765625,1392.4517835867966,1346.697140932601,1348.5863495012063,12489858.0,3.6197299365293256,0.03555756910804125,1362.0869663783483,1.015831613641786,1.0339754509484664,1350.1793038504463,1321.3870076497396,1,1.8647119102415992,1.3862848732500332,3,12,4,0,0,6717384.571428572,1.8593334752820039,1
2023-12-15,1454.56396484375,1463.917651822094,1401.6673570114986,1403.5565657706456,18395389.0,5.125061436528289,0.04998051671891219,1375.7916434151787,1.0572559964334656,1.0444116034372946,1359.4605800083705,1328.2755533854167,1,2.5706011067649093,1.8593936104379807,4,12,4,0,1,8592557.57142857,2.140851410896237,0
2023-12-18,1441.6162109375,1468.0184484698,1437.884028140626,1444.9337442546357,6467243.0,-0.890146753198362,-0.008941322280875868,1388.7525111607142,1.0380656015754761,1.020957476221599,1367.4681309291295,1334.2410115559896,1,2.605967525834593,1.9057973660377452,0,12,4,1,0,8884384.714285715,0.7279336958023607,0
2023-12-19,1436.040771484375,1450.4628321473872,1422.1715017334875,1446.9149134299466,4221721.0,-0.38674922013391955,-0.003874990288074472,1397.592738560268,1.027510183663171,1.0198930511400455,1373.9650094168526,1339.440047200521,1,2.625181047339419,1.9151130175481998,1,12,4,0,0,8584140.142857144,0.49180476200786294,0
2023-12-20,1415.8590087890625,1459.2636714338232,1409.9611097529205,1442.2612442252062,6592367.0,-1.405375327502123,-0.01415344237168709,1403.898716517857,1.0085193412676314,1.0349673202614378,1379.3132585797991,1343.5286214192708,1,2.7294252822184566,1.9717819339302047,2,12,4,0,0,8974190.0,0.7345918684583232,0
2023-12-21,1415.490478515625,1425.3049369492603,1401.8977151314416,1401.8977151314416,5319038.0,-0.0260287409374671,-0.00026032129002167523,1411.7910853794642,1.002620354508873,1.0166968114472061,1384.8227713448662,1347.574198404948,1,2.6807993200123987,1.9683104110613812,3,12,4,0,0,8862124.857142856,0.6001989461605097,1
2023-12-22,1440.2799072265625,1443.1366686825568,1403.5103106025122,1414.522706978693,6741060.0,1.7512960409972633,0.0173613757571503,1426.7859061104912,1.0094576215382285,1.0282337491792515,1391.309779575893,1352.854646809896,1,2.472825566960855,1.9982960937783276,4,12,4,0,1,8603810.857142856,0.7834970005649988,0
2023-12-26,1422.8165283203125,1426.5488231455345,1403.5102439603677,1414.5687619692478,6878067.0,-1.2124989606970171,-0.012199096936405706,1432.3809814453125,0.9933226891107216,1.0164149704530532,1397.2339739118304,1358.0506103515625,1,2.3264148415239716,2.025717497039426,1,12,4,0,0,7802126.428571428,0.8815631306373711,1
2023-12-27,1444.1502685546875,1446.8227662265847,1422.862643983342,1422.862643983342,4225849.0,1.4994020528817043,0.014882721371784279,1430.893310546875,1.0092648123449162,1.0168393782383418,1403.3424769810267,1364.1404744466147,1,1.2674741080478182,2.0294922451370856,2,12,4,0,0,5777906.428571428,0.7313806570323482,0
2023-12-28,1440.049560546875,1445.855215439094,1432.999732291329,1445.855215439094,5702253.0,-0.28395299970525034,-0.0028435691102887423,1430.6695033482142,1.0065564109507532,1.0089710296925243,1409.7110072544642,1369.949267578125,1,1.224117110040192,2.0197967860087864,3,12,4,0,0,5668622.142857143,1.005932809824912,0
2023-12-29,1421.8489990234375,1437.100471200608,1419.1765012951132,1420.144166634131,4388990.0,-1.26388438440449,-0.012719393453216212,1428.6421072823662,0.995245059469897,1.0126298384232952,1413.117422921317,1374.0163452148438,1,1.3110224861372592,2.0356818872798543,4,12,4,0,1,5692517.714285715,0.771010336776918,1
2024-01-01,1429.6361083984375,1434.8428502960069,1414.7992844681723,1418.255071679868,2808451.0,0.5476748501668238,0.005461805648597147,1430.6102643694196,0.9993190626439329,1.0141670737664876,1417.2544904436384,1377.286287434896,1,1.198453711471448,2.032834950271777,0,1,1,1,0,5151958.285714285,0.5451230084271979,0
2024-01-02,1414.015869140625,1427.6086309615123,1403.5102544550214,1424.7057474638627,5396313.0,-1.0926024577898485,-0.010986151954343876,1430.3996058872767,0.9885460421834437,1.0171700751241382,1421.0953456333705,1380.2613321940105,1,1.288198589567794,2.045109857227295,1,1,1,0,0,5162997.571428572,1.0451899163893799,0
2024-01-03,1373.099365234375,1400.6995390215577,1371.2562788380874,1400.6995390215577,7550363.0,-2.893638239796925,-0.029363295224195188,1420.8023856026787,0.9664252954163862,1.0214717413789483,1423.794145856585,1381.901680501302,1,1.4205761943774395,2.147188555528214,2,1,1,0,0,5278612.285714285,1.4303689286735157,1
2024-01-04,1394.0184326171875,1400.5153575424802,1375.771943719321,1386.8764724125788,7056038.0,1.523492611857824,0.01512004001635357,1416.6883719308037,0.9839979350697152,1.0179851129659374,1424.534676688058,1384.1656005859375,1,1.6105575057964276,1.9565468376579298,3,1,1,0,0,5304036.714285715,1.3303146980479046,1
2024-01-05,1412.3111572265625,1418.9001014903272,1388.0745246781073,1388.5352963045564,8895403.0,1.3122297511541037,0.0130369460264331,1412.139927455357,1.0001212555270738,1.0222074364626557,1421.5166190011162,1386.4617797851563,1,1.5772922145026593,1.3790361141585419,4,1,1,0,1,5971115.857142857,1.4897388047426694,0
2024-01-08,1403.3260498046875,1415.4903752195028,1394.52526712299,1408.993450570389,4440136.0,-0.6361988557478826,-0.006382312251945005,1406.8937116350446,0.9974641568152217,1.0150338675037172,1418.7816074916295,1388.7210978190103,1,1.582037221981536,1.3709273191309386,0,1,1,1,0,5790813.428571428,0.7667551467109457,1
2024-01-09,1409.3160400390625,1431.1565685607611,1406.1366485499625,1420.9274616897512,4412074.0,0.42684237460060004,0.004259339865428891,1405.1032889229912,1.0029981789590006,1.0177933773624346,1416.8726981026787,1391.5440958658853,1,1.5493305969770963,1.378862889562374,1,1,1,0,0,5794111.142857143,0.7614755553039592,0
2024-01-10,1400.6534423828125,1414.983370728282,1386.9224270844938,1405.3071677486228,4096845.0,-0.6146667894314062,-0.006165636426205032,1400.9629080636162,0.9997791050148277,1.020232525695598,1415.786586216518,1393.91552734375,1,1.528489679575369,1.337981762106409,2,1,1,0,0,5978167.428571428,0.6853011477095753,0
2024-01-11,1376.9698486328125,1405.3534251009314,1369.9661425866611,1405.261293276588,11296088.0,-1.690896051325097,-0.017053549199927492,1395.670619419643,0.9866008709170888,1.0258307715893291,1413.03511265346,1394.9783732096355,1,1.5965779498223283,1.4061425059778958,3,1,1,0,0,6820992.428571428,1.6560769005817273,1
2024-01-12,1486.21875,1491.056851650907,1433.368271607278,1439.450434041234,26754401.0,7.934008248304081,0.07634981964039679,1411.830531529018,1.0526891980374014,1.0402468655029884,1416.3164585658483,1399.8195475260416,1,3.190631942851536,2.5596835889738077,4,1,1,0,1,9564426.42857143,2.797282325271241,1
2024-01-15,1522.4815673828125,1534.3233755421345,1507.6447436874366,1515.8925107048797,13228305.0,2.4399380900565593,0.024106470989834566,1430.182407924107,1.0645366345910214,1.0176955691759628,1423.4353899274554,1405.9570231119792,1,3.225720251502696,2.5847322168444666,0,1,1,1,0,10446178.857142856,1.2663295527392573,0
2024-01-16,1503.5438232421875,1519.1639351762556,1497.5076704042556,1515.7542704008683,6500917.0,-1.2438734593798406,-0.012516743213645754,1443.2156459263392,1.0418012217967094,1.0144615384615385,1427.6777866908483,1411.0930908203125,1,3.367032047154629,2.6082280185861557,1,1,1,0,0,10104109.42857143,0.6433933684068516,1
2024-01-17,1511.51513671875,1518.2424471875822,1493.1303945709744,1493.1303945709744,9209876.0,0.5301683498239118,0.0052876790505737795,1458.6712297712054,1.0362274279968031,1.0168183922234222,1432.782470703125,1416.814335123698,1,3.3040109086412617,2.602823454299964,2,1,1,0,0,10785500.857142856,0.853912685371549,1
2024-01-18,1513.726806640625,1519.6247054977496,1500.5026844916376,1513.7729287969016,6375464.0,0.14632138760291014,0.0014621444217054306,1473.5870535714287,1.0272394854256575,1.0127437432826656,1439.34517124721,1421.9841878255208,1,3.3153828911996155,2.561392528963463,3,1,1,0,0,11065985.142857144,0.5761316247668402,1
2024-01-19,1529.0244140625,1534.830181149936,1515.1552565650595,1522.0207083253042,4522736.0,1.0105923575354225,0.010055200181271262,1491.9257638113838,1.0248662843359855,1.0129854181606976,1446.4443359375,1427.9219970703125,1,3.2335107093348436,2.5653492337979658,4,1,1,0,1,11126826.714285715,0.4064713252155951,0
2024-01-23,1513.3121337890625,1543.3082963711745,1509.2111992011553,1520.638356967558,9401255.0,-1.027601660832289,-0.010329179381616366,1511.4032331194196,1.0012629989322592,1.0225926611120215,1453.5369262695312,1432.560428873698,1,3.1394795640179507,2.5622809943049214,1,1,1,0,0,10856136.285714285,0.8659853517472159,1
2024-01-24,1543.953369140625,1548.1924450033323,1515.9384357324295,1529.6694507492252,8999681.0,2.024779598828852,0.020045535035126103,1519.6510358537946,1.0159920486437048,1.0212765957446808,1465.7407836914062,1438.3016357421875,1,1.4041019374707295,2.390311748790191,2,1,1,0,0,8319747.714285715,1.0817252288247614,0
2024-01-25,1538.147705078125,1548.699442025017,1527.9185982399083,1541.69562383598,8865304.0,-0.37602586830270956,-0.0037673462286239917,1521.8890555245537,1.0106832028882469,1.0136007532135858,1476.0357317243304,1444.2317626953125,1,1.155152363796244,2.4040398762334587,3,1,1,0,0,7696461.857142857,1.1518674638492978,0
2024-01-29,1526.62841796875,1547.593525430197,1518.3345293026832,1534.5076571987393,4253785.0,-0.7489064328051631,-0.007517248172224819,1525.1868547712054,1.0009451715329403,1.0192704542792366,1484.2012503487724,1450.608837890625,1,1.0672692310081053,2.428700554618707,0,1,1,1,0,7375443.0,0.5767497626922207,0
2024-01-30,1521.88232421875,1557.407856111292,1518.9334312635722,1532.0192984301252,4995943.0,-0.31088729216208755,-0.0031137155063004,1526.6678815569196,0.9968653579498318,1.0253298953435461,1492.6695556640625,1455.2165486653646,1,1.0742136311687667,2.417660542344308,1,1,1,0,0,6773452.571428572,0.7375770255000572,1
2024-01-31,1530.5911865234375,1536.4429635862402,1509.5799556993886,1518.93364206389,6763779.0,0.5722428183899231,0.0057061172874452535,1529.0770786830358,1.000990210278808,1.0177950215789702,1501.332066127232,1457.7507893880208,1,1.0890621359662733,2.417138747704345,2,1,1,0,0,6828926.142857143,0.9904601189858694,0
2024-02-01,1527.0430908203125,1545.4278312937574,1520.8686843443536,1529.346948648717,5760011.0,-0.2318121085738145,-0.002320812087939208,1528.7940325055804,0.9988546909210535,1.0161481048312802,1510.359898158482,1460.5983520507812,1,1.0274909235922727,2.4042573151366455,3,2,1,0,0,7005679.714285715,0.8221915980906757,1
2024-02-02,1560.4952392578125,1583.6720744845543,1534.3695106294924,1535.3371760388302,7858483.0,2.1906486227267985,0.021669986838965268,1535.5344761439733,1.016255423438307,1.0321321321321322,1523.4688546316963,1464.7468343098958,1,1.2033367551222358,2.3370498028103044,4,2,1,0,1,6785283.714285715,1.1581657202417013,0
2024-02-05,1554.82763671875,1567.3145920332188,1549.8974031142452,1561.785332852152,3634135.0,-0.363192555573455,-0.00363853701041769,1537.0879429408483,1.011541105282474,1.01123763991344,1528.3694893973213,1469.3791219075522,1,1.0028622194637622,1.195226897515418,0,2,1,1,0,6018777.142857143,0.6037995615625765,1
2024-02-06,1593.7628173828125,1597.034340689009,1542.6171705805966,1554.4129683538292,7694265.0,2.5041477103037613,0.02473307723804476,1545.032958984375,1.0315396885969799,1.0352758747576571,1533.4610072544642,1475.321533203125,1,1.3150586774692308,1.2040390421223406,1,2,1,0,0,5851485.857142857,1.3149249930438913,0
2024-02-07,1560.8638916015625,1593.3482914120157,1554.5052206294124,1593.3482914120157,4613877.0,-2.06422972241721,-0.020858327520271735,1549.9237409319196,1.007058508996749,1.0249874173898728,1537.5552978515625,1479.3409993489583,1,1.5909541133954286,1.3026615215414667,2,2,1,0,0,5902927.571428572,0.7816252095540098,0
2024-02-08,1559.34326171875,1572.4752526176906,1550.7729772594932,1564.7803892211357,5919715.0,-0.09742232432914388,-0.0009746981071960108,1555.2753034319196,1.0026155872711757,1.0139944889912573,1540.9715924944196,1483.8918904622396,1,1.5786624907215028,1.3040193887373508,3,2,1,0,0,6034895.0,0.9809143323951783,0
2024-02-09,1538.3782958984375,1560.080685759389,1529.5776248189763,1552.523963151758,4600004.0,-1.3444740702700964,-0.013535939581638264,1556.3877476283483,0.9884286857453396,1.0199421464105314,1542.732413155692,1487.0328247070313,1,1.6972104766835407,1.3706014141746576,4,2,1,0,1,5725784.285714285,0.8033840903641647,1
2024-02-12,1548.2847900390625,1560.126598289278,1539.2997433619348,1539.2997433619348,3555808.0,0.6439569621488506,0.006418924177482961,1559.4222760881696,0.9928579409054964,1.0135300840639758,1544.108154296875,1490.6406656901042,1,1.7022519368698599,1.355783399539392,0,2,1,1,0,5410898.142857143,0.6571567059886309,1
2024-02-13,1552.3856201171875,1556.5785741207376,1532.9870910403704,1550.9571831806093,2696481.0,0.2648627761835387,0.0026451263286244374,1558.2637590680804,0.9962277638065533,1.0153892248788323,1546.8991176060267,1494.9918863932292,1,1.468326286889523,1.3166864205191338,1,2,1,0,0,4673469.285714285,0.5769762964405305,0
2024-02-14,1535.475341796875,1538.470357405494,1507.1840085834583,1529.9460822117326,3768579.0,-1.0893091317759063,-0.01095285544399227,1555.4991455078125,0.9871270879390933,1.0207581480720729,1546.2935442243304,1498.5198608398437,1,1.5177056051706967,1.2439637347650516,2,2,1,0,0,4692675.571428572,0.803076825285995,1
2024-02-15,1544.828857421875,1555.3344719693396,1531.2360957797196,1545.4278829759044,4834391.0,0.6091609139130982,0.006073130294141443,1548.508579799107,0.9976236990706829,1.0157378579671927,1546.7707693917412,1502.8802937825521,1,1.0620490630686859,1.2508624214996675,3,2,1,0,0,4284122.142857143,1.128443783532249,1
2024-02-16,1568.1439208984375,1574.9172405402414,1555.5187122701257,1556.4863775731233,4880654.0,1.5092327777636472,0.014979571684558692,1549.548583984375,1.012000486532825,1.012470777829349,1549.7361624581474,1509.3817789713542,1,1.0084842762264552,1.2866389033107344,4,2,1,0,1,4322233.142857143,1.1291973011834624,0
2024-02-19,1566.39306640625,1577.2211990906292,1555.2884257624896,1571.2311682439513,3690993.0,-0.11165139046577233,-0.001117137670646195,1550.555698939732,1.0102139945552084,1.0141020616914749,1552.9155011858259,1515.1276000976563,1,1.0088942549813738,1.2816516521880172,0,2,1,1,0,4003844.285714286,0.9218622745068935,0
2024-02-20,1553.03076171875,1561.324650966914,1537.8252980971156,1552.800375906301,3706389.0,-0.8530620426044688,-0.008567214430131745,1552.6489083426338,1.0002459367176084,1.0152808988764044,1554.5183279854912,1519.818253580729,1,0.906014041116314,1.3073342696050232,1,2,1,0,0,3876185.0,0.9561950732485679,0
2024-02-21,1525.660888671875,1542.6633157025528,1516.2150708785946,1542.6633157025528,4300508.0,-1.7623522805552572,-0.01778066609981963,1549.4169224330358,0.9846677589374351,1.0174435971069937,1554.4195992606026,1523.8960815429687,1,1.1149192551495484,1.3990659531173302,2,2,1,0,0,3982570.714285714,1.0798321758792195,1
2024-02-22,1549.4365234375,1552.4315386183323,1515.3855496864917,1534.3693157186938,5841277.0,1.5583826617147079,0.01546364576800578,1548.9956229073662,1.0002846363951023,1.0244465766085105,1553.6296909877233,1528.5667643229167,1,1.2979017670206858,1.3315795444626657,3,2,1,0,0,4431827.285714285,1.3180290258216936,0
2024-02-23,1545.2896728515625,1565.194983220865,1540.728079066558,1563.8587905950133,5373072.0,-0.26763604208435154,-0.002679948276420876,1550.397670200893,0.9967053631158589,1.015880092332146,1552.9484078543526,1533.3879720052084,1,1.2198805807519681,1.3300536817129955,4,2,1,0,1,4661040.571428572,1.1527623322860707,0
2024-02-26,1529.9000244140625,1543.5387967991635,1515.938621902185,1543.5387967991635,2782438.0,-0.9959070268748427,-0.010008993545226068,1548.2649797712054,0.9881383641708045,1.0182066572473403,1548.3867797851562,1538.48564453125,1,1.2579191819541145,1.1297856678742615,0,2,1,1,0,4367904.428571428,0.637018974545198,1
2024-02-27,1533.0792236328125,1539.9907975363865,1523.1266247075048,1530.683233844853,5159088.0,0.20780437728062928,0.002075887626373194,1543.2557373046875,0.9934058151051177,1.0110720753976186,1546.4021606445312,1540.0476603190104,1,1.0547038205336967,1.0116729560996507,1,2,1,0,0,4407680.714285715,1.1704767959437041,1
2024-02-28,1540.129150390625,1555.380736114235,1531.6509975218291,1538.9772213327412,3188916.0,0.45985404075250536,0.004587999423658695,1539.5037493024554,1.0004062355083272,1.0154929149204355,1545.0297241210938,1540.6359130859375,0,1.0946811229358373,1.0236683957981316,2,2,1,0,0,4335955.428571428,0.7354586670764408,1
2024-02-29,1542.5711669921875,1550.2660301238518,1523.5873997921522,1534.369410109207,7814722.0,0.1585592092028909,0.0015843363680898134,1538.009521484375,1.0029659410062755,1.0175104036272151,1545.3292149135045,1541.9368245442708,0,1.0660628517089399,0.9579743002524584,3,2,1,0,0,4922860.142857143,1.5874353065542242,0
2024-03-01,1524.87744140625,1540.774061120071,1521.467776667757,1538.05555376044,6387291.0,-1.147028154327423,-0.011536572628416402,1537.8976004464287,0.9915337932535956,1.0126892496498332,1543.657261439732,1542.382234700521,0,0.9208133207077993,0.9878915325158237,4,3,1,0,1,5220972.0,1.2233911616457624,0
2024-03-04,1508.75048828125,1533.8625405850848,1505.479077403563,1527.7803779385492,4445156.0,-1.057590117545948,-0.010632223476321792,1532.0853097098213,0.984769241451058,1.0188534424739224,1540.5404663085938,1542.216357421875,0,0.6807221561957935,1.0127972098658267,0,3,1,1,0,5021526.142857143,0.8852201250257357,0
2024-03-05,1480.4591064453125,1508.8886908149464,1476.3121621695554,1505.8015436860508,4596579.0,-1.8751531188014203,-0.018929570333120264,1522.8238002232142,0.9721801735882432,1.022066152051147,1536.6107352120537,1540.5975138346355,0,0.8796104686870541,1.0851474573123812,1,3,1,0,0,4910598.571428572,0.936052689532466,1
2024-03-06,1490.6422119140625,1493.0382016771937,1452.352047887815,1477.049450044554,6420684.0,0.6878342957544081,0.006854795075229211,1517.215541294643,0.9824854619153813,1.0280139748820194,1532.7402605329241,1539.8418497721354,0,0.9800389851990731,1.090157927642625,2,3,1,0,0,5430348.0,1.1823706326003416,0
2024-03-07,1489.62841796875,1500.686936051952,1478.339514092148,1489.7666719434026,6348359.0,-0.06801054855481992,-0.000680336862196902,1511.0082833426338,0.9858505968434617,1.0151165694664717,1527.1320103236608,1538.0310180664062,0,0.95840526559692,0.9692521627386222,3,3,1,0,0,5600243.857142857,1.1335861726633485,0
2024-03-11,1475.0220947265625,1487.186533050453,1463.4106723438592,1481.9797912201366,6752895.0,-0.9805346800583092,-0.009853735787210608,1501.707275390625,0.9822301049602885,1.01624688213358,1520.60551234654,1535.9268310546875,0,0.8940016675136996,0.9797600040535128,0,3,1,1,0,6109383.714285715,1.1053316203088617,1
2024-03-12,1486.403076171875,1497.5077168540815,1472.303532549028,1474.469136594788,4614222.0,0.7715804045242081,0.007686189465193911,1493.6832624162946,0.9951260173909677,1.017118877831813,1515.846391950335,1534.585986328125,0,1.0051466201293497,1.0203921373894567,1,3,1,0,0,5652169.428571428,0.8163630015539419,0
2024-03-13,1484.974853515625,1497.0470479006656,1473.1330449489749,1486.3571684259673,5688997.0,-0.09608582484424977,-0.0009613201686462277,1487.9828927176338,0.997978445036747,1.0162334305334377,1512.9402465820312,1533.3557373046874,0,0.9746241002554219,0.9309474882014741,2,3,1,0,0,5552413.142857143,1.0245990083282193,1
2024-03-14,1523.58740234375,1527.6882245455754,1481.8414508033693,1487.7393497230903,8803799.0,2.6002156694243883,0.02566984878754188,1490.1024518694196,1.022471575986149,1.0309390547263682,1511.0938807896205,1533.1222778320312,0,1.423997347669434,1.106455258123984,3,3,1,0,0,6175076.428571428,1.4256987912353196,0
2024-03-15,1505.801513671875,1516.6757678865583,1491.3793408128192,1512.3444475668186,11809997.0,-1.1673691082319748,-0.011742363578234376,1493.7227957589287,1.0080863182561322,1.0169617657838497,1508.2732979910713,1532.4142252604167,0,1.2735328012006337,1.1416094569988429,4,3,1,0,1,7205564.714285715,1.6390106075358066,0
2024-03-18,1476.911376953125,1504.5576756669025,1473.4094674521489,1502.11556344857,4958904.0,-1.9185886357825366,-0.019372323974916388,1491.7612479073662,0.990045410433424,1.0211402253771422,1504.4883946010045,1529.6280965169271,0,1.4871749678291133,1.216587566564069,0,3,1,1,0,6996739.0,0.7087450310780493,0
2024-03-19,1438.943603515625,1473.5475961267095,1435.764324431153,1467.4193112677192,6870411.0,-2.5707550249783884,-0.02604376399047921,1484.5205601283483,0.9692985345997615,1.026315789473684,1497.7644217354912,1525.7652954101563,0,1.7495416985523489,1.3557834902820067,1,3,1,0,0,7071317.857142857,0.971588484466171,0
2024-03-20,1432.9534912109375,1451.3843544053573,1430.5575014942751,1440.371958643916,4759059.0,-0.4162854117459869,-0.0041715429165138,1478.5107596261162,0.9691870565577086,1.014558556988676,1490.1090175083705,1520.4049845377604,0,1.7355914874823555,1.3308915301458335,2,3,1,0,0,6786484.142857143,0.7012554512499624,0
2024-03-21,1432.7232666015625,1453.2276042120811,1422.309895221054,1441.293663948357,11062497.0,-0.01606643975446964,-0.00016067730545159484,1470.8422154017858,0.9740835907474885,1.021737674113715,1482.26273890904,1516.1336303710937,0,1.67134949163195,1.3249927927992469,3,3,1,0,0,7707666.285714285,1.4352589473812196,0
2024-03-22,1390.470458984375,1408.9474454626866,1380.6560012352104,1401.6672315575609,14673890.0,-2.949125529133878,-0.02993486589469573,1457.341587611607,0.9541143070398306,1.0204913057287008,1472.6622401646205,1510.5045369466145,0,1.8869488310325404,1.4703513598453462,4,3,1,0,1,8991222.42857143,1.6320239118288014,0
2024-03-26,1375.54150390625,1389.1802760076575,1371.164173630106,1374.942478317217,8351081.0,-1.0736621538173008,-0.010794674964908968,1436.192173549107,0.9577698091105888,1.0131392744384902,1463.1473127092634,1505.0766438802084,0,1.085439872119835,1.4707029512266656,1,3,1,0,0,8926548.42857143,0.9355330413343733,0
2024-03-27,1367.4320068359375,1381.3934103666109,1365.312524736159,1378.6287804592728,6857402.0,-0.5895494281548896,-0.005912941314344275,1416.4251011439733,0.9654107412608922,1.0117781719123682,1455.0739484514509,1499.0482177734375,0,1.1310451579170755,1.4276939594552287,2,3,1,0,0,8219034.857142857,0.8343317821605888,1
2024-03-28,1380.517822265625,1393.189041141791,1370.4729789851783,1370.4729789851783,12499530.0,0.9569627860303243,0.009524129012662672,1402.6545933314733,0.984217945621758,1.0165753447933237,1447.2079206194196,1493.3192911783854,0,1.388173057379408,1.447408346098324,3,3,1,0,0,9296267.142857144,1.3445751727997735,0
2024-04-01,1378.1217041015625,1409.9149438246611,1375.6797046680076,1405.3533500790074,6580002.0,-0.17356662300310743,-0.0017371742438538405,1393.9657505580358,0.9886338337580169,1.0248860538106983,1439.243155343192,1488.074169921875,0,1.2057519859755248,1.4450506981833782,0,4,2,1,0,9254780.142857144,0.710984150723284,0
2024-04-02,1366.5103759765625,1376.0023163808078,1364.667289489763,1368.353462463362,7279400.0,-0.8425473664947281,-0.00846116860746223,1384.473876953125,0.9870250343646096,1.0083060735597194,1431.4923182896205,1482.1302205403647,0,1.2051751914232856,1.442315775941135,1,4,2,0,0,9614828.857142856,0.7571013595933258,0
2024-04-03,1364.4830322265625,1377.799287158803,1359.2762903783632,1362.9624633692197,8736248.0,-0.14835919182473178,-0.0014846935304340325,1374.7252720424108,0.9925496097117416,1.013627102092161,1422.7837437220983,1475.3415242513022,0,1.1942051549641854,1.398519538613651,2,4,2,0,0,9282507.57142857,0.9411517235806034,1
2024-04-04,1370.058349609375,1378.306229462609,1352.825535267705,1373.6063812324333,11186915.0,0.40860291048945285,0.00407770395812775,1371.8092564174108,0.998723651411561,1.018835166494593,1414.5754220145088,1468.7970336914063,0,0.7117672919707442,1.4188739090086389,3,4,2,0,0,8784368.285714285,1.27350250309893,0
2024-04-05,1363.054443359375,1370.0581487632178,1360.2438042627782,1363.9299768430176,5072482.0,-0.5112122598279756,-0.005125234201513656,1370.025390625,0.9949118116252977,1.0072151363378263,1403.1087820870537,1462.4644897460937,0,0.6242373040834034,1.0908306139791493,4,4,2,0,1,8315997.0,0.6099667905123102,0
2024-04-08,1360.8427734375,1373.9747637962018,1358.446783660139,1366.6485404880466,6610887.0,-0.16225836999027576,-0.0016239015145369671,1369.0840715680804,0.9939804294697978,1.0114306871073926,1392.7545863560267,1456.9705525716147,0,0.5916846647706172,1.0968969953363115,0,4,2,1,0,8280780.571428572,0.7983410432115233,1
2024-04-09,1377.5687255859375,1395.0320353978589,1370.6111424492417,1373.099263903387,9423230.0,1.229087773761517,0.012215958160070348,1368.6627720424108,1.006507047408206,1.0178175210986375,1385.658682686942,1451.2416259765625,0,0.6734948620499702,1.1523525155221466,1,4,2,0,0,7841309.142857143,1.2017419321598704,1
2024-04-10,1388.5814208984375,1391.3920603288602,1368.0770834855082,1382.6373994109804,6744595.0,0.7994298293768187,0.007962513178584022,1370.157017299107,1.013446928612349,1.0170421514436536,1382.0613839285713,1446.018017578125,0,0.7360886277318828,1.0297159603863961,2,4,2,0,0,7864822.428571428,0.8575648161486963,0
2024-04-12,1368.26123046875,1388.581302495331,1363.4231287950938,1386.0009366054892,12275616.0,-1.4633776690271438,-0.01474190659621262,1370.4071393694196,0.9984341084930008,1.0184522127935958,1377.4405081612724,1440.630057779948,0,0.891118656164246,1.0796056038207744,4,4,2,0,1,8578567.57142857,1.4309633744548063,0
2024-04-15,1352.9637451171875,1374.8964069734686,1346.420810540168,1363.884010132131,8531224.0,-1.1180237377859337,-0.011243206007826058,1368.7615269252233,0.9884583387995104,1.0211491059930042,1371.743399483817,1434.6262084960938,0,0.9916557787193473,1.0954836646998027,0,4,2,1,0,8549278.42857143,0.9978881927027793,0
2024-04-16,1303.476806640625,1340.983684459676,1302.1867360834249,1337.159257468646,16173541.0,-3.65766922100903,-0.037262391815320664,1359.2498779296875,0.9589677569999034,1.0297936903373324,1365.5295671735491,1426.7377970377604,0,1.6227413221684603,1.2302532693799952,1,4,2,0,0,9261653.57142857,1.7462908621300657,1
2024-04-18,1307.900146484375,1331.3533752077965,1297.072014216493,1309.6049788534715,22107945.0,0.3393493325861252,0.0033877484205813093,1351.3706926618304,0.9678322562317595,1.0264298054507108,1360.698041643415,1418.9154296875,0,1.6701850878342088,1.233401120072792,3,4,2,0,0,11695291.142857144,1.8903287425642539,0
2024-04-19,1300.52783203125,1314.903883353496,1270.5776782377934,1276.3373231980736,20603621.0,-0.5636756347907501,-0.005652702811423087,1342.7542724609375,0.9685523693383624,1.0348866550033997,1355.9191720145088,1411.437109375,0,1.6604664019257085,1.2330377182695578,4,4,2,0,1,13694253.142857144,1.50454506609926,1
2024-04-22,1320.3409423828125,1324.119246782661,1302.186587404506,1308.4991354557612,5859087.0,1.5234668465816004,0.015119786229975361,1334.5788748604912,0.9893315166710045,1.0168429467714537,1351.6208234514509,1405.1567911783854,0,1.718226645688718,1.2873454047309005,0,4,2,1,0,13185089.857142856,0.44437217064743123,1
2024-04-23,1329.23388671875,1333.334708815105,1320.5713584494297,1329.7867901203954,4856174.0,0.6735339373698856,0.006712758312824934,1326.1006556919642,1.0023627399725181,1.0096650213439897,1348.1288364955358,1400.1159505208334,0,1.7018214578002422,1.3138878574395996,1,4,2,0,0,12915315.42857143,0.3760011922943135,0
2024-04-24,1318.4979248046875,1330.9848800805114,1315.0882599841418,1330.9848800805114,4268213.0,-0.8076804256446191,-0.0081095983402405,1318.9916120256696,0.9996257085970214,1.0120878731717682,1344.6993756975446,1394.3778076171875,0,1.664627423646181,1.3127098674540298,2,4,2,0,0,11771400.714285715,0.3625917682693545,1
2024-04-25,1325.59375,1331.5377710414832,1308.5913232271268,1308.5913232271268,9089398.0,0.5381749232835187,0.005367319369218705,1315.0816127232142,1.0079935246414233,1.0175352284606076,1341.9215698242188,1388.9099853515625,0,1.6823736693624878,1.3293976054266021,3,4,2,0,0,11851139.857142856,0.766964031271784,0
2024-04-26,1318.0372314453125,1331.9986341616486,1315.0422158870554,1326.7457701482465,8062444.0,-0.570047841179655,-0.005716788150601404,1317.1616734095983,1.0006647308780612,1.0128942007106254,1338.205775669643,1383.677156575521,0,0.8456751236279156,1.3207480393382687,4,4,2,0,1,10692411.714285715,0.7540341894268888,1
2024-04-29,1322.18408203125,1326.8379201034072,1316.1940513407444,1317.7606297548816,5055957.0,0.31462317505175363,0.003141292720247873,1319.2022356305804,1.0022603406211212,1.0080868537217749,1335.2864641462054,1378.2031901041667,0,0.8448615258235825,1.327471091519423,0,4,2,1,0,8256413.428571428,0.6123672274578443,0
2024-04-30,1309.0982666015625,1323.8429581264434,1306.3336369406477,1322.1380131744238,6936588.0,-0.9897120686541583,-0.00994642275421171,1320.4265834263392,0.9914207143608234,1.0134034068255346,1331.5904279436384,1372.3406372070312,0,0.9177449907526766,1.3435562634455356,1,4,2,0,0,6303980.142857143,1.1003505472427046,0
2024-05-02,1303.476806640625,1312.2775896866656,1301.08081668616,1302.1406139236367,10076354.0,-0.4294146669012733,-0.004303392996371394,1318.0174211774554,0.9889678130932136,1.008605747511537,1326.2981480189733,1365.0036173502604,0,0.6773592122271944,1.27264263332191,3,5,2,0,0,6906446.857142857,1.4589779967073413,1
2024-05-03,1305.1817626953125,1313.0148803966708,1293.109456008172,1310.5266461015715,8842345.0,0.13080064378603318,0.0013071517426562946,1314.5814034598213,0.9928497080973684,1.015393456676086,1320.341029575893,1358.3162923177083,0,0.5883958691140917,1.236753986554539,4,5,2,0,1,7475899.857142857,1.182780022334244,1
2024-05-06,1314.0284423828125,1332.274929844339,1305.9188174045355,1308.5913151241766,6445422.0,0.6778120826045564,0.006755252642461946,1313.942905970982,1.0000650990324174,1.0201820450770327,1316.4672589983259,1352.8868611653645,0,0.6243253002608574,1.232084922353331,0,5,2,1,0,7786929.714285715,0.827723151035431,1
2024-05-07,1327.8975830078125,1330.1093091097507,1304.5364861962978,1313.1528923189749,6080661.0,1.055467307834701,0.010499361374015203,1314.2720249720983,1.0103673804028535,1.0196029955344652,1314.6768188476562,1349.1853271484374,0,0.7272421533977035,1.2552634111481442,1,5,2,0,0,7357110.142857143,0.8265012867727121,0
2024-05-08,1315.3187255859375,1326.7918940500197,1313.7520345652565,1322.644949425449,6234983.0,-0.9472761742199021,-0.009517913718555593,1313.8836669921875,1.0010922265264437,1.0099256626377582,1315.522670200893,1345.2641682942708,0,0.7901226769511366,0.7923370268653788,2,5,2,0,0,7096044.285714285,0.8786561567199109,1
2024-05-09,1326.607421875,1336.1913801730982,1313.060670734901,1315.5489046143746,6088406.0,0.8582479721052971,0.008545859620313172,1314.5155726841517,1.0091987112531178,1.0176158725592257,1316.8589041573662,1341.7269734700521,0,0.8534538073416996,0.8177591347515716,3,5,2,0,0,7243537.0,0.8405294264390449,0
2024-05-10,1313.1068115234375,1323.289795482951,1302.1404259190676,1322.4604966710783,8777481.0,-1.0176793924822958,-0.010228931522801995,1315.0882219587054,0.9984933250848246,1.0162420036602087,1317.7574026925224,1339.1481852213542,0,0.8591831502202935,0.8544760312654242,4,5,2,0,1,7506521.714285715,1.169314009082997,0
2024-05-13,1311.7705078125,1313.198944644248,1300.4816046041549,1313.198944644248,3735954.0,-0.1017665660714373,-0.0010181838339941368,1316.2730364118304,0.9965793353850017,1.0097789465034104,1317.145228794643,1337.0224853515624,0,0.8375655252282066,0.7456018266486166,0,5,2,1,0,6600750.285714285,0.5659892948966061,1
2024-05-14,1312.922607421875,1321.2626187308836,1306.7944348778417,1314.489298423798,3463230.0,0.08782783288032725,0.0008778928680698781,1317.378871372768,0.9966173254727781,1.0110715070916219,1315.9801374162946,1335.2055053710938,0,0.837405383579569,0.7181759821641241,1,5,2,0,0,5832305.285714285,0.5938012210168206,0
2024-05-15,1308.545166015625,1319.4655424641765,1307.255095585117,1314.120547134986,4327544.0,-0.33341199104232055,-0.0033396904736085376,1316.5955461774554,0.9938854569383867,1.009340523452765,1315.2692260742188,1332.806416829427,0,0.8052061469460473,0.6922200872346903,2,5,2,0,0,5529751.285714285,0.7825928828263756,1
2024-05-16,1339.3248291015625,1341.5365553493357,1315.0421875208667,1321.4468679639122,9249145.0,2.3522048673075835,0.023249668313235786,1318.2280099051338,1.0160039227189133,1.020147161878066,1316.2500174386162,1331.5131876627604,0,1.1702176691294481,0.9374929888317265,3,5,2,0,0,5982391.857142857,1.5460613782690789,0
2024-05-17,1330.9849853515625,1342.6885398437046,1326.33114685659,1342.6885398437046,7542860.0,-0.6226901472135338,-0.00624636948210355,1320.4660470145088,1.0079660801281762,1.0123328122285913,1317.1748570033483,1330.3290079752603,0,1.1260937843432541,0.9403919217151165,4,5,2,0,1,6169231.428571428,1.222657974065767,0
2024-05-21,1321.631103515625,1331.3533160495845,1316.3322305136044,1317.8066770242508,6752663.0,-0.7027789147799335,-0.007052600371654127,1319.7551443917412,1.0014214448277436,1.0114113178935984,1317.1353585379463,1328.9006103515626,0,1.122724737581051,0.9594786145632102,1,5,2,0,0,6264125.285714285,1.077989773831608,1
2024-05-22,1340.6610107421875,1345.4068679388222,1315.9636094884577,1316.6547668463822,7173285.0,1.4398804005097743,0.014296125683072742,1323.6914585658483,1.0128198698167357,1.022373915386467,1319.3898402622767,1327.9206990559896,0,1.152922802734111,0.9858131690609875,2,5,2,0,0,6034954.428571428,1.1886228943236665,1
2024-05-23,1356.880126953125,1362.17899995001,1336.2375383449094,1340.5687460581837,8641428.0,1.2097850299949142,0.012025256210807732,1330.1356898716517,1.0201065479898925,1.0194138099407326,1323.2043631417412,1327.7148885091146,1,1.182421301072181,1.005674103316667,3,5,2,0,0,6735736.428571428,1.2829225269779072,0
2024-05-24,1350.15283203125,1359.7369031866842,1345.4529845154584,1353.0557154211108,5277938.0,-0.49579139588263876,-0.0049702451892418295,1335.4542933872767,1.011006395888467,1.0106164383561644,1326.4165823800224,1327.3585571289063,1,1.2349251325412318,1.0271090870941686,4,5,2,0,1,6994980.428571428,0.7545322040419066,1
2024-05-27,1355.9124755859375,1363.5152064855856,1345.6833692377495,1356.3732471556132,5821844.0,0.4265919692974629,0.004256846452219849,1342.2210518973213,1.0102005729006132,1.0132511389049392,1329.4082990373884,1326.6366821289062,1,1.1916578512921205,1.0211833996553783,0,5,2,1,0,7208451.857142857,0.8076413792277926,0
2024-05-28,1351.9500732421875,1360.1978403527887,1345.7296562893546,1359.7370687266528,6186922.0,-0.2922314246011859,-0.002926592543340534,1344.024658203125,1.005896778002316,1.0107511817071253,1331.1263340541295,1325.4156372070313,1,0.8943572043426035,1.0006153287833939,1,5,2,0,0,6770991.428571428,0.9137394523781494,0
2024-05-29,1337.113037109375,1350.5215354265988,1336.237616082271,1350.4294036068611,7401634.0,-1.0974544420291332,-0.01103520898519091,1344.9000941685267,0.9942099364161574,1.0106896551724138,1332.683070591518,1324.3773640950521,1,0.9759019863784094,1.0138043615753805,2,5,2,0,0,6750816.285714285,1.0964057806850618,0
2024-05-30,1315.4566650390625,1336.09925316506,1310.0196506941504,1329.6024417469166,9663150.0,-1.619636595356977,-0.01632896074031379,1344.018031529018,0.978749268372938,1.019907794861772,1331.8865879603795,1323.127128092448,1,1.143924486268899,1.0889313823678657,3,5,2,0,0,7166600.142857143,1.348359027624994,1
2024-05-31,1322.4598388671875,1350.5182603744363,1315.973944335626,1325.1858078435043,37113815.0,0.53237586719872,0.0053096375648608975,1341.4178641183037,0.9858671740117484,1.02625,1332.5546613420759,1323.7598958333333,1,0.9859596764159339,1.061966199503543,4,5,2,0,1,11443818.714285715,3.2431320284434024,0
2024-06-03,1321.519775390625,1353.5731158092904,1319.7337879140582,1353.5731158092904,10589244.0,-0.07108446312953376,-0.0007110974011340787,1336.3663853236608,0.9888903147399656,1.0256410256410255,1333.2510375976562,1324.2138834635416,1,0.7800361693799697,1.0616473573029783,0,6,2,1,0,11722078.142857144,0.90335893268657,0
2024-06-04,1310.005126953125,1330.0737072910483,1276.823736979712,1324.4338187795668,13736134.0,-0.8713186629459524,-0.008751368391753882,1330.6309988839287,0.9844991797514836,1.0417050284773821,1333.0426461356026,1324.5297932942708,1,0.8024097049236699,1.090147687566286,1,6,2,0,0,12930391.857142856,1.0623138224857467,1
2024-06-05,1344.2672119140625,1351.6930870098186,1316.1148183429186,1316.1148183429186,9233424.0,2.61541609692979,0.02581798981756348,1328.9673897879463,1.0115125639979454,1.0270328000042546,1335.5942208426338,1325.3273356119792,1,1.3969474399721689,1.2895714530424984,2,6,2,0,0,13417760.42857143,0.6881494157801914,1
2024-06-06,1383.8875732421875,1385.8145809499692,1351.2232206049546,1358.2260359203012,12660930.0,2.947357562319075,0.02904757996172956,1333.5298897879463,1.0377626957144912,1.0256000339673912,1338.7772739955358,1327.1491251627604,1,1.8053223184634615,1.3730745500270147,3,6,2,0,0,14342618.714285715,0.8827488377271929,1
2024-06-07,1441.5552978515625,1447.2891608293014,1388.587374577647,1392.112304450496,24075302.0,4.167081613015022,0.04082597799726529,1348.4502127511162,1.0690459938528192,1.0422744634773229,1346.6751534598213,1331.2510375976562,1,2.1638069069411534,1.6989154085268112,4,6,2,0,1,16724571.285714285,1.439516839547602,0
2024-06-10,1409.7369384765625,1437.9834221145236,1407.434030215548,1433.753506313127,6810606.0,-2.20722433765953,-0.022319480158956767,1361.9188232421875,1.0351108409828267,1.0217057362854136,1352.9684273856026,1334.055810546875,1,2.294354700951014,1.8292108815798414,0,6,2,1,0,16317065.0,0.41739160811089493,0
2024-06-11,1405.9771728515625,1416.0349278896924,1404.2851604414927,1410.0191387512723,4853054.0,-0.266699802096626,-0.00267056079620773,1373.8498709542412,1.023384870921163,1.0083670808317207,1357.6338675362724,1336.9871419270833,1,2.3418200844937114,1.8169603529121792,1,6,2,0,0,11708384.857142856,0.4144938912765008,0
2024-06-12,1396.060302734375,1418.1969101793593,1393.7573942458623,1416.5519427607585,9564320.0,-0.70533649540514,-0.007078357523117093,1384.4985177176338,1.0083508829144874,1.0175349856685214,1360.4324515206474,1339.4496826171876,1,2.3973531100298784,1.8197870326344558,2,6,2,0,0,11561967.142857144,0.827222554935968,1
2024-06-13,1404.28515625,1414.6719965407349,1399.961264790733,1405.2721826102318,7307565.0,0.5891474386540141,0.005874187514860994,1397.9670933314733,1.0045194646917406,1.0105079562699193,1364.2990461077009,1342.622578938802,1,2.2875451042233608,1.810094350611892,3,6,2,0,0,10643600.142857144,0.6865689148332074,0
2024-06-14,1399.5382080078125,1413.4498626747718,1396.8592841989566,1413.4498626747718,4237727.0,-0.33803307120782167,-0.0033860569379394728,1405.8629499162946,0.9955011675150421,1.011877057813543,1367.4151698521205,1345.8246256510417,1,2.215465945520515,1.8173786933290939,4,6,2,0,1,9929929.142857144,0.42676306537880054,1
2024-06-18,1408.280029296875,1416.5519111720494,1405.6481503320963,1407.152097561087,5420939.0,0.6246218387639502,0.006226791619489341,1409.3475864955358,0.9992425167439954,1.0077571053875587,1371.4387381417412,1349.2612345377604,1,1.9647064894156434,1.8131769799398365,1,6,2,0,0,8895644.714285715,0.6093924807152418,1
2024-06-19,1420.640869140625,1424.682835067257,1406.8701186508476,1414.672010185947,5493456.0,0.877725991038969,0.00873896369205158,1406.3598109654017,1.0101546261944303,1.0126612372956583,1377.4050118582588,1352.8149820963542,1,1.0623848640656937,1.7718561896909892,2,6,2,0,0,6241095.285714285,0.8802070387507761,1
2024-06-20,1424.44775390625,1426.4216917830183,1409.1260120772156,1425.2937600659554,7927010.0,0.2679695374333324,0.0026761113919100696,1408.4613560267858,1.0113502566549366,1.0122740475710237,1385.1900896344866,1356.033321126302,1,0.5923166051364193,1.6713722405863458,3,6,2,0,0,6400581.571428572,1.2384827709071347,1
2024-06-21,1440.709228515625,1464.2558049305671,1432.2493971920012,1452.2710438887668,17301941.0,1.14159852930944,0.011351314653631933,1413.4230782645088,1.0193050125406329,1.0223469514466657,1393.636474609375,1360.2130045572917,1,0.6622659046870671,1.6778710384573,4,6,2,0,1,8178994.0,2.1154118709464758,0
2024-06-24,1435.4925537109375,1437.325471461373,1424.4477727552649,1433.0486251290845,5564989.0,-0.36209074679575126,-0.0036274788210399903,1419.0562569754463,1.0115825547117654,1.0090404849882275,1401.77738734654,1363.842508951823,1,0.5784071897146927,1.688943998231122,0,6,2,1,0,7607661.0,0.731498025477213,1
2024-06-25,1449.4041748046875,1451.237207255743,1429.1006009006553,1434.4115183965616,4551525.0,0.9691183042215501,0.00964452473510009,1425.5018310546875,1.0167676696229253,1.0154898866749735,1411.7344621930804,1368.3857543945312,1,0.615727313568563,1.635927161873702,1,6,2,0,0,7213941.0,0.6309346028751829,0
2024-06-26,1448.2291259765625,1455.889996430208,1442.8712785271127,1448.5111662607692,4851004.0,-0.08107116348573529,-0.000811040439257179,1432.4576764787946,1.0110100631639858,1.009022785398005,1419.1603131975446,1372.934375,1,0.5662830658492061,1.5544923665246149,2,6,2,0,0,7301552.0,0.6643798469147382,1
2024-06-27,1478.9195556640625,1483.6665071274144,1440.0983968135813,1446.1141853395814,14757754.0,2.119169483406491,0.020970273600519562,1442.549037388393,1.0252126737691463,1.0302535649023938,1425.9483119419642,1378.4676066080729,1,0.8404038275742411,1.4694533145689095,3,6,2,0,0,8635382.714285715,1.7089866758986725,0
2024-06-28,1472.7156982421875,1493.160291468144,1470.3657449978248,1478.1676356666335,8197544.0,-0.4194857927272033,-0.0042036810268647066,1449.9882986886162,1.0156741951463513,1.0155026370465077,1428.1740548270088,1383.9399576822916,1,0.9337161664714269,1.0315216966137697,4,6,2,0,1,9021681.0,0.9086492860920266,1
2024-07-01,1495.3223876953125,1503.8761950899986,1465.900925341744,1465.900925341744,6801771.0,1.5350341875290718,0.015233717347373305,1460.113246372768,1.0241139797957532,1.025905754673974,1434.2873011997767,1389.1398763020834,1,0.9975064459908183,0.838289538965511,0,7,3,1,0,8860932.57142857,0.767613447588103,1
2024-07-02,1523.7567138671875,1535.7414752975033,1491.2803144467298,1500.3980870491323,10493173.0,1.9015515587712084,0.01883698041290462,1471.9771728515625,1.0351768641325572,1.029814086875591,1442.7001255580358,1395.5656005859375,1,1.0905529153632065,0.8987560881049699,1,7,3,0,0,7888251.428571428,1.3302280099736028,1
2024-07-03,1529.7255859375,1537.809402144264,1509.609963229638,1527.4696078755678,7269965.0,0.39172080529601416,0.003909555770706394,1485.4390345982142,1.0298137791641273,1.0186799501867996,1452.2476457868304,1402.5020833333333,1,0.9880530614431581,0.822674697850743,2,7,3,0,0,8131819.428571428,0.8940145638818204,1
2024-07-04,1551.5802001953125,1560.3690026530594,1530.2896001922777,1530.4775505601317,8008311.0,1.4286623992380232,0.014185531885450227,1500.035609654018,1.0343622446091019,1.0196560196560196,1462.7687203543526,1409.5327229817708,1,1.0072069889016422,0.8474649402070386,3,7,3,0,0,8625646.0,0.9284302880039361,0
2024-07-05,1548.5721435546875,1565.8678223873435,1535.3184302011182,1552.3320687468383,7065022.0,-0.19387052246776504,-0.001940586946113862,1514.370326450893,1.022584843684801,1.0198977564427618,1473.4140014648438,1415.9224568684897,1,1.0277467259046187,0.8344175181064606,4,7,3,0,1,8941934.285714285,0.790099968782721,1
2024-07-08,1561.9200439453125,1566.008939897241,1541.569424628737,1544.483343885064,5880533.0,0.8619488892513294,0.008582553190952419,1526.2275390625,1.0233860967446158,1.0158536585365852,1484.3882882254463,1422.9813639322917,1,0.8937828964683564,0.8345529627622751,0,7,3,1,0,7673759.857142857,0.7663170478974928,0
2024-07-09,1557.6900634765625,1566.7138611771477,1551.9091554243114,1560.2750121000736,5191182.0,-0.2708192704964141,-0.0027118664932111983,1538.366734095982,1.0125609381380283,1.0095396729254997,1494.1775163922991,1429.7072835286458,1,0.8615344353331295,0.875986439926666,1,7,3,0,0,7244279.571428572,0.7165905110114764,0
2024-07-10,1549.32421875,1573.5287378659184,1539.2664644712022,1557.5490553427878,9852770.0,-0.5370673488082067,-0.005385147401308299,1546.0812813895088,1.0020975206152012,1.0222588318433135,1503.0972638811384,1436.2864217122396,1,0.9237293799312416,0.9287814677752398,2,7,3,0,0,7680136.571428572,1.282889947120732,1
2024-07-11,1553.507080078125,1565.0688961998292,1543.4963708254108,1556.6090643284788,8857679.0,0.2699797290653505,0.002696159384217142,1550.331333705357,1.0020484307474955,1.0139764017474704,1511.15425327846,1443.4995564778646,1,0.6911600405270324,0.9192841314292247,3,7,3,0,0,7446494.571428572,1.1895098982527963,1
2024-07-12,1609.012939453125,1616.532789615605,1566.619807110906,1579.1685341207829,17078316.0,3.5729389384056454,0.03510590255851308,1561.6580984933037,1.0303234369965548,1.0318603034878937,1523.5485665457588,1453.284765625,1,1.4294537425971356,1.18436386054193,4,7,3,0,1,8847687.57142857,1.9302575799749324,0
2024-07-15,1604.59521484375,1624.2877782953476,1600.4592739409936,1622.5957659620965,6942230.0,-0.27456116113501183,-0.002749387716305799,1569.2316720145088,1.0225355780538403,1.0148885415220084,1534.6336408342634,1462.689278157552,1,1.4362690703736443,1.218849554579431,0,7,3,1,0,8695390.285714285,0.7983804949394204,1
2024-07-16,1622.454833984375,1633.593589888385,1597.9682742375037,1615.451904171574,6886281.0,1.1130295650522815,0.011068809726883509,1579.786342075893,1.027009026962731,1.022294132008272,1547.078334263393,1472.7204467773438,1,1.4174062842908126,1.19889052742727,1,7,3,0,0,8669855.857142856,0.7942786031819182,1
2024-07-18,1652.5343017578125,1659.443141913382,1615.827983176718,1615.827983176718,11248896.0,1.8539479277564386,0.018369718110774296,1592.731236049107,1.0375474934848716,1.0269924516661215,1559.4793875558037,1484.1380859375,1,1.4869246696745975,1.1787305340313539,3,7,3,0,0,9436764.857142856,1.192028854198429,1
2024-07-19,1685.3394775390625,1733.3255702708211,1679.2295989019908,1733.3255702708211,29819116.0,1.98514340951077,0.019656963839839923,1610.9668666294642,1.0461664435502662,1.032214755745255,1574.6668003627233,1495.5071614583333,1,1.4557002947743234,1.1620716338266834,4,7,3,0,1,12955041.142857144,2.3017384253110604,1
2024-07-22,1702.1651611328125,1713.5859571917674,1685.3394724496927,1692.1074068427615,8462126.0,0.9983557507546648,0.009934051025154033,1632.8012869698662,1.0424815161014915,1.0167601158127613,1589.4412841796875,1506.1164143880208,1,1.263830337243509,1.1509435144167945,0,7,3,1,0,12756377.714285715,0.663364333475589,1
2024-07-23,1726.6517333984375,1729.5186076175692,1676.2217119382558,1701.3662125939957,7113056.0,1.4385544261362293,0.014283054068293213,1657.5362374441963,1.0416977284676516,1.031795850930534,1603.9337855747767,1515.61962890625,1,1.1695396251849914,1.1274709916791334,1,7,3,0,0,12507145.857142856,0.5687193610153446,0
2024-07-24,1723.8787841796875,1731.774650620721,1710.3900744958237,1727.2157639340674,6002845.0,-0.16059690353955602,-0.0016072599860031526,1673.9456438337054,1.029829606791547,1.0125027480244242,1617.8018711635045,1526.0910237630208,1,0.9014830688414542,1.1560278383974076,2,7,3,0,0,10924935.714285715,0.5494627297578083,0
2024-07-25,1715.324951171875,1721.0118842620095,1703.246213719811,1710.7660645530111,5815599.0,-0.49619689541471335,-0.004974320397356251,1689.7641775948662,1.0151268288888635,1.0104304770497032,1629.4979248046875,1536.4026163736978,1,0.9557013901848762,1.197336810583321,3,7,3,0,0,10763988.42857143,0.5402829107994342,1
2024-07-26,1766.1309814453125,1769.9848820315087,1715.7949342558115,1715.7949342558115,11369047.0,2.9618895381150923,0.02918872928867607,1710.289341517857,1.032650405151854,1.03158299788267,1645.037841796875,1548.7383056640624,1,1.2226708535046735,1.3032546610177338,4,7,3,0,1,11404383.57142857,0.9969014922019022,0
2024-07-29,1758.7991943359375,1788.784624281326,1752.12534926978,1779.9487760733678,4635931.0,-0.41513269323745217,-0.004159967611838937,1725.4700404575892,1.0193159852659681,1.020922746781116,1659.1006382533483,1560.555440266927,1,1.3249166228548537,1.3536987154641114,0,7,3,1,0,10459674.285714285,0.44321944196022495,1
2024-07-30,1764.4859619140625,1767.1178407699306,1748.365259289592,1758.7990290172347,2721265.0,0.32333239612791775,0.00322810800957676,1736.7766810825892,1.0159544293364196,1.0107257801999328,1673.8717738560267,1572.7203653971353,1,1.2448977626645026,1.3245200181378236,1,7,3,0,0,6588552.714285715,0.41302925209956687,0
2024-07-31,1756.1199951171875,1772.0057014153294,1753.1121009722235,1764.344831170861,5004209.0,-0.4741305387207406,-0.004752581030558226,1744.4845145089287,1.0066698675233205,1.0107771775875758,1688.6429007393974,1584.315030924479,1,1.3021362444150435,1.3193553091751642,2,7,3,0,0,6094564.571428572,0.8210937699240766,0
2024-08-01,1741.409423828125,1755.7911843622094,1734.3595637121657,1744.699358548906,7475014.0,-0.837674608225214,-0.008412028190716972,1746.5927559988838,0.9970323178354221,1.012357080445402,1702.06449672154,1595.0073160807292,1,1.299491698517547,1.3917147642563998,3,8,3,0,0,6146272.857142857,1.2161864879319428,0
2024-08-02,1711.8939208984375,1747.895251074617,1707.147084115294,1732.3855594141,7400938.0,-1.6949203631162035,-0.017094485328931812,1744.8806326729912,0.9810951470508208,1.0238691600380996,1709.4131382533483,1604.5888549804688,1,1.4741055154692113,1.301633482102115,4,8,3,0,1,6346000.428571428,1.1662366057649405,0
2024-08-05,1646.7532958984375,1689.6164211011132,1615.4049418548652,1677.819609648751,10736703.0,-3.8051788259060415,-0.03879466371465686,1735.084681919643,0.9490910230828167,1.0459398614696793,1712.4244297572545,1611.4569905598958,1,2.0456705170912866,1.7259788862809242,0,8,3,1,0,7049015.285714285,1.5231493428251286,0
2024-08-06,1646.0013427734375,1689.0994653436978,1640.126459251215,1654.5551502330295,7690163.0,-0.045662767268961346,-0.0004567319588531869,1717.923304966518,0.9581343579278807,1.0298592866521044,1714.1063232421875,1618.4739501953125,1,1.3939453894898592,1.7064647354864488,1,8,3,0,0,6523460.428571428,1.1788471907208407,1
2024-08-07,1684.11767578125,1689.9925594528395,1656.341179884447,1688.206571867912,5094329.0,2.315692704332073,0.022892874074412182,1707.2545166015625,0.9864479252534833,1.0203166956041871,1716.3622785295759,1626.297733561198,1,1.879955742412717,1.7466171823203096,2,8,3,0,0,6588945.857142857,0.7731629778802033,0
2024-08-08,1638.5284423828125,1673.1196857214622,1623.4416964698462,1673.1196857214622,6227910.0,-2.7070099705051143,-0.027443244309324363,1689.2605852399554,0.9699678407816894,1.0306004147605918,1713.0186331612724,1632.641044108073,1,1.9775592035349123,1.8160929766351754,3,8,3,0,0,7089895.142857143,0.8784206077115869,1
2024-08-09,1664.471923828125,1673.8717370362467,1650.6071993461458,1664.9419144885312,4258524.0,1.5833403177051064,0.01570936246027287,1676.168003627232,0.9930221315680786,1.0140945330296127,1710.3262590680804,1638.826123046875,1,2.213711679736847,1.851807779252327,4,8,3,0,1,6983368.714285715,0.6098094163764312,1
2024-08-12,1689.5225830078125,1695.2564465708765,1661.9810822256,1666.634058979033,4315329.0,1.5050214317868127,0.014938083504392862,1668.7555977957588,1.0124445935878714,1.0200215060815956,1707.6741768973213,1646.0530192057292,1,2.3684490263130966,1.856256621468261,0,8,3,1,0,6531985.142857143,0.6606458688472217,1
2024-08-13,1689.5693359375,1701.366147109179,1681.673584839887,1701.366147109179,4176918.0,0.002767227272237882,2.7671889852103254e-05,1665.566371372768,1.0144112927453912,1.011710097873225,1705.2235020228795,1652.5279174804687,1,2.300529043617326,1.8566244445951265,1,8,3,0,0,6071410.857142857,0.6879649719448593,1
2024-08-14,1713.821044921875,1715.4660123309595,1689.5694795075583,1693.8464406687062,7450718.0,1.4353781445091363,0.014251741207275482,1675.1474783761162,1.0230866637385556,1.0153272967684934,1705.1160801478795,1658.8633951822917,1,1.6899516238138041,1.898411167822545,2,8,3,0,0,5601984.428571428,1.3300140503782194,1
2024-08-16,1747.378173828125,1750.1041425189478,1719.6957707243737,1738.9653871768742,7335657.0,1.9580299241674703,0.019391071286930787,1689.6298828125,1.034178071542804,1.0176824135479297,1703.7765938895088,1666.1184814453125,1,1.7345838653412298,1.7944752437208953,4,8,3,0,1,5551340.714285715,1.3214207841940884,1
2024-08-19,1752.877197265625,1755.4621458747315,1738.2133969970969,1748.365241068568,2585989.0,0.31470139205487246,0.003142072436805137,1699.452671595982,1.0314363127391308,1.009923263108795,1703.3535940987724,1672.8283813476562,1,1.6176558077394432,1.7940019017650042,0,8,3,1,0,5193006.428571428,0.49797531267670575,1
2024-08-20,1759.8330078125,1772.5227558229078,1756.0730824760828,1767.1649081160394,3870333.0,0.3968224675251486,0.003960372038876639,1716.7818952287946,1.0250766347800797,1.0093673056725125,1703.021240234375,1679.87041015625,1,0.7665014836543563,1.7951563308939096,1,8,3,0,0,4856209.714285715,0.7969863798539177,1
2024-08-21,1760.3028564453125,1766.2247842698705,1755.0389843478197,1762.5588344138969,1966902.0,0.02669847824916527,0.0002669491483969779,1730.4720284598213,1.0172385496528606,1.006373533592023,1703.3200160435267,1686.4831705729166,1,0.8034523559505768,1.7900450633479459,2,8,3,0,0,4528835.142857143,0.43430638077038164,1
2024-08-22,1767.39990234375,1779.9956751616294,1757.4830533776285,1770.9248323444356,4300287.0,0.40317186741201105,0.004023613075411607,1741.5973597935267,1.0148154465239212,1.0128095811454538,1705.176478794643,1693.4734985351563,1,0.7497335342280681,1.7743222400850602,3,8,3,0,0,4526686.285714285,0.9499856470220223,0
2024-08-23,1750.339111328125,1769.6087274887373,1745.5452297686368,1765.4727869250148,5015935.0,-0.9653045127478332,-0.009699937782882655,1750.2787562779017,1.0000344831073376,1.013785662674172,1707.922563825335,1700.1739949544271,1,0.950927797108361,1.7269772485982402,4,8,3,0,1,4646545.857142857,1.079497578247141,1
2024-08-26,1763.546142578125,1775.3898853769442,1752.1253455156184,1757.7652339668489,3728589.0,0.7545412865726853,0.007517088627554177,1757.3823416573662,1.0035073761552342,1.0132778969957081,1716.2649100167412,1707.1752970377604,1,0.8720416897546567,1.2950011845032576,0,8,3,1,0,4114813.1428571427,0.9061381089618651,1
2024-08-27,1786.05859375,1788.5495673509674,1761.431127538951,1763.5460856398784,3830679.0,1.2765444934128123,0.012684653474751171,1762.9081159319196,1.0131319820975708,1.0153956855809094,1726.26899937221,1713.0768188476563,1,0.6897500000827651,1.3004698754167507,1,8,3,0,0,3614102.0,1.0599255361359474,1
2024-08-28,1822.7177734375,1833.903574209478,1783.520597887289,1792.450420519267,6514531.0,2.0525183113131007,0.020317380193202297,1772.8853410993304,1.028108096549137,1.0282491698620535,1736.1690063476562,1720.3475708007813,1,0.9522771254065077,1.275309937498603,2,8,3,0,0,4175322.285714286,1.5602462646510502,0
2024-08-29,1817.3128662109373,1833.433568834404,1805.610144647818,1816.9838956969515,7228284.0,-0.2965301214114757,-0.00296970643044422,1781.0967494419642,1.0203336044380071,1.0154094305844814,1748.9393223353795,1726.8428385416667,1,1.0069989626058922,0.908114997264954,3,8,3,0,0,4655029.571428572,1.552790135720175,1
2024-08-30,1827.041748046875,1832.9636765918533,1812.284086394407,1821.6839001205192,13466759.0,0.5353443546692205,0.005339164805408914,1790.6308768136162,1.0203341021897552,1.0114107883817425,1760.5514526367188,1732.6597534179687,1,0.988319264158739,0.876447742352517,4,8,3,0,1,6297866.285714285,2.1383050050692907,1
2024-09-02,1846.59326171875,1857.1680513315453,1826.1957134298164,1826.7126342979327,5573739.0,1.070118605268644,0.010644333594067565,1801.9442138671875,1.0247782631160043,1.016960032089638,1771.770786830357,1738.0348795572916,1,1.0052499581284537,0.8519947948038323,0,9,3,1,0,6479788.0,0.8601730488713519,0
2024-09-03,1824.73876953125,1848.9432889467964,1820.2268132183983,1848.9432889467964,4694322.0,-1.1835032998635864,-0.011905624523162617,1812.5727364676338,1.0067120247473906,1.0157763172808247,1781.425746372768,1742.1206665039062,1,1.0646779937435396,0.9709643167586457,1,9,3,0,0,6433843.285714285,0.7296295218168088,0
2024-09-04,1807.0670166015625,1811.5319278069885,1786.0115271331308,1805.7980647866773,4778310.0,-0.9684538534919795,-0.009731738666450034,1818.790004185268,0.9935545128592475,1.0142890458914464,1788.086172921317,1744.8011759440103,1,1.2122805799744822,1.0149673884248624,2,9,3,0,0,6583803.428571428,0.7257674157256562,1
2024-09-05,1817.1248779296875,1823.563726903238,1794.9882723576418,1810.638983993486,4081810.0,0.5565848546690955,0.005550416447007673,1823.2280447823662,0.9966525488294542,1.0159195772951004,1793.068080357143,1747.9093790690104,1,1.1500218989089526,0.9116228205921222,3,9,3,0,0,6619679.285714285,0.6166174861082502,0
2024-09-06,1787.7034912109375,1820.2738676395409,1783.00358450389,1806.6441381891027,5848106.0,-1.619117490277877,-0.016323684243138865,1818.2260044642858,0.9832130256753525,1.0209030892924544,1795.555672781808,1750.3219970703126,1,1.022321970474346,1.0435430406403372,4,9,3,0,1,6524475.714285715,0.8963334766033746,0
2024-09-09,1780.9356689453125,1805.563134158076,1775.6247514250556,1776.564732765143,4772612.0,-0.3785763298499112,-0.0037929474377407756,1813.029261997768,0.9822983590363613,1.0168607599713808,1797.0630057198662,1750.8154866536458,1,1.0231171245352577,1.0497466307408951,0,9,3,1,0,6173665.428571428,0.7730597090526772,1
2024-09-10,1797.5262451171875,1818.8637742456988,1782.204504377181,1790.5703607061942,6909600.0,0.9315651576398576,0.00927252850040839,1808.8127615792412,0.9937602626972846,1.0205696202531644,1799.7218191964287,1752.1063883463542,1,1.085081654708641,1.0731263575906835,1,9,3,0,0,5236928.428571428,1.3193993567494404,0
2024-09-11,1795.50537109375,1810.4040523138208,1790.6644442667855,1799.7822173243185,5312946.0,-0.11242528608007563,-0.0011248853071124188,1801.5144914899554,0.9966644062955966,1.011023622047244,1801.7293526785713,1753.1403686523438,1,0.9304520480584335,1.072798639077947,2,9,3,0,0,5199672.285714285,1.0217847795133024,1
2024-09-12,1833.3865966796875,1838.9795546148216,1796.116427571778,1809.464116978717,8555092.0,2.1097806888130677,0.02087832978362073,1802.7498953683037,1.0169944268975397,1.023864336623763,1807.6613159179688,1755.7159220377605,1,1.2453677827133325,1.1462074115360803,3,9,3,0,0,5751210.857142857,1.4875288374055688,0
2024-09-13,1827.417724609375,1841.04745422184,1819.4749280775688,1833.3865832495185,3843127.0,-0.32556538163430737,-0.003260964987919269,1805.6571393694196,1.0120513384105438,1.0118564569433581,1812.2235717773438,1758.5828653971355,1,1.177518216016938,1.1523291933139455,4,9,3,0,1,5617613.285714285,0.6841209610802432,1
2024-09-16,1833.1986083984373,1834.8435757434945,1817.0309752474045,1828.9686923682912,1570181.0,0.316341672252185,0.003158423647189099,1807.9533865792412,1.0139634251671508,1.0098031353007972,1815.5907156808037,1762.6263549804687,1,1.1676980652184763,1.1151855699989077,0,9,3,1,0,5258809.142857143,0.29858109646985803,1
2024-09-17,1835.360595703125,1840.9063937669,1825.584766901514,1830.8486394119768,2793127.0,0.11793524688394896,0.0011786575790096409,1814.7615443638392,1.0113508308588866,1.0083927227829528,1816.4937744140625,1768.9132649739583,1,0.8836325370313649,0.978379961983622,1,9,3,0,0,4822383.571428572,0.5792005050258934,0
2024-09-18,1778.5855712890625,1822.388675234394,1768.386797525358,1822.388675234394,6385468.0,-3.093398896488353,-0.03142254656836888,1814.425816127232,0.9802470596925984,1.0305373676079266,1813.7275390625,1773.3327392578126,1,1.5874651540950115,1.2910179773891142,2,9,3,0,0,5052791.571428572,1.2637505247806295,1
2024-09-19,1780.5125732421875,1809.370068657787,1766.036952686509,1795.9282898631557,7976570.0,0.10834462981323956,0.001082859793784344,1811.9952915736608,0.9826253862369965,1.024536924839177,1810.4040265764509,1776.5459025065104,1,1.5359182260328703,1.2786691532055379,3,9,3,0,0,5205215.857142857,1.5324186775182729,1
2024-09-20,1791.3695068359375,1800.0643345616268,1755.3212440246816,1790.664520804125,15242974.0,0.6097645002292928,0.0060791295938092465,1811.4044538225446,0.9889395507754615,1.025489972669821,1806.45947265625,1781.640604654948,1,1.5609988242689334,1.2497381340880394,4,9,3,0,1,6623791.285714285,2.3012461206129706,0
2024-09-23,1782.62744140625,1803.730089856516,1765.7077784721005,1794.424252293972,3636672.0,-0.48801017301720595,-0.0048920483094829015,1804.1531459263392,0.9880688041540748,1.021533750855035,1803.4515206473213,1785.579121907552,1,1.2467845467864227,1.2215406041416284,0,9,3,1,0,5921159.857142857,0.6141823709780412,1
2024-09-24,1784.6484375,1796.2102531560402,1759.0809925494216,1774.6846588682515,7277616.0,0.11337175939329924,0.0011330754214572576,1798.043247767857,0.9925503403299749,1.021107192200859,1801.8501935686384,1788.7499837239584,1,1.2617198251852257,1.2004774700545984,1,9,3,0,0,6411801.142857143,1.1350345773133326,0
2024-09-25,1781.5467529296875,1787.4685667691454,1764.1570974239128,1773.1338507441149,4268341.0,-0.17379807166152395,-0.0017394927572865597,1790.6644112723213,0.9949082260834371,1.0132139418758528,1799.3088989257812,1791.815897623698,0,1.2330958343139293,1.1863605660200147,2,9,3,0,0,6797252.571428572,0.627950919161288,1
2024-09-26,1786.199462890625,1802.8370859804247,1779.3845984749128,1783.896554606288,8952803.0,0.26116126075761414,0.00260820827328352,1783.641392299107,1.0014341843615888,1.0131801115540804,1799.2014683314733,1794.2285115559896,0,1.2442759449409335,1.1092966063240433,3,9,3,0,0,7677206.285714285,1.1661537630764645,1
2024-09-27,1792.309326171875,1856.0870338017216,1789.0664366162491,1816.137828944081,14908931.0,0.34205940647649147,0.0034147571396007654,1785.6019287109375,1.0037563789291937,1.0374612120678044,1800.013872419085,1795.7262166341145,0,0.35698652547089765,1.1071084432845617,4,9,3,0,1,8894843.857142856,1.6761318399116845,0
2024-09-30,1763.0289306640625,1787.1394743316184,1758.2350489085036,1767.1648713969455,6986955.0,-1.6336686463798822,-0.016471601520774554,1783.1042654854912,0.9887413567394711,1.016439454691259,1797.5497785295759,1796.064607747396,0,0.749770874709641,1.1611594751588343,0,9,3,1,0,8753470.285714285,0.7981925764234045,1
2024-10-01,1790.0533447265625,1794.3772357071236,1762.464916843665,1762.464916843665,4029072.0,1.5328400795057373,0.015212107744856516,1782.9162423270088,1.0040030497395875,1.018106640625,1797.1603480747767,1797.071952311198,0,0.9560850539528697,1.2436228688823785,1,10,4,0,0,7151484.285714285,0.5633896180193563,0
2024-10-03,1779.7607421875,1797.1033525009973,1768.104950294741,1776.0947919095763,7503887.0,-0.5749885929033471,-0.005766480163675758,1782.5067138671875,0.9984594887310522,1.0164008376320774,1793.3299298967634,1797.720548502604,0,0.9639177643032605,1.0881372727354144,3,10,4,0,0,7703943.571428572,0.9740319266913485,1
2024-10-04,1803.025146484375,1836.8174281895435,1772.8047248589348,1776.141704358394,10001483.0,1.307164707334807,0.012986950379827913,1785.1319580078125,1.0100234542305382,1.0361081524845903,1791.587602887835,1798.908056640625,0,1.0887631673274634,1.1595209370957633,4,10,4,0,1,8093067.428571428,1.235808682958847,1
2024-10-07,1818.2059326171875,1825.4437429610623,1801.0512733437376,1807.772048058558,6112575.0,0.8419619749848062,0.008384372459143082,1790.3689836774554,1.015548163084547,1.0135434620759236,1790.5166974748884,1801.170284016927,0,1.105733272118855,1.1819695295620858,0,10,4,1,0,8356529.428571428,0.7314729221320964,1
2024-10-08,1831.6005859375,1840.4363182559605,1791.933306709296,1821.5897622643915,5637391.0,0.736696161860606,0.0073399580983587905,1796.8548583984375,1.0193369694701062,1.027067420068069,1790.2481253487724,1803.4387654622396,0,1.117732489051291,1.200243667126079,1,10,4,0,0,7882899.142857143,0.7151418403098758,1
2024-10-09,1835.5484619140625,1858.3430081700687,1828.3575821051584,1835.3605115538048,4857163.0,0.21554240629060306,0.002153104469001559,1803.0318777901787,1.0180343922503114,1.0164001978378787,1794.316903250558,1805.088427734375,0,1.1191793171429671,0.8074223419732304,2,10,4,0,0,6446932.285714285,0.7534068584469167,0
2024-10-10,1803.82421875,1846.1233796899428,1799.218287165554,1840.3895163779584,4782119.0,-1.728325011423626,-0.017434348998902442,1808.8597760881696,0.9972161704269529,1.0260697064158246,1795.9820207868304,1804.458642578125,1,1.147310358236084,0.9627175953785507,3,10,4,0,0,6131955.714285715,0.7798684828820635,1
2024-10-11,1818.9578857421875,1830.1436867455327,1795.4583520140732,1802.884227620921,4709431.0,0.8389768157495148,0.00835476966917782,1812.9889962332588,1.0032922921878344,1.0193183733237539,1797.9526192801338,1804.5134765625,1,1.052419685983314,0.9739867758033114,4,10,4,0,1,6229149.857142857,0.7560310970203707,1
2024-10-14,1841.3294677734373,1851.293247017304,1815.1979406537323,1816.1849669571325,3751378.0,1.2299120395589336,0.012224100705456637,1821.7845284598213,1.0107284582826817,1.0198850525086935,1802.1456211635045,1804.9897338867188,1,1.0422748781112616,1.0002201099059913,0,10,4,1,0,5693077.142857143,0.6589367939105992,1
2024-10-15,1841.70556640625,1871.9258760220823,1834.6086610794148,1842.363507475677,5353705.0,0.020425384994648965,0.00020423299296891097,1827.310302734375,1.0078778429970727,1.0203406948491738,1806.2211303710938,1804.8268107096353,1,0.9864600854967007,1.0014069444511446,1,10,4,0,0,5029108.857142857,1.0645434712346935,0
2024-10-16,1804.858154296875,1841.9404871358424,1801.3332242595482,1837.66352612636,3111512.0,-2.0007221991122037,-0.02021007672336941,1825.4034772600446,0.9887447771305835,1.0225428934132863,1807.88623046875,1804.1641235351562,1,1.273357643127673,1.1638866195122832,2,10,4,0,0,4600385.571428572,0.6763589598499181,1
2024-10-17,1849.9771728515625,1859.2830106666545,1814.304928428157,1819.0517651449984,8162822.0,2.4998650695774227,0.024691296195138445,1828.0287039620537,1.0120066325227486,1.0247908064040065,1812.4417811802455,1805.594462076823,1,1.5988259732591716,1.3298096277607585,3,10,4,0,0,4961161.428571428,1.6453449696254883,0
2024-10-18,1766.788818359375,1820.6027474745545,1757.0600349091485,1780.1366215888147,10526196.0,-4.496723295453453,-0.04600962804764493,1818.2058977399554,0.9717209808611378,1.03616422393256,1810.618887765067,1803.916593424479,1,2.3730279124613554,1.838224677135821,4,10,4,0,1,5771023.285714285,1.82397392608981,0
2024-10-21,1741.5504150390625,1784.8366013292746,1727.685690374739,1777.598676217542,4654601.0,-1.428490097857238,-0.014387912358238063,1809.3096400669642,0.9625496799843537,1.0330794607334737,1809.084708077567,1802.3781575520834,1,2.350168034620306,1.8257160950447338,0,10,4,1,0,5752806.428571428,0.8091009245301269,0
2024-10-22,1740.4693603515625,1765.0969393741664,1736.098424337156,1746.6732140121014,4125240.0,-0.062074268890788264,-0.0006209354294164339,1798.0969935825892,0.9679507649271981,1.0167032667218059,1805.5429949079241,1801.0292805989584,0,2.290003640307645,1.7666893682324665,1,10,4,0,0,5669350.571428572,0.7276388976172479,1
2024-10-23,1760.961181640625,1772.804924358305,1733.325705470156,1734.5006822227797,4311910.0,1.1773732853833874,0.011704961730086684,1786.6158098493304,0.985640657567634,1.0227765726681128,1804.2001691545759,1799.8104451497395,0,2.283061391280861,1.7987776741031791,2,10,4,0,0,5749426.571428572,0.7499721835613619,0
2024-10-24,1751.51416015625,1770.9247972575436,1748.3652457001226,1749.6812424897346,2906475.0,-0.5364696043767103,-0.005379137698804741,1773.7313232421875,0.9874743357154414,1.0129032258064516,1800.5208129882812,1798.3440714518229,0,2.2669599520849224,1.7579642258686252,3,10,4,0,0,5399822.285714285,0.5382538250729734,0
2024-10-25,1750.292236328125,1763.733900154515,1735.581505943881,1751.60811836117,4689120.0,-0.06976385666308538,-0.0006978820296550614,1765.9361921037946,0.9911412678183844,1.0162207272399595,1795.6698346819196,1795.5742594401042,0,2.1976578266510125,1.7334194511675947,4,10,4,0,1,5625194.857142857,0.8335924566321055,1
2024-10-28,1753.394287109375,1768.951025226307,1745.5454653432146,1748.0833692337449,7018940.0,0.17723044854256464,0.0017707358070081654,1752.138636997768,1.0007166385610664,1.0134087368950258,1790.0836704799108,1793.1068115234375,0,1.828220859071014,1.7150905768441038,0,10,4,1,0,5461783.142857143,1.2851004546343605,0
2024-10-29,1748.5933837890625,1760.286729071962,1738.8012907344037,1754.9629211020826,4621252.0,-0.2738062599842994,-0.0027418179497317656,1749.5392892020088,0.9994593402853058,1.0123564656019342,1783.872593470982,1790.2866373697916,0,0.7833929318578569,1.70880820385935,1,10,4,0,0,4618219.714285715,1.000656591912443,0
2024-10-30,1713.2276611328125,1748.3079249245552,1707.76122797984,1741.653136738328,5919715.0,-2.0225241033232866,-0.020432571523284995,1745.4931815011162,0.9815149547931459,1.023742603052699,1777.40141078404,1786.2155395507812,0,0.9582445880426314,1.7289860095200844,2,10,4,0,0,4798950.285714285,1.23354372259743,0
2024-10-31,1670.5897216796875,1699.7282140714156,1660.369867072741,1699.7282140714156,7395236.0,-2.488749184970085,-0.02520242166688125,1735.5103759765625,0.9625927593430005,1.0237045659399155,1766.8036847795759,1782.6156778971354,0,1.2742233573127357,1.7804377081687393,3,10,4,0,0,5266092.571428572,1.4043118117830276,1
2024-11-01,1674.011962890625,1678.908008889916,1665.6460129974564,1677.4819828348002,371966.0,0.20485228458706484,0.0020464274840553496,1723.0890590122767,0.9715179573191741,1.0079620734471626,1754.8524344308037,1779.0656575520834,0,1.0909369820874357,1.7198387844656355,4,11,4,0,1,4703243.428571428,0.07908712479995568,1
2024-11-04,1676.674072265625,1679.8588408591163,1633.275318956402,1639.454765739415,7336722.0,0.1590257079407742,0.0015889939595646416,1712.3976178850446,0.979138288183593,1.028521536670547,1743.0644705636162,1775.2424763997396,0,1.1405150502142067,1.7244758992880094,0,11,4,1,0,5336135.857142857,1.374912895101648,0
2024-11-05,1667.68994140625,1681.2371893406507,1658.943694423108,1673.2039554066878,3160880.0,-0.5358304877485898,-0.005372712081573769,1700.5972900390625,0.9806495348278154,1.0134383674337395,1733.2667410714287,1771.4112263997397,0,1.1166496403766695,1.6803774353270569,1,11,4,0,0,5117815.857142857,0.6176228469784446,1
2024-11-06,1733.762451171875,1737.089845338444,1675.723259696614,1677.0066599508025,10421494.0,3.9619181075056797,0.038854474052713875,1697.7927420479912,1.0211861602615258,1.036620954735056,1724.9656895228795,1769.7150268554688,0,2.0924126673771295,1.9137139245634942,2,11,4,0,0,5603895.0,1.8596875922907192,0
2024-11-07,1714.1309814453125,1735.6638830746192,1698.8724555004114,1723.542661022224,4550965.0,-1.1323044695825124,-0.011387638427783543,1692.8695417131696,1.0125594082758596,1.0216563800626048,1721.2044154575892,1767.4678344726562,0,2.1263001117039058,1.5407104686501565,3,11,4,0,0,5593854.0,0.8135652092457186,1
2024-11-08,1739.704345703125,1749.829154713953,1723.7329222391422,1728.3437169759088,4210960.0,1.491914243114012,0.014808946691096263,1696.6519252232142,1.025374928021401,1.015139371150904,1721.072553362165,1765.9179972330728,0,2.055841594382942,1.5598936043378873,4,11,4,0,1,5349746.142857143,0.7871326764957579,1
2024-11-11,1768.367431640625,1775.8778590726738,1732.669314114394,1738.8011800020988,3804234.0,1.6475837407829985,0.016341583422858887,1710.6201695033483,1.0337580856152553,1.0249375599869526,1723.0652727399554,1765.1199340820312,0,1.706488061996355,1.6201134270976476,0,11,4,1,0,4836745.857142857,0.7865275770861406,1
2024-11-12,1776.638427734375,1788.2367269114477,1769.223045604574,1778.8249314544848,5012450.0,0.4677193181553019,0.0046662891006336365,1725.2810930524554,1.0297675172403677,1.0107469102632993,1724.1850760323662,1765.573583984375,0,1.693327088706893,1.5955956702740457,1,11,4,0,0,5499672.142857143,0.9114088748926722,0
2024-11-13,1776.258056640625,1780.821270333326,1764.7548031409274,1769.3180168336285,4257495.0,-0.021409595098931256,-0.0002141188727991304,1739.5073765345983,1.0211270619497115,1.0091040790277512,1725.9524972098213,1765.1137410481772,0,1.7071941001326667,1.5863219232088237,2,11,4,0,0,5059782.571428572,0.841438330579874,0
2024-11-14,1772.5980224609375,1783.4833086013102,1764.469627272938,1773.5961711004963,4311431.0,-0.206053065656997,-0.002062656470568561,1754.4942452566963,1.0103185161497024,1.0107758620689655,1727.5457676478795,1764.8749837239584,0,1.666977806521445,1.5879395287945626,3,11,4,0,0,5224147.0,0.8252889897623478,0
2024-11-18,1722.11669921875,1758.005024675079,1706.477991896976,1758.005024675079,4839244.0,-2.847872027528453,-0.028892106416146698,1752.83056640625,0.9824775607088646,1.0301949588701254,1725.3116542271205,1762.1780354817708,0,1.556866803922099,1.7720756488602099,0,11,4,1,0,4426682.714285715,1.0931987477627152,1
2024-11-19,1734.7607421875,1767.987103735295,1730.7679155470985,1735.4737552340218,4669769.0,0.7342152233054788,0.007315329842714385,1755.7776750837054,0.9880298438723437,1.0215044361834218,1724.3236083984375,1759.3965291341146,0,1.5067882197422624,1.7855092454356245,1,11,4,0,0,4443654.714285715,1.0508847559616548,1
2024-11-21,1743.6021728515625,1774.9271666789357,1730.8154024223286,1751.16006482196,5436504.0,0.5096628283686844,0.005083684435117088,1756.334507533482,0.99275062089408,1.025486117234034,1726.4932163783483,1756.4632486979167,0,1.4067636161699735,1.6954292627699592,3,11,4,0,0,4618732.428571428,1.1770554116471104,1
2024-11-22,1808.4388427734373,1819.6569616576032,1743.554652462339,1762.6633798054363,6301486.0,3.7185472082681637,0.03651076772222516,1762.0589948381696,1.026321393364884,1.0436477910731325,1736.3395821707588,1755.5595947265624,1,1.9238118775570063,1.7655971727813624,4,11,4,0,1,4975482.714285715,1.2665074650761092,0
2024-11-25,1796.507568359375,1824.647908539123,1789.187347735094,1821.5106048142616,12764638.0,-0.6597554825666263,-0.006619414892212426,1764.8974434988838,1.0179104598836206,1.0198193670712674,1745.0892682756696,1755.3157063802084,1,1.95788138435943,1.7946961222047348,0,11,4,1,0,6082938.142857143,2.0984329776538675,1
2024-11-26,1829.2587890625,1842.9961275482167,1803.7329448177684,1811.00558516297,6850495.0,1.823049414316369,0.01806631110772222,1772.4689767020088,1.0320399471623807,1.0217677360959967,1755.9881766183037,1755.6590698242187,1,2.048985623892279,1.823779797357082,1,11,4,0,0,6453366.714285715,1.0615381557095103,1
2024-11-27,1829.591552734375,1845.6581372544963,1817.4703304442407,1834.915360490961,4447143.0,0.01819117523800262,0.00018189520844352647,1780.6109095982142,1.0275077743667274,1.0155093628424545,1767.5525774274554,1755.2678059895834,1,2.0389512317567977,1.8022010512534716,2,11,4,0,0,6472754.142857143,0.687055757386914,0
2024-11-28,1765.087646484375,1820.4649949645564,1760.3342260139732,1820.4649949645564,8468790.0,-3.5255905151943434,-0.035892399497309636,1786.7496163504463,0.9878763260012238,1.0341587228504558,1769.7900913783483,1752.7138753255208,1,2.2299460431686335,1.8629790638848884,3,11,4,0,0,6991260.714285715,1.2113394630949965,1
2024-11-29,1766.2283935546875,1784.4340168837268,1754.0121263454853,1759.811276019277,5244346.0,0.06462835273843837,0.0006460747761223251,1791.2449951171875,0.9860339587098953,1.0173441734417346,1773.5113351004463,1751.4262166341146,1,2.226279543006741,1.8270125491009397,4,11,4,0,1,7073343.142857143,0.7414239482069925,1
2024-12-02,1787.095947265625,1789.9479994533772,1744.6953452341356,1767.3216723437563,2868263.0,1.1814753848985449,0.011745504553320504,1797.4583914620537,0.9942349462743336,1.0259372814530945,1776.896449497768,1749.33017578125,1,2.25224048171444,1.8123388624590118,0,12,4,1,0,6706451.571428572,0.4276871262620656,1
2024-12-03,1798.789306640625,1806.0620629902432,1778.8725217831325,1793.9408410909798,4715792.0,0.6543218562434561,0.006521904631807823,1796.0798863002233,1.001508518836533,1.0152847047071456,1779.0694405691963,1750.3968587239583,1,1.7315206313929887,1.7705864101955227,1,12,4,0,0,6479923.857142857,0.7277542304454326,0
2024-12-04,1796.0799560546875,1819.56180716774,1782.532707477856,1791.0888644737497,4705573.0,-0.1506207856548425,-0.0015073433279158117,1796.018798828125,1.000034051551466,1.0207733072916665,1780.4581211635045,1752.214510091146,1,1.712887481206531,1.7694006883313425,2,12,4,0,0,5328628.857142857,0.8830738875146708,1
2024-12-05,1839.4310302734373,1853.7388717965,1795.7946087095554,1806.2997139926329,9050038.0,2.4136494632441607,0.023849813273748747,1797.471976143973,1.023343370403736,1.0322666427474037,1784.9704764229912,1755.513232421875,1,1.8278047345215755,1.873953368568076,3,12,4,0,0,5642849.285714285,1.6038064356798472,0
2024-12-06,1827.594970703125,1842.3780374823928,1818.0881305684336,1837.4821076532628,3573331.0,-0.6434630804587838,-0.00645542227968464,1797.1867501395088,1.0169199002614813,1.0133601372263317,1788.8988298688616,1757.7343587239584,1,1.8493429955423746,1.8860414225750124,4,12,4,0,1,5518019.0,0.6475749721050253,1
2024-12-09,1828.783447265625,1835.010358337528,1803.637783807944,1829.3062538776032,4274645.0,0.06502953781071241,0.0006500840276895666,1806.2861502511162,1.0124550016681362,1.0173940548436218,1796.5178833007812,1760.3100016276042,1,1.0213396884071524,1.6678294379563672,0,12,4,1,0,4918855.428571428,0.8690324531943959,1
2024-12-10,1852.45556640625,1868.664660829215,1836.721697987323,1843.3764867481464,6174921.0,1.2944189305748255,0.01286112928259922,1818.6043178013392,1.018613861340567,1.0173912917111476,1804.9246564592634,1763.7154459635417,1,1.0371782966204883,1.6820111530667894,1,12,4,0,0,5051794.714285715,1.2223222338267732,1
2024-12-11,1876.79296875,1880.4530791874988,1855.735293515672,1858.5873457085745,5025612.0,1.313791422860655,0.013052360351775264,1831.418178013393,1.0247757673705231,1.013319672131147,1814.4382847377233,1767.8287353515625,1,1.0488147059969009,1.696653685844203,2,12,4,0,0,5359987.428571428,0.9376163782047251,1
2024-12-12,1889.0091552734373,1900.227273174294,1873.370449502188,1877.791037372581,6462130.0,0.65090751760295,0.006487982625395435,1844.3067278180804,1.0242380655999896,1.0143360987034051,1820.1933070591517,1772.5092610677084,1,1.0488439360103712,1.432119643461154,3,12,4,0,0,5609464.285714285,1.1520048387610227,1
2024-12-13,1901.0830078125,1907.5001256882165,1857.4466990978751,1872.6100645470367,5362693.0,0.6391632621449705,0.006371292761600252,1859.307163783482,1.0224685005483487,1.0269474362923314,1827.6629813058037,1778.7711059570313,1,0.9816325382999521,1.4054914337258875,4,12,4,0,1,5703338.571428572,0.9402726022377369,0
2024-12-16,1882.4019775390625,1900.9877808683425,1880.072732013709,1897.042418897068,3119221.0,-0.982652003971829,-0.00987511892177178,1865.4458705357142,1.009089573313901,1.0111245956065922,1831.4589233398438,1785.8315144856772,1,0.897895904889793,1.3890892719689913,0,12,4,1,0,4856079.0,0.6423332486971485,0
2024-12-17,1879.1221923828125,1884.2559097971648,1861.439491111427,1870.9463322304848,5811050.0,-0.17423404752994198,-0.001743860115876073,1872.8069022042412,1.0033720989447115,1.0122574055158327,1834.996826171875,1792.6685221354167,1,0.8275288772050338,1.392122376663419,1,12,4,0,0,5175753.142857143,1.122744814060463,1
2024-12-18,1881.5465087890625,1887.060407082662,1864.861955978867,1869.8055830579624,3064095.0,0.12901323905796236,0.0012893008848784686,1880.344482421875,1.0006392585924677,1.0119035358261375,1843.3153163364955,1799.4976033528646,1,0.823544228322194,0.8929051815938873,2,12,4,0,0,5002817.428571428,0.6124738797184056,0
2024-12-19,1850.2213134765625,1863.10312920436,1825.3134369549032,1838.623014099366,5323592.0,-1.6648642574698003,-0.016788788899313147,1880.0253034319196,0.9841470272230108,1.0207031249999998,1849.3148106166295,1805.581982421875,1,1.028065307514674,1.0566101043981644,3,12,4,0,0,4881199.0,1.0906320352847734,0
2024-12-20,1827.3575439453125,1882.3070176382269,1816.9950636033848,1877.74380339383,11056720.0,-1.2357316049013134,-0.012434302567597146,1872.963099888393,0.9756505849230036,1.0359450365843692,1852.190638950893,1808.7018188476563,1,0.926388478871078,1.1045103755156884,4,12,4,0,1,5742785.857142857,1.9253234014024203,1
2024-12-23,1829.4014892578125,1844.3271834459897,1814.855975875461,1834.867922920088,2781793.0,0.11185251180165778,0.0011179000348674755,1864.447719029018,0.9812028895133316,1.0162388685175485,1854.3772234235491,1812.544169108073,1,0.845590312400874,1.095498903564067,0,12,4,1,0,5217023.428571428,0.5332145883733812,0
2024-12-24,1814.903564453125,1846.228559765376,1749.2587795923223,1832.0158786013108,2360544.0,-0.7924955177864956,-0.00795652453626934,1852.1363699776787,0.9798973735800014,1.0554347826086963,1855.7217668805804,1815.0508097330728,1,0.697271856378631,1.1211060960863908,1,12,4,0,0,4788145.0,0.4929976013675442,0
2024-12-26,1813.3348388671875,1825.0757640546133,1808.4863732653307,1814.903490810516,3623321.0,-0.0864357543101879,-0.000864731315480542,1842.2696358816963,0.9842939402295143,1.0091730803364194,1853.8577532087054,1816.5497233072917,1,0.7099845572736271,0.897702782624571,3,12,4,0,0,4860159.285714285,0.7455148662823073,1
2024-12-27,1822.2237548828125,1829.25884045684,1810.007487366256,1815.236249934069,3937500.0,0.4901971674011518,0.004889996130769045,1834.1412876674108,0.9935023910836474,1.010636062682037,1853.4740949358259,1818.0692342122395,1,0.8037603250933184,0.895869147362869,4,12,4,0,1,4592509.285714285,0.8573744232261449,0
2024-12-30,1812.0037841796875,1821.5106246003568,1793.4654453593812,1821.225372967618,7789055.0,-0.5608515790522239,-0.005624302569813076,1824.2066127232142,0.9933106105095683,1.0156374238006887,1852.2755475725446,1819.2607584635416,1,0.7643342634192719,0.9069926585847294,0,12,4,1,0,5267503.571428572,1.4786995194931727,0
2024-12-31,1787.2861328125,1803.4477627368683,1754.0597694763478,1798.9795938249597,3613063.0,-1.364105946300631,-0.01373495356913939,1815.2158726283483,0.984613543635773,1.0281563913157101,1847.6205880301338,1819.750362141927,0,0.6955296736787314,0.879031895768004,1,12,4,0,0,5023142.285714285,0.7192834274823307,1
2025-01-01,1789.662841796875,1799.597444352464,1781.5820268405544,1781.5820268405544,1838368.0,0.13297865074546333,0.0013289031244307571,1809.8309151785713,0.9888563770170175,1.0101120337096452,1841.397007533482,1822.0019002278646,0,0.6415985993095447,0.7667230846047027,2,1,1,0,0,3706234.8571428573,0.4960203740075989,1
2025-01-02,1861.296875,1865.8602051810888,1792.3248119514092,1793.940928529962,7083645.0,4.0026552225447265,0.039246243813378205,1814.3873988560267,1.025854167733721,1.0410279390986152,1839.4175589425224,1826.2197713216146,0,1.7614328789110254,1.3781619546431323,3,1,1,0,0,4320785.142857143,1.6394346781418299,0
2025-01-03,1843.138916015625,1856.638584673474,1827.2149563285784,1856.638584673474,6218003.0,-0.9755541541096147,-0.009803438598870654,1818.4210205078125,1.0135930542096956,1.0161029922850546,1835.2786952427455,1829.5376627604167,0,1.7809190674645716,1.3793965664000274,4,1,1,0,1,4871850.714285715,1.2763123019691403,0
2025-01-06,1842.283203125,1875.6997732327457,1832.918987730732,1855.7354066651392,7164403.0,-0.046426934138787956,-0.0004643771477673117,1822.5565011160713,1.010823643599992,1.0233402489626555,1832.4130684988838,1830.6658081054688,0,1.7797826538218207,1.3617509395465017,0,1,1,1,0,5377719.571428572,1.3322381178192975,0
2025-01-07,1835.6282958984373,1861.9623140172653,1828.7834170796311,1849.08049857111,4294832.0,-0.36123149878771743,-0.0036188551525031423,1824.471435546875,1.0061151192253213,1.0181426059684078,1829.306361607143,1831.969832356771,0,1.7888919982514957,1.362973272936072,1,1,1,0,0,5428767.0,0.7911247618473956,1
2025-01-08,1837.81494140625,1842.9961231909604,1795.604545298116,1834.8202633622047,5482050.0,0.11912245592959891,0.001190515614273282,1828.1587437220983,1.005281925170509,1.0263931042149241,1826.1826782226562,1832.255037434896,0,1.7641632958563493,1.3628152537678768,2,1,1,0,0,5099194.857142857,1.075081489055247,0
2025-01-09,1822.74658203125,1855.5926464465324,1816.329464670704,1838.6705399259383,6833503.0,-0.8199062394971146,-0.008232859570594515,1833.2245221819196,0.9942844206893989,1.0216167730246817,1824.2201974051338,1832.0268717447916,1,1.6935368061195304,1.3086462176093279,3,1,1,0,0,5559257.714285715,1.2292114075661282,1
2025-01-10,1869.9478759765625,1880.262890374542,1836.9591870921915,1841.4749361612496,8036913.0,2.589569741105313,0.02556608213748834,1844.693812779018,1.0136901110756693,1.0235735794168066,1827.2623639787946,1835.5222127278646,1,1.8971232521859465,1.4452632632657696,4,1,1,0,1,6444764.142857143,1.247045325763778,0
2025-01-13,1865.432373046875,1885.0165591706927,1852.8833888192748,1859.5381777991288,5804152.0,-0.2414774758001892,-0.0024176950287124136,1845.2845982142858,1.0109185189385348,1.0173422518358775,1829.8359985351562,1838.829012044271,1,1.1919874841364666,1.4495152675609357,0,1,1,1,0,6261979.428571428,0.926887746311892,0
2025-01-14,1844.374755859375,1874.5589763818853,1835.866063436232,1871.7543886244127,5792162.0,-1.1288330518841483,-0.011352527295300948,1845.461146763393,0.9994113173794402,1.0210761088274767,1831.9410836356026,1840.7383056640624,1,1.2148918050294542,1.468976455871453,1,1,1,0,0,6201145.0,0.9340471799965974,1
2025-01-15,1853.501220703125,1861.4869901029845,1841.5700892018165,1850.981884706997,2985439.0,0.49482703093588487,0.004936067857297118,1847.063720703125,1.0034852614600374,1.0108151739746167,1834.8101109095983,1842.5620361328124,1,1.2274284024566477,1.4707547058563823,2,1,1,0,0,5604150.142857143,0.5327193104926244,0
2025-01-16,1833.3466796875,1869.948017007702,1822.318767497188,1868.9973329214629,7533579.0,-1.087376732774925,-0.010933318828609115,1846.7377755301338,0.992748783276072,1.0261366180056024,1835.6046055385045,1843.8042602539062,1,1.3007268076071217,1.5041021834029151,3,1,1,0,0,6066828.285714285,1.2417656550028802,0
2025-01-17,1725.9193115234375,1766.3709642563165,1722.6394979722525,1759.7161759087412,16409953.0,-5.8596319700087385,-0.0603832406325598,1830.752685546875,0.9427375555141562,1.0253863134657837,1829.4557146344866,1840.0205362955728,0,2.5573229025850805,2.1837815330572066,4,1,1,0,1,7627957.285714285,2.151290625438179,0
2025-01-20,1723.87548828125,1737.8029172097529,1704.7191808636662,1733.0494968108635,4333011.0,-0.1184193970448999,-0.0011848956821587091,1816.6282435825892,0.948942357563251,1.0194071473574464,1824.9263828822545,1836.5632202148438,0,2.5730662269904796,2.1634551984771053,0,1,1,1,0,7270744.142857143,0.5959515167724333,0
2025-01-21,1711.896728515625,1741.3204695981628,1704.6240883474466,1729.341873735534,7169109.0,-0.6948738378760866,-0.006972993287270814,1794.0495082310267,0.9542081869321398,1.0215275505617734,1819.3716605050224,1832.6669962565104,0,2.118889247346943,2.1639169308030124,1,1,1,0,0,7146772.142857143,1.0031254469425308,1
2025-01-22,1764.8974609375,1773.7864501626696,1716.127435963764,1718.266475200778,8373913.0,3.0960239329291595,0.030490639140141735,1779.6873779296875,0.9916895983105793,1.0335983289996904,1812.4859880719866,1829.7483927408855,0,2.680446814175882,2.0351484682726735,2,1,1,0,0,7513880.857142857,1.1144591136336128,1
2025-01-23,1773.45361328125,1786.8583519719805,1761.3323909696403,1766.371063134981,5907471.0,0.48479600277768764,0.004836246512077022,1769.5557861328125,1.0022027150423756,1.014492415590159,1807.5084664481026,1826.3037475585938,0,2.712325782382937,2.0385706049480095,3,1,1,0,0,7530353.571428572,0.7844878655384707,1
2025-01-24,1782.96044921875,1801.4513245969808,1772.312833717117,1773.501188842313,4887027.0,0.5360634113181328,0.005346317057008528,1759.4785330636162,1.0133459520612889,1.0164409410830428,1803.2711268833705,1822.7687906901042,0,2.71495690947324,2.049078105209502,4,1,1,0,1,7802009.0,0.6263805899224162,0
2025-01-27,1732.1463623046875,1771.1244088768565,1722.6395216773292,1757.577160982871,7652371.0,-2.849983965506808,-0.02891384511583251,1745.0213448660713,0.9926218767470881,1.0281456953642383,1795.8795601981026,1817.137569173177,0,2.854449950301616,2.1674043650756953,0,1,1,1,0,7818979.285714285,0.9786918113443928,1
2025-01-28,1739.5142822265625,1771.5998715284595,1734.9034874184256,1739.7519532584283,6999495.0,0.4253635883327833,0.00424461474691945,1746.9634835379463,0.9957359146990882,1.0211518302753768,1788.8580845424108,1812.3746459960937,0,1.7700094747218516,2.174487286902346,1,1,1,0,0,6474628.142857143,1.0810651740242248,1
2025-01-29,1788.4744873046875,1795.509572949861,1749.7341097059282,1754.0121882137666,5145155.0,2.8145905772878343,0.02775708864730394,1756.1919119698662,1.0183821455473,1.0261613824580615,1786.4100777762276,1809.3530558268228,0,2.0305985860709153,2.32811589377493,2,1,1,0,0,6590648.714285715,0.7806750477911983,0
2025-01-30,1768.224853515625,1794.1309953598943,1753.0614884709362,1780.7739533235829,7336056.0,-1.1322293906232739,-0.011386879039893206,1764.2387869698662,1.0022593690690844,1.0234273054077412,1779.1441476004463,1805.5756673177084,0,2.0811892390599342,2.205409586703042,3,1,1,0,0,6614498.285714285,1.1090872932636637,1
2025-01-31,1787.095947265625,1803.875428129993,1778.729881094765,1778.729881094765,5820470.0,1.0672338256347835,0.010615790827484704,1767.4099993024554,1.0111383029240182,1.0141367991298103,1773.5486886160713,1803.4714884440104,0,1.7752855509786507,2.2390205294906944,4,1,1,0,1,6249720.714285715,0.9313168165571741,0
2025-02-01,1760.049072265625,1797.3634250338323,1754.9629352894476,1787.5714479503238,1701402.0,-1.5134539945313774,-0.015250235916112976,1765.4950648716517,0.9969153170040593,1.0241603334701719,1767.525425502232,1801.227872721354,0,1.8780883302359157,2.2525252438146395,5,2,1,0,0,5648853.714285715,0.3011942043564034,1
2025-02-03,1771.40966796875,1784.006231852998,1742.0335070965566,1745.4559465267448,4823228.0,0.6454703952373908,0.00643396156030468,1763.8449532645088,1.0042887639813467,1.024094097263604,1761.6617431640625,1799.2948120117187,0,1.8846417291486852,2.2570198662209835,0,2,1,1,0,5639739.571428572,0.8552217596065795,1
2025-02-04,1805.158935546875,1816.947325024505,1782.5326085489075,1795.842185359406,7334787.0,1.9052209202868875,0.01887298865219365,1774.2753208705358,1.0174063260155062,1.019306640625,1759.6483328683037,1798.969991048177,0,1.5452168756522588,2.317514400430856,1,2,1,0,0,5594370.428571428,1.3111014176930365,0
2025-02-05,1803.4952392578125,1825.028140338541,1800.88085809743,1812.0038151596648,4996744.0,-0.09216342430028446,-0.000922059208970638,1783.4154575892858,1.0112591721592843,1.0134085950953033,1765.1894705636162,1798.6420043945313,0,1.5672855943151003,1.6196439143959431,2,2,1,0,0,5308263.142857143,0.94131429914579,1
2025-02-06,1821.1781005859373,1829.11628996486,1806.2998705474192,1822.4615009681063,4765255.0,0.9804772944896678,0.009757018055489479,1788.08740234375,1.0185061972914822,1.0126315789473683,1772.139657156808,1798.6071492513022,0,1.2405159640234713,1.6230376754021318,3,2,1,0,0,5253991.714285715,0.9069780195966375,0
2025-02-07,1809.769775390625,1828.83092159908,1796.2699917999128,1824.648004479721,4126260.0,-0.6264255643993244,-0.006283958418621793,1794.0223911830358,1.0087776965800326,1.0181269686337855,1779.1305890764509,1798.5326822916666,0,1.1574625710001645,1.6195684048694072,4,2,1,0,1,4795449.428571428,0.8604532404023744,0
2025-02-10,1787.5712890625,1811.0531389851265,1785.9550565261386,1811.0531389851265,3828734.0,-1.226591726195314,-0.0123417644870988,1794.090297154018,0.9963663991149949,1.0140530313835592,1780.7501482282366,1798.5421875,0,1.2384840368258176,1.473580037343699,0,2,1,1,0,4510915.714285715,0.848770902075315,0
2025-02-11,1783.150634765625,1809.1518213900456,1777.7792464526458,1790.2331848086435,4411601.0,-0.24729946849803008,-0.0024760575870720306,1797.3905203683037,0.9920774670605469,1.0176470588235296,1781.4427926199776,1798.3251139322917,0,1.058175276865345,1.4719135239860381,1,2,1,0,0,4898087.0,0.9006783668807843,0
2025-02-12,1771.26708984375,1801.1660581275596,1755.9135185424811,1792.0395140512055,5633947.0,-0.6664352797898676,-0.006686658755421071,1797.370152064732,0.9854770803938209,1.025771508167806,1780.6075526646205,1795.32412109375,1,1.0802641160827176,1.4763848839475622,2,2,1,0,0,5013904.0,1.123664713165629,0
2025-02-13,1752.348388671875,1781.1065814060803,1745.1232130462338,1776.353161119435,5237744.0,-1.0680885610280244,-0.010738335713845264,1789.8257882254463,0.9790608673759645,1.0206193855487344,1782.0505545479912,1792.2977701822917,0,0.7385327477884989,1.2787998284725282,3,2,1,0,0,4714326.428571428,1.1110270108273308,1
2025-02-14,1764.849853515625,1767.606860408019,1738.1831200991312,1762.5681886374266,5292961.0,0.7134120660347021,0.007108793209598843,1784.3050188337054,0.9890965024966432,1.0169278713897587,1783.8602382114955,1789.716658528646,0,0.8523032147570908,1.2868952211395763,4,2,1,0,1,4756643.142857143,1.1127513334583916,0
2025-02-17,1751.4453125,1761.3799146336082,1732.2890052365772,1747.880247229523,4428956.0,-0.759528692422351,-0.007624278006303962,1774.3431919642858,0.9870950109494112,1.0167933348933644,1781.215297154018,1786.9105590820313,0,0.642546131741594,1.040159493428502,0,2,1,1,0,4708600.428571428,0.9406098621419292,1
2025-02-18,1760.619384765625,1769.8410902296605,1746.977091046225,1751.445375977347,4365260.0,0.5238000981332425,0.005224330371192229,1767.3217075892858,0.9962076384877301,1.0130877498626742,1780.6720493861608,1784.3373738606772,0,0.7578005348184216,1.0129783150472869,1,2,1,0,0,4742743.285714285,0.9204082399206993,0
2025-02-19,1721.498779296875,1758.004955145868,1716.840404092615,1756.2937934312415,4611411.0,-2.221979708235333,-0.022470375598450335,1757.882777622768,0.9793023751133759,1.0239769235131726,1775.986537388393,1780.9624471028646,0,0.9966680592636554,1.1161002606490797,2,2,1,0,0,4854554.285714285,0.9499143955543367,1
2025-02-20,1735.14111328125,1740.7025920720746,1716.5077280780874,1716.5077280780874,2218020.0,0.7924684088330913,0.00789344869129725,1751.0242745535713,0.9909292169713805,1.014095400561393,1774.2073974609375,1776.468888346354,0,1.11649972704921,1.0868107859241847,3,2,1,0,0,4541185.571428572,0.4884231144296207,0
2025-02-21,1725.4915771484375,1739.6092122968646,1717.1255109603246,1731.956275207461,3379879.0,-0.5561239981550892,-0.005576761248357956,1744.4849155970983,0.9891123515721775,1.0130938019341205,1770.927533830915,1771.8041951497396,0,1.1126167734044023,1.071060803278941,4,2,1,0,1,4219175.857142857,0.8010756399921163,0
2025-02-24,1677.1016845703125,1718.8367369576058,1663.9347338827708,1711.278845292098,7594720.0,-2.8044119843282367,-0.028444866337160767,1733.735386439732,0.9673342873933499,1.0329952863876588,1761.7805873325892,1766.228426106771,0,1.4400675564220495,1.1041391321339755,0,2,1,1,0,4555886.714285715,1.667012477765423,1
2025-02-25,1680.524169921875,1690.744023588038,1659.0863139546625,1659.0863139546625,5092963.0,0.20407142769278686,0.0020386348480806865,1721.6888602120537,0.9760905171419251,1.0190814120803124,1752.9969395228795,1760.4625244140625,0,1.3730036439139837,1.1157155565256078,1,2,1,0,0,4527315.571428572,1.124941020710191,0
2025-02-27,1677.2918701171875,1688.2722009652173,1664.7427713690586,1668.640552657757,5757079.0,-0.19233878706057528,-0.0019252399562899474,1711.0955113002233,0.9802444451757406,1.014133973128358,1742.7193516322545,1755.2606974283854,0,1.3848203482599384,1.0375090388911286,3,2,1,0,0,4717047.428571428,1.2204835942774372,0
2025-02-28,1604.469482421875,1668.5456129045258,1599.478390980019,1668.4981483304996,12182167.0,-4.341664619779295,-0.04438734930674167,1688.7883823939733,0.9500713642685235,1.0431810909819097,1728.0550449916295,1751.2123697916666,0,1.8612669701994462,1.4450805188237241,4,2,1,0,1,5833748.428571428,2.0882228894781423,1
2025-03-03,1624.3388671875,1643.3525496222132,1608.8427856333933,1608.8427856333933,7504969.0,1.238377232057597,0.012307720639561377,1674.9083949497767,0.9698075859463389,1.0214500536018711,1716.3955862862724,1747.894482421875,0,2.028479410359851,1.5421135985007643,0,3,1,1,0,6247113.857142857,1.2013498027443392,0
2025-03-04,1605.0399169921875,1615.212189837081,1587.642352576766,1611.4094536632444,6759673.0,-1.188111088465682,-0.011952255361021959,1656.322509765625,0.9690382806059346,1.017365269461078,1703.6733921595983,1744.332588704427,0,1.9021445266835686,1.54275614707483,1,3,1,0,0,6895921.428571428,0.9802421721328032,1
2025-03-05,1627.0958251953125,1647.4879525703643,1608.9852468032536,1608.9852468032536,8180782.0,1.3741657119940909,0.013648096692231304,1642.2659737723213,0.9907626725394775,1.0239298065930735,1693.37544468471,1739.7392008463542,0,2.1201159541283747,1.643129221825843,2,3,1,0,0,7581764.714285715,1.0790076332210106,1
2025-03-06,1631.231201171875,1637.3631829139892,1607.7017709749157,1630.4231429408271,10610547.0,0.25415687954739585,0.002538344471574703,1635.7130475725446,0.997260004493257,1.0184495734685213,1684.7242170061384,1734.9984537760417,0,1.9503235931089562,1.6516288178451022,3,3,1,0,0,8012597.142857143,1.3242331806808494,0
2025-03-07,1602.853271484375,1620.9162680194895,1592.8710891886535,1619.109945155919,8019331.0,-1.7396632474362517,-0.01754973209527189,1624.6172049386162,0.9866036544559039,1.0176066845717697,1673.153032575335,1728.9948811848958,0,1.9914482067791004,1.6433946653803735,4,3,1,0,1,8430649.714285715,0.9512115046615285,1
2025-03-10,1617.5413818359375,1634.225933863566,1593.5366088108908,1602.8533592169706,7558981.0,0.9163727343526551,0.009121995148672882,1616.0814208984375,1.0009033956573106,1.0255339757039144,1663.5884660993304,1725.174715169271,0,2.076773907327065,1.6967491563757466,0,3,1,1,0,8688064.285714285,0.8700420198811342,0
2025-03-11,1579.6566162109375,1597.1492261839649,1556.3173920894417,1597.1492261839649,12671234.0,-2.342120334627862,-0.023699838983144688,1612.5367257254463,0.9796096988118415,1.026236186977069,1650.66255405971,1719.8461263020833,0,1.523920514221183,1.729421486462664,1,3,1,0,0,8757931.0,1.4468296222018648,0
2025-03-12,1512.395751953125,1556.174800445261,1486.6798171088662,1556.174800445261,14870008.0,-4.257942110175095,-0.04351250768793879,1596.5448521205358,0.9472929933314158,1.046745090998505,1635.7266235351562,1710.6435017903646,0,1.9949927923459438,1.9353686071926013,2,3,1,0,0,9810079.42857143,1.5157887464898347,0
2025-03-13,1501.938232421875,1526.8462251444753,1492.859269016462,1520.381526929375,7822888.0,-0.6914539079963089,-0.006938555276621277,1581.8160400390625,0.9495024670408482,1.022766349670994,1619.0692749023438,1701.7672810872396,0,1.9959192435147903,1.875062267157623,3,3,1,0,0,9961967.285714285,0.7852754155515267,1
2025-03-17,1511.63525390625,1515.3904095675546,1468.949515897204,1468.949515897204,7526032.0,0.6456338399974282,0.006435585524370637,1565.3216727120537,0.9657026285767912,1.031615037254691,1603.7938232421875,1692.5852579752604,0,1.8710369809231076,1.9242548233342938,0,3,1,1,0,9868431.57142857,0.7626370964348207,0
2025-03-18,1511.63525390625,1511.63525390625,1511.63525390625,1511.63525390625,0.0,0.0,0.0,1548.236537388393,0.9763593723579971,1.0,1591.9747924804688,1684.3047973632813,0,1.8442218412717182,1.8581931057025094,1,3,1,0,0,8352639.142857143,0.0,0
2025-03-19,1508.3079833984375,1523.9466912333276,1495.2360763463737,1523.9466912333276,7387068.0,-0.2201106714873502,-0.0022035327108297065,1534.7300676618304,0.9827838883070512,1.0192013925701342,1579.6736363002233,1675.5347412109375,0,1.8412804941221634,1.8453295518634767,2,3,1,0,0,8262315.857142857,0.8940674900020681,1
2025-03-20,1535.8778076171875,1551.4214700841842,1513.4891497172634,1513.4891497172634,7186750.0,1.827864370022847,0.01811359747258945,1523.0638427734375,1.0084132814947642,1.0250628294058184,1569.5726318359375,1666.5587036132813,0,2.011383483570453,1.9675036486117197,3,3,1,0,0,8209140.0,0.8754571124380873,0
2025-03-21,1514.0118408203125,1524.802080940411,1486.537050188091,1500.1317616699205,10074677.0,-1.423678803641193,-0.014339103358512408,1513.6860177176338,1.0002152514450586,1.025741054181918,1563.11137172154,1656.9092569986979,0,1.9155884468940374,1.6743774582921165,4,3,1,0,1,7838203.285714285,1.2853298942069868,1
2025-03-24,1514.2021484375,1527.844442496362,1495.140885206093,1519.1456594946171,8857726.0,0.012569757518177127,0.0001256896759035078,1513.9440743582588,1.0001704647375105,1.0218732278769578,1555.2444632393974,1646.6767252604166,0,1.025366441627542,1.6130115991618392,0,3,1,1,0,6979305.857142857,1.2691413990597222,1
2025-03-25,1548.1414794921875,1555.46181670782,1525.84798372026,1525.84798372026,9890140.0,2.241400270743865,0.022166500466201337,1520.5445382254463,1.0181493804179838,1.0194081148997274,1551.1802891322545,1637.9557820638022,0,1.2582285948758616,1.7528657504969891,1,3,1,0,0,7274627.571428572,1.3595390145942277,0
2025-03-26,1520.571533203125,1556.9827781599724,1516.341035667932,1545.8122407498795,6651302.0,-1.7808415221912344,-0.017968893141157172,1521.8211495535713,0.999178867798747,1.026802507836991,1543.5714111328125,1629.055790201823,0,1.5027821736399256,1.7316368849083281,2,3,1,0,0,7149666.142857143,0.9302954665435627,1
2025-03-27,1524.469482421875,1540.0606082841557,1507.7849306219216,1516.8640098840594,9426573.0,0.25634763861051013,0.002560196284959403,1523.6546107700892,1.0005348138915642,1.021406022176466,1535.9455740792412,1620.433085123698,0,1.5032363386270824,1.7317073019362528,3,3,1,0,0,8496319.42857143,1.1094890062984584,0
2025-03-28,1493.19189453125,1519.620840928022,1483.0670864043914,1511.5876072967835,6799047.0,-2.0517031171352396,-0.020730429366219362,1521.4951695033483,0.9813977227536403,1.0246474045973557,1528.1126185825892,1611.1639119466147,0,1.7184381949972125,1.7512282306365894,4,3,1,0,1,8412316.42857143,0.8082253036640239,0
2025-04-01,1451.21923828125,1471.0885586286036,1442.9957978349414,1463.3404602190724,12680733.0,-2.8109351787752757,-0.028511982689756375,1509.401088169643,0.961453684945367,1.019468359392184,1516.23246547154,1601.1262736002604,0,1.7314558315333926,1.8034333841062369,1,4,2,0,0,9197171.142857144,1.3787644921502105,1
2025-04-02,1473.703125,1478.931888061539,1459.4903266843542,1459.4903266843542,6193478.0,1.549310133552173,0.015374308647941953,1503.6427001953125,0.9800886372863556,1.013320788100975,1508.6643589564733,1591.4213826497396,0,1.9069431065098257,1.8398150336252999,2,4,2,0,0,8642714.142857144,0.7166126170120599,0
2025-04-03,1422.69873046875,1458.9673514518695,1411.8134441365378,1458.9673514518695,10459504.0,-3.4609680651420227,-0.0352227834126302,1490.5707833426338,0.9544657297510692,1.0333995312986772,1502.2574288504463,1580.4631632486978,0,2.217685718302708,1.7224765812299492,3,4,2,0,0,8871539.57142857,1.1789953610403296,0
2025-04-04,1380.060546875,1399.4069443976105,1376.5905268259105,1388.4740776445042,9590254.0,-2.996993156780392,-0.030428209581441216,1466.5592215401787,0.9410193101003191,1.016574585635359,1493.5518798828125,1567.7778686523438,0,1.847555395115688,1.8553210374133815,4,4,2,0,1,8828698.714285715,1.0862590638054068,0
2025-04-07,1327.8680419921875,1336.5668248830998,1242.5441423903983,1285.3249277060586,21715252.0,-3.7818996420843187,-0.03855269260637624,1439.0301513671875,0.9227520637636484,1.075669490752917,1480.4256504603795,1554.656844075521,0,2.024102780479845,2.000775203423587,0,4,2,1,0,10980691.57142857,1.9775850964161885,1
2025-04-08,1358.3375244140625,1384.671428260199,1345.218037067066,1360.4289830692378,12805001.0,2.2946167434048537,0.022686863330783038,1415.2970145089287,0.9597543911200649,1.0293286219081272,1469.4758126395088,1542.0967244466146,0,2.480980369882868,2.167465686461882,1,4,2,0,0,11463324.142857144,1.1170408199596156,0
2025-04-09,1334.4752197265625,1339.9416532809853,1313.7503760547593,1335.758736096975,8546854.0,-1.7567286671104299,-0.017723422745365806,1392.6232038225446,0.9582457164749413,1.019936266206735,1457.0591866629463,1529.0628458658855,0,2.474692443288197,2.178052784343455,2,4,2,0,0,11713010.857142856,0.7296888993138717,1
2025-04-11,1339.941650390625,1367.844321400648,1328.1532604606723,1341.652928180614,12567440.0,0.40963148534016725,0.004087947797327093,1376.7264055524554,0.9732809983062181,1.0298843982254042,1443.0637468610491,1517.8241780598958,0,2.503917636686517,2.074509110730731,4,4,2,0,1,11696826.142857144,1.074431631838395,1
2025-04-15,1355.675537109375,1376.3053358191778,1339.513907284088,1374.3089224037624,10178530.0,1.1742217815352785,0.011673812938328244,1359.8653215680804,0.9969189710243702,1.027466253493169,1431.7540108816963,1506.9958902994792,0,2.440838359866716,2.1439084741352614,1,4,2,0,0,12266119.285714285,0.8298084963069295,0
2025-04-16,1343.41162109375,1357.10149475882,1327.915540556106,1354.724784610381,12022740.0,-0.904635045770219,-0.009087517146270046,1348.5385916573662,0.996198128407052,1.0219787729801637,1419.5546875,1495.8665486653647,0,2.220434897080708,2.1323210708669023,2,4,2,0,0,12489438.714285715,0.9626325309758,1
2025-04-17,1349.49609375,1359.2881865002564,1310.327954849587,1329.0563853909828,14264227.0,0.4529120159982192,0.004518894558962462,1344.1722412109375,1.003960692220713,1.037364868443404,1405.365731375558,1487.3674357096354,0,2.024313305554293,1.982469460959389,3,4,2,0,0,13157149.142857144,1.0841426851001286,1
2025-04-21,1379.442626953125,1399.2169026224717,1340.4645789137878,1340.4645789137878,15648970.0,2.2190900249224876,0.021948265188787477,1351.5400390625,1.0206450323957696,1.0438298218639186,1395.2850952148438,1479.204227701823,0,1.5102468389425183,2.136927064462745,0,4,2,1,0,12290537.42857143,1.273253516450902,0
2025-04-22,1352.6334228515625,1368.985143422317,1349.3060284057444,1368.985143422317,9399738.0,-1.9434809087187532,-0.01962614813847366,1350.7251674107142,1.0014127636671688,1.0145846195023853,1383.0110909598213,1470.7906778971353,0,1.545976698837473,2.144280450900419,1,4,2,0,0,11804071.285714285,0.796313218760031,1
2025-04-23,1402.1639404296875,1414.4277879886072,1368.6047467603623,1374.6891479419496,11136642.0,3.661784245557609,0.03596333910418628,1360.394984654018,1.0307035502533057,1.0334815740897532,1376.5090942382812,1463.292948404948,0,1.8712203035178945,2.4197092554807065,2,4,2,0,0,12174041.0,0.9147859778030976,0
2025-04-24,1398.836669921875,1409.7695375562273,1389.4248737048488,1397.410643708699,7114292.0,-0.2372953983392878,-0.002375773900602313,1368.808558872768,1.021937407429594,1.014642507296656,1372.7674822126116,1455.5464640299479,0,1.9050173958761738,2.3198769219955113,3,4,2,0,0,11395019.857142856,0.6243334447144887,1
2025-04-25,1407.20263671875,1427.6423460063363,1391.3262577852609,1402.7344676201928,8329979.0,0.5980660199122578,0.00596284703860277,1376.1695731026787,1.0225503195410033,1.0261017773637682,1368.0174473353795,1449.024776204427,0,1.890063557764373,2.2770636191409235,4,4,2,0,1,11130941.142857144,0.7483625052986149,1
2025-04-28,1409.0087890625,1416.138919345237,1393.037366859348,1407.202466180814,5886253.0,0.12835055141464657,0.0012826825250761137,1385.5405970982142,1.0169379316733382,1.0165835842135178,1367.03959437779,1442.0736897786458,0,1.795572333689899,2.0886788841608137,0,4,2,1,0,10254300.142857144,0.5740277657174095,1
2025-04-29,1423.6494140625,1435.342874701632,1401.4033833138335,1408.9138107783806,8056743.0,1.039072652608608,0.010337113989545869,1396.1339285714287,1.0197083423932158,1.0242182171043024,1370.153084891183,1436.8734497070313,0,1.7959565641635014,1.9223606047318524,1,4,2,0,0,9367516.714285715,0.8600724445693543,1
2025-04-30,1426.1212158203125,1434.3922372400868,1409.4842438297574,1422.9840278751349,7704183.0,0.17362433007710454,0.0017347377727613522,1402.8022984095983,1.0166230960964004,1.0176717075904667,1377.1711687360491,1433.9976318359375,0,1.685973122556312,1.5381261308135856,2,4,2,0,0,8232547.142857143,0.9358200890090778,1
2025-05-02,1432.5859375,1448.082019175758,1422.4135476873855,1425.740942139582,7402310.0,0.4533080083216401,0.0045228366203219714,1414.224086216518,1.0129836929397842,1.0180457164023116,1382.4746268136162,1431.685888671875,0,1.3115294652483869,1.451167042076754,4,5,2,0,1,7947200.285714285,0.9314361956255502,1
2025-05-05,1434.2020263671875,1447.8919007730017,1428.6881281546378,1440.2864278864722,4282493.0,0.11280920919882753,0.0011274562742333346,1418.8009556361608,1.010854990384554,1.0134415427971453,1389.5979701450892,1429.1047810872396,0,0.41305916956114674,1.3183070519414446,0,5,2,1,0,6968036.142857143,0.6145911003044863,1
2025-05-06,1436.958984375,1440.856765886036,1425.170478593818,1431.7302219442606,4270530.0,0.19222940402585653,0.0019204487974244058,1424.2470005580358,1.0089254067672135,1.011006604141629,1396.5277797154017,1426.6155721028647,0,0.341484559352877,1.3210367778219758,1,5,2,0,0,6561784.428571428,0.650818393454864,0
2025-05-07,1433.916748046875,1443.8989302169214,1422.7936754272175,1426.0260242923391,5691799.0,-0.21171351174287256,-0.002119379416196769,1428.0633021763392,1.0040988700302118,1.0148336720595603,1402.1164376395088,1424.1358642578125,1,0.3909884389087623,1.319245887939059,2,5,2,0,0,6184901.571428572,0.9202731739973873,1
2025-05-08,1436.864013671875,1441.7124795125974,1427.1669659401214,1433.631664427957,8424409.0,0.20553952166431078,0.0020532857818816724,1432.0426199776787,1.0033667948334328,1.010191879380346,1408.7916085379463,1420.8354044596354,1,0.38741070621872353,1.2664840038909204,3,5,2,0,0,6547495.285714285,1.2866613311476338,0
2025-05-09,1433.2513427734375,1436.8639888159648,1420.4171072727893,1426.6915991963783,4478653.0,-0.25142747428167356,-0.002517440839629508,1433.4143240792412,0.9998862985369507,1.0115789097856993,1414.774126325335,1418.1433878580729,1,0.24853864792620534,1.281918222690473,4,5,2,0,1,6036339.571428572,0.7419484850054705,1
2025-05-12,1546.6678466796875,1551.5163119444549,1456.4479104772702,1461.201330550629,11372857.0,7.913232000660919,0.0761573108301534,1450.6352713448662,1.0662003587199356,1.0652741514360313,1426.718784877232,1419.2255777994792,1,2.969599263128784,2.3492630447279055,0,5,2,1,0,6560435.857142857,1.7335520455729303,0
2025-05-13,1491.2430419921875,1532.6928451513843,1487.4403056280353,1529.6507024801845,12846210.0,-3.5834975690794413,-0.036492811979676854,1459.014857700893,1.0220890034951937,1.0304230962090557,1436.6194719587054,1417.328963216146,1,3.4862484209854427,2.5327438163479172,1,5,2,0,0,7338135.857142857,1.7506094531481924,1
2025-05-14,1513.8692626953125,1516.341017947111,1492.0985753404327,1496.3766534474937,4870057.0,1.5172725079674487,0.015058770508344671,1470.3958914620537,1.0295657594568168,1.0162472124880537,1444.598423549107,1417.1055541992187,1,3.492246640116387,2.40320763205936,2,5,2,0,0,7422073.571428572,0.6561585456047467,1
2025-05-15,1533.4534912109375,1538.7772990924948,1493.524758023796,1511.3976659657826,11151167.0,1.2936538840056189,0.012853576551990934,1484.1808210100446,1.0331985628054141,1.0302991569611313,1454.21391078404,1417.4050211588542,1,3.4837375602872163,2.3982302590850253,3,5,2,0,0,8405021.714285715,1.326726733025182,0
2025-05-16,1511.49267578125,1533.0731584594146,1503.5069061207216,1533.0731584594146,4576751.0,-1.4321148672298833,-0.014424686026660978,1495.2630964006696,1.0108539958082612,1.0196648596812756,1461.6631992885045,1418.015047200521,1,3.5826422594444223,2.464315706037814,4,5,2,0,1,8245729.142857143,0.555045032489893,0
2025-05-19,1482.8770751953125,1506.8342676039738,1478.9791776249906,1498.7534529196623,8855798.0,-1.8932014057657875,-0.019113519124575703,1501.836390904018,0.9873759113685526,1.0188339973952265,1466.9395054408483,1419.0703084309896,1,3.7264869825274625,2.548051943712782,0,5,2,1,0,8307356.142857143,1.0660188208753298,1
2025-05-20,1483.637451171875,1505.4081383338412,1481.1656959419795,1492.573904126385,7143998.0,0.05127707409344762,0.0005126393189424126,1509.0344063895088,0.983170062186721,1.016367137355584,1471.224365234375,1419.4014526367187,1,3.7179367575202154,2.5425130229420345,1,5,2,0,0,8688119.714285715,0.8222720490664115,1
2025-05-21,1491.1480712890625,1493.5247816353951,1475.5568282070587,1490.5776840160047,4157309.0,0.506230151527598,0.0050495311471304176,1501.1030099051338,0.9933682508459559,1.0121770663690188,1475.869140625,1421.6830973307292,1,1.8672868357158996,2.5425501744420944,2,5,2,0,0,7657327.142857143,0.5429190789997778,0
2025-05-22,1471.18359375,1483.8277382618005,1464.0534632471729,1478.789066286349,6158990.0,-1.3388662013829156,-0.013479098269846232,1498.2373744419642,0.9819429276338533,1.0135065252130682,1478.6261160714287,1424.7205322265625,1,1.379760223341794,2.581661869711741,3,5,2,0,0,6702010.0,0.9189765458422174,1
2025-05-23,1487.6304931640625,1508.9257236923431,1473.560322375453,1473.560322375453,5038421.0,1.1179365705227706,0.011117338451887598,1494.488978794643,0.9954108155176146,1.023999968497984,1482.4424351283483,1430.045947265625,1,1.3038069197788995,2.59240231809206,4,5,2,0,1,6726062.0,0.7490892887993004,1
2025-05-26,1502.55615234375,1505.693456152503,1485.6339297061554,1489.3416207391451,3170102.0,1.0033176415967349,0.009983178250287763,1490.0750732421875,1.008376141125833,1.0135023346231162,1487.1279471261162,1434.8532348632812,1,1.2503283523588178,2.599058164424685,0,5,2,1,0,5585909.857142857,0.567517572082962,0
2025-05-27,1492.6690673828125,1504.8378701621398,1479.644741762222,1501.985817890451,7775714.0,-0.6580176684588546,-0.006601921489451876,1487.385986328125,1.0035519233764798,1.017026471077046,1491.3245413643974,1440.1263631184895,1,1.1630042438597115,2.6091929602672455,1,5,2,0,0,6042904.571428572,1.2867510827101782,1
2025-05-28,1494.2852783203125,1509.4010623010483,1492.5740005619675,1503.0315254066693,3623370.0,0.10827657468199803,0.00108217997878365,1489.0157296316963,1.003538947630808,1.0112738542496018,1495.426060267857,1445.271150716146,1,0.8816091921117046,2.6096447494028188,2,5,2,0,0,5295414.857142857,0.684246673348458,1
2025-05-29,1507.4046630859375,1529.555648703017,1498.8485063145804,1510.6370121874,8609500.0,0.8779705559551543,0.008741388058950469,1492.4110456194196,1.0100465736370203,1.0204871554790687,1500.7227260044642,1450.328788248698,1,0.9262241356817419,2.6083770934072534,3,5,2,0,0,5504772.285714285,1.564006566146787,0
2025-05-30,1506.5369873046875,1515.5027951891782,1499.2101525439637,1514.5387348868949,13148092.0,-0.05756090600607111,-0.0005757747865545555,1494.6094621930804,1.007980362371121,1.0108674841999756,1497.856236049107,1455.7663004557292,1,0.9228063619362665,1.455417173433166,4,5,2,0,1,6789169.857142857,1.9366273457080982,0
2025-06-02,1497.9569091796875,1503.9340358386107,1483.6887699715526,1503.9340358386107,4374509.0,-0.5695232309131937,-0.005711511985108945,1498.4342215401787,0.9996814592501762,1.01364522417154,1498.3357979910713,1460.7149943033853,1,0.7444453436259051,1.0898875067146607,0,6,2,1,0,6534244.0,0.6694743875496538,0
2025-06-03,1487.5450439453125,1510.9717563250315,1480.410974183671,1502.970008756152,6853403.0,-0.6950710778507507,-0.006974979490583436,1498.4220145089287,0.9927410499456785,1.0206434447422361,1496.4554966517858,1464.318408203125,1,0.7109818125104899,1.0167808525746143,1,6,2,0,0,6793527.142857143,1.0088136627533477,1
2025-06-04,1495.4503173828125,1501.3311794658816,1486.0025968815146,1487.545069852834,4548307.0,0.5314308611814145,0.00530023750392811,1497.4068952287946,0.9986933559260236,1.010315313456743,1493.7409842354912,1469.0789713541667,1,0.6161978222710282,0.9536887511883588,2,6,2,0,0,6990413.571428572,0.6506492002976729,1
2025-06-05,1498.43896484375,1511.3572786610305,1486.195328477135,1492.2689554139663,6948539.0,0.1998493314153027,0.0019964989830525376,1498.231166294643,1.000138695919416,1.0169304462891013,1492.8085763113838,1472.2881388346354,1,0.5617498109113779,0.8854916572248915,3,6,2,0,0,6872245.714285715,1.0111016527764265,1
2025-06-06,1507.5975341796875,1512.5142181403369,1487.641415492617,1498.8244913615613,3960020.0,0.6112073665204276,0.006093470706246722,1500.1329171316963,1.0049759704375154,1.0167196223422454,1494.5743233816963,1475.9135009765625,1,0.6003166843580726,0.7246497708104931,4,6,2,0,1,6920338.571428572,0.5722292282561733,1
2025-06-09,1516.3704833984375,1530.9277705261318,1514.5387452749071,1521.2871674371763,2903202.0,0.5819158641383382,0.005802292736356928,1501.4137486049108,1.009961767572346,1.0108211330362828,1496.912397112165,1479.5524291992188,1,0.546738527445845,0.734554518490579,0,6,2,1,0,6105153.142857143,0.4755330344819711,1
2025-06-10,1538.6402587890625,1549.726952383094,1520.8051430073597,1527.0715350387688,8591925.0,1.4686236400958341,0.014579438005680633,1505.9999302455358,1.0216735259331686,1.0190174326465926,1500.304696219308,1483.8734781901042,1,0.7474088352242535,0.8106859259176628,1,6,2,0,0,5454272.142857143,1.5752651820375143,1
2025-06-11,1572.4786376953125,1575.8528485433976,1532.9521677606,1532.9521677606,10597410.0,2.1992391472247963,0.021754047010403156,1516.6458914620537,1.0368133039805592,1.0279856617088508,1507.5400565011162,1488.834452311198,1,0.9206082002127808,0.8359988021856752,2,6,2,0,0,6343258.0,1.6706572553094956,0
2025-06-12,1550.7874755859375,1569.4902701551284,1540.6648417796544,1558.8856061675938,10483574.0,-1.3794249148698423,-0.013890273885546619,1525.6805245535713,1.0164562309266632,1.0187097333526332,1512.05126953125,1492.9899943033854,1,1.110213736191981,0.9482976066618355,3,6,2,0,0,6861853.857142857,1.527804907865694,0
2025-06-13,1544.4246826171875,1551.1731050755648,1513.7675163758718,1519.359113486072,6968315.0,-0.41029432265345944,-0.004111383392352944,1532.6768624441963,1.0076649034515055,1.0247102598615976,1515.0418788364955,1496.7179524739583,1,1.1753157685489906,0.9430761908828225,4,6,2,0,1,7207569.285714285,0.9668051355137858,1
2025-06-16,1565.441162109375,1576.0458254086714,1539.700681491198,1542.4964798976407,5591842.0,1.3607966596709042,0.013516209698629713,1542.2486049107142,1.015038144385291,1.0236053307986284,1520.2398856026787,1501.0925903320312,1,1.212604726744405,0.9559432803970449,0,6,2,1,0,7013755.428571428,0.797267891210024,1
2025-06-17,1580.962646484375,1588.193099360836,1557.535932091381,1562.452616510744,7622083.0,0.9915086399086004,0.009866254446653993,1552.7293352399554,1.0181830217306074,1.0196831203940766,1526.4311261858259,1505.8927124023437,1,1.2199547820255767,0.9681980043975613,1,6,2,0,0,7536907.285714285,1.011301149272084,0
2025-06-18,1574.214111328125,1585.589952431105,1562.741770047165,1562.741770047165,5629707.0,-0.4268624038181401,-0.004277760623472759,1560.992710658482,1.0084698670143473,1.0146205744428591,1531.2032296316963,1510.5692911783854,1,1.2919609358213133,0.9821701610115662,2,6,2,0,0,7926408.0,0.7102469365695029,0
2025-06-19,1560.2352294921875,1571.4183055533615,1553.5831898154863,1565.5375611980423,5147760.0,-0.8879911401724061,-0.008919572782580052,1564.0777064732142,0.9975432953457978,1.0114799875892024,1535.038818359375,1514.6816650390624,1,1.3174660150765143,1.0302796732112296,3,6,2,0,0,7434384.428571428,0.6924258557596785,1
2025-06-20,1564.573486328125,1572.0930860674746,1551.076642111549,1560.8136276168789,9202821.0,0.2780514600576822,0.002776656120573316,1562.9483991350446,1.001039757418722,1.0135495844533606,1539.7971452985491,1519.0590698242188,1,0.9934735373576276,1.0026087524827443,4,6,2,0,1,7235157.428571428,1.271958639580989,0
2025-06-23,1527.071533203125,1543.4605584963404,1518.7806380620095,1543.4605584963404,7943676.0,-2.3969441801684144,-0.0242613834297588,1559.5604073660713,0.9791679283408993,1.0162498255612626,1542.6204659598213,1518.405859375,1,1.2568940453697808,1.215242473929398,0,6,2,1,0,6872314.857142857,1.1558952354669265,0
2025-06-24,1524.7576904296875,1551.172965207259,1519.9373891083474,1543.4604830931148,8083992.0,-0.15152157074030947,-0.0015163648076262318,1556.7508370535713,0.9794487686388937,1.0205505676238649,1544.7138497488838,1519.5230143229167,1,1.2539297274116743,1.2143783864003292,1,6,2,0,0,7031697.285714285,1.1496501728570674,1
2025-06-25,1556.8609619140625,1561.6812632899291,1528.1319186406413,1532.8558375256184,7813533.0,2.105467097223035,0.02083608424478424,1555.5250941685267,1.0008587889392102,1.0219544819658841,1548.8868495396205,1520.9560709635416,1,1.4258548518122722,1.3228789165860595,2,6,2,0,0,7349081.714285715,1.063198546943824,1
2025-06-26,1557.9215087890625,1565.6339915058402,1548.8593180602195,1550.9803214172216,6519233.0,0.06812084707270571,0.0006809765535534141,1552.2335030691963,1.0036644008189615,1.0108303402704315,1552.4814191545759,1521.7716715494792,1,1.3521152122402165,1.3204335982228268,3,6,2,0,0,7191531.714285715,0.906515226380742,0
2025-06-27,1550.208984375,1571.0326636135578,1544.8102701550988,1560.8136478253264,8912268.0,-0.49505218141940865,-0.004962816239976164,1548.80419921875,1.000907012750197,1.0169745074622183,1554.8984549386162,1523.0622151692708,1,1.3542519892265577,1.330497046976697,4,6,2,0,1,7660469.0,1.1634102298436297,0
2025-06-30,1544.2318115234375,1556.9573602116636,1536.8084767193552,1556.9573602116636,6294505.0,-0.38557206878608863,-0.0038631731414263725,1546.5179966517858,0.9985217209671676,1.0131108617615907,1555.2978515625,1525.107373046875,1,1.3254244815622238,1.2822649751664783,0,6,2,1,0,7824289.714285715,0.8044826086267475,1
2025-07-01,1549.0521240234375,1559.5602870581276,1542.978497111504,1551.1730095922587,4178937.0,0.31214954024580965,0.0031166336503481683,1544.3006591796875,1.0030767744710243,1.0107466111664323,1553.6245291573662,1527.287862141927,1,1.327276760096373,1.1268622279588947,1,7,3,0,0,7106592.0,0.5880367129560836,1
2025-07-02,1552.619140625,1589.735462831807,1545.7743359105034,1559.8495930029494,8653641.0,0.23027092156833184,0.0023000620438165054,1547.9503173828125,1.003016132488077,1.028439550262949,1553.755362374442,1529.3368977864584,1,0.8755702215128996,1.0669421068108422,2,7,3,0,0,7208015.571428572,1.2005580335178045,1
2025-07-03,1560.5244140625,1573.7321112354073,1556.9574379034102,1560.331649069145,5259695.0,0.5091572833707092,0.005078654607584569,1553.059849330357,1.0048063599965973,1.010774008925116,1554.9053431919642,1532.3149251302084,1,0.8617627290909567,1.0671323767769392,3,7,3,0,0,6804544.571428572,0.7729679693898691,1
2025-07-04,1581.7337646484375,1584.3367981958825,1554.3545449332526,1566.5980642699803,4411273.0,1.3591168708936285,0.013499637189811422,1556.6131068638392,1.0161380227841006,1.0192891984395474,1556.069100516183,1535.4517008463542,1,0.6178453007691507,1.066977300889513,4,7,3,0,1,6318507.428571428,0.6981511139882223,0
2025-07-07,1568.526123046875,1584.91514830305,1564.669881810128,1581.058907066303,3294523.0,-0.8350104105224077,-0.008385161516268034,1558.1280517578125,1.0066734382179512,1.0129390018484288,1555.1807774135045,1537.6506998697917,1,0.7392418674592538,1.0584891160047054,0,7,3,1,0,5857834.571428572,0.5624131169679912,1
2025-07-08,1579.8056640625,1587.0361167588558,1563.2238729521173,1569.4902652889589,4590681.0,0.7191171922412254,0.007165438739782638,1562.3561488560267,1.0111687179771718,1.0152327790144156,1555.5801740373884,1540.5552530924479,1,0.7187028733885451,1.071434036310574,1,7,3,0,0,5240465.0,0.8760064230941338,0
2025-07-09,1574.9852294921875,1579.1307357618878,1565.248244218562,1578.937970779495,4580828.0,-0.30512832558889924,-0.0030559479118505966,1566.7494942801338,1.0052565743548159,1.0088691947712465,1556.63374546596,1543.2452514648437,1,0.7069693949989604,1.0439635707332355,2,7,3,0,0,4995654.0,0.9169626239127049,0
2025-07-10,1557.7286376953125,1579.998406486553,1549.341242702206,1579.998406486553,5330179.0,-1.0956668972977535,-0.011017135349496016,1567.9889962332588,0.9934563580722858,1.0197872250085318,1556.1448277064733,1544.9227172851563,1,0.8774071998279238,1.0868162251009592,3,7,3,0,0,5160117.142857143,1.0329569760597905,0
2025-07-11,1537.579833984375,1549.3413228616234,1506.8262861181436,1522.3476337948875,11391755.0,-1.2934732804776639,-0.013019114890740915,1565.8405238560267,0.9819517444841336,1.0282149555892115,1556.8954206194196,1545.9574788411458,1,1.013306310628012,0.9303823117883259,4,7,3,0,1,5551276.285714285,2.0520965654899337,0
2025-07-14,1513.8638916015625,1534.5911874414394,1503.7412587495296,1534.5911874414394,9173426.0,-1.5424202281163257,-0.015544392786032127,1559.1747349330358,0.970939213985263,1.02051545005659,1556.1172921316963,1546.4877115885417,1,1.0898909805910246,1.0235042451662684,0,7,3,1,0,6110380.714285715,1.5012855055910124,1
2025-07-15,1528.614013671875,1545.967099361679,1507.790334380739,1508.8507771918205,7614807.0,0.974336078173299,0.009696200328833669,1551.5861990792412,0.9851943866083633,1.025319677484615,1554.09965297154,1547.8566772460938,1,0.9898705009455178,0.8743517086603985,1,7,3,0,0,6568028.428571428,1.159374853932575,1
2025-07-16,1550.112548828125,1554.0651724422496,1521.7691530397587,1522.2511831800944,6223491.0,1.4064070435026554,0.013966089006210257,1548.9556884765625,1.0007468647167694,1.0212226797592652,1553.5418701171875,1549.6787516276042,0,1.197604420193616,0.9657245342002962,2,7,3,0,0,6986452.428571428,0.8907941567810208,0
2025-07-17,1526.5894775390625,1552.1370753633664,1523.3116489985612,1540.5683518202854,7374814.0,-1.5175073130557992,-0.015291392826375646,1541.3533761160713,0.990421470633677,1.0189228687273253,1551.8547624860491,1550.6171020507813,0,1.221346380185335,1.0393290286573207,3,7,3,0,0,7384185.714285715,0.9987308398449969,1
2025-07-18,1529.0960693359375,1541.821736330617,1523.2153248462614,1534.8804313290243,5161833.0,0.16419553742212933,0.0016406088392611966,1534.7977818080358,0.9962850399318525,1.0122152207772945,1550.773638044085,1551.333719889323,0,1.2453157025522916,1.0382813381589129,4,7,3,0,1,7467186.428571428,0.6912687997515989,0
2025-07-21,1527.36083984375,1531.8918763569468,1510.4897839367352,1523.2153333190531,3682661.0,-0.11348073721365592,-0.0011354517535678156,1530.4595249720983,0.9979753236999817,1.0141689752872292,1549.2242606026787,1551.7000651041667,0,1.210675873225894,1.0325943192201217,0,7,3,1,0,7231826.714285715,0.5092297071672486,0
2025-07-22,1514.4423828125,1528.806905141675,1508.7544033781517,1508.7544033781517,8473741.0,-0.8458025565570737,-0.00849399764258321,1527.1541748046875,0.991676156735247,1.013290766024361,1546.497349330357,1550.8934692382813,0,1.158585579217218,1.0464190432128768,1,7,3,0,0,6814967.571428572,1.2434015145612367,1
2025-07-23,1517.9129638671875,1534.6876368616054,1494.2934861823694,1519.648319505044,8035026.0,0.2291656053789337,0.0022890342148595907,1527.7326136997767,0.993572402824596,1.0270322738155242,1543.4536743164062,1549.0746134440103,0,1.0021018732441054,1.0350005251978747,2,7,3,0,0,6652339.0,1.2078497502908376,0
2025-07-24,1496.70361328125,1525.14339208434,1492.558106924831,1523.21527148752,14169664.0,-1.3972705346624426,-0.014071242558411917,1523.1739850725446,0.9826215704504473,1.0218318369035866,1537.380092075893,1547.271818033854,0,1.0349106946383515,0.9777034331685758,3,7,3,0,0,7588747.142857143,1.8671941142929107,0
2025-07-25,1461.2261962890625,1493.8114825426642,1456.9844249801497,1487.930738061539,10851259.0,-2.3703702374586855,-0.023989155008635847,1510.4759347098213,0.9673945560541352,1.0252762191078442,1529.715811593192,1544.49853515625,0,0.9824177478808064,1.1088399990803963,4,7,3,0,1,8249856.857142857,1.3153269429886905,1
2025-07-28,1461.515380859375,1464.6968268487494,1429.2193615593824,1459.4908778130184,6439855.0,0.01979054105702982,0.00019788582987790575,1501.1796351841517,0.9735779427090943,1.0248229671690556,1521.2665056501116,1541.0343424479167,0,0.976453834319882,1.0646072449321444,0,7,3,1,0,8116291.285714285,0.7934479891493017,0
2025-07-29,1459.2979736328125,1462.6721845547067,1442.3305365336291,1458.5267960319763,7070448.0,-0.1517197325189068,-0.0015183494345164291,1491.2084786551338,0.978600909611847,1.014103319250222,1513.003130231585,1536.9788533528647,0,0.9410283525366476,1.0680952015336989,1,7,3,0,0,8388950.57142857,0.8428286637044708,1
2025-07-30,1464.40771484375,1467.0106307922656,1451.8749299240865,1465.2753927209724,5719051.0,0.3501506411481614,0.003495390410559651,1482.2151750837054,0.9879859142320886,1.010424934377075,1506.3373500279017,1533.3186401367188,0,1.0004584564332828,1.0798730924921944,2,7,3,0,0,8679863.42857143,0.658887210272762,0
2025-07-31,1454.76708984375,1472.21655890233,1443.198365471235,1455.4418850255531,6851407.0,-0.6583292960204434,-0.00660505841145656,1473.6901332310267,0.9871594150218076,1.0201068641188626,1500.422154017857,1529.8030354817708,0,0.9951253777463807,1.054059546353412,3,7,3,0,0,8448101.42857143,0.8109996142835811,0
2025-08-01,1416.782958984375,1444.837089497394,1412.83033538686,1440.2096707795008,8702978.0,-2.6110111456710716,-0.026457032507233073,1459.2429896763392,0.9709027002409092,1.0226543508508188,1493.487801688058,1524.8766845703126,0,1.177964387248139,1.1756466421515315,4,8,3,0,1,8543523.142857144,1.0186638292513048,1
2025-08-04,1427.291259765625,1429.5086455065348,1398.8514812022438,1408.9741142502269,8610216.0,0.7417015227782597,0.0073896444267811355,1449.326939174107,0.984795922291323,1.0219159537064955,1486.2504621233259,1521.550675455729,0,1.3188971696662894,1.1551916107240296,0,8,3,1,0,7749316.285714285,1.1110936349149623,0
2025-08-05,1407.8173828125,1425.5559991895734,1402.7078158601623,1425.5559991895734,10213323.0,-1.3643940450054126,-0.013737874403672194,1441.6971086774554,0.9765001083368787,1.0162886262349655,1476.0865216936384,1517.6526652018229,0,1.1460335688999277,1.0381132812676905,1,8,3,0,0,7658182.571428572,1.3336484087104739,0
2025-08-06,1385.0654296875,1403.768223634903,1378.895537719122,1399.8155998166778,10566934.0,-1.616115371408955,-0.01629316944201042,1430.7756870814733,0.9680521148026956,1.0180381219863281,1465.9776611328125,1511.9261474609375,0,1.1826761019778123,1.0445447879728254,2,8,3,0,0,8247765.285714285,1.2811875258262597,1
2025-08-07,1385.25830078125,1390.1749848888187,1363.3740608530718,1378.6062610201184,9892020.0,0.013925052897567625,0.00013924083452072778,1420.1985909598213,0.9753976025599649,1.0196577922415344,1455.7035348074776,1506.1707071940104,0,1.1983937368072728,1.035856794187579,3,8,3,0,0,8650847.0,1.143474159235506,0
2025-08-08,1371.9542236328125,1381.6912093691872,1366.169861688454,1373.785961785155,10048009.0,-0.9604040734449537,-0.009650456961632192,1406.9909493582588,0.9750981157757789,1.0113612136499266,1444.603062220982,1500.2288818359375,0,1.0988723620442848,1.023746393014118,4,8,3,0,1,9269269.57142857,1.0840130306461042,1
2025-08-11,1376.8709716796875,1381.8841562074572,1363.1813615156616,1368.8693412283471,6625368.0,0.3583755173591552,0.0035773488243153505,1395.8629324776787,0.9863941076476039,1.0137199606888703,1434.7765328543526,1494.6501871744792,0,1.2019064343372805,1.0655890745260501,0,8,3,1,0,9236978.285714285,0.7172657329125319,0
2025-08-12,1372.918212890625,1389.2108550605094,1369.9296495773656,1376.8708364780418,9899184.0,-0.2870827310884727,-0.0028749560394135862,1389.5965401785713,0.9879977196216946,1.0140745953553836,1424.4197649274554,1488.7790568033854,0,0.8917829174916386,1.0406225563265283,1,8,3,0,0,9407864.857142856,1.052224298532957,1
2025-08-13,1375.328369140625,1382.4624387348806,1371.279363046038,1373.7858962323603,10318063.0,0.17554987816248424,0.0017539596946190147,1382.1732700892858,0.9950477258555155,1.0081552132922074,1415.7501046316963,1482.869364420573,0,0.7855842111582902,1.0455462764350278,2,8,3,0,0,9651843.0,1.0690251592364277,1
2025-08-14,1395.6700439453125,1417.1686356270611,1374.9427475738962,1374.9427475738962,12902347.0,1.479041315594909,0.014682101670330329,1380.4379359654017,1.011034257740286,1.0307110155151356,1411.0675223214287,1477.37421875,0,0.9885694394096082,1.0495022126720115,3,8,3,0,0,10035989.285714285,1.2856078890364926,0
2025-08-18,1384.1978759765625,1412.05912550974,1378.220631290062,1412.05912550974,7254561.0,-0.8219828188273048,-0.008253797250636009,1380.313999720982,1.0028137628513263,1.024552305669669,1405.5448434012276,1470.789689127604,0,0.8192676752961668,1.052511990597125,0,8,3,1,0,9562793.142857144,0.7586236460022917,1
2025-08-19,1388.246826171875,1397.3090164904586,1381.2091389381635,1381.2091389381635,3986094.0,0.2925123832064891,0.002920853981882262,1380.740931919643,1.005436135105951,1.0116563647737462,1400.469761439732,1464.780379231771,0,0.8271304312604338,1.066600424240835,1,8,3,0,0,8719089.42857143,0.4571686106278529,1
2025-08-20,1442.427001953125,1445.1264179190937,1388.921654258322,1388.921654258322,10413061.0,3.902776852056866,0.03828543795876673,1390.8084716796875,1.037114046487722,1.0404664751884691,1398.8997105189733,1460.2010904947917,0,1.5656512070741677,1.5563209910681919,2,8,3,0,0,8771239.714285715,1.1871823526884406,1
2025-08-21,1442.619873046875,1453.802949118853,1430.9547668193538,1453.802949118853,6565539.0,0.013371289742147852,0.00013370395864882066,1400.201171875,1.0302947190903093,1.015967089127691,1398.0320521763392,1455.7889119466147,0,1.5845590683358117,1.548010469857225,3,8,3,0,0,8762692.714285715,0.7492604401494394,0
2025-08-22,1434.0396728515625,1450.2359327005538,1432.6899649169563,1444.258688328196,5543397.0,-0.5947651460804226,-0.0059654091859366,1408.9328090122767,1.017819773717163,1.012246870023002,1399.2646745954241,1451.665946451823,0,1.6197071061683155,1.3754804760582864,4,8,3,0,1,8140437.428571428,0.6809704083645066,1
2025-08-25,1477.0367431640625,1483.6887826854402,1452.549588321255,1452.549588321255,10694531.0,2.9983180470175563,0.029542472467608123,1423.4625767299108,1.0376365120586637,1.0214376119166944,1402.8179234095983,1449.647843424479,0,1.824617907924656,1.5748453353939793,0,8,3,1,0,8194218.571428572,1.3051312833281583,0
2025-08-26,1474.6265869140625,1483.1103644867733,1464.021923789744,1468.263812576099,15994798.0,-0.16317510455677864,-0.0016330838013195199,1434.7420828683037,1.0277990758910638,1.013038357135812,1407.5900094168526,1448.339933268229,0,1.8636860709524679,1.5111859029125605,1,8,3,0,0,8635997.285714285,1.8521078076829278,0
2025-08-28,1446.1868896484375,1474.6266696224122,1444.162386475055,1474.6266696224122,5443364.0,-1.928603316799038,-0.0194744349885174,1443.59765625,1.001793597673997,1.021094776759638,1411.9558279854912,1445.5923624674479,0,2.061068194943039,1.544280520173442,3,8,3,0,0,8377254.857142857,0.6497789661202347,0
2025-08-29,1416.782958984375,1447.922152992462,1414.951220922169,1447.922152992462,8169075.0,-2.0332040675054452,-0.020541581744334434,1447.6742466517858,0.9786614373096317,1.0233018153437154,1414.2075892857142,1441.1480428059897,1,2.3009941871843234,1.667479734875998,4,8,3,0,1,8974823.57142857,0.9102212355467713,1
2025-09-01,1445.511962890625,1449.3682038919694,1423.145694472945,1423.6277245981132,4546057.0,2.0277632310628846,0.020074778799431776,1448.114955357143,0.9982024959711324,1.0184257378010309,1419.461713518415,1438.445458984375,1,1.88507794908849,1.7020434029896254,0,9,3,1,0,8136680.142857143,0.5587115285576018,0
2025-09-02,1444.837158203125,1458.4305028963795,1432.8829043510907,1445.5120710387366,5218763.0,-0.04668274665472483,-0.0004669364644124612,1448.4317103794642,0.9975183143598827,1.017829508934548,1424.316441127232,1435.6368286132813,1,1.8853860838796166,1.7060067278998838,1,9,3,0,0,7944283.571428572,0.6569205332459629,0
2025-09-03,1425.941650390625,1447.9222736017668,1420.0609057500144,1446.09053538698,4623483.0,-1.3077949791933219,-0.013164219153716896,1447.2748500279017,0.9852597454886572,1.0196198400638579,1428.1038295200892,1432.2561889648437,1,1.9435762925608673,1.7567574451240162,2,9,3,0,0,7812867.285714285,0.5917780029943643,0
2025-09-04,1410.420166015625,1430.6654315565193,1407.6243677138264,1430.6654315565193,5787724.0,-1.0885076798723192,-0.010944752693424317,1437.7581961495537,0.9809856551629179,1.0163687588615098,1430.610386439732,1428.7887817382812,1,1.41093677839385,1.794897342949534,3,9,3,0,0,7111894.857142857,0.8138089941230049,0
2025-09-05,1392.6815185546875,1419.771590084351,1381.4984423486478,1417.1686742864704,5466487.0,-1.2576853258592036,-0.012656611320117145,1426.0517578125,0.9765995595356224,1.0277040831625086,1430.3969203404017,1424.6144002278645,1,1.408821352125335,1.7933150523517851,4,9,3,0,1,5607850.428571428,0.9747918689394433,0
2025-09-08,1381.4019775390625,1405.5998666589085,1376.9673238557784,1398.8514448025214,3811567.0,-0.8099153227315581,-0.008132129542999782,1416.7967703683037,0.9750177346747902,1.0207939159536141,1430.1972133091517,1420.7710123697916,0,1.320816277036787,1.792892705162285,0,9,3,1,0,5374736.571428572,0.7091635002656342,1
2025-09-09,1450.2359619140625,1453.031642648249,1419.5787971834648,1427.7733097648295,13072640.0,4.9829076180726295,0.04862736632879815,1421.5757707868304,1.0201608607266632,1.0235653318654498,1434.625008719308,1420.4046712239583,1,2.35171446340527,2.2353363472804952,1,9,3,0,0,6075245.857142857,2.151787813596068,1
2025-09-10,1477.518798828125,1479.736184601264,1455.056264347903,1455.8274419814547,7281071.0,1.881268816286541,0.018637918072769037,1426.1481759207588,1.0360205368381163,1.016961488609117,1437.1315656389509,1420.9381184895833,1,2.3349621965930805,2.044295663170776,2,9,3,0,0,6465962.142857143,1.1260614954331734,0
2025-09-11,1455.4417724609375,1472.6020926929066,1452.3568266067848,1469.1314991861996,8003662.0,-1.4941959712930664,-0.015054715396698693,1427.663120814732,1.0194574274849608,1.0139395950879522,1438.0474155970983,1420.8095784505208,1,2.4364178595099535,2.0934829951883835,3,9,3,0,0,6863804.857142857,1.166067824855327,1
2025-09-12,1470.7703857421875,1487.4486761823323,1466.4321143461764,1481.7606968153775,12856963.0,1.0531931659025773,0.010476857222764197,1434.0672258649554,1.025593751265806,1.0143317659443964,1440.6710379464287,1421.0216674804688,1,2.366718747807227,2.098750028260783,4,9,3,0,1,8040016.285714285,1.599121512085068,0
2025-09-15,1454.1885986328125,1472.6021270614033,1447.2472937742573,1470.7703889313757,6167414.0,-1.1274218783652867,-0.011338254545299296,1440.319859095982,1.0096289303027004,1.017519350974928,1439.039027622768,1421.0023844401042,1,2.3710224563135154,1.9608762872099947,0,9,3,1,0,8094257.714285715,0.7619493000717051,1
2025-09-16,1456.9844970703125,1459.5874130189484,1449.464779044907,1454.18869843609,8923112.0,0.19226518761930045,0.0019208059467489265,1449.5059988839287,1.0051593426947816,1.0069837046890588,1437.7788783482142,1422.3424357096353,1,2.2563987003492687,1.96220840309907,1,9,3,0,0,8588061.285714285,1.0390135448664124,1
2025-09-17,1467.685546875,1471.830935901443,1459.58741614181,1462.3832147820146,4795698.0,0.7344655915148657,0.00731781527328726,1461.8322230747767,1.0040041009548357,1.008388342914052,1439.31449672154,1423.6889119466146,1,2.1612703385543854,1.895961257182303,2,9,3,0,0,8728651.42857143,0.5494202671792205,1
2025-09-18,1485.2313232421875,1499.1138155530705,1483.2068200825713,1494.2935138953433,9331945.0,1.195472450113444,0.01188383122922856,1466.8315604073662,1.0125438825639335,1.0107247318817032,1444.2036655970983,1426.269376627604,1,1.2456982506013476,1.8079791614492557,3,9,3,0,0,8194266.428571428,1.1388383672102436,0
2025-09-19,1484.845703125,1495.546867150236,1465.468113638006,1489.0875921991392,12988129.0,-0.025963640219062167,-0.00025967011355655103,1467.8782610212054,1.0115591616514508,1.0205250139749271,1447.013218470982,1429.5953857421875,1,1.047167072509233,1.7437745979432735,4,9,3,0,1,9009560.42857143,1.4415940825272227,0
2025-09-22,1445.6083984375,1460.2620677071914,1428.7373434373958,1429.4121385641438,15655204.0,-2.64251730701186,-0.026780593302613162,1466.4734933035713,0.9857719249878374,1.0220647443804824,1447.0683070591517,1431.6070556640625,1,1.3732214994051843,1.9033912424012966,0,9,3,1,0,10102637.857142856,1.5496154787861984,0
2025-09-23,1443.6802978515625,1458.6232324870878,1439.3420265057648,1439.3420265057648,9832164.0,-0.13337641009982804,-0.0013346543560183398,1462.603480747768,0.9870619869668772,1.0133958472873408,1448.3353533063616,1433.9979248046875,1,1.2787687951569071,1.8658614957325583,1,9,3,0,0,9670523.714285715,1.0167147396035545,0
2025-09-24,1440.884521484375,1442.909024606748,1429.4121802134027,1433.7504516255494,4937004.0,-0.19365619738304085,-0.0019384395343694718,1460.7028982979912,0.9864323013004845,1.0094422340736808,1450.5113786969866,1436.131709798177,1,1.2203463180092693,1.836960829584306,2,9,3,0,0,9494750.857142856,0.5199719375770576,0
2025-09-25,1431.4368896484375,1448.6934761875953,1423.4351414751138,1435.4858961438838,9491867.0,-0.6556827903324791,-0.006578418327614603,1457.0532400948662,0.9824190703939131,1.0177446333707245,1453.2796194893974,1438.0823323567708,1,1.2257059639105234,1.8078306236056627,3,9,3,0,0,9576001.57142857,0.9912140186276077,0
2025-09-26,1396.8270263671875,1425.555953399892,1389.4036912657584,1421.9889772759154,8597058.0,-2.4178406698565857,-0.024475503026388616,1446.9305943080358,0.9653725146610718,1.0260199842287725,1454.3814086914062,1438.798954264323,1,1.375427291152097,1.9249732361876946,4,9,3,0,1,10119053.0,0.8495911623350525,0
2025-09-29,1389.982177734375,1412.3483294621576,1384.872611107433,1407.5280279964163,10513117.0,-0.49002836454377086,-0.0049123294032054655,1433.3235735212054,0.96976161099454,1.0198398886181692,1450.0775669642858,1438.6093587239584,0,1.111227513513857,1.3155195445951409,0,9,3,1,0,10287791.857142856,1.0219021871734992,0
2025-09-30,1389.982177734375,1400.0083106366037,1386.4150840398418,1391.1390030128964,7556305.0,0.0,0.0,1419.7716413225446,0.9790181302956438,1.0098045864858545,1443.824951171875,1438.8021687825521,0,1.1148127985883791,1.1634623535673911,1,9,3,0,0,9511817.0,0.7944123609611077,1
2025-10-01,1393.8385009765625,1397.405477197979,1376.0997670015454,1394.0312659732858,6250692.0,0.2774368840090524,0.0027705273823003707,1412.375941685268,0.9868749954161735,1.015482678441882,1439.4247174944196,1438.9885579427084,0,0.8928687828846646,1.134677822912966,2,10,4,0,0,8168315.285714285,0.7652363775590235,1
2025-10-03,1394.609619140625,1396.2485922754322,1381.6911874663804,1387.282784330546,6877533.0,0.05532335084172946,0.0005530805311786993,1405.3658447265625,0.9923463163515047,1.0105359322988416,1433.984662737165,1437.3946451822917,0,0.9090537763304215,1.0726179257243453,4,10,4,0,1,7746225.142857143,0.8878560683640636,1
2025-10-06,1422.9530029296875,1425.6524188431904,1390.4642178899833,1394.6096065704758,4630590.0,2.032352523606429,0.020119758608713425,1402.80419921875,1.0143632331027799,1.0253068007795303,1431.7535487583705,1436.739082845052,0,1.324217406990745,1.2236242473277557,0,10,4,1,0,7702451.714285715,0.6011839050430733,0
2025-10-07,1406.0819091796875,1429.6050033943986,1401.743637948074,1424.5918193613172,5570320.0,-1.1856395619015192,-0.011927243232598481,1399.1820591517858,1.0049313454119648,1.0198762203673057,1428.1176496233259,1435.8071573893228,0,1.3708602260103309,1.249297675133549,1,10,4,0,0,7142230.714285715,0.7799131983874985,1
2025-10-08,1441.2701416015625,1444.1623224877194,1402.707729786136,1404.6358503769077,4657192.0,2.5025734412872147,0.024717719019467982,1405.5310756138392,1.0254274463281539,1.029553264604811,1426.2308349609375,1434.6149373372396,0,1.3331455791041387,1.432081642989001,2,10,4,0,0,6579392.714285715,0.7078452681336265,1
2025-10-09,1455.0562744140625,1459.5873108023447,1433.557682406266,1448.0185870707542,7028753.0,0.9565266367886238,0.009519808853143387,1414.8273751395088,1.0284337863271742,1.0181573638197714,1424.075474330357,1433.9625935872396,0,1.2728105960948604,1.4165359330948832,3,10,4,0,0,6081626.428571428,1.1557357365751666,1
2025-10-10,1460.4549560546875,1467.010495413199,1444.933608930849,1455.7310370996563,3738353.0,0.3710290615941192,0.003703424466080608,1424.8949148995537,1.0249562552180493,1.0152788241244421,1422.3332781110491,1434.4381958007812,0,1.2481018977131515,1.4228928027223355,4,10,4,0,1,5536204.714285715,0.6752555573592667,0
2025-10-13,1439.5347900390625,1450.6214834671307,1430.087069727637,1443.1982662450723,5859355.0,-1.4324417147475232,-0.014428001995742672,1431.4229561941963,1.005666972022325,1.0143588556068859,1421.899448939732,1435.1965901692708,0,1.491708956767683,1.28745052721549,0,10,4,1,0,5480299.428571428,1.0691669454140358,0
2025-10-14,1436.353515625,1459.9729938155936,1433.075686951717,1445.1264411305913,5600789.0,-0.22099322892892292,-0.0022123777932472606,1437.3863699776787,0.9992814358239012,1.0187689367063995,1421.3761073521205,1434.89130859375,1,1.508119634420407,1.2882442600576869,1,10,4,0,0,5297907.428571428,1.057170038456154,0
2025-10-15,1421.4105224609375,1435.100131576453,1414.75848288892,1430.569095263285,6986098.0,-1.0403422974573417,-0.010457916857469838,1437.166015625,0.9890371098448145,1.0143781775713374,1419.985107421875,1434.110420735677,1,1.4085402077663702,1.3161584096851198,2,10,4,0,0,5634408.571428572,1.2398990792797113,0
2025-10-16,1418.61474609375,1421.5069270236047,1408.010082684283,1420.9285143742625,8005748.0,-0.19669028215346662,-0.001968839715093681,1438.9564208984375,0.9858635921774568,1.0095857583019512,1419.0692400251116,1433.866190592448,1,1.3172615742016103,1.3066422426817181,3,10,4,0,0,5982326.857142857,1.3382331308830429,0
2025-10-17,1389.3072509765625,1405.9855409539043,1382.462446500531,1402.6113299617484,16959378.0,-2.0659234790761594,-0.020875622235989096,1431.5331508091517,0.9705030234132394,1.0170153587266821,1418.5321132114955,1433.1624267578125,0,1.0536575586846788,1.2602800141316637,4,10,4,0,1,7739782.0,2.191195824378516,1
2025-10-20,1408.395751953125,1414.276496397426,1397.8874708768014,1401.4544470050912,6994246.0,1.3739582056557342,0.013646049755033097,1424.8673618861608,0.9884398994786212,1.0117241379310344,1419.847368512835,1433.6862345377604,0,1.157719596185023,1.305719672544293,0,10,4,1,0,7734852.428571428,0.9042507358206687,1
2025-10-21,1419.482421875,1432.5936185349226,1417.1686535978035,1424.881136066363,1698704.0,0.7871842773240711,0.007841021460276494,1419.0141427176338,1.0003300031643585,1.0108843537414967,1421.9545288085938,1434.9555826822916,0,1.2166199389001093,1.3178845444475995,1,10,4,0,0,7443474.0,0.22821386895420068,1
2025-10-23,1473.566162109375,1490.4372172856354,1451.8748054541832,1455.7310466373283,20358624.0,3.8101028516390967,0.03739310998469724,1423.875767299107,1.0348979847480118,1.0265604249667992,1427.6493617466517,1435.7332560221355,0,1.897655250198865,1.6410514621066086,3,10,4,0,0,9514798.142857144,2.139680074588175,0
2025-10-24,1470.57763671875,1487.545074826283,1463.4435668090073,1484.1708637038648,8652257.0,-0.20280904023657342,-0.0020301497625560003,1428.764927455357,1.0292649325721213,1.0164690382081685,1433.075648716518,1435.501883951823,0,1.8967561813814318,1.6467891257449492,4,10,4,0,1,9950722.142857144,0.8695104612292675,1
2025-10-27,1472.633056640625,1483.2043487095048,1466.3685916918344,1478.016560669554,7273211.0,0.13976956201109392,0.001396719752792186,1436.0824323381696,1.025451619962334,1.0114812586092328,1436.624223981585,1436.0749267578126,1,1.8024556239035832,1.578025625227229,0,10,4,1,0,9991738.285714285,0.7279224887624302,0
2025-10-28,1468.4241943359375,1474.5908017388306,1458.9296979699484,1467.9347848431598,8211019.0,-0.28580523068583163,-0.002862144337036693,1443.1980678013392,1.0174793239385564,1.0107346528010734,1441.0772443498884,1435.996720377604,1,1.808671826344476,1.5324177500881349,1,10,4,0,0,10021062.714285715,0.8193760715911524,1
2025-10-29,1478.408203125,1488.0005573851863,1465.1941469679696,1468.4241778932897,4884976.0,0.6799131223506949,0.006776121369937649,1455.9267752511162,1.0154413176926471,1.01556545285443,1443.7299630301338,1436.8040405273437,1,1.4115459602412952,1.404957561435152,2,10,4,0,0,8296148.142857143,0.5888245865288567,0
2025-10-30,1462.1597900390625,1476.2546872805226,1457.5592692997866,1475.0801523386458,5608867.0,-1.0990478172126061,-0.011051319672835024,1463.6073521205358,0.9990109628245745,1.012826523335629,1444.2373570033483,1436.9765502929688,1,1.5734401157584192,1.426048888342915,3,10,4,0,0,8098236.857142857,0.692603476403982,0
2025-10-31,1450.9034423828125,1465.3898918009988,1449.3372364048548,1458.4403008415875,4819814.0,-0.7698438797820617,-0.0077282247464607766,1468.0960693359375,0.9882891676422091,1.0110758593603537,1443.5551060267858,1436.417146809896,1,1.6423801421727384,1.4384749936071362,4,10,4,0,1,8544109.714285715,0.5641095633335901,1
2025-11-03,1454.0355224609375,1459.8105780526128,1442.974820743242,1450.9033496746388,5470600.0,0.21587102122944124,0.0021563835452024288,1465.3059779575892,0.9923084627605485,1.01166739506979,1444.5908726283483,1435.377286783854,1,0.6058256639608448,1.3818472432114484,0,11,4,1,0,6417249.142857143,0.8524836543223773,0
2025-11-04,1436.808349609375,1450.511814804534,1431.9142548968182,1448.3583414401685,8691330.0,-1.1847834929373469,-0.011918579863709974,1460.4817940848213,0.9837906610193106,1.0129879005283426,1444.6233607700892,1433.7760416666667,1,0.7136856263818828,1.4214561915036692,1,11,4,0,0,6422831.0,1.3531930078807928,0
2025-11-06,1435.6336669921875,1451.58846323567,1430.9354078512456,1447.2816360762577,7944752.0,-0.08175638856127154,-0.0008178982732341625,1455.1961669921875,0.9865567952666927,1.0144332548283488,1445.6392996651787,1433.4435506184896,1,0.6940699233514419,1.3896209807178557,3,11,4,0,0,6518765.428571428,1.218751017666404,1
2025-11-07,1445.5198974609375,1449.533031326473,1418.4065403991735,1438.8638806951196,8765759.0,0.688631835269149,0.006862715956254366,1451.9241245814733,0.9955891447685795,1.0219446893684936,1447.5610961914062,1433.5048706054688,1,0.801081923988079,1.3961892173925075,4,11,4,0,1,6598014.0,1.3285450743208487,1
2025-11-10,1481.4425048828125,1487.8048281611332,1458.4402591842686,1458.5381171839108,9787975.0,2.4850994777016355,0.024547231073738584,1452.3575962611608,1.0200259968319962,1.0201342281879195,1454.1421857561384,1434.8568033854167,1,1.28441077832154,1.3718571864139986,0,11,4,1,0,7298442.428571428,1.3411046392148995,1
2025-11-11,1497.88671875,1500.9210336624128,1479.0933228205397,1492.6989304110698,13692989.0,1.110013639610563,0.011038982013936972,1457.4614432198662,1.0277367718495696,1.0147574940033188,1460.5343976702009,1437.071797688802,1,1.2291549852206958,1.3602180809600035,1,11,4,0,0,8453317.0,1.6198362134059328,1
2025-11-12,1518.8333740234375,1526.1745164244364,1505.5214596999074,1507.3812396717751,14635417.0,1.3984138460696016,0.013887262502953267,1467.1657191685267,1.0352159638000484,1.0137182081274656,1467.630894252232,1441.1386759440104,1,1.1711984983453063,1.3815340726756642,2,11,4,0,0,9855546.0,1.4849930181443016,0
2025-11-13,1509.14306640625,1524.5104757353397,1497.8866487683968,1524.1189242683809,19655689.0,-0.6380099214911006,-0.006400539032999689,1475.0382254464287,1.0231213268723929,1.017774260147678,1470.1721017020088,1445.1107055664063,1,1.265994927829084,1.0256759443308636,3,11,4,0,0,11881987.285714285,1.654242554495243,0
2025-11-14,1470.9691162109375,1497.59294295853,1457.2656513734084,1487.8047537888665,9739549.0,-2.529511684151775,-0.025620537742337676,1479.9183349609375,0.993952896900736,1.0276732602234293,1470.2000645228795,1447.8102701822916,1,1.6229724007237045,1.254621826409133,4,11,4,0,1,12031732.857142856,0.8094884681733887,1
2025-11-17,1475.66748046875,1478.212385937251,1460.8873376663598,1464.3132041198487,7910354.0,0.3194060436778612,0.0031889702617460733,1485.637451171875,0.993289095737819,1.0118592637667503,1470.4168090820312,1450.5379028320312,1,1.612334274277133,1.2569761497064982,0,11,4,1,0,12026818.857142856,0.65772621122517,0
2025-11-18,1454.91650390625,1474.1013313334302,1451.784211591062,1474.1013313334302,7525119.0,-1.4062095178724365,-0.014161903217317036,1486.9798235212054,0.9784372867016926,1.015372201711651,1469.4519740513392,1452.5481323242188,1,1.7402242437084023,1.3125232811668324,1,11,4,0,0,11849584.57142857,0.6350534024749174,1
2025-11-19,1508.4578857421875,1510.317665675936,1458.9296699222182,1458.9296699222182,10981126.0,3.680031238369086,0.036139347911825936,1490.8391636439733,1.011817989846168,1.0352230795035222,1471.598379952567,1455.3982950846355,1,2.0445391700614826,1.6450555259659656,2,11,4,0,0,12020034.714285715,0.9135685762162583,0
2025-11-20,1503.955322265625,1522.063472907938,1501.508274881529,1522.063472907938,7387584.0,-0.29848784769667125,-0.0029893421112112645,1491.7061070033483,1.008211547304639,1.0136897001303777,1474.583775111607,1458.6607421875,1,2.0179506008127746,1.6116366140684542,3,11,4,0,0,11119262.57142857,0.6643951388451531,1
2025-11-21,1512.2752685546875,1518.6375916910015,1493.9714020948772,1498.5718033380108,9186302.0,0.5532043516112584,0.005516797963576336,1490.7692347935267,1.0144261319989873,1.0165104831066625,1478.9674769810267,1461.0275797526042,1,1.9497051683432147,1.5881598051080055,4,11,4,0,1,10340817.57142857,0.8883535500501943,1
2025-11-24,1515.2117919921875,1551.4280945139649,1508.3600590826622,1530.4813442936104,19270381.0,0.19417916159578663,0.0019399087756130275,1491.636195591518,1.0158051919565552,1.028552887735237,1483.3372105189733,1463.032763671875,1,1.932864955415347,1.5882671718479717,0,11,4,1,0,10285773.57142857,1.8734984652519018,0
2025-11-25,1498.1802978515625,1517.7566773334454,1493.5798964672151,1516.1905908718425,8107952.0,-1.1240338961612806,-0.011303988986302567,1495.5235072544642,1.0017764953771777,1.016187135970038,1487.7209211077009,1464.2902750651042,1,1.672960553187616,1.5839567749946513,1,11,4,0,0,10052688.285714285,0.8065456492391275,1
2025-11-26,1524.902099609375,1527.251289037942,1499.6485223505715,1499.6485223505715,7575038.0,1.7836172185772492,0.017678974122305947,1502.5570242745537,1.0148713659274327,1.0184061573601961,1494.0972377232142,1467.1358520507813,1,1.7683963345493712,1.626287771278902,2,11,4,0,0,10004786.0,0.7571414321105918,1
2025-11-27,1533.2220458984375,1540.954739594805,1519.3227449478784,1530.8728564928056,7552252.0,0.5456052746726447,0.0054412224098835775,1513.7435302734375,1.0128677779527695,1.01423791930902,1500.3616768973213,1470.3648030598958,1,1.562754469120082,1.6250817644345616,3,11,4,0,0,10008662.142857144,0.7545715793184004,0
2025-11-28,1527.055419921875,1535.179665000364,1524.0211050739736,1531.8516566735827,4453221.0,-0.40220045055175957,-0.004030114518615719,1516.4003208705358,1.0070265739888675,1.007321788319886,1503.6197422572545,1473.886299641927,1,0.9231414584871304,1.5248513397873624,4,11,4,0,1,9076104.285714285,0.4906533530040343,1
2025-12-01,1530.872802734375,1540.6609920101705,1523.042251313739,1529.4045743430058,5341800.0,0.24998325291267776,0.0024967131453331234,1520.2456752232142,1.0069904014096935,1.0115681233933163,1505.9758911132812,1477.6282348632812,1,0.8988312263818743,1.5037440142191303,0,12,4,1,0,8783849.42857143,0.6081388397465699,0
2025-12-02,1527.9364013671875,1546.4361036663386,1523.1401645511503,1533.8093151456649,6335969.0,-0.19181223691103755,-0.0019199643215922018,1522.4829799107142,1.0035819260566008,1.015294678492083,1506.6261073521205,1482.2492065429688,1,0.9020417987102064,1.4630107517723305,1,12,4,0,0,8376659.0,0.7563837802159549,1
2025-12-03,1545.261474609375,1552.406900951154,1521.182551618934,1522.1613705980965,12895312.0,1.1338870666792955,0.011275067523524602,1526.7757917131696,1.0121076604675943,1.0205263656876613,1509.2059936523438,1486.811397298177,1,0.9764369744371701,1.4752665702047016,2,12,4,0,0,7465934.857142857,1.7272199994703563,1
2025-12-04,1563.7611083984375,1565.1314788059085,1534.788091787157,1534.788091787157,12609619.0,1.197184689648667,0.011900751206064299,1536.1444789341517,1.01797788544177,1.0197704081632655,1515.833993094308,1491.6206868489583,1,0.7955633718907259,1.2710114609052598,3,12,4,0,0,8109030.142857143,1.5550095113541058,1
2025-12-05,1581.9671630859375,1597.2368345243185,1566.1103436503722,1575.8985332981872,10344725.0,1.1642478246658872,0.011575226081396082,1544.296630859375,1.024393326692424,1.0198750305175783,1523.4268275669642,1495.2340535481771,1,0.6684215558877569,1.2845576044316813,4,12,4,0,1,8504699.714285715,1.216353939295883,0
2025-12-08,1576.681640625,1595.4749170068917,1566.306063981828,1582.8481284293375,7550413.0,-0.3341107568014867,-0.0033467015314030493,1550.5051443917412,1.016882560066273,1.018622703247992,1532.1243373325892,1498.7708536783855,1,0.7431147450881572,1.1903142442662364,0,12,4,1,0,8504437.0,0.8878204400832177,0
2025-12-09,1565.1314697265625,1572.8641631737528,1548.883099378693,1567.2848235795727,6957599.0,-0.7325620214527873,-0.007352584336944129,1555.944580078125,1.005904381021062,1.0154828106812446,1536.1724504743304,1501.8541341145833,1,0.8101973637155049,0.8394408635129343,1,12,4,0,0,8862205.285714285,0.7850866433003446,0
2025-12-10,1551.2322998046875,1573.9408513587562,1549.2746619298632,1573.9408513587562,5116140.0,-0.8880512717761135,-0.00892017948627459,1558.8530796595983,0.9951112905030313,1.0159211210478116,1539.5493774414062,1504.614404296875,1,0.9388148658011002,0.8836197863759546,2,12,4,0,0,8829968.142857144,0.5794063939107885,1
2025-12-11,1564.1527099609375,1573.353632151773,1547.023378030827,1564.1527099609375,5159319.0,0.8329126564652345,0.008294630803994596,1564.0268380301338,1.0000804793931555,1.0170199458488218,1543.2549089704241,1507.4725545247395,1,0.9487086080623307,0.894705660598825,3,12,4,0,0,8661875.285714285,0.5956353364391054,1
2025-12-12,1564.348388671875,1567.8722324584342,1549.0788370408115,1567.4806809838458,4633912.0,0.012510205026106114,0.00012509422565214765,1566.7535400390625,0.9984648821236252,1.0121319812576637,1546.7646658761162,1510.8788411458333,1,0.8846430757523867,0.8968130865502877,4,12,4,0,1,7481675.285714285,0.6193682327871296,1
2025-12-15,1572.766357421875,1576.6816332735752,1551.4280562362142,1551.4280562362142,4190558.0,0.5381134286299716,0.005366707714268724,1568.040004185268,1.0030141789903269,1.0162776333300474,1552.09224155971,1514.940938313802,1,0.7879938116930852,0.809239573164532,0,12,4,1,0,6278952.285714285,0.6673976500083066,0
2025-12-16,1559.1607666015625,1569.0468143358012,1552.0153403019583,1566.1103574156468,5499258.0,-0.8650738716598161,-0.00868837356009481,1564.781947544643,0.9964076905719031,1.0109737794412066,1554.5392892020088,1518.4451131184896,1,0.6921028996336408,0.7563503335760045,1,12,4,0,0,5586742.714285715,0.9843406580972469,1
2025-12-17,1568.0679931640625,1572.8642300238714,1552.4068896118622,1553.581424584382,4817628.0,0.5712833950994423,0.0056965775989596314,1563.5514264787946,1.002888658862625,1.0131778211942386,1557.028285435268,1522.8204345703125,1,0.7464589426068257,0.7573839371346017,2,12,4,0,0,5196344.857142857,0.9271186059519749,1
2025-12-18,1592.3427734375,1595.4749463972676,1572.6684162407605,1576.3879761796316,6577293.0,1.5480693681181323,0.015362090219155716,1567.438755580357,1.0158883514704993,1.014501804653153,1561.6916678292412,1528.044071451823,1,0.8949818851463959,0.8219712478231368,3,12,4,0,0,5142015.428571428,1.2791274338566747,1
2025-12-19,1603.9906005859375,1619.847539612933,1595.2792073285575,1615.0513027562847,13149023.0,0.7314899368866756,0.007288275248814123,1574.9756556919642,1.0184224719849562,1.0154006472168076,1566.9143676757812,1533.3264282226562,1,0.749225666346784,0.8296376620653372,4,12,4,0,1,6289570.142857143,2.09060757751989,1
2025-12-22,1653.8125,1657.3362243784013,1628.7547583833573,1628.7547583833573,23098923.0,3.106121656564742,0.030588579184507296,1587.7841971261162,1.041585187076049,1.0175480475792518,1575.905517578125,1539.0720947265625,1,1.251382391121316,1.0940169363339045,0,12,4,1,0,8852370.714285715,2.6093488112425733,0
2025-12-23,1632.9637451171875,1643.4370603643276,1621.3157754082474,1643.4370603643276,6593060.0,-1.2606480409848464,-0.012686616283882906,1597.586390904018,1.0221442511119232,1.0136440323912288,1582.16996547154,1543.5746622721354,1,1.460923264937191,1.1830670285289953,1,12,4,0,0,9132249.0,0.7219535954396338,0
2025-12-24,1628.16748046875,1632.2784723030877,1617.4983299175808,1625.8182910699556,4271167.0,-0.2937153174881635,-0.0029414750740625367,1605.5008370535713,1.0141181137325201,1.009137655422655,1586.7704206194196,1547.219132486979,1,1.5023359268942726,1.1729962455937737,2,12,4,0,0,9143764.57142857,0.46711252970642664,0
2025-12-26,1621.0220947265625,1633.453167508233,1616.7152673020842,1628.167521100225,2006491.0,-0.4388606103427617,-0.004398264302907051,1614.338169642857,1.0041403500266515,1.0103530290983647,1589.56005859375,1550.9484334309896,1,1.4450831010526968,1.15979070580308,4,12,4,0,1,8644797.857142856,0.2321038656030708,0
2025-12-29,1609.863525390625,1637.6620082639456,1602.4245250544589,1622.8818655924697,4062817.0,-0.6883662704066817,-0.006907464401639195,1620.3089599609375,0.9935534303466641,1.0219901047809345,1591.9301932198662,1555.5782470703125,1,1.520797505042724,1.175639033461067,0,12,4,1,0,8536967.714285715,0.47590867577035634,0
2025-12-30,1587.2528076171875,1612.9957941560388,1582.554548282334,1612.1148331917736,9395937.0,-1.404511464283975,-0.014144680642165272,1619.581821986607,0.9800386655798814,1.01923551128569,1593.510288783482,1559.2977579752603,1,1.553965336761317,1.2272552460860793,1,12,4,0,0,8939631.142857144,1.0510430296117361,0
2025-12-31,1581.1842041015625,1594.1045668429529,1575.1154547350543,1586.6655664923117,6538656.0,-0.3823337710604058,-0.0038306653495505825,1616.323765345982,0.9782595776924076,1.0120556953782747,1595.6497105189733,1563.506681315104,1,1.5189713525865622,1.2029079134152263,2,12,4,0,0,7995293.0,0.817813180830271,1
2026-01-01,1595.2791748046875,1604.8715288376811,1579.9116455766828,1581.184158007412,3658165.0,0.8914186384206824,0.008874689572516399,1607.9618617466517,0.9921125698042442,1.0157982779169197,1597.8730294363838,1566.400724283854,1,0.7558156164756052,1.2055864068552755,3,1,1,0,0,5218041.857142857,0.7010608768866854,1
2026-01-02,1605.6546630859375,1608.6889779975038,1593.0278744696911,1601.2499777187402,2524526.0,0.6503869946475227,0.006482811044589761,1604.0605643136162,1.0009937896409813,1.0098310291858679,1600.823477608817,1569.790702311198,1,0.7845038884233438,1.2121267395018378,4,1,1,0,1,4636822.714285715,0.544451697974589,0
2026-01-05,1572.374755859375,1602.3265912739637,1549.568226955718,1602.3265912739637,5917885.0,-2.0726690484366816,-0.020944503282543783,1596.0901750837054,0.9851415542839949,1.0340471386806211,1600.7955060686384,1571.7940185546875,1,1.0490866703494999,1.3481628839420652,0,1,1,1,0,4872068.142857143,1.2146556301097946,1
2026-01-06,1578.0518798828125,1585.5888575673962,1565.1315174017209,1566.2081943610224,4466729.0,0.3610541318017191,0.003604038960366503,1589.9515729631696,0.9925156883500673,1.013070684436562,1602.1448713030134,1573.8886881510416,1,1.0982698011340022,1.3268373311351673,1,1,1,0,0,5223530.714285715,0.8551168250593502,1
2026-01-07,1604.2843017578125,1607.2207586859845,1580.7926463324388,1580.7926463324388,4508079.0,1.6623294968570956,0.01648664035456607,1589.154541015625,1.009520635250816,1.01671826625387,1604.7317504882812,1577.42548828125,1,1.3237411068095704,1.3876618899500797,2,1,1,0,0,5287139.571428572,0.8526498949188754,0
2026-01-08,1579.128662109375,1609.472049603195,1574.5281413468902,1604.186403368615,3942131.0,-1.568028785226816,-0.015804523982701196,1587.9939488002233,0.9944173044881272,1.022193257356717,1603.787885393415,1579.2330403645833,1,1.35291257314008,1.399841056566981,3,1,1,0,0,4508024.428571428,0.874469751098763,1
2026-01-09,1579.91162109375,1596.747378487979,1572.9620305433675,1575.898487352098,6816681.0,0.049581709404811214,0.0004956942173672984,1587.8121512276787,0.9950242664865487,1.0151213745041225,1602.0679582868304,1580.7893595377604,1,1.3458803467502607,1.3822939045665252,4,1,1,0,1,4547742.285714285,1.498915411590731,0
2026-01-12,1562.09716796875,1579.1286413969012,1558.867017677559,1575.996349102621,6985362.0,-1.1275601044485883,-0.011339652568720444,1583.0718645368304,0.9867506352440816,1.012997660152903,1595.5168631417412,1581.9574178059895,1,1.338397492339468,1.0503867228351718,0,1,1,1,0,5023056.142857143,1.3906597500275373,1
2026-01-13,1565.1314697265625,1583.7290294043642,1552.7983751003353,1583.7290294043642,8080618.0,0.19424539138996888,0.0019405697897841804,1577.2828369140625,0.9922960125456801,1.0199192984742982,1590.6717006138392,1583.0993733723958,0,1.295270036149598,1.0306396256420722,1,1,1,0,0,5816783.571428572,1.3891900739940102,1
2026-01-14,1565.91455078125,1582.7501883551429,1549.5682031809922,1554.3644397699236,7557157.0,0.05003292501839507,0.0005002041272380293,1576.3599504743304,0.9933737217252079,1.0214136977682131,1586.225062779018,1584.3653116861979,0,1.0524613303899508,1.0348265829402703,2,1,1,0,0,6050965.285714285,1.2489175930064713,0
2026-01-15,1565.91455078125,1565.91455078125,1565.91455078125,1565.91455078125,0.0,0.0,0.0,1574.6260463169642,0.9944675781554038,1.0,1582.288809640067,1585.0537475585938,0,1.037467806419802,1.0360650873264605,3,1,1,0,0,5412861.142857143,0.0,1
2026-01-16,1654.00830078125,1658.119292555676,1618.3792672921977,1628.461030733189,19335957.0,5.625706074194747,0.05473158439300799,1581.7294747488838,1.0456960733085163,1.024555446344768,1585.4420078822545,1588.0619873046876,0,2.378252387503486,1.8674216009058064,4,1,1,0,1,7531129.428571428,2.567471078991643,0
2026-01-19,1645.59033203125,1649.309891747184,1631.201741600405,1649.309891747184,5104958.0,-0.5089435612882887,-0.005102430901519656,1591.2239990234375,1.0341663606388403,1.011101110111011,1589.6089739118304,1590.1827596028645,1,2.2583554686762213,1.822692269358451,0,1,1,1,0,7697247.571428572,0.6632186314169111,0
2026-01-20,1623.7628173828125,1644.6115898062917,1617.889903547792,1637.5641409981629,6406503.0,-1.326424579894958,-0.013353001633793696,1597.4884556361608,1.0164472936589632,1.0165163811208062,1592.6503034319196,1591.7521321614583,1,2.3724578920912482,1.8657677018662062,1,1,1,0,0,7638650.714285715,0.8386956335126875,0
2026-01-21,1619.358154296875,1621.903059763467,1596.6494821313709,1616.0301458476065,6224582.0,-0.27126271391266776,-0.0027163129791734123,1605.6685965401787,1.0085257678864705,1.0158166071606305,1594.3702305385045,1593.559688313802,1,2.30063582402903,1.858765172350522,2,1,1,0,0,7529967.857142857,0.8266412444371086,1
2026-01-22,1628.265380859375,1635.8022392467942,1618.7708845027832,1630.712428320841,6228892.0,0.5500467292467226,0.005485394966878629,1614.6877267020088,1.0084088421140716,1.0105211644878591,1595.9852818080358,1596.1274576822916,1,2.295710244234258,1.8567665308823087,3,1,1,0,0,7265435.571428572,0.8573322189374586,1
2026-01-23,1635.4107666015625,1640.2068839190629,1626.9928279555104,1631.8869227568262,5869137.0,0.43883422359667357,0.004378741539357568,1624.615757533482,1.0066446536776608,1.0081217665723563,1600.4878540039062,1598.5027262369792,1,2.2851917986001347,1.7471753652199662,4,1,1,0,1,7024289.857142857,0.8355488055538873,1
2026-01-27,1647.05859375,1653.6167523834592,1625.9161283991025,1650.0930280724322,10673087.0,0.7122263951240937,0.007097020419206515,1636.207763671875,1.0066316945311238,1.0170369329023332,1605.4169049944196,1601.2597330729166,1,2.2675269371444577,1.7507143237122167,1,1,1,0,0,8549016.57142857,1.2484578677353633,0
2026-01-28,1631.2017822265625,1653.029492632909,1615.05126953125,1644.4158380681818,8588664.0,-0.9627351196617062,-0.009673993746366807,1632.9496895926338,0.9989296012135516,1.0235151811079544,1607.3395821707588,1603.2075805664062,1,0.7909713460869712,1.7364121109368318,2,1,1,0,0,7013689.0,1.2245572907495612,0
2026-01-29,1624.35009765625,1631.2018305177105,1607.318623503672,1622.8818691859371,4749582.0,-0.4200390561712175,-0.004209236983121548,1629.9153703962054,0.9965855449669129,1.0148590370725485,1610.5696847098213,1605.3805582682292,1,0.7857957397858866,1.6759819244503458,3,1,1,0,0,6962921.0,0.6821249300401369,0
2026-01-30,1606.241943359375,1619.9454090553113,1583.8269648597889,1619.9454090553113,9207926.0,-1.1147938072588515,-0.011210542039140504,1627.412388392857,0.9869913457802857,1.0228045392564205,1612.4504220145088,1606.6530232747396,1,0.7370178482104595,1.7132740004708082,4,1,1,0,1,7363124.285714285,1.2505460512007034,0
2026-02-02,1594.8875732421875,1626.7970461591942,1583.7290136495644,1626.7970461591942,6784887.0,-0.7068904011708455,-0.007094007084431504,1623.9165910993304,0.9821240708936342,1.027194066749073,1614.7925938197545,1606.7378499348958,1,0.7665157070937346,1.6930656651502258,0,2,1,1,0,7443167.857142857,0.9115590471990852,1
2026-02-03,1620.9241943359375,1691.3991593070652,1617.9877374621406,1690.616056346825,8805868.0,1.6325051076058639,0.016193230150384316,1622.8678501674108,0.9988023326537199,1.0453720508166968,1618.77778843471,1607.3023030598958,1,1.0153290598449192,1.7382431387411261,1,2,1,0,0,7811307.285714285,1.1273232095355687,0
2026-02-04,1503.2701416015625,1551.3301265638145,1478.1144237257668,1540.66097646391,28828622.0,-7.2584549694241325,-0.07535364735574432,1603.9906180245537,0.9372063182345564,1.0495331766356075,1614.303187779018,1602.2842244466146,1,2.8661320198797604,2.6603641033565597,2,2,1,0,0,11091233.714285715,2.59922590602957,0
2026-02-05,1488.00048828125,1518.1481590925844,1483.5958031001303,1501.508237297243,10628127.0,-1.0157624300343282,-0.010209564994781551,1581.268031529018,0.9410172460404564,1.0232896021411313,1608.7378976004463,1597.4521158854166,0,2.750096463427104,2.666634040650967,3,2,1,0,0,11084810.857142856,0.9588009337255784,0
2026-02-06,1475.177978515625,1492.6988611765453,1448.6520095352705,1489.86026239605,13900866.0,-0.8617275240571987,-0.008654618643883328,1558.9789167131696,0.9462462658736758,1.0304054054054053,1595.9643031529017,1592.3524658203125,0,2.753076914435639,2.0426741983439918,4,2,1,0,1,11843696.857142856,1.173693160815449,0
2026-02-09,1465.4876708984375,1495.6353420798034,1461.376679139494,1489.8602864300617,8294615.0,-0.6568907452738859,-0.006590577677231406,1536.2842843191963,0.9539169838919934,1.0234427327528466,1583.0998273577009,1587.1679850260416,0,2.740565018073591,2.0414694040567616,0,2,1,1,0,12350130.142857144,0.6716216674686053,1
2026-02-10,1466.0750732421875,1483.7916723660803,1459.4190565785857,1468.2284271414342,8657000.0,0.040082380453587696,0.00040074349613369853,1516.2604457310267,0.9669018784799576,1.0167002175815307,1571.836417061942,1582.3750366210938,0,2.7966110053337516,2.0472491760249127,1,2,1,0,0,12271426.42857143,0.7054599602083749,0
2026-02-11,1440.7236328125,1474.003477029586,1437.885033967625,1469.4029562852068,7934411.0,-1.729204792604755,-0.01744330157979,1494.237025669643,0.9641868111030372,1.0251191452784634,1559.0768083844866,1577.4907307942708,0,2.7895349874260487,2.0604301357559294,2,2,1,0,0,12435644.142857144,0.6380377975480597,0
2026-02-12,1356.64306640625,1405.2903204885397,1351.259562174479,1398.6344233110094,26048896.0,-5.835995501934854,-0.060132195286339805,1456.4825788225446,0.931451626083295,1.0399854771255888,1539.6752144949776,1570.0060262044271,0,2.8605686677241056,2.412724223951918,3,2,1,0,0,14898933.857142856,1.7483731554061246,0
2026-02-13,1340.1009521484375,1348.1273389393946,1254.356439122167,1266.493817560756,45785709.0,-1.2193416726503203,-0.012268366316431061,1433.1726946149554,0.9350589480135727,1.074756183244733,1518.5816563197545,1561.5000854492187,0,1.93950464598746,2.362721712402928,4,2,1,0,1,17321374.85714286,2.643306860893853,0
2026-02-16,1336.6751708984375,1346.854912154694,1309.953484521095,1344.6035807140283,14621891.0,-0.2556360582020245,-0.0025596336510192042,1411.5547921316963,0.9469523807005908,1.0281700289893039,1496.411411830357,1552.5341023763021,0,1.9987759263926446,2.3101968405049598,0,2,1,1,0,17891912.57142857,0.8172346551340499,1
2026-02-17,1361.73291015625,1400.6899531531467,1338.0455387563604,1340.9819956812096,25347684.0,1.8746319078381646,0.018572772391813177,1395.348353794643,0.9759089237128665,1.0468178493050475,1477.1636352539062,1545.5127075195312,0,2.3768447118326783,2.4752331150001803,1,2,1,0,0,19527172.285714287,1.2980724310269895,0
2026-02-18,1344.603515625,1371.3253201935424,1316.805153615715,1361.4392729027982,20241373.0,-1.2579114746727016,-0.012658901615551459,1378.0791887555804,0.9757084546347374,1.0414033666470128,1457.1817365373884,1537.731095377604,0,2.3685153329981072,2.4636732319923715,2,2,1,0,0,21233852.0,0.9532595875680022,0
2026-02-19,1341.471435546875,1372.3042339560152,1334.326009074035,1355.6643110050506,14574228.0,-0.23293707339959724,-0.0023320879384085627,1360.2786690848213,0.9861739848125387,1.0284624781527982,1438.2695574079241,1528.9706665039062,0,2.3468860218740932,2.4803151952417575,3,2,1,0,0,22079170.285714287,0.660089478517671,0
2026-02-20,1324.5377197265625,1336.0878308198503,1309.855435871399,1330.4106332686276,12633552.0,-1.2623239952484822,-0.012703589946905458,1343.6806815011162,0.9857533400322703,1.0200269390270535,1418.9588535853795,1520.4843017578125,0,2.337168248798422,2.4754172817851545,4,2,1,0,1,22750476.14285714,0.5553093447658015,0
2026-02-23,1299.3822021484375,1323.3632672728345,1290.0834217940796,1323.3632672728345,12887826.0,-1.8991922391850102,-0.019174585395474942,1335.5005580357142,0.9729551922161677,1.025796661608498,1395.9915684291295,1511.133321126302,0,1.2463100901858524,2.3305619957581136,0,2,1,1,0,20870323.285714287,0.6175192316652661,0
2026-02-24,1248.4835205078125,1275.988307999553,1237.3249610296912,1273.4434027288626,27839061.0,-3.9171447443614005,-0.03995929117625152,1322.412353515625,0.9440954761113104,1.031247528488948,1377.79252406529,1500.679532877604,0,1.7729088303447358,1.8137821976373552,1,2,1,0,0,18306516.42857143,1.5207186527607675,1
2026-02-25,1262.7742919921875,1295.564726518415,1258.9568742250233,1258.9568742250233,16669618.0,1.1446503898235205,0.011381488336031196,1311.8550851004463,0.9625867264870184,1.0290779239884023,1361.7049386160713,1490.6009602864583,0,1.9409949669732738,1.9283048694569853,2,2,1,0,0,18599048.85714286,0.8962618533903216,0
2026-02-26,1261.7955322265625,1286.168148899459,1259.054910753846,1277.848187510079,11493914.0,-0.07750868637663721,-0.0007753873988934845,1297.5783168247767,0.9724234104914946,1.0215345954445938,1346.46333530971,1480.4636596679688,0,1.6050160982743207,1.9485379968204783,3,2,1,0,0,16619938.857142856,0.6915737836821336,1
2026-02-27,1272.5625,1306.723305439908,1266.7874442662774,1298.207628321947,23141724.0,0.8533052700256505,0.008496851995304179,1287.2867431640625,0.98856180004785,1.0315253054917681,1332.6829659598213,1470.6852579752604,0,1.7555134483263612,2.0151289908460406,4,2,1,0,1,17034274.714285713,1.35853885111952,0
2026-03-02,1261.5997314453125,1271.290062662244,1246.0364867011174,1263.6552272829083,9700361.0,-0.8614719162860385,-0.008652040351612735,1275.876499720982,0.9888102271036485,1.020267123981245,1318.0775844029017,1457.6049723307292,0,1.7394564302855366,1.9941854729469142,0,3,1,1,0,16338008.0,0.5937297251904884,1
2026-03-04,1279.7078857421875,1289.104523520103,1264.6340504084835,1264.6340504084835,15154950.0,1.435332764071684,0.014251293824434963,1269.4722377232142,1.00806291600148,1.0193498452012386,1306.576459612165,1445.4088907877604,0,1.9244512701050243,2.0881998780112827,2,3,1,0,0,16698207.714285715,0.9075794396206115,0
2026-03-05,1278.141845703125,1292.0410271405913,1262.7743163409898,1292.0410271405913,10362147.0,-0.122374805727965,-0.0012244974483731493,1266.4379010881696,1.0092416253532044,1.0231765173086547,1300.969229561942,1433.8881917317708,0,1.819550196329419,1.5116959725218135,3,3,1,0,0,16337396.42857143,0.6342593843091365,1
2026-03-06,1280.686767578125,1299.0884925711755,1275.4011212294208,1275.4011212294208,8724291.0,0.19911106764523012,0.0019891310429334293,1271.038364955357,1.0075909609723754,1.0185724874688218,1296.7253592354912,1422.5991455078124,0,0.812093268226839,1.5010746383729658,4,3,1,0,1,13606715.0,0.6411754049379296,1
2026-03-09,1287.14697265625,1290.083429628089,1255.3353554613236,1262.676497890922,10068514.0,0.5044328747412452,0.005031648744681292,1274.5201764787946,1.009907097910635,1.027680311890838,1293.1876307896205,1411.2285319010416,0,0.7430724908161757,1.5169628668038488,0,3,1,1,0,12663700.142857144,0.7950688887464745,0
2026-03-10,1268.1578369140625,1293.0198627132943,1256.9014187299574,1292.0410437407636,9600171.0,-1.4752888477840398,-0.01486279463204252,1275.4290771484375,0.9942989850516567,1.0287360993035022,1286.503696986607,1398.986767578125,0,0.9979481616156279,1.415405753583955,1,3,1,0,0,12393165.42857143,0.7746342978580428,0
2026-03-11,1249.2667236328125,1271.975276386956,1244.3726286871142,1260.7188580118502,7868891.0,-1.4896500050198491,-0.01500856723898491,1272.101109095982,0.9820498659266189,1.0221819791463624,1279.6939261300224,1385.7270385742188,0,1.0831246853933272,1.4262919073092815,2,3,1,0,0,10211332.142857144,0.7706037654944279,0
2026-03-12,1238.9891357421875,1251.5179472285731,1231.3542997621664,1245.5471752363726,7599940.0,-0.822689638345464,-0.00826092405208791,1268.8710239955358,0.9764500191995452,1.016375179321095,1272.3737618582588,1372.6532836914062,0,1.079620225274016,1.4260498170712728,3,3,1,0,0,9911272.0,0.7667976421189934,0
2026-03-13,1221.8597412109375,1242.7085131232232,1216.280401513626,1224.5025045780033,7366098.0,-1.3825298412313392,-0.01392175793678951,1260.6070033482142,0.9692630121565542,1.0217286339372962,1265.0396205357142,1359.2369384765625,0,0.845025792551518,1.4309798674249732,4,3,1,0,1,8798578.857142856,0.8371917919471801,1
2026-03-16,1223.3280029296875,1227.7326883178384,1198.2701415781935,1213.931245180508,12314450.0,0.12016614257990277,0.0012009400085828917,1252.7764543805804,0.9764934507286431,1.0245875664571271,1259.607177734375,1346.4731404622396,0,0.8749740188723765,1.3872648635307459,0,3,1,1,0,9077479.285714285,1.356593566606085,0
2026-03-17,1206.785888671875,1218.6295738865974,1189.3628638376754,1218.6295738865974,11223276.0,-1.3522223163531466,-0.013614481055046295,1242.2191859654017,0.9714758090248063,1.0246070488147647,1256.6287754603795,1333.5364176432292,0,0.8278506945007403,1.0073545974579678,1,3,1,0,0,9434477.142857144,1.189602330903643,1
2026-03-18,1240.261474609375,1263.459555545422,1208.7435520363658,1211.7778669014497,12365381.0,2.7739457555591374,0.027361688952522993,1235.5212576729912,1.0038366130140988,1.0452668420996962,1255.020717075893,1320.8476603190104,0,1.562094870854711,1.245335248087622,2,3,1,0,0,9762601.0,1.2666072289546608,0
2026-03-19,1194.9422607421875,1228.4178221249233,1189.3629208552388,1217.846529327881,9156461.0,-3.65400480422573,-0.03722435716257038,1225.0618896484375,0.975413789980118,1.0328368243072528,1250.2454833984375,1310.5700642903646,0,1.9527518824559054,1.5621972975014007,3,3,1,0,0,9699213.857142856,0.944041562013487,1
2026-03-20,1229.2987060546875,1238.0102183433878,1203.1641691885866,1215.6930991638783,27299975.0,2.87515526408455,0.02834598225791417,1222.2093157087054,1.0058004715353288,1.028962007053702,1247.1552124023438,1301.946671549479,0,2.36104038230525,1.7649511553442827,4,3,1,0,1,12475083.0,2.188360189667676,1
2026-03-23,1230.1796875,1234.3885372371806,1201.4023868626336,1211.9735596886824,12420293.0,0.07166536830904846,0.0007163970094631538,1220.9508231026787,1.0075587519355358,1.0274563715997664,1244.910923549107,1293.7800618489584,0,2.346260878201455,1.7569643886796669,0,3,1,1,0,13163704.857142856,0.9435256361935623,1
2026-03-24,1251.224365234375,1269.5282325903945,1224.5025589595862,1242.12130081512,13613495.0,1.7106994976597623,0.01696231799927504,1225.1457693917412,1.0212861167170184,1.0367705835331735,1242.8763863699776,1286.6379516601562,0,2.350958457482176,1.7776849635113838,1,3,1,0,0,14056190.142857144,0.968505324817187,1
2026-03-25,1252.00732421875,1263.263742406015,1230.4733068170258,1243.100095463166,10824030.0,0.06257542660850213,0.0006255585635211464,1229.2428152901787,1.0185191311638437,1.0266486362664875,1241.0096348353795,1279.5023600260417,0,2.3520529799305567,1.778560806052661,2,3,1,0,0,13843273.0,0.7818981826046485,0
2026-03-27,1242.806396484375,1267.374848180997,1236.444073189259,1257.9780904958054,13092541.0,-0.7348940821984673,-0.007376077319001568,1234.3886021205358,1.0068194038322926,1.0250159110811667,1238.3038940429688,1272.905118815104,0,2.2880574733608876,1.7826673411856926,4,3,1,0,1,14110310.857142856,0.9278704865224393,0
2026-03-30,1224.1109619140625,1238.6953882487069,1216.6719617488286,1223.5236944376795,14108486.0,-1.5042917885841112,-0.01515721021701842,1232.0813860212054,0.99353092726051,1.01810136765889,1233.8013218470983,1268.4873819986979,0,2.1276036290559377,1.8023827863460113,0,3,1,1,0,14359325.857142856,0.9825312232873329,1
2026-04-01,1248.6793212890625,1275.4011271577126,1242.610691424955,1262.6764804554484,8137156.0,2.007036954932917,0.01987161467074035,1239.7581089564733,1.0071959298093225,1.0263883418668767,1232.4099993024554,1265.4399943033854,0,1.5893311951412759,1.8730001066174564,2,4,2,0,0,14213710.857142856,0.5724863887962666,1
2026-04-02,1273.247802734375,1277.7503462365091,1233.116223742555,1233.311939748619,12873492.0,1.9675573244817945,0.019484511256380423,1246.0365513392858,1.0218382449261554,1.0361962008402483,1234.1229335239955,1263.3257486979167,0,1.4027779383872696,1.9025413743141586,3,4,2,0,0,12152784.714285715,1.059303879946716,1
2026-04-06,1278.5333251953125,1292.041075138383,1271.4858762157266,1273.8350657038357,10208682.0,0.4151212709408547,0.004142620197284854,1252.9442138671875,1.0204231848831837,1.0161662817551964,1236.947518484933,1260.5524291992188,0,1.3907859385718764,1.8823798644012348,0,4,2,1,0,11836840.285714285,0.8624499235932678,1
2026-04-07,1311.0301513671875,1316.609371698259,1266.1023367797188,1274.4222980187042,15355792.0,2.5417269563083655,0.025099622007467234,1261.4878976004463,1.0392728728202454,1.039891747650512,1243.3168334960938,1259.4333170572916,1,1.5334755793356627,1.913916676530489,1,4,2,0,0,12085739.857142856,1.2705711178223393,1
2026-04-08,1317.68603515625,1347.7358488962443,1302.8080347694563,1320.4267760360608,16030133.0,0.5076835023299475,0.005063991348177769,1270.870570591518,1.0368373189591935,1.0344853677040289,1250.0566929408483,1258.640470377604,1,1.512730323153906,1.9104659005920892,2,4,2,0,0,12829468.857142856,1.2494775254140909,0
2026-04-09,1303.395263671875,1309.170319257509,1286.1680743957882,1301.731319284282,14894607.0,-1.0845353978939598,-0.01090459353573728,1279.526123046875,1.0186546723783658,1.0178843226788432,1256.9573625837054,1257.935721842448,1,1.5741803617746828,1.8912154344134482,3,4,2,0,0,13086906.857142856,1.1381304354489616,0
2026-04-10,1265.12353515625,1290.9643801968148,1256.118448309188,1290.0834192154257,19233369.0,-2.9363102339199365,-0.029802827422642522,1285.3850620814733,0.9842369982949599,1.027740960205251,1258.7332240513392,1256.7937662760417,1,1.9544318748357727,1.9919988663767132,4,4,2,0,1,13819033.0,1.3918028128306807,0
2026-04-13,1249.756103515625,1261.6976471062894,1238.8911174058185,1245.0577246851824,10366082.0,-1.2146981076221142,-0.012221358572547482,1285.5388881138392,0.9721651480720935,1.018408824940344,1262.6484985351562,1256.8361857096354,1,1.9161521201503728,1.7209369786184496,0,4,2,1,0,14137451.0,0.7332355740790897,1
2026-04-15,1277.6524658203125,1294.488104527646,1272.9540869097948,1278.631284802942,12098912.0,2.232144514134693,0.02207596790732941,1286.1681256975446,0.9933790460927386,1.0169165705497887,1266.102338518415,1257.3321248372397,1,1.9628279757460811,1.6552444071950536,2,4,2,0,0,14026796.714285715,0.8625570218521637,1
2026-04-16,1291.2579345703125,1302.808046184627,1281.2740288923192,1294.0965334739733,18527029.0,1.064880248265676,0.010592503311990227,1287.9859270368304,1.002540406276806,1.0168067226890756,1270.4650704520088,1258.3142049153646,1,1.9971599301503191,1.6664743308665506,3,4,2,0,0,15215132.0,1.2176712630557527,0
2026-04-17,1290.7685546875,1300.165312581974,1278.435459306928,1285.1893342368037,12064048.0,-0.03789946762072782,-0.00037906651284061606,1285.0914132254463,1.0044176946508456,1.0169972235335418,1273.2896554129463,1258.921073404948,1,1.700052714412069,1.622367384539733,4,4,2,0,1,14744882.857142856,0.8181854082452624,0
2026-04-20,1284.7977294921875,1296.8372503675123,1280.3930442184933,1292.0410136169874,7172300.0,-0.4625790714864464,-0.0046365227937568455,1280.3930838448662,1.0034400729767259,1.0128430923795404,1275.631827218192,1259.6943400065104,1,1.6711106884892601,1.6326920085390255,0,4,2,1,0,13479478.142857144,0.5320903319837085,1
2026-04-21,1285.385009765625,1296.9351212811175,1271.7795218169556,1282.2528368892558,10057440.0,0.0457099401685257,0.00045699496357826526,1277.8201904296875,1.005920096890466,1.0197798431509755,1278.6731567382812,1259.8835774739584,1,1.64249115674379,1.6116043371346318,1,4,2,0,0,12788454.285714285,0.78644688210951,0
2026-04-22,1241.729736328125,1270.2133447995752,1229.2987830540255,1267.5705813427946,20088378.0,-3.3962799554866474,-0.03455293573353056,1274.4782191685267,0.974304399755245,1.0332828457243755,1279.931640625,1258.6698404947917,1,1.7746944453844005,1.8342437375626883,2,4,2,0,0,12910598.42857143,1.5559602532090218,0
2026-04-23,1214.32275390625,1238.891085420282,1200.0320212693207,1227.438951608261,14792854.0,-2.2071616407382866,-0.022318839038989357,1269.4163120814733,0.956599298708486,1.0323816893734707,1277.4776000976562,1256.4577067057292,1,1.8996078856166607,1.8461136678375802,3,4,2,0,0,13542994.42857143,1.0922882733224613,0
2026-04-24,1130.144287109375,1197.9764852174349,1127.7950978335834,1174.5826894228176,42078914.0,-6.932132872095876,-0.07184120491237635,1248.343715122768,0.9053149973188526,1.0622288459301383,1267.2559204101562,1251.2242838541667,0,2.753650761650661,2.4740319260927817,4,4,2,0,1,17825851.85714286,2.3605555760937666,1
2026-04-27,1145.5118408203125,1154.9084786451926,1130.04645394258,1130.1443119385692,19579883.0,1.3597868773237654,0.013506247391600707,1227.5228445870537,0.9331898350174247,1.0220008873227047,1257.754385811942,1247.136083984375,0,2.804847270012133,2.5226806694474804,0,4,2,1,0,17976259.57142857,1.0892078478395042,0
2026-04-28,1127.697265625,1144.6308809119316,1125.4460537763027,1138.0727223885278,12720276.0,-1.555162902773255,-0.01567382415490343,1204.2269461495537,0.936449121347722,1.0170464209024115,1244.6591796875,1243.0837687174478,0,2.7156749933750124,2.342473205479169,1,4,2,0,0,18070006.42857143,0.7039441878607917,1
2026-04-29,1142.7711181640625,1153.2444330805374,1132.2978032475876,1133.961747660014,8303109.0,1.3366931887263345,0.013278382668051203,1183.9374302455358,0.9652293178424676,1.0184992232369188,1232.1652570452009,1239.8765014648438,0,2.947276493847789,2.39461420682509,2,4,2,0,0,18231550.57142857,0.45542527869308885,1
2026-04-30,1156.768310546875,1164.5988623339997,1135.0384576467616,1142.7711514334949,12205669.0,1.224846529662038,0.012174059798206531,1165.5636160714287,0.9924540321924268,1.0260435269731079,1221.691903250558,1237.706787109375,0,3.0887281858026623,2.4657041738342897,3,4,2,0,0,18538440.42857143,0.6583978327102766,0
2026-05-01,1156.768310546875,1156.768310546875,1156.768310546875,1156.768310546875,0.0,0.0,0.0,1153.42626953125,1.0028974899427106,1.0,1213.9522443498884,1235.4881306966147,0,2.9979705338031106,2.3957184738790973,4,5,2,0,1,15668672.142857144,0.0,0
2026-05-04,1143.652099609375,1169.6886601132755,1140.5198072387318,1169.6886601132755,7735811.0,-1.1338667231728716,-0.011403440009129694,1143.3304617745537,1.0002813165970599,1.025575051559309,1206.3733869280134,1233.383671061198,0,2.951087604023563,2.3942463455545533,0,5,2,1,0,14660523.142857144,0.527662684654539,1
2026-05-05,1153.1466064453125,1160.096197246124,1135.5278649580357,1144.728787187228,8164108.0,0.8301918773358175,0.008267647393857457,1146.6165073939733,1.005695102947873,1.0216360452669262,1197.4801112583705,1230.479842122396,0,1.2194074849695336,2.2936902830652706,1,5,2,0,0,9815550.857142856,0.8317524017573514,0
2026-05-06,1142.4774169921875,1166.262764986819,1139.443102180398,1161.8580797644604,9856963.0,-0.9252240255914868,-0.009295308085902702,1146.1830182756696,0.9967670073414132,1.023537518244746,1186.8529314313616,1228.7310139973958,0,1.1922924298175805,2.236555087842999,2,5,2,0,0,8426562.285714285,1.1697490228857266,0
2026-05-07,1138.07275390625,1150.5038263553197,1134.6468875555572,1148.1546369607545,12013987.0,-0.38553611830102197,-0.0038628122451252436,1147.6652308872767,0.9916417464580585,1.0139752190515625,1175.946088518415,1225.6901489257812,0,1.0114678844459757,2.2288016792331096,3,5,2,0,0,8325663.857142857,1.4430064924724064,1
2026-05-08,1154.2232666015625,1158.4322359116547,1134.2554554613432,1136.4088093734103,7582770.0,1.419110741372065,0.014091356260792057,1149.3012520926338,1.0042826147626367,1.0213151105722282,1166.619341169085,1223.1582682291667,0,1.0281259344871443,2.3105932213731584,4,5,2,0,1,8222758.285714285,0.9221686612354687,0
2026-05-11,1152.0699462890625,1161.858136147083,1147.2737093616845,1151.0911273032605,7336288.0,-0.18656012010918044,-0.0018673436024338314,1148.6300571986608,1.0029947754447512,1.0127122470134116,1157.0968366350446,1219.8531209309897,0,0.9135458575046769,2.30536823557047,0,5,2,1,0,7527132.428571428,0.9746457989968368,0
2026-05-12,1116.1473388671875,1137.3876630949442,1099.2137225952,1137.3876630949442,16891948.0,-3.1180925722075647,-0.03167739837604329,1142.8270612444196,0.976654628436799,1.0347284060552093,1148.126665387835,1215.3244547526042,0,1.4720028429523035,2.281918402460527,1,5,2,0,0,9940267.857142856,1.6993453539445438,0
2026-05-13,1099.3115234375,1118.398492694932,1097.2560275682615,1112.5255790772603,6664111.0,-1.5083864686515902,-0.015198783248539868,1136.4926932198662,0.967284286116239,1.0192684884798733,1139.91157749721,1210.5412923177084,0,1.5053114334486692,2.254692091927302,2,5,2,0,0,9787167.857142856,0.6809029023790992,0
2026-05-14,1071.8067626953125,1098.137016652994,1065.933848927119,1096.0815207310736,16914842.0,-2.5019987652072695,-0.02533830835039294,1124.8727155412946,0.9528249266669727,1.0302112253572657,1135.7446114676338,1205.4644856770833,0,1.5216005254723644,1.4922958563304916,3,5,2,0,0,11037272.714285715,1.5325200742849143,1
2026-05-15,1095.2984619140625,1109.1976439317652,1078.266987402901,1078.658538900176,17482450.0,2.1917849407550483,0.0216811063662989,1118.1328648158483,0.9795780952154138,1.0286855267667645,1132.1579415457588,1200.3517903645834,0,1.952332597128168,1.5803405144475366,4,5,2,0,1,12126628.0,1.4416579777989396,1
2026-05-18,1118.3006591796875,1121.8243835304838,1094.319594715878,1095.2984136735845,12096377.0,2.1000848686875795,0.020783370413207315,1115.3082798549108,1.002683006464514,1.0251341463201589,1131.4867553710938,1195.186885579427,0,2.204280497427451,1.6584609750678332,0,5,2,1,0,12138398.0,0.996538175795521,1
2026-05-19,1171.5484619140625,1173.0166903851343,1137.3876555901809,1137.3876555901809,32175705.0,4.761492564390868,0.04651608101451962,1117.7833077566963,1.0480998005465556,1.0313253222152001,1133.542279924665,1191.620723470052,0,2.879436893799379,2.0778147604934194,1,5,2,0,0,15651674.42857143,2.055735643290963,0
2026-05-20,1168.4161376953125,1181.3366195800531,1159.802602590221,1161.8580984968487,15121010.0,-0.26736616713510797,-0.00267724228838054,1120.1184779575892,1.0431183492533653,1.0185669672940374,1134.374267578125,1186.866923014323,0,2.881632107086901,2.059262394539414,2,5,2,0,0,16763777.57142857,0.9020049291140423,0
2026-05-21,1156.180908203125,1176.3446743746752,1152.0699163634372,1170.765334609686,10021033.0,-1.0471636857328326,-0.010526850234436051,1125.8375592912946,1.0269518001610562,1.0210705597520178,1134.332310267857,1181.483418782552,0,2.569158435362143,2.0817218430740434,3,5,2,0,0,15782218.285714285,0.6349571916053662,0
2026-05-22,1149.622802734375,1166.5564175672662,1147.665164926398,1157.4533539662823,8803066.0,-0.567221394352746,-0.00568836204163434,1133.0248849051338,1.0146492085481695,1.0164605960154587,1134.7587890625,1176.3576700846354,0,2.467144893820669,2.0630636829109834,4,5,2,0,1,16087783.285714285,0.5471894942678022,0
2026-05-25,1143.75,1159.900513478819,1141.4008105061328,1157.9428754813864,5856136.0,-0.5108460549326788,-0.005121553342296844,1143.302490234375,1.000391418517363,1.0162078936710084,1134.087602887835,1172.311885579427,0,2.1330283318017447,2.055510938916771,0,5,2,1,0,14507968.142857144,0.40364963186683117,0
2026-05-26,1142.966796875,1155.6914427435413,1138.2685377836078,1141.5965459846338,8005767.0,-0.06847677595628321,-0.0006850023200908712,1150.1122523716517,0.9937871668770444,1.0153064978795414,1134.12255859375,1168.7522420247396,0,2.0845163351230958,2.0397900438367187,1,5,2,0,0,13154156.285714285,0.6086112120086673,0
2026-05-27,1135.3321533203125,1142.5754376343073,1130.5359164445094,1136.4088302961693,6371871.0,-0.66796722140674,-0.006702081069462253,1152.5453229631696,0.9850650822142053,1.0106493929247835,1133.92680140904,1164.008231608073,0,2.0204257547298314,2.0455213721613723,2,5,2,0,0,12336369.714285715,0.5165110277638056,0
2026-05-28,1135.3321533203125,1135.3321533203125,1135.3321533203125,1135.3321533203125,0.0,0.0,0.0,1147.3715645926338,0.9895069638782656,1.0,1132.577436174665,1158.8107055664063,0,0.36581179355093824,2.0046500299994547,3,5,2,0,0,7739840.428571428,0.0,1
2026-05-29,1136.3109130859375,1184.370898370815,1129.1654871448488,1156.96396849116,69085430.0,0.08620911182357638,0.0008617197311187228,1142.7851039341517,0.9943347259025986,1.0488904521564468,1131.4517909458705,1153.6621175130208,0,0.4157519434676421,2.0050625847596755,4,5,2,0,1,15449043.285714285,4.471825777320673,1
2026-06-01,1177.02978515625,1191.222659904496,1148.839751655495,1150.1122640819906,19439331.0,3.583427000602346,0.035207160003903386,1145.7635149274554,1.0272885895051165,1.0368919235149432,1135.800537109375,1150.0698527018228,0,1.493893854121726,2.023789865475026,0,6,2,1,0,16794514.42857143,1.1574809788444442,1
2026-06-02,1243.8831787109375,1251.811588367994,1206.3943648530496,1206.3943648530496,36032600.0,5.679838726070363,0.055243948165676716,1159.229282924107,1.073026015675945,1.0376470786320995,1146.1270839146205,1148.6864583333333,1,2.464510362427893,2.3827150396543937,1,6,2,0,0,20684447.85714286,1.7420141088057635,0
2026-06-03,1196.7039794921875,1223.425783618914,1190.2437985614154,1215.7909483013548,18534303.0,-3.7928963126298454,-0.038666988138627935,1166.7941371372767,1.0256342069289912,1.0278783095510382,1155.0483136858259,1147.1855997721354,1,3.0720997487220614,2.54449080178527,2,6,2,0,0,22495614.57142857,0.8239073860884962,0
2026-06-04,1175.855224609375,1189.4607121046952,1170.8631524946943,1182.4132636253246,12755957.0,-1.7421814617562759,-0.017575360407490023,1171.4924839564733,1.0037240876169922,1.0158836321481088,1160.8023681640625,1145.9033487955728,1,3.203178089736414,2.5980123333749208,3,6,2,0,0,23174213.14285714,0.5504375454461417,0
2026-06-05,1172.1357421875,1197.8787294549086,1169.0035692089534,1194.159169493737,8692290.0,-0.3163214606722198,-0.0031682281454372125,1176.7501395089287,0.9960786940519469,1.0247006604654718,1164.6477312360491,1147.3030639648437,1,3.185440598824201,2.5664030987178283,4,6,2,0,1,23505701.57142857,0.3697949611751036,0
2026-06-08,1162.4453125,1175.26781631171,1151.5804465064052,1152.559265415463,8631711.0,-0.826732718636769,-0.008301691065120173,1180.6234479631696,0.9846029354282851,1.0205694442599873,1163.9975062779017,1147.8675130208333,1,3.22217098138749,2.244658618675561,0,6,2,1,0,24738803.14285714,0.3489138480206647,0
2026-06-09,1155.300048828125,1168.3182691086097,1142.5754025403637,1168.3182691086097,10984054.0,-0.6146752535401534,-0.006165721590774433,1183.336181640625,0.9763075504260932,1.022530562544065,1163.0606427873884,1148.7876057942708,1,3.2436983838419873,2.24936599856563,1,6,2,0,0,16438606.57142857,0.6681864397856593,0
2026-06-10,1145.300048828125,1171.4000244140625,1143.300048828125,1160.0999755859375,8887626.0,-0.865576004272095,-0.008693438716277204,1178.8033621651787,0.9715785393795313,1.02457795363058,1162.283438546317,1148.8719034830729,1,2.9073132740615835,2.2437368154673956,2,6,2,0,0,14931220.142857144,0.5952377578634589,0
2026-06-11,1114.5999755859375,1133.699951171875,1109.0,1129.699951171875,9372176.0,-2.680526668413219,-0.027171079805592302,1160.3343331473213,0.9605851897553245,1.0222722733740983,1159.7818080357142,1147.4662923177084,1,1.273704403651844,2.3501699059928582,3,6,2,0,0,11122588.142857144,0.8426254644714821,1
2026-06-12,1116.4000244140625,1123.300048828125,1111.5,1120.0,8075333.0,0.16149729656855794,0.0016136702991711783,1148.862339564732,0.9717439470050271,1.010616328230432,1157.8282383510045,1146.1206827799479,1,0.9474665191133816,2.3500993463811097,4,6,2,0,1,9628449.57142857,0.8386950505471531,1
2026-06-15,1134.9000244140625,1151.0,1123.0,1130.0,7856192.0,1.6571121099455022,0.016435318288446802,1143.0115966796875,0.9929033333614565,1.02493321460374,1157.2520403180804,1145.828946940104,0,1.2995297218799289,2.3992965025876747,0,6,2,1,0,8928483.142857144,0.8799022044729977,1
2026-06-16,1143.5999755859375,1153.800048828125,1123.199951171875,1136.9000244140625,10456090.0,0.7665830456182077,0.007636597280552803,1138.93505859375,1.0040958586330175,1.027243677872603,1157.8425990513392,1145.5107259114584,0,1.3863057415144553,2.400320699758824,1,6,2,0,0,9180454.57142857,1.138951227158344,1
2026-06-17,1157.699951171875,1162.5,1148.0,1149.0,5995119.0,1.2329464748994212,0.01225407593511584,1138.2571498325892,1.0170812029093297,1.012630662020906,1159.4402988978795,1146.0181437174479,0,1.4818573685044487,2.419767724167021,2,6,2,0,0,8803798.57142857,0.6809695782291378,0
2026-06-18,1127.5,1142.9000244140625,1125.300048828125,1142.9000244140625,16781447.0,-2.608616433066724,-0.026432443658010736,1134.2857142857142,0.9940176322418136,1.0156402513305371,1158.8109479631696,1145.6657185872396,0,1.7719710957135284,2.531247886419553,3,6,2,0,0,9631997.57142857,1.7422603022428977,0
2026-06-19,1051.4000244140625,1066.0,1030.0,1062.300048828125,45665442.0,-6.749443510947895,-0.06988015977095863,1120.8714250837054,0.9380201875835538,1.0349514563106796,1149.837393624442,1142.2382771809896,0,3.0213495632125875,2.880185662053089,4,6,2,0,1,14885971.285714285,3.067683063706031,1
2026-06-22,1065.4000244140625,1080.300048828125,1055.0,1055.0,10178505.0,1.3315578918501547,0.013227705792419242,1113.8428606305804,0.9565083748087294,1.0239810889366114,1137.0885968889509,1139.3492797851563,0,3.068191013647404,2.309795370096103,0,6,2,1,0,15001161.142857144,0.6785144765174749,0
2026-06-23,1029.300048828125,1055.300048828125,1026.0,1053.800048828125,19323064.0,-3.388396354298129,-0.034471331427595356,1101.4000069754463,0.9345378993184185,1.0285575524640596,1125.1311732700892,1136.4543701171874,0,3.2111607728110894,2.2754544441894207,1,6,2,0,0,16607979.857142856,1.163480698207219,1
2026-06-24,1056.5999755859375,1065.5,1037.699951171875,1040.9000244140625,12346266.0,2.6522807211457833,0.02617717565326762,1090.2142857142858,0.9691672448537721,1.026790064697151,1116.6129411969866,1135.0306518554687,0,3.3720011064529607,2.46705166679658,2,6,2,0,0,17249419.0,0.7157496724962157,0
2026-06-25,1041.199951171875,1068.0,1039.0999755859375,1065.0,15866779.0,-1.4575075496781498,-0.0146823353995666,1075.5857107979912,0.9680306652636683,1.0278125542229621,1107.2603846958705,1134.0104248046875,0,3.28518743286528,2.4711095466316557,3,6,2,0,0,18022374.57142857,0.8803933653201336,0
2026-06-26,1041.199951171875,1041.199951171875,1041.199951171875,1041.199951171875,0.0,0.0,0.0,1058.9428536551338,0.983244702561601,1.0,1098.6000017438616,1132.2071411132813,0,3.158361897888848,2.480629827395964,4,6,2,0,1,17165929.0,0.0,0
2026-06-29,1036.699951171875,1046.5999755859375,1029.0999755859375,1037.0999755859375,15080892.0,-0.43219364301114727,-0.00433130299490527,1045.9714181082588,0.9911360226714874,1.0170051505346078,1090.1285661969866,1129.4871175130208,0,3.1334739857936973,2.481900050222442,0,6,2,1,0,16922992.57142857,0.8911480600340966,0
2026-06-30,1000.4000244140624,1030.4000244140625,996.0,1030.0,24128263.0,-3.501488228756988,-0.035642599821730216,1038.6857038225446,0.9631402653684514,1.0345381771225528,1079.778564453125,1123.7821695963542,0,2.29400704818617,2.5896819582519957,1,6,2,0,0,13846252.714285715,1.7425843293403087,0
2026-07-01,985.2999877929688,1014.0,982.4000244140624,1006.0,13037982.0,-1.509399865312655,-0.01520907246848733,1027.2428414481026,0.9591694855755752,1.0321660981276797,1070.5428510393415,1117.6782979329428,0,2.1226684111378455,2.5473461507866695,2,7,3,0,0,14254749.42857143,0.914641261519995,1
2026-07-02,1040.9000244140625,1045.0,1006.0,1006.4000244140624,18741111.0,5.642955172021824,0.05489487503690809,1028.8999808175224,1.011662983594387,1.0387673956262427,1065.1499938964844,1113.8356018066406,0,3.0399972788498255,3.079745195437337,3,7,3,0,0,14171613.285714285,1.3224401923874118,1
2026-07-03,1047.199951171875,1068.699951171875,1042.0,1063.0,11653534.0,0.6052384100345032,0.006034141992188193,1027.557120186942,1.0191160477593297,1.0256237535238724,1058.885702950614,1110.4215067545572,0,2.857687908637196,3.0367975654394606,4,7,3,0,1,14072651.57142857,0.828097955872079,0
2026-07-06,1042.199951171875,1053.0,1033.0,1050.0999755859375,5559747.0,-0.47746373502067785,-0.004786072344272466,1027.6999773297991,1.014109150687879,1.0193610842207164,1051.6428440638952,1107.0365051269532,0,2.8031943432405604,3.014065761259381,0,7,3,1,0,12600218.42857143,0.4412421127075926,1
2026-07-07,1071.800048828125,1087.5,1040.5999755859375,1040.5999755859375,18866296.0,2.840155348593809,0.028005706993771574,1032.0714198521205,1.0384940695109037,1.0450701763544192,1045.5071367536273,1104.6642801920573,0,2.9943179899681622,3.118798552981425,1,7,3,0,0,15295403.57142857,1.2334617986309147,0
2026-07-08,1069.300048828125,1079.699951171875,1064.4000244140625,1071.9000244140625,13022221.0,-0.23325246184989767,-0.002335249191627414,1036.7285766601562,1.031417550264601,1.0143742262372033,1041.3499973842077,1102.4632100423178,0,2.9854520527776858,3.0595295998007215,2,7,3,0,0,15001307.714285715,0.8680723872892072,0
2026-07-09,1050.800048828125,1062.699951171875,1040.4000244140625,1062.699951171875,9003333.0,-1.7301037272255515,-0.01745244914728895,1043.9285801478795,1.0065823168470702,1.021433992920532,1041.307141985212,1099.6454732259115,0,2.6475832570615125,2.4912415760236417,3,7,3,0,0,12840603.42857143,0.7011612071101598,1
2026-07-10,1068.0,1091.300048828125,1064.699951171875,1075.0,9747266.0,1.636843392903975,0.016235915241184014,1055.7428676060267,1.0116099599344368,1.024983656312722,1041.4928545270648,1097.3684427897135,0,2.46394767320669,2.504861740700481,4,7,3,0,1,12370501.142857144,0.7879443110215606,1
2026-07-13,1102.5999755859375,1114.9000244140625,1057.0999755859375,1057.0999755859375,20994760.0,3.2396980885709192,0.03188326449317674,1064.5571463448662,1.0357358262745129,1.0546779398004311,1046.7285635811943,1094.8874491373697,0,1.8231044613832508,2.4310412925359604,0,7,3,1,0,12692451.0,1.6541139296106009,0
2026-07-14,1092.9000244140625,1113.5,1090.0,1107.800048828125,14819413.0,-0.879734390227993,-0.008836268991900355,1071.085728236607,1.0203665267890083,1.021559633027523,1049.3214242117745,1089.854677327474,0,1.9377859029048776,2.375336722008058,1,7,3,0,0,13144719.42857143,1.1274042843233647,0
2026-07-15,1076.300048828125,1088.0999755859375,1073.0,1079.0,8501933.0,-1.5188924160594919,-0.01530545738451543,1075.9571707589287,1.0003186726000948,1.014072670629951,1051.828574044364,1085.8412129720052,0,2.0721279527621186,2.3788197742059127,2,7,3,0,0,13565031.714285715,0.6267536397313672,1
2026-07-16,1082.4000244140625,1097.300048828125,1077.9000244140625,1082.5,8592146.0,0.5667541864909476,0.005651541775166999,1077.4714529854912,1.0045742013998749,1.017997981236347,1054.7714364188057,1082.7260396321615,0,1.8008196662387161,2.378821790518147,3,7,3,0,0,12097296.0,0.7102534318412974,1
2026-07-17,1096.5,1116.800048828125,1092.0,1105.0,12547728.0,1.3026584689491472,0.012942468445874671,1081.3571602957588,1.0140035505938663,1.0227106674250228,1059.0428684779577,1080.2048482259115,1,1.8388721057135469,2.3827323480845646,4,7,3,0,1,12029511.285714285,1.0430787836660602,0
2026-07-20,1087.0999755859375,1103.800048828125,1083.199951171875,1102.0,6372645.0,-0.8572753683595558,-0.008609711105961522,1086.5428641183037,1.000512737680244,1.0190178162710988,1065.2357221330915,1077.6933369954427,1,1.6965087247451225,2.139752772395603,0,7,3,1,0,11653698.714285715,0.546834542083028,0
2026-07-21,1073.5,1094.5,1067.199951171875,1080.0,9485229.0,-1.2510326456963816,-0.012589239433145646,1087.328578404018,0.987282061118714,1.0255810064441506,1071.5357230050224,1074.9666687011718,1,1.7244777636110993,2.1210412704920936,1,7,3,0,0,11616264.857142856,0.816547239293319,0
2026-07-22,1052.0999755859375,1069.300048828125,1046.199951171875,1064.0,7517203.0,-1.9934815476537082,-0.020136194709671873,1080.114292689732,0.9740635622605895,1.0220800026136256,1072.3357195172991,1071.859999593099,1,1.176812529973314,1.667443337303404,2,7,3,0,0,9690899.57142857,0.7756971315813421,0
2026-07-23,1047.4000244140625,1058.5,1032.0,1046.9000244140625,13794578.0,-0.4467209657768034,-0.0044772174545707494,1073.614292689732,0.9755831601216906,1.0256782945736433,1072.3500104631696,1069.6200012207032,1,1.1748125157777838,1.6661065449472416,3,7,3,0,0,9544494.57142857,1.4452916177766026,0
2026-07-24,1040.9000244140625,1043.4000244140625,1013.9000244140624,1028.0,29036900.0,-0.6205842895255054,-0.006225179178408021,1068.5571463448662,0.9741173207016505,1.0290955708547775,1072.2571585518974,1067.1033345540366,1,1.1046395845868051,1.6697900550559985,4,7,3,0,1,12478061.285714285,2.3270361745412624,1
2026-07-27,1079.199951171875,1082.0,1057.4000244140625,1065.0,15956349.0,3.6795009952441893,0.03613423367261845,1068.0999930245537,1.0103922462501749,1.0232645876848443,1072.7857230050224,1065.2466654459636,1,1.9187370604562264,1.790184987620813,0,7,3,1,0,13530090.285714285,1.1793231725029563,1
2026-07-28,1105.699951171875,1118.5,1097.0,1097.0,28092042.0,2.45552272043974,0.024258593739177936,1069.414271763393,1.0339304237530413,1.019598906107566,1075.3857160295759,1063.983331298828,1,2.0933899114491883,1.8969035748783114,1,7,3,0,0,15750706.57142857,1.783541701612189,0
