Date,Close,High,Low,Open,Volume,daily_return,log_return,ma_7,price_ma_ratio,high_low_ratio,ma_14,ma_30,ma_crossover,volatility_7,volatility_14,day_of_week,month,quarter,is_monday,is_friday,volume_ma_7,volume_ratio,target
2021-07-28,52443.7109375,52673.69140625,51802.73046875,52673.69140625,8000.0,,,,,1.0168130314680113,,,0,,,2,7,3,0,0,,,1
2021-07-29,52653.0703125,52777.1796875,52561.390625,52693.53125,8800.0,0.3992077815574646,0.003984130616468728,,,1.0041054671486824,,,0,,,3,7,3,0,0,,,0
2021-07-30,52586.83984375,52910.23046875,52533.91015625,52792.359375,9900.0,-0.125786527465388,-0.001258657051213608,,,1.0071633790704084,,,0,,,4,7,3,0,1,,,1
2021-08-02,52950.62890625,52986.76953125,52804.078125,52901.28125,7900.0,0.6917872676527326,0.006894053982045535,,,1.0034597972872006,,,0,,,0,8,3,1,0,,,1
2021-08-03,53823.359375,53887.98046875,53088.3515625,53125.96875,8100.0,1.6481966064939124,0.01634761272371175,,,1.0150622289582416,,,0,,,1,8,3,0,0,,,1
2021-08-04,54369.76953125,54465.91015625,54034.30859375,54071.21875,14600.0,1.0151914755878177,0.01010073019200483,,,1.007987546685291,,,0,,,2,8,3,0,0,,,1
2021-08-05,54492.83984375,54717.23828125,54230.890625,54576.640625,15300.0,0.2263579808431393,0.0022610217711439115,53331.45982142857,1.0217766403959336,1.0089680927354308,,,0,,,3,8,3,0,0,10371.42857142857,1.475206611570248,0
2021-08-06,54277.71875,54633.578125,54210.328125,54492.171875,7200.0,-0.3947694676343261,-0.003955507391225855,53593.4609375,1.0127675615743117,1.0078075528158408,,,0,0.6949333065278065,,4,8,3,0,1,10257.142857142857,0.701949860724234,1
2021-08-09,54402.8515625,54584.73046875,54124.26953125,54385.7109375,11500.0,0.23054176811732052,0.002302764283175458,53843.4296875,1.0103897890280542,1.0085074762484165,,,0,0.7016717831732688,,0,8,3,1,0,10642.857142857143,1.0805369127516777,1
2021-08-10,54554.66015625,54779.66015625,54308.76953125,54461.30859375,8700.0,0.27904528786619753,0.0027865667926426523,54124.546875,1.0079467322330355,1.0086706185587402,,,0,0.659794597970536,,1,8,3,0,0,10471.42857142857,0.8308321964529332,0
2021-08-11,54525.9296875,54758.73828125,54167.19921875,54730.6484375,6500.0,-0.05266363802416407,-0.0005267751018861856,54349.58984375,1.0032445478292837,1.0109206137853115,,,0,0.6883821190484563,,2,8,3,0,0,10271.42857142857,0.6328233657858137,1
2021-08-12,54843.98046875,54874.1015625,54536.6484375,54641.21875,9300.0,0.5833018952135616,0.0058160727634479275,54495.392857142855,1.0063966437038256,1.0061876395904072,,,0,0.44777985573143597,,3,8,3,0,0,10442.857142857143,0.8905608755129959,1
2021-08-13,55437.2890625,55487.7890625,54905.48828125,54911.94921875,14100.0,1.0818116932414634,0.01076001973140589,54647.89564732143,1.0144450834900038,1.0106055113883552,,,0,0.4665818347500174,,4,8,3,0,1,10371.42857142857,1.359504132231405,1
2021-08-16,55582.578125,55680.75,55281.01953125,55479.73828125,6000.0,0.26207822380384105,0.0026173539767799354,54803.572544642855,1.014214503620591,1.007230880908845,54067.51618303572,,0,0.46610409334292163,,0,8,3,1,0,9042.857142857143,0.6635071090047393,1
2021-08-17,55792.26953125,55854.87890625,55386.48828125,55565.640625,6800.0,0.3772610291275402,0.0037655118445843712,55019.93694196428,1.0140373223273662,1.0084567669757565,54306.698939732145,,0,0.3573149025649443,0.5333867429212086,1,8,3,0,0,8985.714285714286,0.7567567567567567,0
2021-08-18,55629.48828125,56118.5703125,55514.890625,56073.30859375,16100.0,-0.2917630907787738,-0.0029218954898490176,55195.17075892857,1.0078687594648155,1.0108741939451493,54519.30022321428,,0,0.4418008852417199,0.5686898211225953,2,8,3,0,0,9642.857142857143,1.6696296296296296,0
2021-08-20,55329.3203125,55543.16015625,55013.98046875,55159.12890625,6800.0,-0.5395842709039811,-0.005410452848018325,55305.83649553572,1.0004246173361138,1.0096190038057797,54715.191685267855,,0,0.5496032558695193,0.6072851890793183,4,8,3,0,1,9371.42857142857,0.7256097560975611,1
2021-08-23,55555.7890625,55781.171875,55240.2890625,55695.83984375,7500.0,0.4093105585264878,0.004084751616624083,55452.959263392855,1.0018543608938653,1.0097914551440532,54901.27455357143,,0,0.5414744781103952,0.6002619316706015,0,8,3,1,0,9514.285714285714,0.7882882882882883,1
2021-08-24,55958.98046875,56023.21875,55536.83984375,55647.109375,7600.0,0.7257414808678364,0.0072312065004753855,55612.24497767857,1.006234876711246,1.0087577706549093,55053.81891741072,,0,0.5576916850636608,0.4859976436509883,1,8,3,0,0,9271.42857142857,0.8197226502311249,0
2021-08-25,55944.2109375,56198.12890625,55899.9609375,56067.05859375,5400.0,-0.026393495961296587,-0.00026396979657434833,55684.662388392855,1.004661041981306,1.005333956656667,55166.279017857145,,0,0.4401107401737512,0.4424742333475775,2,8,3,0,0,8028.571428571428,0.6725978647686833,1
2021-08-26,55949.1015625,56112.390625,55854.0703125,55988.41015625,8300.0,0.008741967967806907,8.741585880054987e-05,55737.02287946428,1.0038049876380077,1.0046249147296646,55270.29771205357,,0,0.43794149907512114,0.4454791560737171,3,8,3,0,0,8357.142857142857,0.9931623931623932,1
2021-08-27,56124.71875,56188.23046875,55675.87109375,55862.9296875,6000.0,0.31388741301559,0.0031339581491641286,55784.515625,1.0060985225234713,1.0092025389982182,55402.226283482145,,0,0.43173925018779147,0.41306887333417525,4,8,3,0,1,8242.857142857143,0.7279029462738301,1
2021-08-30,56889.76171875,56958.26953125,56309.859375,56329.25,6600.0,1.36311234299058,0.013539055383987388,55964.5546875,1.0165320181035347,1.0115150377473305,55579.86272321428,,0,0.6077893035703198,0.5104743544377566,0,8,3,1,0,6885.714285714285,0.9585062240663901,1
2021-08-31,57552.390625,57625.26171875,56859.1015625,56995.1484375,11200.0,1.164759503697499,0.011580283972386298,56282.13616071428,1.0225694074698675,1.013474714429102,55793.986328125,,0,0.5429849790461423,0.5575869741306997,1,8,3,0,0,7514.285714285715,1.4904942965779466,0
2021-09-01,57338.2109375,57918.7109375,57263.8984375,57763.53125,7300.0,-0.3721473342359505,-0.003728415252385651,56536.767857142855,1.0141756083825348,1.0114349968805334,55994.863560267855,,0,0.6502168003762878,0.5828114468726809,2,9,3,0,0,7485.714285714285,0.9751908396946566,1
2021-09-02,57852.5390625,57892.37109375,57287.7890625,57423.6484375,5100.0,0.8970076264859905,0.008930084107973057,56807.27622767857,1.0184001575895332,1.0105534188200282,56209.76060267857,,0,0.6651977072951328,0.5978346738458941,3,9,3,0,0,7128.571428571428,0.7154308617234469,1
2021-09-03,58129.94921875,58194.7890625,57764.0703125,57983.44921875,6100.0,0.47951249978899213,0.004783665006144138,57119.52455357143,1.0176896546859544,1.007456516614391,56402.093470982145,,0,0.62763118595793,0.5644850850612012,4,9,3,0,1,7228.571428571428,0.8438735177865613,1
2021-09-06,58296.91015625,58515.8515625,58200.2890625,58411.62109375,5600.0,0.28722016747633194,0.0028680847846748823,57454.92578125,1.014654694328659,1.0054220091529291,56595.974330357145,,0,0.5955602442953678,0.5642552416278209,0,9,3,1,0,6842.857142857143,0.8183716075156576,0
2021-09-07,58279.48046875,58553.0703125,58005.0703125,58418.69140625,7400.0,-0.029898132599626148,-0.0002990260298235371,57762.74888392857,1.0089457582058599,1.0094474499737294,56773.63225446428,,0,0.6350371065085231,0.5727611496987044,1,9,3,0,0,7042.857142857143,1.050709939148073,0
2021-09-08,58250.26171875,58372.94140625,57924.48046875,58350.55859375,5300.0,-0.05013557047006678,-0.0005014814254942999,57957.10602678572,1.0050581492428003,1.0077421659006842,56960.830357142855,55527.28697916667,1,0.5490776303333854,0.5565290084636639,2,9,3,0,0,6857.142857142857,0.7729166666666667,1
2021-09-09,58305.0703125,58334.58984375,58084.98828125,58172.98046875,5300.0,0.09409158368185455,0.0009404734529881114,58064.63169642857,1.0041408790350808,1.004297178494578,57173.38392857143,55722.665625,1,0.41317322147679547,0.5035417020261853,3,9,3,0,0,6014.285714285715,0.8812351543942992,0
2021-09-13,58177.76171875,58314.640625,57944.62890625,58262.109375,5600.0,-0.21834909565782157,-0.00218587824867714,58184.56752232143,0.9998830307784136,1.006385608566907,57360.667689732145,55906.822005208334,1,0.3813797004071792,0.5277149122483786,0,9,3,1,0,5771.428571428572,0.9702970297029703,1
2021-09-14,58247.08984375,58482.62109375,58214.2890625,58482.62109375,6700.0,0.11916602315358293,0.0011909507680524611,58240.931919642855,1.0001057318951496,1.0046093843207793,57524.10407366072,56095.49700520833,1,0.23101060909588064,0.5176369552057118,1,9,3,0,0,6000.0,1.1166666666666667,1
2021-09-15,58723.19921875,58777.05859375,58272.8203125,58354.109375,9600.0,0.8173959871251579,0.00814073399644617,58325.681919642855,1.0068154762366057,1.0086530612135456,57722.603236607145,56287.916015625,1,0.33573028174070735,0.5272612120523786,2,9,3,0,0,6500.0,1.476923076923077,1
2021-09-16,59141.16015625,59204.2890625,58700.5,58881.0390625,24700.0,0.7117475598409584,0.007092265917805969,58446.2890625,1.0118890541195342,1.0085823640769669,57950.607421875,56465.176041666666,1,0.39811518705435456,0.5259229668224911,3,9,3,0,0,9228.57142857143,2.676470588235294,0
2021-09-17,59015.890625,59737.3203125,58871.73046875,59409.98046875,13100.0,-0.21181446376608015,-0.0021203910787658442,58551.490513392855,1.0079314823164223,1.0147029794581879,58157.11969866072,56620.04674479167,1,0.42136137818221003,0.5506078096039863,4,9,3,0,1,10042.857142857143,1.3044096728307255,0
2021-09-20,58490.9296875,59202.55859375,58389.69140625,58634.69140625,17400.0,-0.88952472281697,-0.008935046129625127,58585.87165178572,0.9983794392468884,1.013921416056893,58271.48883928572,56753.31640625,1,0.5853836188162662,0.564158592064442,0,9,3,1,0,11771.42857142857,1.4781553398058254,1
2021-09-21,59005.26953125,59084.51171875,58232.5390625,58630.05859375,9500.0,0.8793497496072833,0.008755059866744722,58685.900111607145,1.0054420128009536,1.0146305256471058,58375.265904017855,56910.90143229167,1,0.6630129397209987,0.5307810746479956,1,9,3,0,0,12371.42857142857,0.7678983833718245,0
2021-09-22,58927.328125,59178.44140625,58878.37890625,59166.1484375,19200.0,-0.13209228068812306,-0.0013217959944390426,58792.98102678572,1.002285087367029,1.0050963104890809,58488.77427455357,57061.71731770833,1,0.6552933047518038,0.5152377052452394,2,9,3,0,0,14314.285714285714,1.3413173652694612,1
2021-09-23,59885.359375,59957.25,59243.1484375,59358.1796875,44600.0,1.6257843015854645,0.016127099454879754,59027.01953125,1.0145414735584874,1.0120537409191437,58633.97572544643,57239.40729166667,1,0.8489250388302424,0.6180014794992784,3,9,3,0,0,19728.571428571428,2.2606806661839247,1
2021-09-24,60048.46875,60333.0,59946.55078125,60158.76171875,10900.0,0.2723693682434414,0.0027199911503150292,59216.34375,1.0140522860295642,1.0064465630418034,58771.01283482143,57423.491927083334,1,0.8290363854716513,0.6145214564738533,4,9,3,0,1,19914.285714285714,0.5473457675753228,1
2021-09-27,60077.87890625,60412.3203125,59887.19140625,60303.7890625,6200.0,0.048977362557645066,0.0004896537256219216,59350.16071428572,1.012261435911986,1.0087686347267104,58898.224888392855,57597.95520833333,1,0.81486590625816,0.6162291861894668,0,9,3,1,0,17271.428571428572,0.358974358974359,0
2021-09-28,59667.6015625,60288.44140625,59045.53125,60285.890625,21100.0,-0.6829091692638234,-0.006852516647669463,59443.26227678572,1.0037740069626342,1.02105002918828,58997.37639508928,57738.965625,1,0.874476600417251,0.6595412953800902,1,9,3,0,0,18414.285714285714,1.1458494957331264,0
2021-09-29,59413.26953125,59678.66015625,59111.41015625,59296.5390625,16100.0,-0.42624812224704156,-0.004271591493011086,59575.025111607145,0.9972848424309664,1.009596286038526,59080.44838169643,57866.65533854167,1,0.7957722873263278,0.6766488209760675,2,9,3,0,0,18228.571428571428,0.8832288401253919,0
2021-09-30,59126.359375,59557.23828125,59019.28125,59549.5703125,8900.0,-0.48290585337857905,-0.00484075611099775,59592.32366071428,0.9921808001921988,1.0091149370147574,59139.11188616072,57977.791666666664,1,0.7758172777103278,0.6971465347860654,3,9,3,0,0,18142.85714285714,0.49055118110236223,0
2021-10-01,58765.578125,58890.078125,58551.140625,58889.76953125,10200.0,-0.6101868165293234,-0.0061205606409862855,59569.216517857145,0.986509166313842,1.0057887429071755,59181.09877232143,58082.32799479167,1,0.8128180307829284,0.7185432555152365,4,10,4,0,1,16857.14285714286,0.6050847457627118,1
2021-10-04,59299.3203125,59548.8203125,58952.109375,59143.0,10000.0,0.9082565075164917,0.009041566641299662,59485.49665178572,0.9968702229994725,1.010121960754691,59256.258091517855,58214.661328125,1,0.5802217020059879,0.7524868941276444,0,10,4,1,0,11914.285714285714,0.8393285371702638,1
2021-10-05,59744.87890625,59778.87109375,59127.0390625,59320.140625,12900.0,0.7513721766151171,0.007485634364963433,59442.126674107145,1.0050932267918795,1.0110242630374402,59329.23521205357,58354.29765625,1,0.6596280742234059,0.7480451931941566,1,10,4,0,0,12200.0,1.0573770491803278,0
2021-10-06,59189.73046875,59963.5703125,59079.859375,59942.0,7000.0,-0.9291983642164992,-0.009335423426083183,59315.248325892855,0.9978838854984939,1.0149579052294417,59332.70452008928,58461.98932291667,1,0.7299558569224228,0.7771748978302281,2,10,4,0,0,12314.285714285714,0.568445475638051,1
2021-10-07,59677.828125,59914.91015625,59597.05859375,59632.80859375,5700.0,0.824632334671116,0.008212508195597908,59316.709263392855,1.006087978684111,1.0053333431212885,59379.98577008928,58586.44322916667,1,0.7873954218003258,0.8034772474877815,3,10,4,0,0,10114.285714285714,0.5635593220338984,1
2021-10-08,60059.05859375,60212.30078125,59830.9296875,59960.390625,5700.0,0.6388142476490222,0.006367824776674462,59408.96484375,1.0109426877190975,1.006374146210696,59491.99497767857,58723.441796875,1,0.7930346852695724,0.7640836020962777,4,10,4,0,1,8628.57142857143,0.6605960264900662,1
2021-10-11,60135.78125,60476.12890625,59811.421875,60099.6796875,42500.0,0.12774535273516463,0.0012766382778161107,59553.16796875,1.0097830778969763,1.0111133795253886,59572.745814732145,58857.143880208336,1,0.7428793540343552,0.7380235561851091,0,10,4,1,0,13428.57142857143,3.1648936170212765,1
2021-10-12,60284.30859375,60331.73828125,59885.390625,60045.75,6500.0,0.2469866370115481,0.002466821263146595,59770.12946428572,1.008602610268253,1.007453364695323,59669.67299107143,58970.29544270833,1,0.6423637452312706,0.7342896796585401,1,10,4,0,0,12900.0,0.5038759689922481,1
2021-10-13,60737.05078125,60836.62890625,60452.2890625,60619.91015625,8500.0,0.7510116613445472,0.007482056091955405,59975.51953125,1.0126973681253932,1.0063577384696325,59730.508091517855,59076.45078125,1,0.6227283500208409,0.6303023253386615,2,10,4,0,0,12685.714285714286,0.670045045045045,1
2021-10-14,61305.94921875,61353.25,60978.0390625,61088.8203125,12600.0,0.9366579874761083,0.009322985474348962,60198.529575892855,1.018396124467808,1.0061532142270995,59820.328125,59208.708723958334,1,0.6463941643544481,0.667932775302459,3,10,4,0,0,12642.857142857143,0.9966101694915254,1
2021-10-18,61765.58984375,61963.0703125,61624.6484375,61817.3203125,11800.0,0.7497488104456718,0.00746952163902396,60566.509486607145,1.0197977457724885,1.0054916641892606,59940.87890625,59339.14375,1,0.3047842216654672,0.6857819484012753,0,10,4,1,0,13328.57142857143,0.8853161843515541,0
2021-10-19,61716.05078125,62245.4296875,61594.2890625,62156.48046875,8600.0,-0.0802049533167537,-0.0008023713469796153,60857.68415178572,1.0141044905245395,1.0105714447704606,60087.19670758928,59458.68046875,1,0.3812614673263406,0.6437016647096145,1,10,4,0,0,13742.857142857143,0.6257796257796258,0
2021-10-20,61259.9609375,61880.359375,61109.2890625,61800.0703125,48400.0,-0.7390133327982884,-0.0074175756484833565,61029.24162946428,1.003780471489987,1.0126178904112497,60219.103236607145,59557.448828125,1,0.5867946617910693,0.6734665726319519,2,10,4,0,0,19842.85714285714,2.439164866810655,0
2021-10-21,60923.5,61621.19921875,60485.6484375,61557.94140625,7300.0,-0.5492346589043184,-0.005507484980209061,61141.77287946428,0.9964300531504936,1.0187738878657038,60347.470424107145,59645.5828125,1,0.6672474079551138,0.6790097404527182,3,10,4,0,0,14814.285714285714,0.49276759884281585,0
2021-10-22,60821.62109375,61420.12890625,60551.1484375,61044.5390625,9400.0,-0.16722431615058264,-0.0016736429208110328,61218.53180803572,0.9935164940653867,1.0143511806327992,60494.33063616072,59731.29479166667,1,0.6793997040659226,0.6471090384493686,4,10,4,0,1,15228.57142857143,0.6172607879924953,1
2021-10-25,60967.05078125,61404.98828125,60449.6796875,61398.75,10500.0,0.23910853555815237,0.002388231259678579,61251.388950892855,0.9953578494379807,1.0158033689953123,60613.45424107143,59820.02747395833,1,0.626778808310796,0.6186680044406391,0,10,4,1,0,15514.285714285714,0.6767955801104972,1
2021-10-26,61350.26171875,61497.7109375,60791.2890625,60997.8984375,6700.0,0.6285541658804572,0.0062658700300274855,61257.71930803572,1.0015107061078936,1.0116204457232962,60728.12444196428,59925.77747395833,1,0.562082197079111,0.6110736035584913,1,10,4,0,0,14671.42857142857,0.4566699123661149,0
2021-10-27,61143.328125,61576.8515625,60989.390625,61499.69921875,8900.0,-0.33729863239809754,-0.0033786876663284412,61168.82477678572,0.9995831757128119,1.009632182441567,60867.66713169643,60022.31875,1,0.4661617371460416,0.5444264473299071,2,10,4,0,0,14257.142857142857,0.624248496993988,0
2021-10-28,59984.69921875,61081.0,59777.578125,61081.0,8600.0,-1.8949392219561934,-0.01913123279586969,60921.48883928572,0.9846230018605254,1.0218045279832921,60889.58649553572,60064.36875,1,0.8058625047174603,0.7598697372771958,3,10,4,0,0,14257.142857142857,0.6032064128256514,0
2021-10-29,59306.9296875,60132.80859375,59089.37109375,59857.328125,9000.0,-1.1299040256555037,-0.011363359367024753,60642.484375,0.977976583557474,1.0176586326895323,60835.863002232145,60069.89440104167,1,0.8456012861518292,0.7985815210612223,4,10,4,0,1,8628.57142857143,1.043046357615894,1
2021-11-01,60138.4609375,60220.2109375,59355.12109375,59577.48046875,7200.0,1.4020810963937924,0.013923428591459421,60530.3359375,0.9935259734820466,1.0145748138965736,60836.054408482145,60107.31341145833,1,1.0954932412502825,0.8920923855858888,0,11,4,1,0,8614.285714285714,0.8358208955223881,0
2021-11-02,60029.05859375,60421.140625,59881.75,60360.609375,6000.0,-0.18191743194708732,-0.0018208310266041223,60417.11272321428,0.9935770825189536,1.0090075962208853,60817.822265625,60158.584375,1,1.0954788794775967,0.8904699623774895,1,11,4,0,0,8128.571428571428,0.7381370826010545,0
2021-11-03,59771.921875,60361.8203125,59552.48828125,60275.2109375,8500.0,-0.4283537419605188,-0.004292738049579969,60246.38002232143,0.9921247028096022,1.0135902303095674,60748.884486607145,60184.139453125,1,1.0816729135350405,0.8667145927327095,2,11,4,0,0,7842.857142857143,1.0837887067395264,1
2021-11-04,60067.62109375,60207.96875,60011.4609375,60207.96875,1800.0,0.49471258322326683,0.0049349290148196666,60063.14564732143,1.0000745123549615,1.0032745047267664,60660.43247767857,60222.14921875,0,1.0640288537507092,0.8330206311373974,3,11,4,0,0,7142.857142857143,0.252,1
2021-11-08,60545.609375,60609.16015625,59779.19140625,60385.76171875,7500.0,0.7957503103110719,0.007926009140505275,59977.75725446428,1.0094677118073376,1.0138839072673242,60573.291015625,60244.157552083336,0,1.140243342437302,0.8368921932447023,0,11,4,1,0,6942.857142857143,1.0802469135802468,0
2021-11-09,60433.44921875,60670.46875,60213.640625,60609.71875,6200.0,-0.18524903359270484,-0.001854208318174266,60041.86439732143,1.0065218631259898,1.0075867879812324,60481.67661830357,60256.990234375,0,0.8453110036703873,0.8367940996866269,1,11,4,0,0,6600.0,0.9393939393939394,0
2021-11-10,60352.8203125,60506.5,59967.44921875,60295.26171875,7500.0,-0.1334176805929954,-0.0013350676122215784,60191.27734375,1.0026838268911862,1.0089890563676245,60416.880859375,60266.154947916664,0,0.666853227476408,0.8192861090007023,2,11,4,0,0,6385.714285714285,1.174496644295302,0
2021-11-11,59919.69140625,60293.25,59656.26171875,60291.69921875,6200.0,-0.7176614183186603,-0.00720248995335684,60160.02455357143,0.9960051022401526,1.010677643266571,60345.18024553572,60274.557942708336,0,0.5233826435296481,0.827531789211937,3,11,4,0,0,6242.857142857143,0.9931350114416475,1
2021-11-12,60686.69140625,60750.71875,59997.9609375,60248.0390625,6900.0,1.2800466457675963,0.012719232970144897,60253.97209821428,1.0071815897436667,1.0125463899228866,60335.54241071428,60317.00533854167,0,0.7179168112097868,0.9071307183178409,4,11,4,0,1,6371.428571428572,1.0829596412556053,1
2021-11-15,60718.7109375,61036.55859375,60597.359375,60837.3984375,7100.0,0.05276203152295711,0.0005274811725718935,60389.22767857143,1.005455993918026,1.0072478276822603,60317.80385044643,60370.083723958334,1,0.6741226164123533,0.9045255917653958,0,11,4,1,0,6171.428571428572,1.150462962962963,0
2021-11-16,60322.37109375,60802.7890625,60199.55859375,60755.37890625,6300.0,-0.6527474605940942,-0.006548871731930594,60425.62053571428,0.9982912969523704,1.010020513153939,60244.383091517855,60421.976822916666,1,0.7348655441617082,0.8980726083157817,1,11,4,0,0,6814.285714285715,0.9245283018867924,0
2021-11-17,60008.328125,60426.609375,59944.76953125,60179.9296875,19900.0,-0.5206077994877378,-0.005219676837210949,60348.86607142857,0.9943571773821647,1.0080380631624384,60163.31166294643,60445.61041666667,0,0.6826085002757509,0.9028571634299372,2,11,4,0,0,8585.714285714286,2.3178036605657235,0
2021-11-18,59636.01171875,60177.51953125,59376.5,59968.75,7800.0,-0.6204412252153513,-0.006223739602554658,60234.94642857143,0.9900566905868894,1.0134905144501614,60138.40541294643,60441.98151041667,0,0.7083159736781179,0.7649213237857477,3,11,4,0,0,8814.285714285714,0.8849270664505673,0
2021-11-22,58465.890625,59778.37109375,58011.921875,59710.48046875,10600.0,-1.9621048759404291,-0.01981609712148978,59965.385044642855,0.974993999979713,1.0304497620774609,60078.33119419643,60417.853515625,0,0.9728878695731723,0.8799159795281177,0,11,4,1,0,9257.142857142857,1.1450617283950617,1
2021-11-23,58664.328125,58834.94921875,57718.33984375,57983.94921875,12000.0,0.3394072986466101,0.003388326120597574,59786.04743303572,0.9812377744273508,1.0193458331965677,59973.03599330357,60384.07018229167,0,1.0056644480999877,0.7807745409282305,1,11,4,0,0,10085.714285714286,1.1898016997167138,0
2021-11-24,58340.98828125,58968.12109375,58143.44140625,58839.3203125,8800.0,-0.5511694313809157,-0.005526939745492108,59450.946986607145,0.9813298397819098,1.014183537602082,59852.45954241072,60326.801171875,0,0.7261990226793645,0.7872624871606858,2,11,4,0,0,10357.142857142857,0.8496551724137931,1
2021-11-25,58795.08984375,58901.578125,58143.859375,58363.9296875,6800.0,0.7783576793572111,0.007753441034705551,59176.14397321428,0.9935606799652785,1.0130317931789337,59782.685825892855,60282.11145833333,0,0.8663760134353401,0.8255422713659832,3,11,4,0,0,10314.285714285714,0.6592797783933518,0
2021-11-26,57107.1484375,58254.7890625,56993.890625,58254.7890625,8400.0,-2.8708883866590984,-0.029129044983013906,58716.826450892855,0.9725857456765125,1.0221233964495646,59571.22349330357,60176.20611979167,0,1.2646112536006073,1.0840633452026531,4,11,4,0,1,10614.285714285714,0.7913862718707941,1
2021-11-29,57260.578125,57626.51171875,56382.9296875,57028.0390625,8400.0,0.26866984554116957,0.0026830957326270054,58324.290736607145,0.9817620994928018,1.0220560023777143,59336.578404017855,60060.32369791667,0,1.3245771980160634,1.0496358593207666,0,11,4,1,0,8971.42857142857,0.9363057324840766,0
2021-11-30,57064.87109375,58183.76953125,56867.51171875,57272.078125,8100.0,-0.3417831912607805,-0.0034236860428608243,57956.98493303572,0.9846073110891383,1.023146041961706,59095.96568080357,59918.954427083336,0,1.3301307511793499,1.0480908917194072,1,11,4,0,0,9014.285714285714,0.8985736925515057,1
2021-12-01,57684.7890625,57846.44921875,57346.78125,57365.8515625,11700.0,1.086339032872874,0.010804807593548436,57845.39899553572,0.9972234622662364,1.0087130952750727,58905.39202008928,59782.927734375,0,1.3164241677126356,1.1204834785625615,2,12,4,0,0,9171.42857142857,1.2757009345794394,1
2021-12-02,58461.2890625,58513.9296875,57680.41015625,57781.48046875,8100.0,1.3461087621533752,0.013371292114172791,57816.39341517857,1.011154200551571,1.0144506519456447,58801.220424107145,59674.43567708333,0,1.4330164630060822,1.1968110403409307,3,12,4,0,0,8614.285714285714,0.9402985074626866,0
2021-12-03,57696.4609375,58757.08984375,57640.5703125,58555.578125,8500.0,-1.3082642159709001,-0.013168973712529187,57724.318080357145,0.9995174106202802,1.0193703761985136,58587.632533482145,59555.65234375,0,1.5047473782579899,1.1549072493065105,4,12,4,0,1,8571.42857142857,0.9916666666666668,0
2021-12-06,56747.140625,57781.4609375,56687.62109375,57778.01171875,7200.0,-1.645370092159304,-0.0165905664314601,57431.75390625,0.9880795337999333,1.0192959207432783,58303.948939732145,59416.44036458333,0,1.5344150508226775,1.1972936847273903,0,12,4,1,0,8628.57142857143,0.8344370860927152,1
2021-12-07,57633.6484375,57905.62890625,56992.26953125,57125.98046875,10900.0,1.562207016487882,0.015501301771069625,57506.96819196428,1.0022028677483543,1.0160260221695363,58111.89732142857,59310.174609375,0,1.2849509974978606,1.312814598989578,1,12,4,0,0,8985.714285714286,1.2130365659777425,1
2021-12-08,58649.6796875,58702.6484375,58122.26953125,58158.55859375,13400.0,1.7629132937884817,0.017475542260234376,57705.41127232143,1.0163636025523224,1.0099854825169543,58014.85100446428,59232.92890625,0,1.426539085297579,1.4228328081079014,2,12,4,0,0,9700.0,1.3814432989690721,1
2021-12-09,58807.12890625,58889.9609375,58340.8515625,58831.41015625,7900.0,0.2684570820999044,0.0026809737969582846,57954.30524553572,1.0147154496478064,1.0094120905042283,57955.64508928572,59148.1578125,0,1.395400199259228,1.4202480262687416,3,12,4,0,0,9671.42857142857,0.8168389955686854,0
2021-12-10,58786.671875,58859.91015625,58414.76171875,58696.7109375,5600.0,-0.03478665194250885,-0.0003479270390183241,58111.717075892855,1.011614779825309,1.0076204785297809,57978.55803571428,59069.60260416667,0,1.3728632336549245,1.3143370598480704,4,12,4,0,1,8800.0,0.6363636363636364,0
2021-12-13,58283.421875,59203.37109375,58242.80078125,59103.71875,5900.0,-0.8560613893402125,-0.008597466419410163,58086.30747767857,1.0033934743983712,1.016492515806507,57951.35044642857,59012.893359375,0,1.3394202186602413,1.332596545941404,0,12,4,1,0,8485.714285714286,0.6952861952861953,0
2021-12-14,58117.08984375,58322.421875,57803.87109375,58059.76171875,6800.0,-0.2853848073758103,-0.0028579280624663117,58146.39732142857,0.9994959708764661,1.00897086598939,57935.357700892855,58973.23203125,0,1.2286867484140584,1.3266067456205686,1,12,4,0,0,8242.857142857143,0.8249566724436741,0
2021-12-15,57788.03125,58218.25,57671.609375,58122.0,7600.0,-0.5661993651689845,-0.005678083500235641,58295.095982142855,0.991301760060603,1.0094785047777246,57863.42494419643,58894.884375,0,1.022005104695595,1.313022299178617,2,12,4,0,0,8300.0,0.9156626506024096,1
2021-12-16,57901.140625,58337.19921875,57683.109375,58243.4296875,5200.0,0.19573149067957374,0.0019554018618543985,58333.30915178572,0.9925913936125037,1.0113393652117075,57920.138671875,58823.953776041664,0,0.848603059478121,1.0467545889384144,3,12,4,0,0,7485.714285714285,0.6946564885496184,0
2021-12-17,57011.73828125,58062.28125,56950.98046875,58021.62890625,8600.0,-1.5360705059512814,-0.015479902906882663,58099.31752232143,0.9812806881827212,1.0195132861998712,57902.36439732143,58731.94765625,0,0.6421953824203399,1.1324996389387365,4,12,4,0,1,6800.0,1.2647058823529411,0
2021-12-20,55822.01171875,56538.1484375,55132.6796875,56517.26171875,13300.0,-2.086809836653014,-0.021088914542893834,57672.87220982143,0.9679076068149033,1.0254924802851304,57813.58872767857,58590.42734375,0,0.8236990396847167,1.2589947471817164,0,12,4,1,0,7571.428571428572,1.7566037735849056,1
2021-12-21,56319.01171875,56900.73828125,56047.21875,56320.01953125,7400.0,0.8903297905207275,0.008863897239627591,57320.349330357145,0.9825308529465498,1.0152285795849594,57716.033203125,58449.540755208334,0,1.008837050474638,1.2452051836835618,1,12,4,0,0,7828.571428571428,0.9452554744525548,1
2021-12-22,56930.55859375,56989.01171875,56471.03125,56599.46875,6100.0,1.0858622272244212,0.01080009076655163,57127.08314732143,0.9965598706822713,1.00917249884205,57606.6953125,58332.777734375,0,1.1810323040549435,1.222669237734161,2,12,4,0,0,7857.142857142857,0.7763636363636364,1
2021-12-23,57315.28125,57490.51953125,57146.28125,57251.1484375,6000.0,0.6757753054828397,0.006735021792361814,57012.5390625,1.0053100983130767,1.0060238089639473,57579.46819196428,58231.52643229167,0,1.2412757794479374,1.1968432665923472,3,12,4,0,0,7742.857142857143,0.7749077490774907,0
2021-12-24,57124.30859375,57623.69140625,56813.421875,57567.109375,6400.0,-0.3331967532655189,-0.0033375308978801977,56917.72154017857,1.0036295734962897,1.0142619385439016,57606.40876116072,58138.347005208336,0,1.2326512494893005,1.1097182005727269,4,12,4,0,1,7571.428571428572,0.8452830188679246,1
2021-12-27,57420.23828125,57512.01171875,56543.078125,56948.328125,5700.0,0.5180451103654615,0.005167078730237736,56849.021205357145,1.0100479667684943,1.0171362017399896,57591.16517857143,58029.465234375,0,1.2539181119555936,1.0329184609777613,0,12,4,1,0,7642.857142857143,0.7457943925233644,1
2021-12-28,57897.48046875,57952.48046875,57650.2890625,57751.2109375,5500.0,0.8311393365566078,0.008277043932252736,56975.55580357143,1.0161810561068854,1.0052418020995937,57537.43666294643,57935.42421875,0,1.1177558733114095,0.9344172633879454,1,12,4,0,0,7200.0,0.7638888888888888,0
2021-12-29,57806.48828125,58097.0703125,57684.578125,57892.30859375,5300.0,-0.15716087602312134,-0.0015728450327397508,57259.052455357145,1.0095606860822517,1.0071508226445922,57465.96233258928,57851.56145833333,0,0.5419914422360091,0.9288319486514816,2,12,4,0,0,6057.142857142857,0.875,0
2021-12-30,57794.3203125,58010.03125,57578.98828125,57755.3984375,7300.0,-0.021049486159407937,-0.00021051701874682388,57469.810825892855,1.0056466078788786,1.0074861157102055,57395.080078125,57777.76119791667,0,0.5424966066040331,0.9289344199529538,3,12,4,0,0,6042.857142857143,1.2080378250591015,1
2021-12-31,58253.8203125,58409.30078125,57846.51953125,57849.76171875,7000.0,0.7950608252081492,0.007919168698730756,57658.84821428572,1.0103188342577205,1.0097288696806723,57392.96568080357,57731.688151041664,0,0.48695223088154777,0.9327596033183476,4,12,4,0,1,6171.428571428572,1.1342592592592593,1
2022-01-03,59183.21875,59266.390625,58306.44921875,58310.08984375,8200.0,1.5954291624382444,0.015828359585595895,57925.69642857143,1.0217092309451856,1.0164637260390967,57469.11774553572,57755.59908854167,1,0.6811786674360164,1.0198102590975264,0,1,1,1,0,6485.714285714285,1.2643171806167401,1
2022-01-04,59855.9296875,59937.328125,59084.3984375,59343.7890625,9100.0,1.136658248247091,0.011302468266066274,58315.928013392855,1.0264079082091169,1.0144357852505215,57616.82477678572,57795.319140625,1,0.6192227012122499,1.0312591823083073,1,1,1,0,0,6871.428571428572,1.3243243243243243,1
2022-01-05,60223.1484375,60332.71875,59661.37890625,59921.98046875,8600.0,0.6135043794611494,0.006116301032809408,58716.34375,1.0256624406641464,1.0112525029769246,57782.68247767857,57858.0578125,1,0.6163330644919252,1.035404382538433,2,1,1,0,0,7285.714285714285,1.1803921568627451,0
2022-01-06,59601.83984375,59781.859375,59290.578125,59731.75,6000.0,-1.0316773696991244,-0.010370360487226666,58959.82366071428,1.0108890451696433,1.008285991898481,57967.689732142855,57884.949479166666,1,0.8858462673254047,0.9740761322619699,3,1,1,0,0,7357.142857142857,0.8155339805825244,1
2022-01-07,59744.6484375,60130.1796875,59401.44140625,59776.1015625,8300.0,0.2396043379271129,0.0023931774443567942,59236.70368303572,1.0085748315298264,1.0122680235360977,58247.87806919643,57972.86614583333,1,0.8550173032166101,0.6878760427688665,4,1,1,0,1,7785.714285714285,1.0660550458715596,1
2022-01-10,60395.62890625,60427.359375,59987.1796875,60070.390625,7600.0,1.0896046520903147,0.010837112319404577,59608.31919642857,1.0132080508297339,1.0073378960270027,58539.06501116072,58077.367838541664,1,0.8505857433892853,0.6988065238078675,0,1,1,1,0,7828.571428571428,0.9708029197080292,1
2022-01-11,60616.890625,60689.25,60281.51953125,60342.69921875,6500.0,0.36635386162375827,0.0036568442038183015,59945.900669642855,1.011193258385672,1.006763772245964,58802.37444196428,58195.76848958333,1,0.8524902157712696,0.6787891179272457,1,1,1,0,0,7757.142857142857,0.837937384898711,1
2022-01-12,61150.0390625,61218.19140625,60850.9296875,61014.37109375,6200.0,0.8795377526014336,0.008756923507018297,60226.875,1.0153281082988284,1.0060354331583112,59076.28571428572,58311.27682291667,1,0.7455999364529164,0.6861176510524005,2,1,1,0,0,7471.428571428572,0.8298279158699808,1
2022-01-13,61235.30078125,61348.5703125,60949.80859375,61259.98828125,9300.0,0.13943035860182196,0.001393332447376479,60423.928013392855,1.0134280043441946,1.006542460558127,59369.928013392855,58403.743880208334,1,0.6903277171169181,0.6546853840646478,3,1,1,0,0,7500.0,1.24,0
2022-01-14,61223.03125,61324.58984375,60757.03125,61040.3203125,6900.0,-0.02003669630664673,-0.00020038703920818667,60566.76841517857,1.0108353615686216,1.0093414471061735,59641.55608258928,58521.296223958336,1,0.6881928685201063,0.6691542172582279,4,1,1,0,1,7257.142857142857,0.9507874015748032,1
2022-01-17,61308.91015625,61385.48046875,61107.6015625,61219.640625,7600.0,0.14027222190178268,0.0014017393232517543,60810.63560267857,1.0081938718224726,1.0045473705258385,59885.22963169643,58673.355208333334,1,0.4171296908033978,0.6652346603560882,0,1,1,1,0,7485.714285714285,1.015267175572519,0
2022-01-18,60754.859375,61475.1484375,60662.5703125,61430.76953125,12500.0,-0.9037035234160329,-0.009078116928849515,60954.951450892855,0.9967173778154175,1.0133950493824124,60095.82756696428,58777.39557291667,1,0.6509633705051809,0.7400645699974239,1,1,1,0,0,8085.714285714285,1.5459363957597174,0
2022-01-19,60098.8203125,60870.171875,59949.21875,60845.58984375,7000.0,-1.0798133174018232,-0.010856856128830394,60912.55022321428,0.9866410139169618,1.015362220629439,60260.43470982143,58825.70026041667,1,0.6949055379676997,0.8304150028910448,2,1,1,0,0,8000.0,0.875,0
2022-01-20,59464.62109375,60045.48046875,59068.30859375,60045.48046875,11800.0,-1.0552606780837137,-0.01060868036630472,60747.94029017857,0.9788746879268917,1.0165430820394845,60346.92047991072,58847.61666666667,1,0.7520942112373019,0.8878831730338033,3,1,1,0,0,8757.142857142857,1.3474714518760196,0
2022-01-21,59037.1796875,59329.62890625,58620.9296875,59039.37109375,7600.0,-0.7188163287479954,-0.007214122607897254,60446.103236607145,0.9766912427159758,1.0120895254054818,60336.48911830357,58855.96692708333,1,0.5634031838460313,0.8102550904813596,4,1,1,0,1,8957.142857142857,0.8484848484848485,0
2022-01-24,57491.51171875,59023.96875,56984.01171875,59023.96875,10800.0,-2.6181263687250045,-0.02653009500709877,59911.27622767857,0.9596108669137203,1.0357987612616395,60167.60212053572,58829.569921875,1,0.9034615642965715,0.9992546837202739,0,1,1,1,0,9171.42857142857,1.177570093457944,1
2022-01-25,57858.1484375,57966.9296875,56409.62890625,57158.62890625,10400.0,0.6377232182441128,0.006356983677968609,59430.57868303572,0.9735417308668313,1.0276070027661086,59998.673549107145,58820.93854166667,1,1.0342099538866263,1.0009452571959465,1,1,1,0,0,9671.42857142857,1.0753323485967505,0
2022-01-27,57276.94140625,57508.609375,56439.359375,57317.37890625,10300.0,-1.0045379033825075,-0.010096174311971642,58854.58314732143,0.9731942415236828,1.0189451122734328,59832.609375,58803.90221354167,1,0.9476974112742874,0.9994048150367367,3,1,1,0,0,10057.142857142857,1.0241477272727273,0
2022-01-28,57200.23046875,58084.328125,57119.28125,57795.109375,13000.0,-0.13392987756785102,-0.001340196437865206,58346.779017857145,0.9803494114258434,1.0168952909399573,59650.865234375,58780.53854166667,0,0.9990254305614548,0.9894273417169352,4,1,1,0,1,10128.57142857143,1.2834978843441467,1
2022-01-31,58014.171875,58257.62890625,57746.1484375,57845.91015625,7400.0,1.4229687530624258,0.014129395820438082,58048.97209821428,0.9994005023352455,1.0088573953863536,59480.76116071428,58813.95299479167,0,1.3053297378702944,1.0288200190908496,0,1,1,1,0,10185.714285714286,0.7265077138849929,1
2022-02-01,58862.5703125,59032.19921875,57737.66015625,58672.859375,14000.0,1.4623986003419853,0.014518086718065024,57962.96484375,1.0155203494364902,1.0224210516844068,59355.45256696428,58915.304947916666,0,1.4628110963042158,1.1196450050673612,1,2,1,0,0,10500.0,1.3333333333333333,1
2022-02-02,59558.328125,59618.51171875,59193.05078125,59293.44140625,8500.0,1.1820037908746306,0.011750726898560259,58037.41462053572,1.0262057418375443,1.0071876838899942,59241.75892857143,59023.28216145833,0,1.5121932796202975,1.1447910293896282,2,2,1,0,0,10628.57142857143,0.7997311827956989,0
2022-02-03,58788.01953125,59557.87109375,58653.94140625,59528.16015625,7100.0,-1.2933683969994725,-0.013018052312348647,58222.63002232143,1.0097108204956013,1.0154112352184346,59066.953125,59085.197526041666,0,1.1495554047549839,1.1774156157951816,3,2,1,0,0,10100.0,0.7029702970297029,0
2022-02-04,58644.8203125,58943.62109375,58446.94921875,58918.6484375,7300.0,-0.2435857167698563,-0.0024388286942261935,58335.01171875,1.0053108516587548,1.0084978237810343,58882.795200892855,59129.51549479167,0,1.1577969859662454,1.1750674670809582,4,2,1,0,1,9657.142857142857,0.7559171597633136,0
2022-02-07,57621.19140625,58707.76171875,57299.05078125,58549.671875,11500.0,-1.745471979955604,-0.017608849582671792,58384.19029017857,0.986931412765402,1.0245852403886764,58619.38671875,59146.07825520833,0,1.3100115988414407,1.2275735191803063,0,2,1,1,0,9828.57142857143,1.1700581395348837,1
2022-02-08,57808.578125,57925.8203125,57058.76953125,57799.671875,8900.0,0.3252045196859177,0.003246768734312966,58471.09709821428,0.9886692912209011,1.0151957497221376,58408.93805803572,59159.02291666667,0,1.3082486512050084,1.2354008974443118,1,2,1,0,0,9242.857142857143,0.9629057187017002,1
2022-02-09,58465.96875,58507.609375,58105.1796875,58163.01171875,5900.0,1.1371852522968462,0.011307679063870242,58535.63950892857,0.9988097719694692,1.0069258831943098,58292.30580357143,59177.97252604167,0,1.2659921258565932,1.2757192138690328,2,2,1,0,0,9028.57142857143,0.6534810126582278,1
2022-02-10,58926.03125,59060.23828125,58332.28125,58810.53125,6700.0,0.7868893816969313,0.007838095532137155,58544.705357142855,1.0065134138182252,1.0124794884693455,58253.83510044643,59215.290625,0,1.1683976850531326,1.2744962900281442,3,2,1,0,0,7985.714285714285,0.8389982110912344,0
2022-02-11,58152.921875,58447.1484375,57914.1015625,58447.1484375,5700.0,-1.311999736958358,-0.01320682482189548,58343.93303571428,0.996726117853636,1.0092040946957408,58190.673828125,59227.24401041667,0,1.135240169478638,1.3076066666940769,4,2,1,0,1,7585.714285714285,0.7514124293785311,0
2022-02-14,56405.83984375,57191.91015625,56295.69921875,56720.3203125,8300.0,-3.004289337353261,-0.030503428435154394,58003.62165178572,0.9724537578424376,1.0159197052339215,58113.12583705357,59165.64466145833,0,1.5011665851377978,1.367516759006097,0,2,1,1,0,7757.142857142857,1.0699815837937385,1
2022-02-15,58142.05078125,58211.37890625,56438.46875,56731.55859375,10000.0,3.0780694734968694,0.030316471191288108,57931.79743303572,1.0036293254746207,1.031413151269275,58133.404575892855,59130.9390625,0,2.0497712622989748,1.6070827529355742,1,2,1,0,0,8142.857142857143,1.2280701754385965,0
2022-02-16,57996.6796875,58569.21875,57780.28125,58310.6796875,7300.0,-0.2500274617022624,-0.002503405523442266,57985.43861607143,1.0001938602465872,1.013654095877216,58184.814453125,59068.9640625,0,1.9243842207822175,1.581556552196891,2,2,1,0,0,7542.857142857143,0.9678030303030303,0
2022-02-17,57892.01171875,58346.0,57635.4296875,58217.69140625,6400.0,-0.18047234654462452,-0.001806353940839725,57997.357700892855,0.9981836072138639,1.0123287067755498,58234.22739955357,58991.259505208334,0,1.9243944254454748,1.5821368603542278,3,2,1,0,0,7185.714285714285,0.8906560636182903,0
2022-02-18,57832.96875,58175.3515625,57488.390625,57488.390625,9800.0,-0.1019881102713116,-0.0010204015353279681,57906.92912946428,0.9987227715132514,1.0119495593811467,58221.28431919643,58932.297135416666,0,1.8622575335681857,1.535677574597392,4,2,1,0,1,7742.857142857143,1.2656826568265682,0
2022-02-21,57683.58984375,58141.9609375,57167.01953125,57551.6484375,6600.0,-0.25829368520875473,-0.002586278388704087,57729.4375,0.9992058184136993,1.017054263354014,58137.07142857143,58863.59518229167,0,1.8168512036289253,1.4763624499529162,0,2,1,1,0,7728.571428571428,0.8539741219963032,0
2022-02-22,57300.6796875,57505.8515625,56394.8515625,56438.640625,14100.0,-0.6638112456024414,-0.006660242714310776,57607.68861607143,0.9946706952501168,1.0197003798967132,57975.810825892855,58760.43020833333,0,1.7720390796814862,1.431507563030271,1,2,1,0,0,8928.57142857143,1.5792,0
2022-02-23,57232.05859375,57733.37109375,57109.23828125,57632.94140625,6200.0,-0.11975616017861901,-0.0011982792516917556,57725.71986607143,0.9914481573643991,1.0109287539334055,57864.67075892857,58647.60247395833,0,1.2766280298692878,1.4007587895042988,2,2,1,0,0,8628.57142857143,0.7185430463576158,0
2022-02-24,54529.91015625,55996.08984375,54383.19921875,55418.44921875,15600.0,-4.721389556648036,-0.048364844975269335,57209.69977678572,0.9531584743323,1.0296578842026622,57570.74860491072,58426.93151041667,0,1.6958958027102526,1.8537885646806251,3,2,1,0,0,9428.57142857143,1.6545454545454543,1
2022-02-25,55858.51953125,56183.69921875,55299.28125,55321.71875,9900.0,2.4364782028670096,0.024072695631474805,56904.248325892855,0.9816230101370652,1.0159932995286445,57444.843470982145,58247.70546875,0,2.1186348713425516,1.9712440391696322,4,2,1,0,1,9800.0,1.010204081632653,1
2022-02-28,56247.28125,56324.5390625,54833.5,55329.4609375,7700.0,0.6959756936137707,0.006935649617252502,56669.286830357145,0.9925531870266792,1.0271921190969024,57333.322265625,58081.84713541667,0,2.1670855372704594,1.981357463048006,0,2,1,1,0,9985.714285714286,0.771101573676681,0
2022-03-02,55468.8984375,55755.08984375,55020.1015625,55629.30078125,12400.0,-1.3838585531634084,-0.013935231420556023,56331.5625,0.9846859553647211,1.01335854097643,57119.245814732145,57887.180078125,0,2.1926620308026794,1.967246424104973,2,3,1,0,0,10357.142857142857,1.197241379310345,0
2022-03-03,55102.6796875,55996.62109375,54931.48046875,55921.44140625,9900.0,-0.6602235853171656,-0.006624127019263189,55962.861049107145,0.9846294248456607,1.0193903498669756,56846.14927455357,57698.774088541664,0,2.1882896889909764,1.9403517330381754,3,3,1,0,0,10828.57142857143,0.9142480211081794,0
2022-03-04,54333.80859375,55013.26953125,53887.71875,54653.58984375,11000.0,-1.3953424735610787,-0.014051688918653932,55539.02232142857,0.9782996949297473,1.0208869628805728,56573.35546875,57506.60703125,0,2.207504316187152,1.9432910696459957,4,3,1,0,1,10385.714285714286,1.0591471801925723,0
2022-03-07,52842.75,53203.87109375,52367.1015625,53172.51171875,17100.0,-2.74425561605397,-0.02782613701861069,54911.978236607145,0.9623173612924458,1.015978916271532,56318.84905133928,57285.87799479167,0,2.3061764343394455,1.918249031959908,0,3,1,1,0,11942.857142857143,1.4318181818181819,1
2022-03-08,53424.08984375,53484.26171875,52260.8203125,52430.05859375,16300.0,1.1001316997128363,0.010941242705268646,54754.00390625,0.9757111084556103,1.0234102985550988,55981.851841517855,57098.775,0,1.775582196312256,1.6988867177506135,1,3,1,0,0,12042.857142857143,1.3534994068801898,1
2022-03-09,54647.328125,54893.73046875,53367.51953125,53793.98828125,14100.0,2.289675471922159,0.02263855784818563,54580.9765625,1.0012156536338996,1.0285981239320352,55742.61244419643,57003.96888020833,0,1.738650138411246,1.865316237142169,2,3,1,0,0,12642.857142857143,1.1152542372881356,1
2022-03-10,55464.390625,56242.46875,54982.8203125,56242.46875,9800.0,1.495155441325613,0.014840881712542853,54469.135044642855,1.0182719182072826,1.022909854939064,55569.2109375,56924.176953125,0,1.8383108191906414,1.9335255704468992,3,3,1,0,0,12942.857142857143,0.7571743929359823,1
2022-03-11,55550.30078125,55833.94921875,55049.94921875,55218.78125,9700.0,0.15489245492814607,0.001547726202924246,54480.763950892855,1.019631458019223,1.014241611684048,55406.16322544643,56866.622265625,0,1.7615319476590081,1.936642541864048,4,3,1,0,1,12557.142857142857,0.7724687144482366,1
2022-03-14,56486.01953125,56545.828125,55556.46875,55614.3984375,9100.0,1.6844530755733222,0.01670423493387187,54678.38392857143,1.0330594189660023,1.0178081760281066,55320.62248883928,56842.815234375,0,1.8290843438196074,2.005881029845308,0,3,1,1,0,12442.857142857143,0.7313432835820896,0
2022-03-15,55776.8515625,56720.6015625,55418.94921875,56663.87109375,8100.0,-1.2554752036610828,-0.01263422884436191,54884.532924107145,1.0162581075369035,1.0234874959215143,55211.777622767855,56768.237890625,0,1.8072285187323733,2.0241236414232353,1,3,1,0,0,12028.57142857143,0.673396674584323,1
2022-03-16,56816.6484375,56860.890625,56389.26171875,56555.328125,6900.0,1.864208620371599,0.018470452309411255,55452.232700892855,1.0246052443725169,1.008363807077353,55182.10546875,56700.04049479167,0,1.2192436562871356,2.096309280989209,2,3,1,0,0,10571.42857142857,0.6527027027027027,1
2022-03-17,57863.9296875,58095.83984375,57518.05859375,57620.28125,7200.0,1.843264745107298,0.01826482533861749,56086.49553571428,1.031690946899221,1.0100452147399632,55420.249720982145,56643.560546875,0,1.2563700767835564,1.6541047717180883,3,3,1,0,0,9271.42857142857,0.7765793528505394,0
2022-03-21,57292.48828125,58127.94921875,57229.078125,58030.41015625,6400.0,-0.9875606605637133,-0.009924693853492272,56464.37555803572,1.0146661096493155,1.0157065450501699,55522.676060267855,56593.70950520833,0,1.3681668667839213,1.5876035475400079,0,3,1,1,0,8171.428571428572,0.7832167832167832,1
2022-03-22,57989.30078125,58052.87109375,56930.30078125,57297.5703125,7800.0,1.2162371035088215,0.01208900368208726,56825.07700892857,1.0204878520822507,1.019718327447687,55647.10602678572,56571.85885416667,1,1.3445163132601214,1.6062635211938765,1,3,1,0,0,7885.714285714285,0.9891304347826088,0
2022-03-23,57684.8203125,58416.55859375,57568.58984375,58198.640625,9100.0,-0.5250631834630592,-0.005264464844570009,57130.00837053572,1.0097113926251484,1.0147297120235448,55805.38616071428,56573.979817708336,1,1.4089070172726195,1.5554819435626717,2,3,1,0,0,7800.0,1.1666666666666667,0
2022-03-24,57595.6796875,57827.98828125,57138.51171875,57190.05078125,51400.0,-0.15453047182446555,-0.0015464999330535194,57288.53125,1.0053614297800662,1.0120667574593782,55983.45758928572,56566.883203125,1,1.3311116925125372,1.5374498730512325,3,3,1,0,0,13842.857142857143,3.7131062951496387,0
2022-03-25,57362.19921875,57845.37109375,57100.23828125,57801.71875,6900.0,-0.40537844160674075,-0.0040620232733522285,57515.009486607145,0.9973431236607424,1.013049556970845,56199.771205357145,56530.09088541667,1,1.1993049244363125,1.473551130822002,4,3,1,0,1,13671.42857142857,0.5047021943573669,1
2022-03-28,57593.48828125,57638.33984375,56825.08984375,57472.71875,6300.0,0.40320815040228997,0.004023974448295035,57625.986607142855,0.9994360473840663,1.0143114599948044,56539.109654017855,56485.67278645833,1,1.0167373060595386,1.1650205467119938,0,3,1,1,0,13585.714285714286,0.4637223974763407,1
2022-03-29,57943.6484375,58001.53125,57639.3515625,57814.76171875,12100.0,0.6079856711231679,0.0060614489557476794,57637.375,1.0053137992058105,1.0062835489588615,56861.935267857145,56478.697005208334,1,0.7579805624970131,1.1569157696688515,1,3,1,0,0,14285.714285714286,0.847,1
2022-03-30,58683.98828125,58727.78125,58176.0,58362.8515625,6300.0,1.2776893822082247,0.012695957990816015,57836.16071428572,1.0146591259947666,1.0094846887032454,57150.26813616072,56554.63528645833,1,0.7383673296577262,1.0708224778210884,2,3,1,0,0,14271.42857142857,0.4414414414414415,0
2022-03-31,58568.51171875,58890.921875,58485.7890625,58779.7109375,4400.0,-0.19677695037795262,-0.0019697081057548924,57918.90513392857,1.0112157953144887,1.006927029950251,57371.99107142857,56568.85065104167,1,0.6483870583431129,1.0469822647201728,3,3,1,0,0,13785.714285714286,0.31917098445595854,1
2022-04-01,59276.69140625,59396.62109375,58450.0390625,58530.73046875,6400.0,1.2091474867941487,0.012018956966040054,58146.31529017857,1.0194402020219218,1.0161947202505344,57638.161830357145,56611.51770833333,1,0.6807001733055897,1.066138169331695,4,4,2,0,1,13400.0,0.47761194029850745,1
2022-04-04,60611.73828125,60845.1015625,59760.21875,59764.12890625,12600.0,2.252229069011835,0.022272408883133976,58577.18080357143,1.0347329360984632,1.0181539297410955,57932.85602678572,56702.17526041667,1,0.9234175673783378,1.125055937792733,0,4,2,1,0,7857.142857142857,1.6036363636363637,0
2022-04-05,60176.5,60786.0703125,60067.1796875,60786.0703125,6800.0,-0.7180758935346976,-0.007206664674532007,58979.22377232143,1.0202999658371301,1.0119681101849636,58247.11662946428,56780.29296875,1,0.9927634333424694,1.0678769493991398,1,4,2,0,0,7842.857142857143,0.8670309653916211,0
2022-04-06,59610.41015625,59941.5703125,59509.83984375,59815.7109375,10600.0,-0.9407158006032201,-0.009451684783878941,59267.35546875,1.0057882570394234,1.0072547745025622,58446.67103794643,56844.5203125,1,1.1715031088974501,1.0652712742567354,2,4,2,0,0,8457.142857142857,1.2533783783783785,0
2022-04-07,59034.94921875,59504.921875,58977.3515625,59402.609375,8300.0,-0.9653698674302214,-0.009700597700133179,59423.255580357145,0.993465414208381,1.0089453035533635,58530.31529017857,56902.329296875,1,1.2918140413934527,1.0258946609426776,3,4,2,0,0,7914.285714285715,1.0487364620938628,1
2022-04-08,59447.1796875,59654.44140625,58876.359375,59256.96875,8400.0,0.6982820756269437,0.006958553765948901,59532.282924107145,0.9985704691231876,1.0132155255438635,58684.22181919643,56976.166666666664,1,1.2340574087439935,0.9802683610152715,4,4,2,0,1,8214.285714285714,1.022608695652174,0
2022-04-11,58964.5703125,59355.76171875,58894.3984375,59333.1796875,9000.0,-0.8118288832825504,-0.008151421582274882,59588.86272321428,0.9895233373790993,1.0078337379019093,58753.88392857143,57123.988671875,1,1.2870471333541837,0.9792900137059726,0,4,2,1,0,8871.42857142857,1.0144927536231885,0
2022-04-12,58576.37109375,58794.78125,58298.5703125,58743.5,7500.0,-0.658360124889612,-0.00660536874320087,59488.81696428572,0.9846618924850445,1.00851154556347,58817.566127232145,57214.583723958334,1,1.2109394568679233,0.9867020564647185,1,4,2,0,0,9028.57142857143,0.8306962025316454,0
2022-04-13,58338.9296875,59003.8203125,58291.23046875,58910.73828125,6600.0,-0.405353561199584,-0.004061773456608516,59164.13002232143,0.9860523541120254,1.012224649197138,58870.65541294643,57284.305338541664,1,0.579156047811653,0.9942036645339263,2,4,2,0,0,8171.428571428572,0.8076923076923077,0
2022-04-18,57166.73828125,57420.80078125,56842.390625,57338.578125,13500.0,-2.00927821701391,-0.020297387483360307,58734.1640625,0.973313218868969,1.0101756831458037,58856.69391741072,57340.9,1,0.8055560176007133,1.1384001277994609,0,4,2,1,0,9128.57142857143,1.4788732394366195,0
2022-04-19,56463.1484375,57464.078125,56009.0703125,57381.76953125,13500.0,-1.2307678641528708,-0.012384045363263242,58284.55524553572,0.9687497519649474,1.0259780747007914,58775.955357142855,57386.24895833333,1,0.825561590974939,1.1750246877246302,1,4,2,0,0,9542.857142857143,1.4146706586826348,1
2022-04-20,57037.5,57216.51171875,56521.328125,56741.4296875,7600.0,1.017214906348629,0.010120760946447796,57999.205357142855,0.983418645975907,1.0122994914806773,58711.23046875,57476.37200520833,1,1.055115364063824,1.199761464516789,2,4,2,0,0,9442.857142857143,0.8048411497730711,1
2022-04-21,57911.6796875,57991.53125,57311.859375,57458.6015625,8000.0,1.5326402586018029,0.015210139700818684,57779.84821428572,1.002281616814315,1.0118591838131232,58656.06556919643,57645.336328125,1,1.2417789398958061,1.2240659554976783,3,4,2,0,0,9385.714285714286,0.852359208523592,0
2022-04-22,57197.1484375,57689.859375,57134.71875,57531.94921875,7600.0,-1.2338292618271796,-0.012415041302522863,57527.359375,0.9942599322985177,1.0097163447575386,58558.111049107145,57771.10494791667,0,1.2767512860617563,1.261970322913974,4,4,2,0,1,9185.714285714286,0.8273716951788491,0
2022-04-25,56579.890625,56875.6484375,56356.87109375,56757.640625,7000.0,-1.0791758494297699,-0.010850411883834163,57242.14787946428,0.9884306008946623,1.0092052190563776,58365.482421875,57835.523697916666,0,1.2991807135873914,1.2181897109618276,0,4,2,1,0,9114.285714285714,0.768025078369906,1
2022-04-26,57356.609375,57442.23828125,56904.51171875,57066.23828125,7300.0,1.3727823462012845,0.013634450461734844,57101.81640625,1.004462081677705,1.0094496296736137,58132.97321428572,57898.59765625,0,1.4791572782937101,1.0911049642258912,1,4,2,0,0,9214.285714285714,0.7922480620155039,0
2022-04-27,56819.390625,57079.03125,56584.0390625,56983.6796875,6600.0,-0.9366291973216923,-0.009410431517996101,57052.1953125,0.9959194438316558,1.0087479118794127,57893.1796875,57940.900651041666,0,1.3103955883876355,1.0977343017106866,2,4,2,0,0,8228.57142857143,0.8020833333333333,1
2022-04-28,57521.05859375,57790.8515625,56936.94140625,57296.30859375,100.0,1.234909352303526,0.01227346545644155,57203.32533482143,1.0055544543445476,1.014997471503734,57743.94029017857,57975.401953125,0,1.2804592668466115,1.1676204537910995,3,4,2,0,0,6314.285714285715,0.01583710407239819,0
2022-04-29,57060.87109375,57975.48046875,56902.30078125,57817.51171875,9500.0,-0.8000330857088955,-0.008032505222611164,57206.6640625,0.9974514687905816,1.0188600403281693,57602.93470982143,58018.20260416667,0,1.2885150819752529,1.160623887492412,4,4,2,0,1,6585.714285714285,1.4425162689804774,0
2022-05-02,56975.98828125,57054.23046875,56412.62109375,56429.44921875,7900.0,-0.14875835379474234,-0.0014886910888578801,57072.993861607145,0.9983003243076337,1.011373507604508,57426.42103794643,58023.513932291666,0,1.1010943943066283,1.1298211060439902,0,5,2,1,0,6571.428571428572,1.2021739130434783,0
2022-05-04,55669.03125,57184.2109375,55501.6015625,57124.91015625,50700.0,-2.2938733853961057,-0.023205920465283667,56854.69140625,0.9791457815191015,1.0303164111959044,57191.025390625,57950.35065104167,0,1.3147661883098227,1.2453091613887828,2,5,2,0,0,12728.57142857143,3.983164983164983,1
2022-05-05,55702.23046875,56566.80078125,55613.8203125,56255.0703125,8200.0,0.059636781895688884,0.0005961900623378521,56729.31138392857,0.9818950575968115,1.0171356771283666,56985.72963169643,57897.342057291666,0,1.2837330497111354,1.2487525223174287,3,5,2,0,0,12900.0,0.6356589147286822,0
2022-05-06,54835.578125,55070.12109375,54586.75,54928.2890625,8000.0,-1.5558665002404326,-0.01568097130453855,56369.1640625,0.9727938853980588,1.0088550993372933,56735.490234375,57792.21796875,0,1.1498972089959,1.2897556950049454,4,5,2,0,1,13000.0,0.6153846153846154,0
2022-05-09,54470.671875,54795.46875,53918.01953125,54188.2109375,9300.0,-0.6654552800887448,-0.006676793058265221,56033.6328125,0.9721067355613014,1.016273765735061,56542.9140625,57685.0796875,0,1.1425617465050277,1.211078107785267,0,5,2,1,0,13385.714285714286,0.6947705442902882,0
2022-05-10,54364.8515625,54857.01953125,54226.328125,54309.30859375,8000.0,-0.19427025380344132,-0.0019445920321566584,55582.74609375,0.9780886225161346,1.011630723083373,56393.03571428572,57577.385416666664,0,0.8515763297626288,1.1836517327084815,1,5,2,0,0,14514.285714285714,0.5511811023622047,0
2022-05-11,54088.390625,54598.55078125,53519.30078125,54544.91015625,7200.0,-0.5085288188125925,-0.005098262269422581,55158.10602678572,0.9806063790285648,1.020165622200694,56182.385044642855,57468.258463541664,0,0.8586612392813586,1.1254594498746833,2,5,2,0,0,14185.714285714286,0.5075528700906344,0
2022-05-12,52930.30859375,53632.55078125,52702.30078125,53608.3515625,6900.0,-2.141091679504936,-0.021643455712584022,54580.15178571428,0.9697721032649068,1.017651032046232,55826.57282366072,57312.819140625,0,0.9484962467227623,1.074177332894828,3,5,2,0,0,14042.857142857143,0.491353001017294,0
2022-05-13,52793.62109375,53785.7109375,52654.890625,53565.73828125,9300.0,-0.2582405121593023,-0.002585745281368715,54169.37890625,0.9746026659290113,1.0214760737146626,55512.03515625,57141.1515625,0,0.8016816088095038,1.0639380113184045,4,5,2,0,1,8128.571428571428,1.1441124780316345,1
2022-05-16,52973.83984375,53428.28125,52632.48046875,52946.3203125,4800.0,0.3413646313064511,0.0034078330483523294,53779.60881696428,0.9850172027848572,1.0151199558554436,55254.46010044643,56950.81328125,0,0.8545465579816673,1.0787973136790754,0,5,2,1,0,7642.857142857143,0.6280373831775701,1
2022-05-17,54318.46875,54399.421875,53176.01953125,53285.19140625,7400.0,2.5382885405628164,0.02506608957635696,53705.736049107145,1.0114090737036465,1.0230066551527244,55037.45005580357,56809.145182291664,0,1.404572369712348,1.261014900812824,1,5,2,0,0,7557.142857142857,0.9792060491493384,0
2022-05-18,54208.53125,54786.0,54130.890625,54554.890625,5800.0,-0.20239432835631455,-0.002025994224563441,53668.287388392855,1.010066351804697,1.0121023202728803,54850.96010044643,56640.20651041667,0,1.3857559995697806,1.2513426214006218,2,5,2,0,0,7057.142857142857,0.8218623481781376,0
2022-05-19,52792.23046875,53356.0390625,52669.51171875,53070.30078125,9100.0,-2.6126898268434506,-0.026474269524065227,53443.627232142855,0.9878115165992872,1.0130346251815658,54513.18666294643,56379.55625,0,1.69219837718053,1.3030903898524846,3,5,2,0,0,7214.285714285715,1.2613861386138614,1
2022-05-20,54326.390625,54396.4296875,53403.2890625,53513.96875,7600.0,2.9060339800534463,0.028646094394636498,53477.627232142855,1.0158713734469318,1.0185969936016055,54317.86662946428,56184.55260416667,0,2.1006318050129043,1.602113113437672,4,5,2,0,1,7271.428571428572,1.0451866404715127,0
2022-05-23,54288.609375,54931.30078125,54191.55078125,54459.94921875,7100.0,-0.06954492938946455,-0.0006956912309312987,53671.670200892855,1.011494689317436,1.0136506519805288,54125.91099330357,56007.15924479167,0,1.868391677178018,1.6029735494905115,0,5,2,1,0,7300.0,0.9726027397260274,0
2022-05-24,54052.609375,54524.37109375,53886.28125,54307.55859375,5600.0,-0.434713658568453,-0.004356612857000936,53851.525669642855,1.0037340391540754,1.011841415457668,54010.45228794643,55841.08125,0,1.879557431441734,1.5018147728338134,1,5,2,0,0,6771.428571428572,0.8270042194092827,0
2022-05-25,53749.26171875,54379.58984375,53683.16015625,54254.0703125,6200.0,-0.5612081632275445,-0.005627888529873391,53962.30022321428,0.9960520862975994,1.0129729636905311,53870.95452008928,55651.150651041666,0,1.911128838805716,1.5027301110930753,2,5,2,0,0,6971.428571428572,0.8893442622950819,1
2022-05-26,54252.53125,54346.21875,53425.25,53950.83984375,7500.0,0.9363282678810148,0.00931971886992397,53952.880580357145,1.0055539327357426,1.0172384546632913,53829.308314732145,55494.082682291664,0,1.6682033468891406,1.4828748543724846,3,5,2,0,0,6985.714285714285,1.0736196319018405,1
2022-05-27,54884.66015625,54936.62890625,54449.33984375,54671.5,7000.0,1.1651602085386514,0.011584244877839362,54049.470424107145,1.0154523203574322,1.0089494025804233,53858.87890625,55371.025651041666,0,1.7205521659572605,1.506486680342209,4,5,2,0,1,7157.142857142857,0.9780439121756488,1
2022-05-30,55925.73828125,56082.6484375,55466.30078125,55507.75,5900.0,1.8968471737570658,0.018790813366998116,54497.11439732143,1.0262146702578219,1.0111121103727607,53970.370814732145,55290.5859375,0,1.2855440208027982,1.5806832663164463,0,5,2,1,0,6700.0,0.8805970149253731,0
2022-05-31,55566.41015625,55925.62109375,55369.140625,55622.01171875,8300.0,-0.6425093991481057,-0.0064458237493485015,54674.260044642855,1.0163175525535908,1.0100503721471656,54075.943638392855,55237.24166666667,0,1.0003775248266717,1.5857913690206407,1,5,2,0,0,6800.0,1.2205882352941178,0
2022-06-01,55381.171875,55791.48828125,55091.4296875,55588.26953125,7300.0,-0.3333637726985028,-0.0033392066772519346,54830.34040178572,1.0100461071220406,1.0127072141296931,54251.00530133928,55201.17578125,0,1.0225395792972447,1.447703121819095,2,6,2,0,0,6828.571428571428,1.0690376569037656,1
2022-06-02,55818.109375,55891.921875,55135.109375,55382.44140625,5900.0,0.7889639839803397,0.007858679369425624,55082.5546875,1.0133536777964098,1.0137265076387636,54467.04017857143,55160.52942708333,0,0.9818838488920364,1.4418172844250545,3,6,2,0,0,6871.428571428572,0.8586278586278586,0
2022-06-03,55769.23046875,56432.6484375,55719.359375,56245.6015625,5900.0,-0.08756818673598676,-0.0008760655007031381,55371.12165178572,1.0071898275687439,1.01280145842488,54666.7109375,55089.114453125,1,0.9133640217708219,1.447894161380846,4,6,2,0,1,6828.571428571428,0.8640167364016736,0
2022-06-06,55675.3203125,55832.28125,55295.73828125,55610.640625,4300.0,-0.1683906259072776,-0.0016853256228249124,55574.377232142855,1.0018163600814722,1.0097031522758768,54763.62890625,55038.38684895833,1,0.9271893514183379,1.3114841904961987,0,6,2,1,0,6371.428571428572,0.6748878923766816,0
2022-06-07,55107.33984375,55387.76953125,54882.41015625,55373.1796875,3600.0,-1.020165605805201,-0.010254049589666994,55606.18861607143,0.9910288983162344,1.0092080390340228,54827.82952008928,54989.30182291667,1,0.982710509060795,1.3477446948518457,1,6,2,0,0,5885.714285714285,0.6116504854368933,0
2022-06-08,54892.48828125,55423.96875,54683.30078125,55345.51171875,6000.0,-0.3898783049756771,-0.003906403116831893,55458.58147321428,0.9897925050203872,1.0135446828952936,54977.847935267855,54907.164453125,1,0.5604628312508683,1.110317111415576,2,6,2,0,0,5900.0,1.0169491525423728,1
2022-06-09,55320.28125,55366.83984375,54507.41015625,54514.171875,6000.0,0.7793287973358654,0.007763077164149555,55423.420200892855,0.9981390727869373,1.0157672082573062,55048.840122767855,54857.194140625,1,0.6510464818992987,0.8355888977460274,3,6,2,0,0,5571.428571428572,1.0769230769230769,0
2022-06-10,54303.44140625,54780.78125,54205.98828125,54760.25,4800.0,-1.8380959401756436,-0.018551988261091616,55269.458705357145,0.9825216797534239,1.010603864756928,55049.89955357143,54749.940234375,1,0.9400217956317517,0.9882700952247276,4,6,2,0,1,5214.285714285715,0.9205479452054793,0
2022-06-13,52846.69921875,53207.5390625,52527.078125,53184.609375,7500.0,-2.682596442833063,-0.02719234786592092,54844.97154017857,0.9635650768828521,1.0129544791332328,54963.76311383928,54609.46783854167,1,1.1714629799827128,1.2207302115009164,0,6,2,1,0,5442.857142857143,1.3779527559055118,0
2022-06-14,52693.5703125,53095.3203125,52459.48046875,52495.94140625,6900.0,-0.28976058772591795,-0.0029018120643825142,54405.591517857145,0.9685322563803902,1.0121205897974679,54888.35658482143,54466.72057291667,0,1.1541249429007894,1.2159125436574598,1,6,2,0,0,5585.714285714285,1.2352941176470589,0
2022-06-15,52541.390625,52867.73046875,52493.359375,52650.41015625,5900.0,-0.2888012457639477,-0.0028921908123165593,53957.88727678572,0.9737481075839837,1.007131780061466,54766.13225446428,54362.46588541667,0,1.1439711515794122,1.1763442713884167,2,6,2,0,0,5814.285714285715,1.0147420147420148,0
2022-06-16,51495.7890625,53142.5,51425.48046875,53018.91015625,9200.0,-1.9900530801757799,-0.02010121328633309,53441.951450892855,0.963583620441309,1.0333884976007834,54524.070033482145,54222.251171875,0,1.2280997800653226,1.1922390289318887,3,6,2,0,0,6614.285714285715,1.3909287257019438,0
2022-06-17,51360.421875,51652.828125,50921.21875,51181.98828125,8300.0,-0.2628704015695482,-0.0026321651249149153,52937.37053571428,0.9702110504402482,1.014367475739178,54197.97600446428,54106.41263020833,0,1.2387688756229864,0.9877430868692166,4,6,2,0,1,6942.857142857143,1.1954732510288066,1
2022-06-20,51597.83984375,51714.609375,51062.9296875,51470.03125,7000.0,0.4622586031863607,0.004611934692926258,52405.59319196428,0.9845865050080543,1.0127622855070835,53914.50669642857,54010.6515625,0,1.1693170042876608,1.0275716627163414,0,6,2,1,0,7085.714285714285,0.9879032258064516,1
2022-06-21,52532.0703125,52799.3984375,51808.76171875,51897.6015625,5100.0,1.8105999622834323,0.017944038073903303,52152.54017857143,1.0072773086915623,1.0191210267507993,53710.99944196428,53949.558854166666,0,1.4935566443320847,1.202811994082383,1,6,2,0,0,7128.571428571428,0.7154308617234469,0
2022-06-22,51822.53125,52272.8515625,51739.98046875,52186.359375,5800.0,-1.3506778969097022,-0.013598825280631513,52006.23046875,0.996467745939395,1.0102990200019857,53425.60100446428,53874.03020833333,0,1.2242200061566848,1.1799697493268633,2,6,2,0,0,6885.714285714285,0.8423236514522822,1
2022-06-23,52265.71875,52516.7890625,51632.8515625,51972.75,5600.0,0.8552023401983133,0.008515662011750134,51945.10881696428,1.0061720908924348,1.0171196723258644,53175.35016741072,53851.877213541666,0,1.29595624804971,1.2324431067506685,3,6,2,0,0,6700.0,0.835820895522388,1
2022-06-24,52727.98046875,52909.87109375,52447.25,52654.23828125,5000.0,0.8844453492758975,0.0088055704121793,51971.76450892857,1.0145505153994052,1.0088206930534966,52964.825892857145,53849.689192708334,0,1.3438394359814738,1.2824042244059772,4,6,2,0,1,6571.428571428572,0.7608695652173912,1
2022-06-27,53161.28125,53509.5,53120.7890625,53468.890625,5300.0,0.821766313441108,0.0081840819876476,52209.69196428572,1.0182262957300192,1.00731749178354,52825.82170758928,53855.937239583334,0,1.0076734720842395,1.3059526860777928,0,6,2,1,0,6014.285714285715,0.8812351543942992,1
2022-06-28,53177.44921875,53301.3984375,52771.53125,52846.26171875,5500.0,0.030413053203082185,0.0003040842937153166,52469.267299107145,1.0134970804071988,1.0100407771946167,52703.31891741072,53817.90325520833,0,0.9782714101501883,1.3072830478549293,1,6,2,0,0,5614.285714285715,0.9796437659033078,0
2022-06-29,53026.96875,53244.83984375,52612.6796875,52623.1484375,5200.0,-0.28297797461286356,-0.0028337911421999194,52673.42857142857,1.0067119264524809,1.0120153575146675,52539.51088169643,53778.517838541666,0,1.0228524451503993,1.2753512017903335,2,6,2,0,0,5357.142857142857,0.9706666666666667,0
2022-06-30,53018.94140625,53377.5390625,52883.25,52897.16015625,5600.0,-0.015138228601840886,-0.00015139374547318917,52742.98158482143,1.0052321619509654,1.0093467981355155,52447.76088169643,53786.074869791664,0,0.8131657761141199,1.1962207015849358,3,6,2,0,0,5428.571428571428,1.0315789473684212,0
2022-07-01,52907.9296875,53053.0390625,52094.25,52863.33984375,7200.0,-0.20938124339260344,-0.0020960075237864586,52898.03850446428,1.0001869858186685,1.0184048923345668,52452.134486607145,53738.79283854167,0,0.5312489694962182,0.9537320626736322,4,7,3,0,1,5628.571428571428,1.2791878172588833,1
2022-07-04,53234.76953125,53301.98828125,52674.80859375,52851.671875,7000.0,0.6177520944033787,0.006158518280937677,53036.474330357145,1.0037388458300924,1.0119066343902086,52490.79157366072,53703.66484375,0,0.49614375864045857,0.9624088897470214,0,7,3,1,0,5828.571428571428,1.2009803921568627,0
2022-07-05,53134.3515625,53865.9296875,53054.30078125,53501.2109375,6800.0,-0.188632297339153,-0.001888104321055339,53094.52734375,1.0007500625910495,1.0152980794072937,52533.14592633928,53673.05625,0,0.43436397643233926,0.9598465284176595,1,7,3,0,0,6085.714285714285,1.1173708920187795,1
2022-07-06,53750.96875,53819.30859375,53143.28125,53170.69921875,14800.0,1.1604868966448079,0.011538048936182542,53178.76841517857,1.0107599395750224,1.0127208431216317,52694.230189732145,53673.11315104167,0,0.5341949809289331,0.7904276359617378,2,7,3,0,0,7442.857142857143,1.9884836852207293,1
2022-07-07,54178.4609375,54254.7890625,53927.26171875,54146.6796875,7500.0,0.7953199680703404,0.007921739683131614,53321.77008928572,1.0160664367814456,1.0060735022196783,52895.51869419643,53670.644140625,0,0.579809643569986,0.7820327832848649,3,7,3,0,0,7728.571428571428,0.9704251386321627,1
2022-07-08,54481.83984375,54627.140625,54278.76953125,54574.4296875,7500.0,0.5599622082288036,0.005584002480671719,53529.60881696428,1.0177888657853211,1.0064181833294772,53101.51869419643,53657.216796875,0,0.5318034486683929,0.7832093507928248,4,7,3,0,1,8057.142857142857,0.9308510638297872,0
2022-07-11,54395.23046875,54527.8984375,54090.53125,54248.6015625,6100.0,-0.1589692551653754,-0.001590957453572656,53726.22154017857,1.0124521864630125,1.0080858364189205,53234.6015625,53606.199869791664,1,0.5523840155269792,0.6787316106297091,0,7,3,1,0,8128.571428571428,0.7504393673110721,0
2022-07-12,53886.609375,54236.48828125,53824.96875,54219.78125,6300.0,-0.9350472263229048,-0.009394462362549112,53866.032924107145,1.0003819930627125,1.007645513612119,53382.03571428572,53550.20651041667,1,0.7211352042698008,0.6087478777181156,1,7,3,0,0,8000.0,0.7875,0
2022-07-13,53514.1484375,54211.21875,53455.26171875,54210.1015625,5700.0,-0.6911938639672432,-0.006935936733718064,53905.94419642857,0.9927318635306543,1.0141418638117872,53471.209263392855,53487.972395833334,1,0.7814284047602588,0.6362371204385839,2,7,3,0,0,7814.285714285715,0.7294332723948811,0
2022-07-14,53416.1484375,53861.28125,53163.76953125,53688.62109375,4700.0,-0.18312914035146788,-0.001832970267589637,53946.200892857145,0.9901744247679297,1.0131200576050199,53520.36411830357,53407.90703125,1,0.7811188380736037,0.6074266356068723,3,7,3,0,0,7514.285714285715,0.6254752851711026,1
2022-07-15,53760.78125,53811.37109375,53361.62109375,53637.87890625,5600.0,0.6451846914856452,0.006431122841819485,53947.60267857143,0.9965369836786903,1.0084283421451878,53563.185546875,53340.958723958334,1,0.6798378653386914,0.5928184332166057,4,7,3,0,1,6200.0,0.9032258064516129,1
2022-07-18,54521.1484375,54556.66015625,54034.96875,54069.30078125,63800.0,1.4143529350217454,0.014044442834723636,53996.55803571428,1.0097152563213148,1.0096546998789557,53659.1640625,53302.486328125,1,0.8246728781943807,0.6908744258285455,0,7,3,1,0,14242.857142857143,4.479438314944835,1
2022-07-19,54767.62109375,54817.51953125,54232.8203125,54251.87890625,6900.0,0.4520679833671215,0.004510492252249056,54037.38392857143,1.0135135550999994,1.010781279958904,53783.496372767855,53291.162369791666,1,0.8154477470089257,0.6807899956139344,1,7,3,0,0,14157.142857142857,0.4873864783047427,1
2022-07-20,55397.53125,55630.26171875,55298.23046875,55486.12109375,6800.0,1.1501506614131296,0.011435867109607006,54180.56975446428,1.0224612162819762,1.0060043738684845,53953.39564732143,53307.99713541667,1,0.8980791997274338,0.7183047883962494,2,7,3,0,0,14257.142857142857,0.4769539078156313,1
2022-07-21,55681.94921875,55738.48828125,55270.75,55391.9296875,6700.0,0.5134127141270373,0.00512099244812672,54437.046875,1.0228686605026276,1.0084626729554058,54151.53989955357,53320.052734375,1,0.7259746717174953,0.7034324822580604,3,7,3,0,0,14314.285714285714,0.46806387225548907,1
2022-07-22,56072.23046875,56186.05078125,55685.44921875,55800.83984375,6500.0,0.7009116158393836,0.00698466648432073,54802.48716517857,1.0231694466666144,1.0089898091785787,54354.21568080357,53379.012369791664,1,0.5141367043733073,0.7060501049218229,4,7,3,0,1,14428.57142857143,0.45049504950495045,0
2022-07-25,55766.21875,56018.08984375,55537.078125,55877.5,6100.0,-0.545745578857515,-0.0054724021044592975,55138.21149553572,1.0113896921468903,1.008661091562422,54542.20619419643,53476.3296875,1,0.6215234896662777,0.7338412143493644,0,7,3,1,0,14628.57142857143,0.4169921875,0
2022-07-26,55268.48828125,55834.37890625,55203.4296875,55834.37890625,4900.0,-0.892530424164717,-0.008965373367153556,55353.59821428572,0.9984624317879709,1.0114295293303646,54650.60044642857,53562.16028645833,1,0.8428939264289821,0.7636051468918493,1,7,3,0,0,14528.57142857143,0.33726647000983284,1
2022-07-27,55816.3203125,55853.08984375,55157.98828125,55258.2890625,3800.0,0.9912194964736498,0.009863391395564244,55538.622767857145,1.0050000797787801,1.0126020107723235,54767.59040178572,53671.324609375,1,0.7699545451817199,0.77699595759232,2,7,3,0,0,5957.142857142857,0.6378896882494005,1
2022-07-28,56857.7890625,56914.21875,56236.44921875,56267.55078125,13900.0,1.8658857197484613,0.018486916243051814,55837.21819196428,1.0182776095153427,1.012052139504996,54937.301060267855,53850.057942708336,1,0.9653531785328541,0.8914558931149391,3,7,3,0,0,6957.142857142857,1.997946611909651,1
2022-07-29,57570.25,57619.26953125,57104.80859375,57258.12890625,16800.0,1.253057759099363,0.012452719632413872,56147.60658482143,1.0253375611483886,1.0090090650887202,55164.088169642855,54057.05221354167,1,0.976899696746071,0.914024741710702,4,7,3,0,1,8385.714285714286,2.0034071550255534,1
2022-08-01,58115.5,58170.671875,57540.359375,57823.1015625,72600.0,0.9471037558461237,0.009426468471585936,56495.25669642857,1.0286792803204283,1.0109542676974286,55466.15178571428,54274.30755208333,1,0.9875047814781649,0.8360808919465439,0,8,3,1,0,17800.0,4.078651685393258,1
2022-08-02,58136.359375,58328.41015625,57744.69921875,58049.01953125,15500.0,0.03589296315096302,0.00035886523167898653,56790.13225446428,1.0237052999718959,1.0101084765423882,55796.30970982143,54461.1171875,1,1.0098375525929584,0.7736835437235152,1,8,3,0,0,19085.714285714286,0.812125748502994,1
2022-08-03,58350.53125,58415.62890625,57788.78125,58174.109375,7200.0,0.36839574631517547,0.0036771883116070696,57159.31975446428,1.0208401972006094,1.0108472205623822,56148.765625,54678.7171875,1,0.9020841554757888,0.7444333479700933,2,8,3,0,0,19242.85714285714,0.3741648106904232,0
2022-08-04,58298.80078125,58712.66015625,57577.05078125,58571.28125,8900.0,-0.08865466627606677,-0.0008869398776727168,57592.22154017857,1.0122686575057447,1.0197232987725349,56472.909877232145,54879.819921875,1,0.7014341618311151,0.7691374287441051,3,8,3,0,0,19814.285714285714,0.4491708723864456,1
2022-08-05,58387.9296875,58649.19140625,58244.859375,58421.0390625,9300.0,0.15288291535262566,0.0015276616839920867,57959.59430803572,1.0073902411598643,1.00694193505811,56749.10853794643,55068.48489583333,1,0.7279489300497833,0.7375251601355998,4,8,3,0,1,20600.0,0.45145631067961167,1
2022-08-08,58853.0703125,58934.8984375,58266.6484375,58417.7109375,9800.0,0.7966383248892317,0.00793481914155916,58244.634486607145,1.0104462124495392,1.011468825098406,57040.92633928572,55258.211197916666,1,0.509008810384528,0.7417859395179862,0,8,3,1,0,20014.285714285714,0.489650249821556,0
2022-08-10,58817.2890625,58984.3203125,58583.359375,58977.33984375,9800.0,-0.060797592733918826,-0.0006081608196471465,58422.782924107145,1.006752607778122,1.0068442803857218,57285.19475446428,55446.205859375,1,0.4167964861014539,0.7329218683212869,2,8,3,0,0,19014.285714285714,0.5154019534184824,1
2022-08-11,59332.6015625,59484.98828125,59251.140625,59320.44921875,10700.0,0.876124194456529,0.00872308497071862,58596.654575892855,1.012559539310456,1.0039467199075545,57545.95563616072,55656.39361979167,1,0.39912729484652737,0.7423986238184933,3,8,3,0,0,10171.42857142857,1.0519662921348316,1
2022-08-12,59462.78125,59538.078125,59113.01171875,59235.98046875,14200.0,0.21940667368658406,0.0021916632873533208,58786.14341517857,1.0115101586107231,1.0071907418331585,57788.13783482143,55871.18828125,1,0.3848745867897444,0.7413908722388535,4,8,3,0,1,9985.714285714286,1.4220314735336195,1
2022-08-16,59842.2109375,59923.03125,59673.9609375,59675.12109375,0.0,0.6380960989778695,0.006360688849658104,58999.240513392855,1.0142878182290465,1.004173852524401,58079.28013392857,56102.33098958333,1,0.40319008087804314,0.6880186629582296,1,8,3,0,0,8957.142857142857,0.0,1
2022-08-17,60260.12890625,60323.25,59857.80078125,59938.05078125,9700.0,0.6983665245698933,0.006959392399000014,59279.43024553572,1.0165436586797854,1.00777591579836,58435.825892857145,56336.50963541667,1,0.3644650366998019,0.5581484695872907,2,8,3,0,0,9071.42857142857,1.0692913385826772,1
2022-08-18,60298.0,60341.41015625,59946.44140625,60080.19140625,10900.0,0.06284602180144372,0.0006282628195919977,59552.29743303572,1.0125218102257565,1.006588693852957,58755.94587053572,56575.29791666667,1,0.37900127435752745,0.5658721201093422,3,8,3,0,0,9300.0,1.1720430107526882,0
2022-08-19,59646.1484375,60411.19921875,59474.5703125,60351.23046875,11700.0,-1.0810500555573976,-0.010869358590948616,59665.59430803572,0.9996740856977754,1.0157483929909645,58955.11439732143,56771.80390625,1,0.6614905003529191,0.588261208129807,4,8,3,0,1,9571.42857142857,1.2223880597014927,0
2022-08-22,58773.87109375,59402.5,58705.109375,59361.078125,10600.0,-1.4624202343325066,-0.014732190106845074,59659.39174107143,0.9851570620906648,1.0118795558414715,59041.08733258928,56924.98424479167,1,0.9148378055934534,0.7021740086163333,0,8,3,1,0,9685.714285714286,1.0943952802359882,1
2022-08-23,59031.30078125,59199.109375,58172.48046875,58205.96875,13000.0,0.438000224775692,0.004370437955489607,59616.34877232143,0.9901864504767683,1.017648016690667,59106.501674107145,57076.63294270833,1,0.8575459693624544,0.6701831373205875,1,8,3,0,0,10014.285714285714,1.298145506419401,1
2022-08-24,59085.4296875,59170.87109375,58760.08984375,58853.3203125,11800.0,0.09169526257024607,0.0009165324814588651,59562.44140625,0.991991400830995,1.0069908206589253,59174.29241071428,57232.972916666666,1,0.8517127899465808,0.6698497637386636,2,8,3,0,0,9671.42857142857,1.2200886262924668,0
2022-08-25,58774.71875,59484.3515625,58666.41015625,59315.98046875,9700.0,-0.5258672724279712,-0.00527254820949108,59409.94252232143,0.9893077867886716,1.013942244021264,59204.591517857145,57395.909895833334,1,0.7983280412742424,0.6865472537800019,3,8,3,0,0,11057.142857142857,0.8772609819121447,1
2022-08-26,58833.87109375,59321.6484375,58722.69140625,59050.671875,9000.0,0.1006424956308205,0.0010059188502552425,59206.19140625,0.9937114632159788,1.0101997544204224,59242.810825892855,57573.233984375,1,0.7061188252654547,0.685385808727462,4,8,3,0,1,10957.142857142857,0.8213820078226858,0
2022-08-29,57972.62109375,58208.30078125,57367.46875,57367.46875,14500.0,-1.4638676394888694,-0.014746879079217626,58873.994419642855,0.9846897881691526,1.014656948433863,59213.14592633928,57725.11640625,1,0.7917401646908178,0.7970034317948858,0,8,3,1,0,11471.42857142857,1.2640099626400998,1
2022-08-30,59537.0703125,59599.78125,58245.48828125,58259.8515625,12800.0,2.6986001136986015,0.02662830002293246,58858.411830357145,1.0115303566820473,1.0232514656278702,59262.00306919643,57917.659375,1,1.417084599886592,1.0680624908783356,1,8,3,0,0,11628.57142857143,1.1007371007371007,0
2022-09-01,58766.58984375,59309.7890625,58522.5703125,58710.53125,19200.0,-1.2941188820777993,-0.013025655529267237,58857.37165178572,0.9984575966359354,1.013451540931924,59258.38169642857,58059.174088541666,1,1.3896475493295033,1.1303137227533169,3,9,3,0,0,12857.142857142857,1.4933333333333334,1
2022-09-02,58803.328125,59108.66015625,58558.640625,58969.01953125,10700.0,0.062515591508161,0.0006249605865254911,58824.80412946428,0.9996349158355544,1.0093926280627352,59220.576450892855,58193.69765625,1,1.3774058546071781,1.102358941275983,4,9,3,0,1,12528.57142857143,0.8540478905359179,1
2022-09-05,59245.98046875,59308.25,58812.19921875,58814.078125,12900.0,0.752767501201701,0.007499483455992899,58847.739955357145,1.006767303446062,1.0084344878756355,59205.09068080357,58321.979296875,1,1.410774407435529,1.1217431754458307,0,9,3,1,0,12685.714285714286,1.0168918918918919,0
2022-09-06,59196.98828125,59566.671875,58974.26171875,59285.359375,13800.0,-0.08269284618530603,-0.0008272705557980533,58908.064174107145,1.0049046613769028,1.0100452322586966,59159.00334821428,58439.147265625,1,1.3905682616780792,1.105626875134193,1,9,3,0,0,13271.42857142857,1.0398277717976319,0
2022-09-07,59028.91015625,59166.4609375,58722.890625,58789.26171875,9000.0,-0.2839301962482388,-0.00284334042638991,58935.92689732143,1.0015777007985396,1.0075536184915115,59071.05915178572,58537.70325520833,1,1.3985986190907571,1.083951021222332,2,9,3,0,0,13271.42857142857,0.6781485468245425,1
2022-09-08,59688.21875,59711.9609375,59315.7109375,59374.98828125,12100.0,1.1169248966393042,0.011107333511333476,59181.01227678572,1.008570425778493,1.006680354896488,59027.50334821428,58668.43658854167,1,1.2650786749754976,1.1346889079271678,3,9,3,0,0,12928.57142857143,0.9359116022099447,1
2022-09-09,59793.140625,60119.80078125,59634.390625,60045.75,13100.0,0.17578322355280562,0.0017562890566123588,59217.59375,1.0097191871292475,1.008139768867639,59038.00279017857,58819.25833333333,1,0.7727235632424652,1.0973614488392078,4,9,3,0,1,12971.42857142857,1.0099118942731278,1
2022-09-12,60115.12890625,60284.55078125,59912.2890625,59912.2890625,14300.0,0.5385037111018898,0.005370589642236982,59410.2421875,1.0118647339717175,1.00621344509741,59133.806919642855,58962.551953125,1,0.4973066915423615,1.0163032371058278,0,9,3,1,0,12271.42857142857,1.1653084982537836,1
2022-09-13,60571.078125,60635.28125,60381.01953125,60408.2890625,8500.0,0.758460020040963,0.007555981735625245,59662.77790178572,1.0152239009841193,1.0042109543814246,59243.791015625,59086.32825520833,1,0.5054227983450069,1.0264571318460036,1,9,3,0,0,11957.142857142857,0.7108721624850657,0
2022-09-14,60346.96875,60649.0390625,59417.12109375,59417.12109375,19700.0,-0.36999403335286063,-0.0037068020432710633,59820.06194196428,1.008808195627529,1.0207333836791965,59333.90094866072,59178.885546875,1,0.5593857183788424,1.0371828435819568,2,9,3,0,0,12928.57142857143,1.523756906077348,0
2022-09-15,59934.01171875,60676.12109375,59865.75,60454.37109375,10300.0,-0.6843045140523363,-0.0068665661388376655,59925.35100446428,1.0001445250489243,1.0135364727536196,59416.70758928572,59239.502604166664,1,0.6590047351212919,1.0460216481986646,3,9,3,0,0,12428.57142857143,0.828735632183908,0
2022-09-16,58840.7890625,59720.55859375,58687.171875,59585.71875,13500.0,-1.8240438523957403,-0.01840884635469566,59898.4765625,0.9823419966466698,1.0176083918467063,59417.20172991072,59262.98359375,1,1.0053248778187718,1.1712375575184104,4,9,3,0,1,13071.42857142857,1.0327868852459017,1
2022-09-19,59141.23046875,59277.55078125,58487.76171875,58747.30859375,58000.0,0.510600573236486,0.005093014289251593,59820.33537946428,0.9886475910506611,1.0135034926844673,59500.673828125,59289.340234375,1,0.9105615421769891,1.0970003869313163,0,9,3,1,0,19628.571428571428,2.9548762736535665,1
2022-09-20,59719.73828125,60105.7890625,59556.91015625,59556.91015625,10400.0,0.9781802101761938,0.0097342699906929,59809.849330357145,0.9984933744171562,1.0092160406711832,59513.72154017857,59336.704817708334,1,1.0011557185080384,0.8601119627915785,1,9,3,0,0,19242.85714285714,0.540460282108389,0
2022-09-21,59456.78125,59799.0390625,59275.3984375,59504.140625,8600.0,-0.4403184588847364,-0.004412907156780254,59715.79966517857,0.9956624810078595,1.0088340296109881,59563.02092633928,59372.333203125,1,0.9793708935016336,0.7864777028022196,2,9,3,0,0,18428.571428571428,0.4666666666666667,0
2022-09-22,59119.71875,59457.578125,58832.78125,59073.83984375,10000.0,-0.566903375718808,-0.005685163718809265,59508.462611607145,0.9934674188418485,1.0106198765675387,59585.62025669643,59381.221484375,1,0.8985600047167402,0.8056983194401043,3,9,3,0,0,18642.85714285714,0.5363984674329503,0
2022-09-23,58098.921875,59143.3203125,57981.94921875,59005.1796875,14900.0,-1.7266605738038954,-0.017417412037924556,59187.31305803572,0.981611072934355,1.0200298732519057,59503.6875,59357.27591145833,0,1.0405886107526965,0.90382218589912,4,9,3,0,1,17957.14285714286,0.8297533810660301,0
2022-09-26,57145.21875,57708.37890625,57038.23828125,57525.03125,17900.0,-1.641516045774305,-0.01655138199367834,58788.9140625,0.97204072674735,1.011748971307557,59357.132533482145,59284.36315104167,0,1.1229299077402608,0.9888066744913295,0,9,3,1,0,19042.85714285714,0.9399849962490623,0
2022-09-27,57107.51953125,57704.5703125,56950.51953125,57376.51953125,13900.0,-0.06597090635863667,-0.0006599267673633579,58541.30412946428,0.9755081541223704,1.0132404548273917,59219.890345982145,59205.85442708333,0,1.013878364998427,0.9898972223739294,1,9,3,0,0,19100.0,0.7277486910994765,0
2022-09-28,56598.28125,57213.328125,56485.671875,56710.12890625,26800.0,-0.8917184381845522,-0.008957180416033285,58178.025669642855,0.9728463728107026,1.0128821385290463,58999.18052455357,59097.7234375,0,0.9343647349523323,0.9227062964431544,2,9,3,0,0,14642.857142857143,1.8302439024390245,0
2022-09-29,56409.9609375,57166.140625,56314.05078125,56997.8984375,11400.0,-0.33273150410375596,-0.0033328628633821668,57705.20033482143,0.9775541997981795,1.0151310344741478,58757.52483258928,58969.384505208334,0,0.6474933549381328,0.9092681274731181,3,9,3,0,0,14785.714285714286,0.7710144927536232,1
2022-09-30,57426.921875,57722.62890625,56147.23046875,56240.1484375,12300.0,1.802803832157851,0.017867460304619887,57415.220424107145,1.0002038039879744,1.0280583463217625,58565.510044642855,58873.681901041666,0,1.189123364568313,1.0609858780306891,4,9,3,0,1,15314.285714285714,0.8031716417910448,0
2022-10-03,56788.80859375,57454.83984375,56683.3984375,57403.921875,8100.0,-1.1111744464364137,-0.01117394106791204,57082.23325892857,0.9948596148323844,1.0136096533996741,58295.347935267855,58778.437239583334,0,1.2126312138798947,1.031929222232804,0,10,4,1,0,15042.857142857143,0.5384615384615384,1
2022-10-04,58065.46875,58099.94140625,57506.6484375,57506.6484375,6400.0,2.2480840642085775,0.022231871000914453,57077.45424107143,1.0173100661559924,1.010316945690111,58132.38364955357,58754.823828125,0,1.4800609640589826,1.2603698539829664,1,10,4,0,0,13828.57142857143,0.46280991735537186,1
2022-10-06,58222.1015625,58578.76171875,58173.69921875,58314.05078125,9600.0,0.26975208479651513,0.0026938890683373268,57231.294642857145,1.0173123275617968,1.0069629833660199,58010.10435267857,58727.85052083333,0,1.2907089781771546,1.261894417747384,3,10,4,0,0,12642.857142857143,0.7593220338983051,0
2022-10-07,58191.2890625,58269.33984375,57851.1484375,58092.55859375,7300.0,-0.05292234250068306,-0.0005293635131510839,57386.118861607145,1.0140307484957227,1.0072287485649796,57963.71149553572,58698.04583333333,0,1.290145197294113,1.1720736999038566,4,10,4,0,1,11700.0,0.6239316239316239,0
2022-10-10,57991.109375,58125.01171875,57365.6796875,57424.0703125,6800.0,-0.3440028408461582,-0.00344595891082424,57585.09430803572,1.0070506972653794,1.0132366954490293,57881.55998883928,58671.925520833334,0,1.2223484436414709,1.1615542247685482,0,10,4,1,0,8842.857142857143,0.7689822294022617,0
2022-10-11,57147.3203125,58027.51953125,57050.3984375,58004.25,52700.0,-1.4550317653756695,-0.014657211687545486,57690.431361607145,0.9905857689691573,1.0171273316315304,57697.81584821428,58615.70716145833,0,1.389631441299416,1.1643851425867178,1,10,4,0,0,14742.857142857143,3.574612403100775,1
2022-10-12,57625.91015625,57687.640625,57085.921875,57312.48828125,7600.0,0.8374668158242837,0.00833979518928251,57718.85825892857,0.9983896406567572,1.0105405804134613,57567.039341517855,58604.150130208334,0,1.2435830231037206,1.2026443475560842,2,10,4,0,0,14071.42857142857,0.5401015228426396,0
2022-10-13,57235.328125,57568.140625,57055.75,57512.73828125,9500.0,-0.6777889150747507,-0.006800963363492289,57782.646763392855,0.9905279756284961,1.0089805256262516,57432.44001116072,58527.425390625,0,1.1852066831877581,1.2054915609153078,3,10,4,0,0,14271.42857142857,0.6656656656656657,1
2022-10-14,57919.96875,58435.12109375,57848.23046875,58162.73828125,9400.0,1.1961853761103036,0.011890876242886927,57761.861049107145,1.0027372334966569,1.0101453513831689,57419.65764508928,58499.2046875,0,0.9032636791577239,1.1780919867993904,4,10,4,0,1,14700.0,0.6394557823129252,1
2022-10-17,58410.98046875,58449.0,57639.80078125,57752.5,53500.0,0.8477416845118713,0.008441685345460817,57788.84375,1.0107656889873315,1.0140388968695608,57510.06919642857,58486.12643229167,0,0.960109792031213,1.0990178746868857,0,10,4,1,0,20971.428571428572,2.551089918256131,1
2022-10-18,58960.6015625,59143.66015625,58744.12890625,58744.12890625,8600.0,0.9409550898465957,0.009365556835339746,57898.74553571428,1.0183398796806524,1.0068012115838438,57642.43219866072,58476.61380208333,0,1.0142724542950499,1.1157582896496454,1,10,4,0,0,21157.14285714286,0.4064821066846725,1
2022-10-19,59107.19140625,59399.69140625,58961.76953125,59196.9609375,6800.0,0.2486233855579112,0.002483148289421287,58058.185825892855,1.0180681770440252,1.0074272173050691,57821.64006696428,58473.62057291667,0,0.9864049436485934,1.0678425117977361,2,10,4,0,0,21157.14285714286,0.3214044564483457,1
2022-10-20,59202.8984375,59273.8515625,58791.28125,58824.48046875,8600.0,0.16192112833139927,0.0016179017741147915,58351.83984375,1.0145849487527538,1.0082081951990118,58021.13560267857,58479.420182291666,0,0.6426720349118135,1.0528195283921948,3,10,4,0,0,14857.142857142857,0.5788461538461539,1
2022-10-21,59307.1484375,59590.9296875,59132.94140625,59381.359375,10800.0,0.17608935162196637,0.0017593449608594841,58592.01674107143,1.0122052753293826,1.0077450617263155,58155.4375,58466.71783854167,1,0.6347076182252422,0.9664805010983033,4,10,4,0,1,15314.285714285714,0.7052238805970149,1
2022-10-24,59831.66015625,59994.25,59776.66015625,59804.01953125,2100.0,0.8843988162788641,0.00880510916161085,58962.92131696428,1.0147336464999026,1.003640046854094,58372.78404017857,58468.00182291667,1,0.4281099563536237,0.8974044093428333,0,10,4,1,0,14257.142857142857,0.14729458917835672,0
2022-10-25,59543.9609375,60081.23828125,59489.01953125,60002.9609375,14900.0,-0.4808477952954582,-0.004820075876910523,59194.920200892855,1.0058964643490116,1.0099550934721475,58478.390625,58448.962890625,1,0.5217452718083556,0.7428488842524437,1,10,4,0,0,15042.857142857143,0.9905033238366572,1
2022-10-27,59756.83984375,59959.94140625,59496.80078125,59792.3203125,9500.0,0.3575155278525255,0.0035687796023951865,59387.185825892855,1.0062244743999298,1.0077842945993485,58588.01478794643,58421.821614583336,1,0.4825887629829066,0.7440128317858123,3,10,4,0,0,8757.142857142857,1.0848287112561175,1
2022-10-28,59959.8515625,60133.171875,59739.05078125,59746.80078125,10000.0,0.3397296766040947,0.0033915389902794343,59529.935825892855,1.0072218410895741,1.0065973779060062,58714.34068080357,58408.917708333334,1,0.40184463072067356,0.7416051316122066,4,10,4,0,1,8957.142857142857,1.1164274322169059,1
2022-10-31,60746.58984375,60786.69921875,60246.9609375,60246.9609375,8000.0,1.3121084538208594,0.013035748763218632,59764.13560267857,1.0164388597135068,1.0089587636098345,58911.16071428572,58436.003645833334,1,0.570728724858171,0.7765575191742471,0,10,4,1,0,9128.57142857143,0.8763693270735523,1
2022-11-01,61121.3515625,61289.73046875,60868.69140625,61065.578125,58200.0,0.6169263488106091,0.006150311488756902,60038.20033482143,1.0180410342355042,1.0069171696117123,59195.02008928572,58512.02239583333,1,0.5659164514001342,0.5823323068851476,1,11,4,0,0,16214.285714285714,3.5894273127753307,0
2022-11-02,60906.08984375,61209.6484375,60794.390625,61156.890625,10800.0,-0.3521874324553864,-0.0035280907238091747,60266.62053571428,1.0106106714189618,1.006830528412752,59429.318638392855,58570.85104166667,1,0.6401326129182972,0.6126284031933407,2,11,4,0,0,16214.285714285714,0.6660792951541851,0
2022-11-03,60836.41015625,60994.37109375,60485.140625,60511.5703125,25000.0,-0.11440512382054902,-0.0011447061643836982,60410.15625,1.0070559974135145,1.008419100352385,59686.538783482145,58608.0734375,1,0.620638947033861,0.5520376682822097,3,11,4,0,0,19485.714285714286,1.282991202346041,1
2022-11-04,60950.359375,61004.48828125,60666.01171875,60698.26953125,13600.0,0.18730431078581855,0.0018712911499369198,60611.0703125,1.005597806815664,1.005579344230987,59902.99525669643,58657.859375,1,0.5370843661287876,0.5097050400255905,4,11,4,0,1,19300.0,0.7046632124352331,1
2022-11-07,61185.1484375,61401.5390625,60714.359375,61188.12890625,17000.0,0.38521358185183985,0.0038447353423408004,60815.11439732143,1.0060845736104522,1.0113182399447824,60101.150111607145,58726.70703125,1,0.5373773958042684,0.49072371871404036,0,11,4,1,0,20371.428571428572,0.8345021037868162,0
2022-11-09,61033.55078125,61447.23046875,60905.1484375,61304.2890625,9100.0,-0.24776871531962952,-0.002480761699570188,60968.5,1.0010669572197117,1.0089004303438531,60249.21791294643,58824.527994791664,1,0.5813661592938264,0.4801846752686373,2,11,4,0,0,20242.85714285714,0.44954128440366975,0
2022-11-10,60613.69921875,60848.73046875,60425.46875,60524.26953125,10200.0,-0.6879028945977361,-0.006902798536115489,60949.515625,0.9944902530757397,1.0070046906959245,60356.82561383928,58940.14401041667,1,0.4526449023021349,0.541445436174138,3,11,4,0,0,20557.14285714286,0.4961779013203613,1
2022-11-11,61795.0390625,61840.96875,61311.01953125,61311.01953125,14400.0,1.9489651002599917,0.019302159928962278,61045.75669642857,1.0122741105462496,1.0086436210456406,60541.978515625,59096.39466145833,1,0.8635885891070244,0.718294089393716,4,11,4,0,1,14300.0,1.006993006993007,0
2022-11-14,61624.1484375,61916.23828125,61572.03125,61765.859375,20600.0,-0.2765442462576373,-0.002769273362969737,61148.33649553572,1.0077812736900704,1.0055903146974707,60707.478515625,59263.923567708334,1,0.8565576347882535,0.7347323041859907,0,11,4,1,0,15700.0,1.3121019108280254,1
2022-11-15,61872.98828125,61955.9609375,61436.8984375,61630.05078125,11400.0,0.4038024866215739,0.00402989392508422,61296.41908482143,1.0094062459934359,1.0084487093782581,60853.28766741072,59446.02447916667,1,0.8501804337674069,0.7151159415093308,1,11,4,0,0,13757.142857142857,0.8286604361370716,1
2022-11-16,61980.71875,62052.5703125,61708.62890625,61708.62890625,6600.0,0.17411550943733367,0.0017396410410550056,61443.61328125,1.0087414369055978,1.005573635524661,61027.341796875,59597.817708333336,1,0.8503434908809168,0.6849577702123879,2,11,4,0,0,12757.142857142857,0.5173572228443449,0
2022-11-17,61750.6015625,62050.80078125,61643.26953125,61812.359375,9100.0,-0.37127221519999143,-0.003719631411631325,61524.392299107145,1.0036767411255867,1.0066111232110004,61169.75334821428,59763.21080729167,1,0.8768898736194153,0.7067036593913403,3,11,4,0,0,11628.57142857143,0.7825552825552825,0
2022-11-18,61663.48046875,61929.87890625,61337.4296875,61858.19921875,10600.0,-0.1410854170575515,-0.0014118503624186872,61614.38225446428,1.0007968628831325,1.0096588530326163,61291.441127232145,59883.14453125,1,0.8700334656630208,0.7129828323408134,4,11,4,0,1,11842.857142857143,0.8950542822677925,0
2022-11-21,61144.83984375,61456.328125,61059.328125,61456.328125,7900.0,-0.8410823084545771,-0.008446393649270162,61690.259486607145,0.991158739687656,1.0065018730502122,61319.88755580357,59980.569140625,1,0.8961550932596943,0.6870142040943963,0,11,4,1,0,11514.285714285714,0.6861042183622829,1
2022-11-22,61418.9609375,61466.62890625,61073.6796875,61126.55859375,9700.0,0.44831435400025654,0.00447312418630881,61636.53404017857,0.9964700626654843,1.0064340190530623,61341.14536830357,60088.158203125,1,0.46258854771866836,0.6777045728524387,1,11,4,0,0,10842.857142857143,0.8945981554677207,1
2022-11-23,61510.578125,61780.8984375,61442.69140625,61779.7109375,9800.0,0.1491675959696348,0.0014905645162503424,61620.30970982143,0.9982192302288293,1.0055044306085783,61384.32310267857,60205.473828125,1,0.4613835484788109,0.6687547218943567,2,11,4,0,0,9300.0,1.053763440860215,1
2022-11-24,62272.6796875,62412.328125,61600.421875,61656.0,7700.0,1.2389764260567926,0.012313639266888056,61677.408482142855,1.009651365386558,1.0131802060000097,61486.913783482145,60376.319140625,1,0.6572789666697356,0.7342488222302458,3,11,4,0,0,8771.42857142857,0.8778501628664496,1
2022-11-25,62293.640625,62447.73046875,62115.66015625,62327.87890625,7100.0,0.03365992535599993,0.0003365426167401685,61722.111607142855,1.0092597126536256,1.005345999892212,61582.86244419643,60531.91015625,1,0.6565647038383938,0.7351067581154721,4,11,4,0,1,8842.857142857143,0.802907915993538,1
2022-11-28,62504.80078125,62701.3984375,61959.73828125,62016.3515625,7000.0,0.338975462232427,0.0033840223544595108,61829.85435267857,1.0109161898509662,1.0119700337158208,61677.123325892855,60707.559244791664,1,0.6306889846039522,0.7341121694654174,0,11,4,1,0,8542.857142857143,0.8193979933110368,1
2022-11-29,62681.83984375,62887.3984375,62362.078125,62362.078125,11200.0,0.28324074357037876,0.0028284037280686433,61975.334263392855,1.011399786524015,1.0084237140309378,61794.85825892857,60866.28828125,1,0.6154215792597069,0.7253660461394938,1,11,4,0,0,8628.57142857143,1.2980132450331126,1
2022-11-30,63099.6484375,63303.01171875,62648.37890625,62743.46875,8900.0,0.6665544514830701,0.006643427997680425,62254.59263392857,1.0135741921650754,1.0104493176667768,61972.426060267855,61022.57721354167,1,0.40277071139348375,0.6882184659145179,2,11,4,0,0,8771.42857142857,1.014657980456026,1
2022-12-01,63284.19140625,63583.0703125,63183.76953125,63357.98828125,17300.0,0.2924627526772916,0.002920359123988106,62521.05412946428,1.0122060846128005,1.0063196732992088,62078.79408482143,61166.696875,1,0.4072440863279208,0.4967761162410019,3,12,4,0,0,9857.142857142857,1.755072463768116,0
2022-12-02,62868.5,63148.58984375,62679.62890625,62978.578125,6400.0,-0.6568645296919251,-0.006590313787982333,62715.04296875,1.0024468935041067,1.007481871633309,62167.67633928572,61292.073828125,1,0.577794389570148,0.5322841883426402,4,12,4,0,1,9371.42857142857,0.6829268292682927,0
2022-12-05,62834.6015625,62939.62890625,62507.87890625,62865.28125,13100.0,-0.05391959009678482,-0.0005393413193526726,62795.31752232143,1.0006255886860451,1.0069071292700165,62236.363002232145,61413.130598958334,1,0.41707252588240934,0.5291609980688547,0,12,4,1,0,10142.857142857143,1.291549295774648,0
2022-12-06,62626.359375,62677.83984375,62390.0703125,62395.55078125,6100.0,-0.3314132378047563,-0.0033196362785581565,62842.84877232143,0.9965550670991099,1.0046124251793374,62282.480189732145,61523.77096354167,1,0.45233901294911644,0.5416614371552638,1,12,4,0,0,10000.0,0.61,0
2022-12-07,62410.6796875,62759.96875,62316.6484375,62615.51953125,4800.0,-0.3443912270367333,-0.0034498561870391323,62829.40290178572,0.9933355531813622,1.0071139947929746,62329.628627232145,61609.73828125,1,0.46005381870878664,0.5400013544301299,2,12,4,0,0,9685.714285714286,0.49557522123893805,1
2022-12-08,62570.6796875,62633.55859375,62320.1796875,62504.0390625,13700.0,0.2563663796022464,0.0025603832156667955,62813.52287946428,0.9961339026879564,1.0050285302099804,62394.42857142857,61710.62890625,1,0.45719873425513047,0.5380796137910058,3,12,4,0,0,10042.857142857143,1.364153627311522,0
2022-12-09,62181.671875,62735.421875,61889.109375,62690.859375,7300.0,-0.6217094243547328,-0.0062365008509133344,62682.38337053572,0.9920119263401991,1.0136746595410189,62468.488002232145,61791.456640625,1,0.38650278199011906,0.5108942569067321,4,12,4,0,1,9814.285714285714,0.7438136826783115,0
2022-12-12,62130.5703125,62239.421875,61676.1484375,61770.55859375,7000.0,-0.08218106872830422,-0.0008221485588095455,62517.580357142855,0.9938095805622675,1.0091327596124262,62519.31724330357,61863.81393229167,1,0.32691777390508,0.5044132196762078,0,12,4,1,0,8342.857142857143,0.839041095890411,1
2022-12-13,62533.30078125,62567.921875,62129.5703125,62300.671875,12000.0,0.6482001802403881,0.006461083973000125,62469.69475446428,1.001018190132603,1.007055441721151,62592.368861607145,61923.37096354167,1,0.4223991724221421,0.5265574972830217,1,12,4,0,0,9142.857142857143,1.3125,1
2022-12-14,62677.91015625,62835.109375,62591.28125,62685.94140625,5700.0,0.23125178615768238,0.0023098481072576027,62447.310267857145,1.0036927113017957,1.0038955605338404,62621.31389508928,61975.25625,1,0.43828917919100674,0.41974489087174033,2,12,4,0,0,8085.714285714285,0.7049469964664311,0
2022-12-15,61799.03125,62624.80859375,61715.609375,62530.0703125,5600.0,-1.4022147580527777,-0.014121386680994052,62329.12053571428,0.991495319023304,1.0147320787716032,62585.984654017855,62005.02096354167,1,0.6795269478209178,0.5713446763625377,3,12,4,0,0,8014.285714285715,0.6987522281639929,0
2022-12-16,61337.80859375,61893.21875,61292.53125,61534.23828125,7000.0,-0.7463266768441446,-0.007491256293021347,62175.853236607145,0.9865213809021968,1.0098003376227018,62502.62806919643,62021.73424479167,1,0.7112060916024557,0.5871285021842328,4,12,4,0,1,8328.57142857143,0.8404802744425385,1
2022-12-19,61806.19140625,61844.921875,61265.30859375,61405.80078125,4800.0,0.7636119112147899,0.00760711153124095,62066.640625,0.9958037165194165,1.009460709405602,62440.081752232145,62050.261979166666,1,0.7920744241105419,0.6260658555389285,0,12,4,1,0,7057.142857142857,0.680161943319838,0
2022-12-20,61702.2890625,61780.37109375,61102.6796875,61608.8515625,4500.0,-0.1681099278016518,-0.0016825139110558166,61998.15736607143,0.9952277887579069,1.0110910259536234,62340.27036830357,62067.5,0,0.7673949884827492,0.5860590560504852,1,12,4,0,0,6657.142857142857,0.6759656652360515,0
2022-12-21,61067.23828125,62006.4609375,60938.37890625,61993.7109375,6600.0,-1.0292175394120973,-0.010345506072673016,61846.25279017857,0.9874040144101942,1.0175272472031653,62181.91657366072,62068.62291666667,0,0.8419503878289968,0.6136752880505204,2,12,4,0,0,6600.0,1.0,0
2022-12-22,60826.21875,61464.37890625,60637.23828125,61257.171875,9100.0,-0.3946789441172438,-0.003954598568712584,61602.38392857143,0.9874004035384183,1.0136408030518067,62036.039341517855,62075.70690104167,0,0.7445516165353431,0.6043198074216865,3,12,4,0,0,6185.714285714285,1.4711316397228638,0
2022-12-23,59845.2890625,60546.87890625,59765.55859375,60205.55859375,8100.0,-1.6126757632784816,-0.016258208960234066,61197.72377232143,0.9779005716805254,1.0130730864210764,61822.51702008928,62010.715234375,0,0.8104667175831518,0.7039820983495335,4,12,4,0,1,6528.571428571428,1.2407002188183807,1
2022-12-26,60566.421875,60833.78125,59754.1015625,59755.078125,6500.0,1.2049951195772124,0.011977928536266808,61021.63671875,0.9925401076039947,1.0180687125949122,61675.378627232145,61975.457682291664,0,0.9895072396698541,0.8169895716000044,0,12,4,1,0,6657.142857142857,0.9763948497854078,1
2022-12-27,60927.4296875,60986.6796875,60405.66015625,60861.41015625,11100.0,0.5960527323952913,0.005942833655214439,60963.01116071428,0.999416343245899,1.0096186272900105,61569.43219866072,61943.9390625,0,1.0145541831045415,0.8455128144942347,1,12,4,0,0,7242.857142857143,1.532544378698225,0
2022-12-28,60910.28125,61075.328125,60713.76953125,60811.51953125,10000.0,-0.028145676894553162,-0.0002814963853356327,60835.02399553572,1.0012370711725174,1.0059551333501686,61450.832310267855,61908.2578125,0,0.9450989607597186,0.8379047585066097,2,12,4,0,0,7985.714285714285,1.2522361359570662,1
2022-12-29,61133.87890625,61210.6484375,60479.05859375,60628.2890625,7900.0,0.367093455589651,0.00366421311991854,60753.822544642855,1.0062556781728076,1.0120965812094438,61375.989955357145,61887.700390625,0,0.9698616353948218,0.8402644349727887,3,12,4,0,0,8471.42857142857,0.9325463743676223,0
2022-12-30,60840.73828125,61392.6796875,60743.7109375,61329.16015625,8000.0,-0.4795060124510253,-0.004806593308285405,60721.46540178572,1.001964262204067,1.0106837191864642,61283.859095982145,61860.275651041666,0,0.9048088722457027,0.8456533184806238,4,12,4,0,1,8671.42857142857,0.9225700164744647,1
2023-01-02,61167.7890625,61222.7890625,60764.62890625,60871.23828125,18500.0,0.5375522889583095,0.005361126336038187,60770.26116071428,1.006541487467602,1.0075399153174598,61186.322544642855,61861.040625,0,0.9141027454895648,0.8381394063297479,0,1,1,1,0,10014.285714285714,1.8473609129814552,1
2023-01-03,61294.19921875,61343.9609375,61004.0390625,61074.87890625,6700.0,0.2066613133929529,0.0020644806265466146,60977.248325892855,1.0051978549632676,1.0055721208009152,61087.486049107145,61856.88190104167,0,0.5288909609786945,0.8372945865625919,1,1,1,0,0,9814.285714285714,0.6826783114992723,0
2023-01-04,60657.44921875,61327.2109375,60593.55859375,61294.6484375,7900.0,-1.0388421875413223,-0.010442758169767943,60990.252232142855,0.994543340923954,1.0121077612996585,61005.94447544643,61828.44427083333,0,0.5955280958784003,0.8005182832425125,2,1,1,0,0,10014.285714285714,0.7888730385164052,0
2023-01-05,60353.26953125,60877.05859375,60049.83984375,60847.5,8900.0,-0.5014712808035005,-0.005027328674612949,60908.22935267857,0.990888590469193,1.0137755363237009,60935.62025669643,61764.46393229167,0,0.5630987287871263,0.7886057515550003,3,1,1,0,0,9700.0,0.9175257731958762,0
2023-01-06,59900.37109375,60537.62890625,59669.91015625,60388.73828125,8600.0,-0.7504124317001537,-0.0075324219125505925,60763.95647321428,0.9857878678481878,1.0145419818419001,60799.490234375,61684.68828125,0,0.6051160983372993,0.7625841981443884,4,1,1,0,1,9500.0,0.9052631578947369,1
2023-01-09,60747.30859375,60889.41015625,60109.94140625,60147.0703125,8000.0,1.4139102722326324,0.01404007793229718,60708.732142857145,1.000635434961845,1.012967384957706,60731.27734375,61626.105208333334,0,0.8564461270149427,0.8792728434147339,0,1,1,1,0,9514.285714285714,0.8408408408408409,0
2023-01-10,60115.48046875,60809.6484375,59938.37890625,60805.140625,8500.0,-1.0400923754916858,-0.010455391367225928,60605.12388392857,0.9919207587774865,1.014536087681196,60663.294642857145,61540.559895833336,0,0.9228517615988862,0.8801538622464117,1,1,1,0,0,9585.714285714286,0.886736214605067,0
2023-01-11,60105.5,60364.76953125,59805.78125,60134.55859375,9700.0,-0.01660216082808308,-0.00016603539139358966,60453.36830357143,0.9942456754134099,1.0093467265131664,60611.814732142855,61440.75494791667,0,0.874805054291754,0.876491588999463,2,1,1,0,0,8328.57142857143,1.1646655231560892,0
2023-01-12,59958.03125,60290.3515625,59632.3203125,60083.03125,6100.0,-0.2453498431923884,-0.0024565131913494923,60262.48716517857,0.9949478368799471,1.0110348087505505,60619.86774553572,61329.88294270833,0,0.8521529126989444,0.7613746663400791,3,1,1,0,0,8242.857142857143,0.7400346620450606,1
2023-01-13,60261.1796875,60418.26171875,59628.4296875,60044.9609375,7200.0,0.505601053236715,0.005043271831078078,60205.877232142855,1.0009185557606595,1.0132458968882687,60598.064732142855,61242.972265625,0,0.8320790695724932,0.6976461798264046,4,1,1,0,1,8142.857142857143,0.8842105263157894,0
2023-01-16,60092.96875,60586.76953125,59963.828125,60550.5,6500.0,-0.27913648284401127,-0.002795267952296686,60168.69140625,0.9987414940481465,1.0103886197017211,60538.46037946428,61151.58450520833,0,0.8179054764893562,0.6757305450495299,0,1,1,1,0,7800.0,0.8333333333333334,1
2023-01-17,60655.71875,60704.48046875,60072.33984375,60142.078125,6600.0,0.9364656326785292,0.009321079774430818,60276.59821428572,1.0062896803559898,1.0105229898925898,60520.27734375,61085.896484375,0,0.8286300137023008,0.7302014878823669,1,1,1,0,0,7514.285714285715,0.8783269961977186,1
2023-01-18,61045.73828125,61110.25,60569.19140625,60716.03125,6900.0,0.6430053740810626,0.00640946913820222,60319.23102678572,1.0120443719539738,1.0089329010539534,60513.98158482143,61040.3984375,0,0.6745326018902578,0.7452375056590916,2,1,1,0,0,7357.142857142857,0.937864077669903,0
2023-01-19,60858.4296875,61032.46875,60716.55078125,60920.01953125,8500.0,-0.3068332024866893,-0.0030730490068901738,60425.36662946428,1.0071669082405625,1.0052031606651735,60515.24525669643,60983.3234375,0,0.5098927117344729,0.7382248225778224,3,1,1,0,0,7357.142857142857,1.1553398058252426,0
2023-01-20,60621.76953125,61001.1796875,60585.25,60901.16015625,6300.0,-0.38886996832685483,-0.003896280334848632,60499.119419642855,1.0020273040795256,1.006865197180832,60476.243861607145,60931.32669270833,0,0.5511618245939033,0.7282312754301594,4,1,1,0,1,6871.428571428572,0.9168399168399168,1
2023-01-23,60941.671875,61113.26953125,60761.87890625,60876.01171875,6600.0,0.5277020882491712,0.005263146197724093,60639.63950892857,1.004980774432654,1.0057830770102116,60451.06333705357,60891.69674479167,0,0.542301885430814,0.7422471733727499,0,1,1,1,0,6942.857142857143,0.9506172839506173,1
2023-01-24,60978.75,61266.05859375,60849.12109375,61122.19921875,9500.0,0.06084198851001865,0.0006082348727615475,60742.14955357143,1.0038951609083229,1.0068519888620515,60474.013392857145,60839.87838541667,0,0.531114800777688,0.6841732318907965,1,1,1,0,0,7271.428571428572,1.306483300589391,0
2023-01-25,60205.05859375,60899.2109375,60081.359375,60834.73046875,8100.0,-1.2687885636389673,-0.01276906424492339,60758.162388392855,0.9908966339187948,1.0136124011009031,60463.42689732143,60757.45,1,0.7551896589660694,0.757666154205117,2,1,1,0,0,7500.0,1.08,0
2023-01-27,59330.8984375,60166.8984375,58974.69921875,60166.8984375,12900.0,-1.4519712739566204,-0.01462615536929481,60568.90234375,0.9795604037989019,1.0202154353399562,60422.750279017855,60675.17890625,0,0.814151955461098,0.8298191376010422,4,1,1,0,1,8400.0,1.5357142857142858,1
2023-01-30,59500.41015625,59644.23828125,58699.19921875,59101.69140625,11500.0,0.28570563267058535,0.002852982698491182,60348.14118303572,0.9859526571959433,1.016099692586575,60333.68610491072,60613.932291666664,0,0.7532093943830064,0.7230639816335044,0,1,1,1,0,9057.142857142857,1.2697160883280758,1
2023-01-31,59549.8984375,59787.62890625,59104.58984375,59770.828125,9000.0,0.08317300858942112,0.0008313843900967706,60161.20814732143,0.9898388059574125,1.0115564470425342,60293.287388392855,60538.72252604167,0,0.7722551316298049,0.6770276972183075,1,1,1,0,0,9128.57142857143,0.9859154929577464,1
2023-02-01,59708.078125,60773.44140625,58816.83984375,60001.171875,25300.0,0.2656254530240876,0.0026527329209913874,60030.68080357143,0.9946260366490424,1.0332660096614816,60264.900111607145,60472.248828125,0,0.7998822804175026,0.682768673217367,2,2,1,0,0,11842.857142857143,2.1363088057901085,1
2023-02-02,59932.23828125,60007.671875,59215.62109375,59459.87109375,10400.0,0.3754268489109869,0.003747238811869425,59886.47600446428,1.0007641504366078,1.013375706724346,60263.05775669643,60434.41549479167,0,0.7781250977768487,0.6889006506037609,3,2,1,0,0,12385.714285714286,0.839677047289504,1
2023-02-03,60841.87890625,60905.33984375,60013.05859375,60350.01171875,9100.0,1.5177818334286775,0.015063787626820906,59866.92299107143,1.0162853854260052,1.0148681182214054,60304.53627232143,60434.9375,0,1.0260304146296255,0.7915994576134986,4,2,1,0,1,12328.57142857143,0.7381228273464657,0
2023-02-06,60506.8984375,60847.2109375,60345.609375,60847.2109375,7500.0,-0.5505754831571896,-0.005520967363044886,59910.04296875,1.009962527802915,1.0083121467774556,60334.10267857143,60456.99114583333,0,0.9106466006951801,0.8040723984894059,0,2,1,1,0,12242.857142857143,0.6126021003500584,0
2023-02-07,60286.0390625,60655.140625,60063.48828125,60511.3203125,13600.0,-0.365015197776386,-0.0036568300380703535,60046.49162946428,1.0039893660151524,1.0098504492609481,60307.696986607145,60447.64505208333,0,0.6669335301559906,0.7683990561630317,1,2,1,0,0,12342.857142857143,1.1018518518518519,1
2023-02-08,60663.7890625,60792.1015625,60324.921875,60332.98828125,13300.0,0.6265961504095197,0.006246411989148311,60212.68861607143,1.0074917838215942,1.0077443894327465,60280.41489955357,60438.85703125,0,0.6838834937417809,0.7672872940987097,2,2,1,0,0,12600.0,1.0555555555555556,1
2023-02-09,60806.21875,60863.62890625,60472.80859375,60715.890625,8500.0,0.2347853467465688,0.0023451015660458335,60392.16294642857,1.0068561181347109,1.0064627445225092,60276.685546875,60435.38828125,0,0.6790314449504159,0.7665657721200945,3,2,1,0,0,12528.57142857143,0.6784492588369441,0
2023-02-10,60682.69921875,60774.140625,60501.73828125,60706.80859375,5300.0,-0.20313634655995116,-0.0020334294827261457,60531.39453125,1.0024996068349605,1.0045023887162332,60281.03766741072,60420.348958333336,1,0.705655148619555,0.7609681609944755,4,2,1,0,1,9671.42857142857,0.5480059084194978,0
2023-02-13,60431.83984375,60740.94921875,60245.05078125,60652.8203125,5800.0,-0.41339521515959543,-0.004142520554189017,60602.76618303572,0.9971795620884784,1.0082313556228977,60244.62109375,60406.719010416666,1,0.7413322558736747,0.7532330755789913,0,2,1,1,0,9014.285714285714,0.6434231378763867,1
2023-02-14,61032.26171875,61102.73828125,60550.25,60550.25,7000.0,0.9935522012112008,0.009886489223366293,60629.96372767857,1.0066352998804082,1.0091244591269235,60248.443359375,60402.201432291666,1,0.5871592004114917,0.8040270703460416,1,2,1,0,0,8714.285714285714,0.8032786885245902,1
2023-02-15,61275.08984375,61352.55078125,60750.3203125,60990.05078125,5700.0,0.39786846851423974,0.003970790650884999,60739.705357142855,1.00881440704164,1.009913206476149,60324.87416294643,60401.564453125,1,0.5334976130752168,0.7191417040584571,2,2,1,0,0,8457.142857142857,0.6739864864864865,1
2023-02-16,61319.51171875,61682.25,61196.71875,61566.21875,6900.0,0.07249581373649505,0.0007246954821495091,60887.34430803572,1.007097820008833,1.0079339425367475,60466.91796875,60423.633203125,1,0.48192006865037196,0.5590480142504938,3,2,1,0,0,7500.0,0.92,0
2023-02-17,61002.5703125,61302.71875,60810.671875,60993.5390625,8100.0,-0.5168687704228514,-0.005182091577425677,60935.74162946428,1.0010967074700114,1.0080914559867293,60574.215122767855,60445.2765625,1,0.522730993127788,0.5937636770966717,4,2,1,0,1,6757.142857142857,1.1987315010570825,0
2023-02-20,60691.5390625,61290.19140625,60607.01953125,61112.83984375,6100.0,-0.5098658112382304,-0.005111700621406647,60919.35881696428,0.9962603061015665,1.0112721575864285,60655.76088169643,60471.648828125,1,0.5605625452034574,0.6216908967148607,0,2,1,1,0,6414.285714285715,0.9510022271714922,0
2023-02-21,60672.71875,60976.58984375,60583.71875,60770.4296875,5100.0,-0.03100977960143192,-0.00031014588627791245,60917.93303571428,0.9959746781695544,1.0064847635941794,60724.663783482145,60469.1625,1,0.5552277559912766,0.6220437981085294,1,2,1,0,0,6385.714285714285,0.7986577181208054,0
2023-02-22,59744.98046875,60462.8984375,59681.55078125,60391.859375,8100.0,-1.5290863840678015,-0.015408974656948673,60819.810267857145,0.9823276364333681,1.01309194627187,60711.28822544643,60456.8125,1,0.7996614292297759,0.7550540514088997,2,2,1,0,0,6714.285714285715,1.2063829787234042,0
2023-02-23,59605.80078125,59960.0390625,59406.30859375,59777.640625,7100.0,-0.23295628588044792,-0.0023322805118104147,60616.03013392857,0.9833339571983432,1.0093210718164074,60622.99693080357,60440.155859375,1,0.618528604009655,0.6123134599795821,3,2,1,0,0,6728.571428571428,1.0552016985138004,0
2023-02-24,59463.9296875,59908.76953125,59325.33984375,59859.48046875,5300.0,-0.23801558219250785,-0.002382992895472195,60357.29296875,0.9851987516784005,1.0098344095294967,60548.49916294643,60423.685807291666,0,0.5337302664173165,0.6019897805895866,4,2,1,0,1,6671.428571428572,0.7944325481798715,0
2023-02-27,59288.3515625,59441.12890625,58937.640625,59331.30859375,7500.0,-0.29526828435778585,-0.0029570506114395996,60067.127232142855,0.9870349106819591,1.0085427288216968,60477.23577008928,60391.258203125,0,0.49297257110184917,0.6001134752043435,0,2,1,1,0,6757.142857142857,1.1099365750528543,0
2023-02-28,58962.12109375,59483.71875,58795.96875,59346.609375,6900.0,-0.5502437833949547,-0.005517632007303227,59775.634486607145,0.9863905519390277,1.011697230518036,60355.68805803572,60353.56328125,0,0.4935607974428949,0.5695173566162032,1,2,1,0,0,6585.714285714285,1.0477223427331888,1
2023-03-01,59411.078125,59475.44921875,59109.5390625,59136.48046875,5900.0,0.7614329724267455,0.007585487034996452,59592.71149553572,0.9969520874956441,1.0061903740420493,60256.03515625,60312.07526041667,0,0.6807590768823398,0.6160447572428588,2,3,1,0,0,6557.142857142857,0.8997821350762527,0
2023-03-02,58909.3515625,59423.7890625,58866.26171875,59287.1796875,5200.0,-0.844500013018401,-0.008480861184249918,59340.80189732143,0.9927292803429254,1.009471084581755,60129.367466517855,60240.86236979167,0,0.6960200447072286,0.6424681523287258,3,3,1,0,0,6571.428571428572,0.7913043478260869,1
2023-03-03,59808.96875,59967.0390625,59231.578125,59241.19921875,9200.0,1.527121184733371,0.01515578059165238,59349.943080357145,1.0077342225757715,1.0124167034001341,60084.876674107145,60205.88033854167,0,0.8290161142419374,0.7879891831832188,4,3,1,0,1,6728.571428571428,1.3673036093418258,1
2023-03-06,60224.4609375,60498.48046875,60005.6484375,60007.0390625,5900.0,0.6946987988319053,0.006922968843576158,59438.32310267857,1.0132261105930493,1.0082130940016976,60027.17661830357,60192.63671875,0,0.8558813670996531,0.7604976478207474,0,3,1,1,0,6557.142857142857,0.8997821350762527,1
2023-03-08,60348.08984375,60402.8515625,59844.8203125,59916.1015625,6500.0,0.2052802205706694,0.0020506980863273603,59564.63169642857,1.0131530763308387,1.0093246374053102,59960.96233258928,60172.85065104167,0,0.8385466056940686,0.7526477030092549,2,3,1,0,0,6728.571428571428,0.9660297239915074,0
2023-03-09,59806.28125,60467.08984375,59750.53125,60467.08984375,7700.0,-0.897805705454513,-0.00901860267180029,59638.62165178572,1.0028112587710898,1.0119925058197705,59852.87444196428,60133.768359375,0,0.9259180517694973,0.7791357042065061,3,3,1,0,0,6757.142857142857,1.1395348837209303,0
2023-03-10,59135.12890625,59262.46875,58884.98046875,59259.828125,6300.0,-1.122210459708195,-0.011285547501363907,59663.33705357143,0.9911468554491487,1.0064106038287697,59719.48577008928,60098.10403645833,0,1.0165480150977493,0.8154860808021531,4,3,1,0,1,6671.428571428572,0.9443254817987152,0
2023-03-13,58237.8515625,59510.921875,58094.55078125,59033.76953125,8000.0,-1.517333876404503,-0.015289631736725642,59495.73325892857,0.9788576150334309,1.024380446611649,59544.222377232145,60061.669140625,0,1.109945600321573,0.8846690211988437,0,3,1,1,0,6971.428571428572,1.1475409836065573,0
2023-03-14,57900.19140625,58490.98046875,57721.16015625,58168.75,10200.0,-0.5797950082132242,-0.005814823446937563,59351.56752232143,0.9755461198977503,1.01333688218352,59346.18470982143,60008.328515625,0,1.0918398316248115,0.8844349830575279,1,3,1,0,0,7685.714285714285,1.3271375464684017,0
2023-03-15,57555.8984375,58473.62890625,57455.671875,58268.5390625,7600.0,-0.5946318317573529,-0.005964068067092401,59029.70033482143,0.9750328751634872,1.017717259202271,59189.82170758928,59941.86184895833,0,0.7644740038652054,0.8198781445783082,2,3,1,0,0,7457.142857142857,1.0191570881226053,1
2023-03-16,57634.83984375,57887.4609375,57158.69140625,57510.80078125,7900.0,0.13715606635125166,0.0013706209333521446,58659.75446428572,0.9825278058202626,1.0127499337952008,59049.038783482145,59872.75390625,0,0.6312829788969249,0.8268642228948402,3,3,1,0,0,7742.857142857143,1.0202952029520296,1
2023-03-17,57989.8984375,58178.94140625,57503.8984375,58038.171875,6300.0,0.6160485475670274,0.006141587260095677,58322.86997767857,0.9942908924011111,1.0117390818204037,58943.75083705357,59808.00924479167,0,0.7322541537461102,0.8576924659772768,4,3,1,0,1,7714.285714285715,0.8166666666666667,0
2023-03-20,57628.94921875,57829.23046875,57084.91015625,57773.55078125,6500.0,-0.6224346454736795,-0.006243798458478717,58011.822544642855,0.9934000810679889,1.0130388277823803,58825.22209821428,59700.91158854167,0,0.7186983936336097,0.8656207524062585,0,3,1,1,0,7542.857142857143,0.8617424242424242,1
2023-03-21,58074.6796875,58133.328125,57730.08984375,57963.26953125,5500.0,0.7734488912127802,0.007704731095271862,57860.329799107145,1.003704608825029,1.0069848892032107,58761.83342633928,59619.837630208334,0,0.8082444725187121,0.896070531480198,1,3,1,0,0,7428.571428571428,0.7403846153846154,1
2023-03-22,58214.58984375,58418.78125,58063.5,58245.26171875,0.0,0.24091421081073872,0.002406244777712938,57857.00669642857,1.00618046400495,1.006118839718584,58676.36997767857,59550.789322916666,0,0.596048377410664,0.867726045053788,2,3,1,0,0,6285.714285714285,0.0,0
2023-03-23,57925.28125,58396.171875,57838.8515625,58061.41015625,5100.0,-0.4969692211634791,-0.004982082198634111,57860.59095982143,1.001118037149387,1.0096357430592786,58606.07924107143,59459.50572916667,0,0.5834054295512765,0.8508820690960177,3,3,1,0,0,5557.142857142857,0.9177377892030849,0
2023-03-24,57527.1015625,58066.3984375,57422.98046875,57890.66015625,6400.0,-0.687402251499647,-0.006897757439906798,57856.47712053572,0.9943070236138036,1.0112048863276986,58443.08872767857,59350.201822916664,0,0.6001799235099624,0.7170669275592844,4,3,1,0,1,5385.714285714285,1.1883289124668437,1
2023-03-27,57653.859375,58019.55078125,57415.01953125,57566.8984375,6000.0,0.2203445142500149,0.002201021117403293,57859.19419642857,0.9964511289125204,1.0105291482078302,58259.474330357145,59249.240494791666,0,0.6042873996778819,0.677853662558914,0,3,1,1,0,5114.285714285715,1.1731843575418994,0
2023-03-28,57613.71875,57949.44921875,57494.91015625,57751.5,4500.0,-0.06962348303330979,-0.000696477314359665,57805.45424107143,0.9966830899680882,1.0079057269811316,58064.162109375,59155.303125,0,0.5412574159796935,0.6656838903666148,1,3,1,0,0,4857.142857142857,0.9264705882352942,1
2023-03-29,57960.08984375,58124.19921875,57524.3203125,57572.078125,5900.0,0.6011955160419191,0.005993955464210529,57852.760044642855,1.0018552234850044,1.010428265870699,57932.291294642855,59052.89739583333,0,0.5388605902199239,0.6872888281589137,2,3,1,0,0,4771.428571428572,1.2365269461077844,1
2023-03-31,58991.51953125,59068.46875,58273.859375,58273.859375,6500.0,1.779551567778026,0.017639029265640538,57983.73716517857,1.0173804313992483,1.013635777405553,57922.033482142855,58976.77838541667,0,0.8163868381719517,0.8195853623240114,4,3,1,0,1,4914.285714285715,1.322674418604651,1
2023-04-03,59106.44140625,59204.8203125,58793.078125,59131.16015625,4300.0,0.19481084046177877,0.0019462133022837566,58111.14453125,1.017127469834375,1.007003242569212,57984.07561383928,58903.009375,0,0.8164405141343763,0.6965534106490205,0,4,2,1,0,5528.571428571428,0.7777777777777778,1
2023-04-05,59689.30859375,59747.12109375,59094.3984375,59094.7109375,5000.0,0.9861314158533752,0.009813008710591218,58363.1484375,1.0227225602414194,1.0110454234835868,58111.86969866072,58859.233984375,0,0.7913414868397337,0.7032993779110542,2,4,2,0,0,5514.285714285715,0.9067357512953367,1
2023-04-06,59832.96875,59950.05859375,59520.12109375,59627.01171875,4700.0,0.24067987992248963,0.002403907097894379,58692.55803571428,1.0194302438409957,1.007223397602347,58274.517578125,58830.614973958334,0,0.6347643523090343,0.6631700130717373,3,4,2,0,0,5271.428571428572,0.8915989159891599,1
2023-04-10,59846.51171875,60109.109375,59766.23046875,59858.98046875,11000.0,0.022634626081452502,0.00022632064836441466,59005.79408482143,1.0142480521950104,1.0057370007035877,58432.494140625,58803.07473958333,1,0.6566627041861544,0.6657629068175125,0,4,2,1,0,5985.714285714285,1.8377088305489262,1
2023-04-11,60157.71875,60267.6796875,59919.87890625,60028.6015625,6900.0,0.5200086392879832,0.005186612633257204,59369.22265625,1.0132812265088162,1.0058044306430285,58587.33844866072,58816.832682291664,1,0.6014531442541714,0.6624247026866072,1,4,2,0,0,6328.571428571428,1.090293453724605,1
2023-04-12,60392.76953125,60437.640625,60094.69140625,60180.19921875,5900.0,0.39072422647343785,0.003899628818950957,59716.748325892855,1.011320462421495,1.0057068138753156,58784.754185267855,58843.06497395833,1,0.6078188045628999,0.611454822078682,2,4,2,0,0,6328.571428571428,0.9322799097065463,1
2023-04-13,60431.0,60486.91015625,60081.4296875,60364.41015625,6600.0,0.06330305605577458,0.0006328302812299453,59922.388392857145,1.0084878393666212,1.0067488485353797,58953.062779017855,58875.30065104167,1,0.3317827466648963,0.6018333610904528,3,4,2,0,0,6342.857142857143,1.0405405405405406,0
2023-04-17,59910.75,60407.859375,59442.46875,60385.8984375,15200.0,-0.860899207360466,-0.008646263513057426,60037.28962053572,0.9978923162365338,1.0162407558989548,59074.217075892855,58896.047265625,1,0.5677279814442254,0.6757126153688934,0,4,2,1,0,7900.0,1.9240506329113924,0
2023-04-18,59727.01171875,60113.46875,59579.30078125,59991.26171875,7300.0,-0.3066866651644351,-0.0030715791246578683,60042.67578125,0.9947426716349211,1.0089656636070845,59202.912109375,58921.543619791664,1,0.46904684746288583,0.6622326257647779,1,4,2,0,0,8228.57142857143,0.8871527777777777,0
2023-04-19,59567.80078125,59745.890625,59452.71875,59745.890625,7800.0,-0.2665643783581695,-0.002669202938338345,60004.794642857145,0.992717350934903,1.0049311769278844,59348.67633928572,58926.76770833333,1,0.46663931824490085,0.6264063718570507,2,4,2,0,0,8671.42857142857,0.899505766062603,1
2023-04-20,59632.3515625,59836.7890625,59489.98046875,59586.609375,6600.0,0.10836522484194422,0.0010830655211556469,59974.20033482143,0.9943000695230121,1.0058296975560814,59489.99720982143,58950.86770833333,1,0.4703562623350657,0.6275433954203862,3,4,2,0,0,8042.857142857143,0.8206039076376553,1
2023-04-21,59655.05859375,59781.359375,59412.80859375,59538.7890625,5700.0,0.038078376342753906,0.0003807112836891154,59902.39174107143,0.9958710639069217,1.0062032209884246,59635.80719866072,58945.73736979167,1,0.4034925961881145,0.624065150237008,4,4,2,0,1,7871.428571428572,0.7241379310344828,1
2023-04-24,60056.1015625,60101.640625,59620.109375,59873.7109375,6600.0,0.6722698430003948,0.00670020186172664,59854.29631696428,1.0033716083548463,1.008076658279361,59785.52232142857,58940.125390625,1,0.47114355336192776,0.6274148845857693,0,4,2,1,0,7971.428571428572,0.8279569892473119,1
2023-04-25,60130.7109375,60268.671875,59967.01953125,60202.76953125,6500.0,0.12423279743249971,0.0012415569234597397,59811.39787946428,1.0053386656951109,1.005030304092282,59866.89313616072,58932.87942708333,1,0.47475703781167866,0.4487160561563618,1,4,2,0,0,7957.142857142857,0.8168761220825853,1
2023-04-26,60300.578125,60362.7890625,59954.91015625,60087.98046875,4500.0,0.28249655600540713,0.0028209828437740993,59867.087611607145,1.0072408819384226,1.0068030942784671,59952.18861607143,58949.35598958333,1,0.3328478701199202,0.45018486747487113,2,4,2,0,0,6428.571428571428,0.7000000000000001,1
2023-04-27,60649.37890625,60698.30859375,60271.48828125,60315.55859375,5500.0,0.5784368775485937,0.005767703548749381,59998.85435267857,1.01084228291673,1.0070816288874151,60020.76506696428,58999.83098958333,1,0.323626288455962,0.4021356068998307,3,4,2,0,0,6171.428571428572,0.8912037037037037,1
2023-04-28,61112.44140625,61209.4609375,60507.828125,60721.609375,7200.0,0.763507406589925,0.007606074404076937,60219.517299107145,1.0148278190724735,1.0115957361921921,60112.155970982145,59095.650651041666,1,0.29896240292881615,0.43745146805618174,4,4,2,0,1,6085.714285714285,1.1830985915492958,1
2023-05-02,61354.7109375,61486.23828125,61255.0,61301.609375,6700.0,0.39643242141071955,0.003956486986914656,60465.568638392855,1.0147049357035665,1.0037750107134111,60219.884486607145,59210.80130208333,1,0.27644273336286784,0.44033718223209717,1,5,2,0,0,6100.0,1.098360655737705,0
2023-05-03,61193.30078125,61274.9609375,61024.44140625,61274.9609375,6100.0,-0.2630770380687153,-0.002634236938231132,60685.31752232143,1.0083707769798143,1.0041052326818078,60293.85463169643,59332.048046875,1,0.3556736722903169,0.4433912738042709,2,5,2,0,0,6157.142857142857,0.9907192575406033,1
2023-05-04,61749.25,61797.91015625,61119.55859375,61258.12890625,8100.0,0.9085132059428735,0.009044110517378409,60927.19587053572,1.0134924005235866,1.011098764096267,60390.74609375,59469.195052083334,1,0.3983484135424446,0.48690957501586124,3,5,2,0,0,6371.428571428572,1.2713004484304933,0
2023-05-05,61054.2890625,61585.5,61002.171875,61163.1015625,5600.0,-1.1254564832771208,-0.011318376682380765,61059.13560267857,0.9999206254701981,1.0095624156824334,60435.26674107143,59571.34140625,1,0.7043411127868232,0.5963924048922403,4,5,2,0,1,6242.857142857143,0.897025171624714,1
2023-05-08,61764.25,61854.19140625,61166.08984375,61166.08984375,7900.0,1.1628354836352717,0.011561265112774928,61268.23158482143,1.0080958500408466,1.0112497229144084,60567.65959821428,59709.184765625,1,0.7906414070342452,0.5973618315252857,0,5,2,1,0,6728.571428571428,1.1740976645435244,0
2023-05-09,61761.328125,62027.51171875,61654.94140625,61879.6796875,6900.0,-0.004730689678900113,-4.730801579553432e-05,61427.08147321428,1.005441356544531,1.006042829723008,60712.96791294643,59832.073046875,1,0.7927746616535647,0.5821586372422842,1,5,2,0,0,6928.571428571428,0.9958762886597938,1
2023-05-10,61940.19921875,61974.3515625,61572.9296875,61843.359375,4800.0,0.28961665686331184,0.0028919807581585274,61545.33258928572,1.0064158663679563,1.0065194538742486,60882.42494419643,59956.260026041666,1,0.7625249819708125,0.563529594135024,2,5,2,0,0,6585.714285714285,0.7288503253796096,0
2023-05-11,61904.51953125,62168.21875,61823.0703125,62158.1015625,6100.0,-0.057603443240461516,-0.0005762004039782276,61623.876674107145,1.0045541253210506,1.0055828420645458,61044.72265625,60088.90130208333,1,0.7618330278331827,0.5691543013224883,3,5,2,0,0,6500.0,0.9384615384615385,1
2023-05-12,62027.8984375,62110.9296875,61578.1484375,61857.69140625,7000.0,0.19930516735167103,0.0019910681810614405,61743.10491071428,1.0046125559639016,1.0086521154584691,61214.211216517855,60238.92786458333,1,0.7418530452106641,0.565744044873842,4,5,2,0,1,6628.571428571428,1.0560344827586208,1
2023-05-15,62345.7109375,62562.671875,61950.30078125,62157.1015625,6900.0,0.5123702527504381,0.005110621028488671,61828.31361607143,1.0083682910169829,1.0098848768452686,61377.75474330357,60395.322916666664,1,0.6918726479793994,0.5587975475886342,0,5,2,1,0,6457.142857142857,1.0685840707964602,0
2023-05-16,61932.46875,62475.94921875,61847.41015625,62474.109375,5900.0,-0.6628237633127032,-0.006650301952600813,61953.767857142855,0.9996562096563365,1.01016273859992,61506.45172991072,60539.28125,1,0.5605326424204344,0.6115868968613694,1,5,2,0,0,6500.0,0.9076923076923077,0
2023-05-17,61560.640625,61979.94140625,61340.1015625,61932.3203125,6700.0,-0.6003767208133448,-0.006021862280565257,61924.68080357143,0.9941212425506692,1.010431020286102,61596.45619419643,60659.299609375,1,0.4423860843313184,0.64827001318679,2,5,2,0,0,6328.571428571428,1.0586907449209932,0
2023-05-18,61431.73828125,61955.8984375,61349.33984375,61937.859375,8200.0,-0.20939084200766178,-0.002096103711340355,61877.59654017857,0.9927945123298533,1.0098869620324333,61652.33900669643,60740.640234375,1,0.4459281114234569,0.6423651403114553,3,5,2,0,0,6514.285714285715,1.2587719298245614,1
2023-05-19,61729.6796875,61784.609375,61251.69921875,61556.25,6100.0,0.48499589070059024,0.004838235745593357,61847.52232142857,0.9980946264376424,1.0087003326119461,61696.427455357145,60828.08151041667,1,0.47758523513732265,0.6240717403718522,4,5,2,0,1,6700.0,0.9104477611940298,1
2023-05-22,61963.6796875,62044.4609375,61579.78125,61579.78125,5600.0,0.37907211115397743,0.0037835544338084017,61855.97377232143,1.0017412370804317,1.0075459782101774,61739.92522321428,60903.893880208336,1,0.5038641561662904,0.6233978489488249,0,5,2,1,0,6628.571428571428,0.8448275862068966,1
2023-05-23,61981.7890625,62245.19140625,61914.3984375,62098.16015625,8400.0,0.0292257901585824,0.0002922152025645193,61849.38671875,1.0021407220147887,1.005342747036199,61796.245814732145,60975.521223958334,1,0.4975416700406524,0.6161514726199524,1,5,2,0,0,6828.571428571428,1.2301255230125523,0
2023-05-24,61773.78125,62154.140625,61708.1015625,61834.28125,5900.0,-0.3355950443609368,-0.0033615942757843614,61767.68247767857,1.0000987372696657,1.0072282091201306,61797.998046875,61039.76354166667,1,0.4502687054899476,0.5780644153720988,2,5,2,0,0,6685.714285714285,0.8824786324786326,1
2023-05-25,61872.62109375,61934.01171875,61484.66015625,61706.12890625,8400.0,0.16000290374000858,0.00159875035471107,61759.1328125,1.0018375951228873,1.0073083523818473,61856.45033482143,61096.926953125,1,0.39180812584541225,0.4782738410096637,3,5,2,0,0,7042.857142857143,1.1926977687626774,1
2023-05-26,62501.69140625,62529.828125,61911.609375,61985.359375,9200.0,1.0167183826701454,0.010115845696119284,61893.568638392855,1.009825298189058,1.0099855060503344,61909.124720982145,61167.224348958334,1,0.45885940498667926,0.45419550684814214,4,5,2,0,1,7400.0,1.2432432432432432,1
2023-05-29,62846.37890625,63026.0,62801.5390625,62801.5390625,9600.0,0.551485075435143,0.005499699643481907,62095.66015625,1.012089713646831,1.0035741311574644,61986.62834821428,61247.736979166664,1,0.4299937087537565,0.46973131466743867,0,5,2,1,0,7600.0,1.263157894736842,1
2023-05-30,62969.12890625,63036.12109375,62737.3984375,62839.8515625,7800.0,0.19531753799706397,0.0019512704130245546,62272.724330357145,1.0111831397033222,1.0047614766262198,62060.123325892855,61349.682942708336,1,0.4261262151920557,0.46786936719360295,1,5,2,0,0,7842.857142857143,0.994535519125683,0
2023-05-31,62622.23828125,62876.76953125,62401.01953125,62839.96875,7300.0,-0.55088998533942,-0.005524129801450693,62366.80412946428,1.0040956748602266,1.007624074150932,62111.388950892855,61446.19049479167,1,0.5253796555980593,0.4996670700600559,2,5,2,0,0,8085.714285714285,0.902826855123675,0
2023-06-01,62428.5390625,62762.41015625,62359.140625,62736.46875,8000.0,-0.30931379022266503,-0.0030979315407432336,62430.62555803572,0.9999665789743885,1.0064668872471332,62140.006138392855,61541.5484375,1,0.5534326112379387,0.5090048648184782,3,6,2,0,0,8028.571428571428,0.99644128113879,1
2023-06-02,62547.109375,62719.83984375,62379.859375,62601.96875,6300.0,0.1899296608259382,0.0018974952250030706,62541.10100446428,1.0000960707509017,1.0054501640778988,62154.39174107143,61638.70703125,1,0.5184035700737023,0.49339322676677994,4,6,2,0,1,8085.714285714285,0.7791519434628975,1
2023-06-05,62787.46875,62943.19921875,62751.71875,62759.19140625,6100.0,0.38428534492127575,0.003835488550018932,62671.79352678572,1.0018457302193664,1.0030513979945768,62215.463169642855,61743.120703125,1,0.523932670281294,0.4594384924163623,0,6,2,1,0,7757.142857142857,0.7863720073664825,1
2023-06-06,62792.87890625,62867.94921875,62554.2109375,62738.3515625,8100.0,0.00861661786613066,8.616246656937037e-05,62713.39174107143,1.0012674671704371,1.0050154622134626,62303.480189732145,61834.34661458333,1,0.38595802147006,0.41479237956255177,1,6,2,0,0,7600.0,1.0657894736842106,1
2023-06-07,63142.9609375,63196.4296875,62841.94921875,62917.390625,6900.0,0.5575186826083822,0.005559702995517886,62755.76060267857,1.0061699568470357,1.0056408254861107,62425.71037946428,61934.75494791667,1,0.3872248298239008,0.4153911176146787,2,6,2,0,0,7214.285714285715,0.9564356435643564,0
2023-06-08,62848.640625,63321.3984375,62789.73046875,63140.171875,11000.0,-0.4661173757615211,-0.004672070903527571,62738.54799107143,1.0017547845376378,1.0084674351168716,62505.63616071428,62019.69036458333,1,0.4293656751997494,0.44165532068127195,3,6,2,0,0,7671.428571428572,1.4338919925512104,0
2023-06-09,62625.62890625,62992.16015625,62594.73828125,62810.6796875,41400.0,-0.3548393672993644,-0.003554704154293449,62739.03236607143,0.9981924576209633,1.006349125915573,62552.918247767855,62085.56536458333,1,0.3944377265576125,0.4531352219081835,4,6,2,0,1,12542.857142857143,3.3006833712984056,1
2023-06-12,62724.7109375,62804.890625,62615.19921875,62659.98046875,4900.0,0.15821323151632427,0.0015808820623684154,62781.34263392857,0.9990979534037877,1.0030294786029077,62605.984095982145,62139.30768229167,1,0.3719925510543436,0.45340296141986763,0,6,2,1,0,12100.0,0.4049586776859504,1
2023-06-13,63143.16015625,63177.46875,62777.0390625,62779.140625,5500.0,0.6671202027012102,0.006649048033366092,62866.49274553572,1.0044008723666857,1.0063786010535052,62703.796875,62198.92265625,1,0.4361956244088872,0.4608032889315942,1,6,2,0,0,11985.714285714286,0.45887961859356374,1
2023-06-14,63228.51171875,63274.03125,63013.51171875,63115.48046875,11900.0,0.13517150913699982,0.0013508023469469034,62929.49888392857,1.0047515527713473,1.0041343439548773,62800.646205357145,62266.763020833336,1,0.4225495090801919,0.4608416036579737,2,6,2,0,0,12814.285714285714,0.9286510590858418,0
2023-06-15,62917.62890625,63310.9609375,62871.078125,63153.78125,6700.0,-0.4916813697637745,-0.004928940994208834,62947.3203125,0.9995283134198152,1.006996584528508,62830.35602678572,62305.708984375,1,0.4792494115886525,0.41849929125243257,3,6,2,0,0,12614.285714285714,0.5311438278595697,1
2023-06-16,63384.578125,63520.359375,62957.171875,62960.73046875,5500.0,0.7421595932131764,0.007394191395777861,62981.83705357143,1.0063945589755663,1.0089455654253052,62868.798828125,62383.38528645833,1,0.5167766165079483,0.4387506949877015,4,6,2,0,1,12414.285714285714,0.44303797468354433,0
2023-06-19,63168.30078125,63574.69140625,63047.828125,63474.2109375,1400.0,-0.3412144564936326,-0.0034179792064099692,63027.50279017857,1.0022339135272447,1.008356565117603,62883.025390625,62430.18697916667,1,0.49755451153313723,0.4494939313882214,0,6,2,1,0,11042.857142857143,0.12677878395860284,1
2023-06-20,63327.69921875,63440.19140625,62801.91015625,63176.76953125,5000.0,0.252339283356684,0.0025202144236655824,63127.798549107145,1.0031666028950361,1.0101634050367572,62933.41545758928,62482.39934895833,1,0.4620841889379935,0.4208915958863018,1,6,2,0,0,5842.857142857143,0.8557457212713936,1
2023-06-21,63523.1484375,63588.30859375,63315.62109375,63467.4609375,10600.0,0.30863148537083607,0.0030815619607918905,63241.861049107145,1.0044478037762747,1.0043067965738857,63011.601841517855,62535.164322916666,1,0.46545606336458806,0.4090610566841027,2,6,2,0,0,6657.142857142857,1.592274678111588,0
2023-06-22,63238.890625,63601.7109375,63200.62890625,63601.7109375,7300.0,-0.4474869704855333,-0.004484911903846122,63255.536830357145,0.9997368419241814,1.0063461715206181,63061.01478794643,62579.643359375,1,0.4623960309051727,0.435873877724436,3,6,2,0,0,6914.285714285715,1.055785123966942,0
2023-06-23,62979.37109375,63240.62890625,62874.12109375,63124.28125,7300.0,-0.4103796393091774,-0.004112240074192521,63219.9453125,0.9961946468387338,1.0058292315840647,63074.72209821428,62611.359114583334,1,0.48564351868636085,0.44477891158686855,4,6,2,0,1,6257.142857142857,1.1666666666666667,0
2023-06-26,62970.0,63136.08984375,62853.671875,62946.5,4400.0,-0.014879624212271736,-0.00014880731338180706,63227.42689732143,0.9959285564832572,1.0044932612578572,63087.37360491072,62632.16875,1,0.4460751478343814,0.4448805318571343,0,6,2,1,0,5928.571428571428,0.7421686746987952,1
2023-06-27,63416.03125,63467.5390625,63054.83984375,63151.8515625,4800.0,0.7083234079720446,0.007058265811929819,63231.920200892855,1.0029116789197958,1.0065450839265102,63106.878627232145,62681.620833333334,1,0.43694353265553204,0.46042352706920076,1,6,2,0,0,5828.571428571428,0.823529411764706,1
2023-06-28,63915.421875,64050.44140625,63554.8203125,63701.78125,6300.0,0.787483251721155,0.007843987848868363,63338.65178571428,1.0091061314540928,1.0077983242075585,63183.07728794643,62760.113541666666,1,0.4914912977221298,0.4777127801211133,2,6,2,0,0,6528.571428571428,0.9649890590809628,1
2023-06-30,64718.55859375,64768.578125,64068.44140625,64068.44140625,29700.0,1.2565617110698257,0.012487324921584627,63537.345982142855,1.0185908396604908,1.0109279499139134,63332.572265625,62869.67421875,1,0.6430221930951613,0.5437184293391567,4,6,2,0,1,10057.142857142857,2.953125,1
2023-07-03,65205.05078125,65300.3515625,64836.16015625,64836.16015625,8800.0,0.7517042994634737,0.007488930819331923,63777.61774553572,1.0223814103783173,1.0071594524588028,63509.73939732143,62985.519921875,1,0.6640294302039561,0.5600403741587514,0,7,3,1,0,9800.0,0.8979591836734694,1
2023-07-04,65479.05078125,65672.96875,65171.05859375,65503.8515625,6600.0,0.4202128465772059,0.004193324179826718,64097.640625,1.021551653739205,1.0077014270917204,63676.58872767857,63102.698958333334,1,0.5570822663438634,0.5506821913803721,1,7,3,0,0,9700.0,0.6804123711340206,0
2023-07-05,65446.0390625,65584.328125,65256.48828125,65493.6796875,7400.0,-0.0504156953348045,-0.0005042840831955763,64450.021763392855,1.0154541033789515,1.0050238658619972,63834.98353794643,63218.17395833333,1,0.4686505144818896,0.5561561910073716,2,7,3,0,0,9714.285714285714,0.761764705882353,1
2023-07-06,65785.640625,65832.9765625,65328.2890625,65391.87890625,8600.0,0.5189031565007163,0.005175614933584008,64852.256138392855,1.0143924751764277,1.0077254051383033,64039.841517857145,63351.902604166666,1,0.39950038092909107,0.5169756893646607,3,7,3,0,0,10314.285714285714,0.8337950138504155,0
2023-07-07,65280.44921875,65898.9765625,65175.73828125,65559.40625,14300.0,-0.767935679352516,-0.007708994885730956,65118.6015625,1.0024854289306975,1.0110967409088492,64175.26088169643,63465.496875,1,0.6566445466349822,0.5762845043928492,4,7,3,0,1,11671.42857142857,1.2252141982864138,1
2023-07-10,65344.171875,65633.4921875,65246.3984375,65482.328125,14400.0,0.09761369140777187,0.0009756608022485704,65322.708705357145,1.0003285713355774,1.0059327987332634,64330.68024553572,63560.24622395833,1,0.6433458814565651,0.5554202554050186,0,7,3,1,0,12828.57142857143,1.1224944320712693,1
2023-07-11,65617.84375,65870.59375,65517.5703125,65598.6484375,9800.0,0.41881604303368736,0.004179414497517819,65451.178013392855,1.0025464130924129,1.0053882254152005,64494.261997767855,63652.62838541667,1,0.5020829722447411,0.5573998500968432,1,7,3,0,0,9985.714285714286,0.9814020028612302,0
2023-07-12,65393.8984375,65811.640625,65320.25,65759.28125,7400.0,-0.34128721655837246,-0.0034187092985027423,65478.15625,0.9987131920425752,1.0075227915539209,64627.886997767855,63733.45403645833,1,0.47028534373017766,0.5792704198311209,2,7,3,0,0,9785.714285714286,0.7562043795620438,1
2023-07-13,65558.890625,66064.2109375,65452.1484375,65667.0703125,9500.0,0.252305171342071,0.0025198741620750765,65489.56194196428,1.0010586218777453,1.0093512973158467,64793.601283482145,63831.342447916664,1,0.4517110171385652,0.5475822739269252,3,7,3,0,0,10200.0,0.9313725490196079,1
2023-07-14,66060.8984375,66159.7890625,65610.8203125,65775.4921875,10800.0,0.7657356732460707,0.007628187985433007,65577.39899553571,1.0073729585096416,1.0083670459748149,65013.71037946428,63952.42109375,1,0.5296321300908893,0.5268001180073523,4,7,3,0,1,10685.714285714286,1.0106951871657754,1
2023-07-17,66589.9296875,66656.2109375,66015.6328125,66148.1796875,9200.0,0.8008235772035688,0.00797634002456483,65692.29743303571,1.013664193361167,1.0097034308043278,65272.27678571428,64087.18177083333,1,0.5726713426242908,0.5292668240781615,0,7,3,1,0,10771.42857142857,0.8541114058355438,1
2023-07-18,66795.140625,67007.0234375,66574.46875,66828.9609375,8200.0,0.3081711280715105,0.0030769725416273015,65908.68191964286,1.0134498017490008,1.006497305883496,65513.64174107143,64220.770833333336,1,0.3938195179903533,0.5221709851475239,1,7,3,0,0,9900.0,0.8282828282828283,1
2023-07-19,67097.4375,67171.3828125,66703.609375,66905.0078125,8500.0,0.45257315453102187,0.00451552121684679,66159.1484375,1.01418230259397,1.0070127155319322,65740.92857142857,64364.256119791666,1,0.3817454376602789,0.5092210092201731,2,7,3,0,0,9057.142857142857,0.9384858044164038,1
2023-07-20,67571.8984375,67619.171875,66831.3828125,67074.34375,8300.0,0.7071222913691777,0.007046339054290049,66438.29910714286,1.0170624375637465,1.0117877115413008,65944.73856026786,64511.887369791664,1,0.40171325138372294,0.4518189360602004,3,7,3,0,0,8842.857142857143,0.938610662358643,0
2023-07-21,66684.2578125,67190.5234375,66533.7421875,66907.0703125,13200.0,-1.3136239258114357,-0.013223282772347359,66622.63616071429,1.0009249356575602,1.0098714010125736,66050.39620535714,64639.74127604167,1,0.737177565562374,0.6069167315772019,4,7,3,0,1,9671.42857142857,1.3648449039881834,0
2023-07-24,66384.78125,66808.5625,66326.25,66629.140625,8600.0,-0.4490963419613303,-0.004501078090269307,66740.62053571429,0.9946683251840028,1.0072718192269274,66115.09123883929,64765.04635416667,1,0.7877970477389248,0.6227380795018702,0,7,3,1,0,9542.857142857143,0.9011976047904191,0
2023-07-25,66355.7109375,66559.2890625,66177.6171875,66531.203125,11100.0,-0.04379062784062304,-0.00043800218736100854,66782.73660714286,0.99360574766268,1.0057673861831353,66180.06780133929,64886.0796875,1,0.7460819365999947,0.622617508891547,1,7,3,0,0,9585.714285714286,1.1579731743666168,1
2023-07-26,66707.203125,66897.2734375,66431.34375,66434.71875,10500.0,0.5297090220780953,0.0052831099863544905,66799.48995535714,0.9986184500747113,1.00701370258674,66245.89369419643,65004.881119791666,1,0.707625530264572,0.6231825999736892,2,7,3,0,0,9771.42857142857,1.074561403508772,0
2023-07-27,66266.8203125,66984.171875,66060.7421875,66834.1171875,8400.0,-0.6601728027403331,-0.006623615818557033,66724.015625,0.9931479646688306,1.0139784939878367,66316.34877232143,65106.15807291667,1,0.7375825529315838,0.612189779715562,3,7,3,0,0,9800.0,0.8571428571428571,0
2023-07-28,66160.203125,66351.21875,65878.6484375,66266.3515625,12300.0,-0.16089075497695005,-0.0016102032314625507,66590.125,0.9935437593036505,1.0071733455938814,66374.63671875,65214.243880208334,1,0.6946499132832441,0.6164407618632871,4,7,3,0,1,10342.857142857143,1.1892265193370166,1
2023-07-31,66527.671875,66598.421875,65998.8984375,66156.390625,7900.0,0.5554226447970878,0.005538858610292989,66440.94977678571,1.0013052507302445,1.0090838400593571,66439.62444196429,65319.013671875,1,0.663342195546539,0.6230835400903549,0,7,3,1,0,10285.714285714286,0.7680555555555555,0
2023-08-01,66459.3125,66658.1171875,66388.2578125,66532.9765625,10500.0,-0.10275329509267239,-0.0010280612248195692,66408.81473214286,1.0007604076064425,1.004064866045471,66515.72544642857,65428.7140625,1,0.45629989814111516,0.6132660564512296,1,8,3,0,0,9900.0,1.0606060606060606,0
2023-08-02,65782.78125,66261.96875,65431.6796875,66064.40625,7500.0,-1.0179630582245358,-0.0102317973492139,66322.81473214286,0.9918575005550672,1.0126894046808128,66531.71763392857,65510.550130208336,1,0.5749923778565174,0.6818784935448079,2,8,3,0,0,9742.857142857143,0.7697947214076246,0
2023-08-03,65240.6796875,65820.8203125,64963.078125,65550.8203125,9300.0,-0.8240782043553385,-0.008274924993688862,66163.52455357143,0.9860520600693782,1.013203533641826,66473.13058035714,65567.801171875,1,0.6289095153144736,0.6816832002468133,3,8,3,0,0,9485.714285714286,0.9804216867469879,1
2023-08-04,65721.25,65799.2734375,65387.1796875,65453.55078125,12500.0,0.7366114436604843,0.007339117111519108,66022.67410714286,0.9954345365252292,1.006302363123314,66411.08203125,65650.546484375,1,0.6743402247034117,0.6754372591562389,4,8,3,0,1,9771.42857142857,1.2792397660818715,1
2023-08-07,65953.4765625,66067.8984375,65748.25,65811.3984375,7100.0,0.3533507997793617,0.0035272798256271143,65977.91071428571,0.9996296616318828,1.0048617025928446,66350.96316964286,65749.68333333333,1,0.6705069228836043,0.6775988240217033,0,8,3,1,0,9585.714285714286,0.7406855439642325,0
2023-08-08,65846.5,66057.53125,65752.6328125,66048.8125,6300.0,-0.16220003565486918,-0.0016233172232918722,65933.09598214286,0.9986866082829432,1.0046370529126865,66261.61049107143,65845.56666666667,1,0.670538065558613,0.6595232714162282,1,8,3,0,0,8728.57142857143,0.7217675941080196,1
2023-08-09,65995.8125,66066.0078125,65444.37890625,65810.9609375,6600.0,0.22675844577919602,0.002265017368151293,65857.11607142857,1.0021060203793468,1.0094985836314605,66149.03292410714,65931.559375,0,0.630062746577111,0.6240329679274501,2,8,3,0,0,8542.857142857143,0.7725752508361203,0
2023-08-10,65688.1796875,65956.25,65509.140625,65945.390625,6000.0,-0.4661398971336217,-0.004672297171950491,65746.95424107143,0.9991060490291926,1.0068251448688577,66077.88448660714,65990.65130208334,0,0.6439058298240303,0.5396023754457631,3,8,3,0,0,7900.0,0.759493670886076,0
2023-08-11,65322.6484375,65727.796875,65274.609375,65727.796875,7600.0,-0.556464270648005,-0.005580183008337175,65681.22098214286,0.9945407143886631,1.0069427837920324,66002.01785714286,66010.78763020833,0,0.5601761784430923,0.5455822605639089,4,8,3,0,1,7914.285714285715,0.9602888086642599,1
2023-08-14,65401.921875,65517.8203125,64821.87890625,65153.01953125,7600.0,0.12135674133888497,0.0012128316356725083,65704.25558035714,0.9953985673730465,1.0107362115691914,65933.89006696429,66017.35,0,0.46146214974278493,0.5489861397078389,0,8,3,1,0,7671.428571428572,0.9906890130353817,1
2023-08-16,65539.421875,65605.7421875,65032.890625,65238.671875,0.0,0.21023847015197994,0.0021001777834557408,65678.28013392857,0.9978857811342592,1.0088086437031263,65850.47712053571,66019.36236979166,0,0.36004555535182653,0.5269058145434757,2,8,3,0,0,5885.714285714285,0.0,0
2023-08-17,65151.01953125,65535.140625,65046.1015625,65503.8515625,6400.0,-0.592624000392894,-0.0059438698511990375,65563.64341517857,0.993706513817183,1.0075183454619505,65770.77706473214,66009.52838541666,0,0.36571662622751794,0.5219116681005156,3,8,3,0,0,5785.714285714285,1.106172839506173,0
2023-08-18,64948.66015625,65175.3203125,64754.71875,65025.7109375,14300.0,-0.31060047326341156,-0.0031108383768097482,65435.380580357145,0.992561815644834,1.0064953036723676,65684.23828125,65981.62903645834,0,0.3691929700643403,0.5243429724951099,4,8,3,0,1,6928.571428571428,2.063917525773196,1
2023-08-21,65216.08984375,65335.8203125,64852.69921875,64852.69921875,9300.0,0.41175551097840657,0.004109101178150595,65323.99162946428,0.9983482058731755,1.0074495140459832,65590.55385044643,65979.48372395833,0,0.4089283650209505,0.5111221637702367,0,8,3,1,0,7314.285714285715,1.271484375,1
2023-08-22,65220.03125,65362.91015625,65165.44921875,65272.421875,5400.0,0.006043610187989046,6.043427569226331e-05,65257.11328125,0.9994317549553536,1.0030301477219494,65502.03376116072,65975.345703125,0,0.3902480240786949,0.5125719755621407,1,8,3,0,0,7228.571428571428,0.7470355731225297,1
2023-08-23,65433.30078125,65504.7109375,65108.51171875,65300.9296875,7100.0,0.3270000445606991,0.0032646656209056515,65272.92075892857,1.0024570682674636,1.0060852138728262,65477.07087053572,65969.19427083334,0,0.36028408105698967,0.4570050874554731,2,8,3,0,0,7157.142857142857,0.9920159680638723,0
2023-08-24,65252.33984375,65913.7734375,65181.94140625,65722.5078125,5900.0,-0.27655786173002017,-0.0027694098952750954,65251.55189732143,1.0000120755201318,1.0112275273712517,65477.90373883928,65964.47565104166,0,0.37364259666240707,0.4049366658916734,3,8,3,0,0,6914.285714285715,0.8533057851239669,0
2023-08-25,64886.51171875,65106.0,64732.5703125,65000.671875,51700.0,-0.5606360260428933,-0.005622134884559048,65158.279017857145,0.9958291209773563,1.0057688067335693,65418.279575892855,65942.06302083333,0,0.4027763633997933,0.37090925421823734,4,8,3,0,1,14300.0,3.6153846153846154,1
2023-08-28,64996.6015625,65213.44921875,64776.921875,64908.078125,20800.0,0.169665221374804,0.001695214525322619,65136.21930803572,0.9978565267217083,1.0067389331125114,65349.931361607145,65906.58645833333,0,0.36165972665059587,0.3569836291010329,0,8,3,1,0,16357.142857142857,1.2716157205240175,1
2023-08-29,65075.8203125,65229.03125,64956.671875,65201.3515625,48500.0,0.12188137240347618,0.0012180715735553985,65154.385044642855,0.9987941758319256,1.0041929391875883,65294.8828125,65856.11614583334,0,0.34285093749587137,0.3614511178060733,1,8,3,0,0,21242.85714285714,2.2831203765971755,1
2023-08-30,65087.25,65458.69921875,65052.73828125,65311.578125,17700.0,0.017563647211993327,0.00017562104984054732,65135.97935267857,0.9992518827050296,1.0062404896123645,65229.98549107143,65799.18645833334,0,0.2989643305708153,0.3518366899823479,2,8,3,0,0,22442.85714285714,0.7886696371737747,0
2023-08-31,64831.41015625,65277.0390625,64723.62890625,65178.328125,48600.0,-0.3930721358637812,-0.003938466947668111,65080.46205357143,0.996173169497223,1.0085503573517425,65168.78766741072,65723.65221354166,0,0.32806249364095924,0.34646284765161534,3,8,3,0,0,28614.285714285714,1.6984523215177234,1
2023-09-01,65387.16015625,65473.26953125,64818.37109375,64855.51171875,21600.0,0.8572233716042765,0.008535700751544166,65073.87053571428,1.004814368931133,1.010103592954423,65173.39564732143,65650.82760416667,0,0.4696630969443413,0.4025250874573431,4,9,3,0,1,30685.714285714286,0.7039106145251397,1
2023-09-04,65628.140625,65683.90625,65285.55859375,65525.91015625,13700.0,0.3685440202237711,0.0036786656073032986,65127.556361607145,1.0076862128929491,1.0061016197889763,65189.55412946428,65615.62369791667,0,0.47172975368482095,0.4131696608681365,0,9,3,1,0,31800.0,0.4308176100628931,1
2023-09-05,65780.2578125,65831.703125,65601.46875,65671.6015625,6600.0,0.2317865264067187,0.0023151831580833196,65255.234375,1.0080456907791162,1.0035095917726689,65206.75669642857,65595.47291666667,0,0.3771164064837932,0.41395035249751083,1,9,3,0,0,25357.14285714286,0.26028169014084507,1
2023-09-06,65880.5234375,65971.1328125,65488.03125,65744.1875,6100.0,0.1524251018988121,0.0015230905275075573,65381.50892857143,1.0076323492239028,1.0073769443557672,65258.86411830357,65579.63333333333,0,0.377374998526156,0.3741414997480039,2,9,3,0,0,23257.14285714286,0.2622850122850123,1
2023-09-07,66265.5625,66296.8984375,65672.34375,65854.25,6200.0,0.5844505210485851,0.005827492345575178,65551.47209821429,1.010893582995601,1.0095101629062844,65352.92857142857,65564.91197916666,0,0.40236229379544425,0.37866738127739685,3,9,3,0,0,17214.285714285714,0.36016597510373444,1
2023-09-08,66598.90625,66766.921875,66299.296875,66381.4296875,11500.0,0.5030422098959875,0.005017811798123017,65767.42299107143,1.0126427830240732,1.0070532422218845,65451.701171875,65575.98151041666,1,0.39542094932831223,0.3843729001013012,4,9,3,0,1,16328.57142857143,0.7042869641294838,1
2023-09-11,67127.078125,67172.1328125,66735.84375,66807.7265625,9300.0,0.7930638875919938,0.007899356642647931,66095.37555803571,1.0156093003217508,1.0065375522055942,65587.91880580357,65608.21067708333,1,0.26790880926731936,0.4177011560410945,0,9,3,1,0,10714.285714285714,0.868,1
2023-09-12,67221.1328125,67539.1015625,66948.1796875,67506.8828125,8700.0,0.1401143772783664,0.0014001630867954886,66357.37165178571,1.0130168079176933,1.008826556267225,65715.62109375,65631.32604166666,1,0.24397990091026905,0.41655187275267186,1,9,3,0,0,8871.42857142857,0.9806763285024156,1
2023-09-13,67466.9921875,67565.40625,67053.359375,67188.640625,6200.0,0.3657471463412776,0.003650799178837883,66620.06473214286,1.0127127984453688,1.0076364089700018,65873.810546875,65664.91536458333,1,0.24403503135098584,0.3956398989486618,2,9,3,0,0,7800.0,0.7948717948717948,1
2023-09-14,67519.0,67771.046875,67336.4609375,67627.03125,8100.0,0.07708630667195848,0.0007705661043874985,66868.45647321429,1.0097287055974786,1.0064539468135008,66061.84542410714,65722.78932291667,1,0.2672636071052702,0.3272405321338228,3,9,3,0,0,8014.285714285715,1.0106951871657754,1
2023-09-15,67838.6328125,67927.2265625,67614.421875,67659.90625,6800.0,0.47339684014870986,0.004722798411455281,67148.18638392857,1.010282428547269,1.0046263012952812,66264.84765625,65809.38776041666,1,0.24994520484606328,0.32907157053719566,4,9,3,0,1,8114.285714285715,0.8380281690140845,0
2023-09-18,67596.84375,67803.1484375,67532.828125,67665.578125,10300.0,-0.35641794723116904,-0.003570546292796265,67338.36941964286,1.0038384405886986,1.0040027986389026,66444.92075892857,65871.90755208333,1,0.37043253285367234,0.37178722967401456,0,9,3,1,0,8700.0,1.1839080459770115,0
2023-09-20,66800.84375,67294.15625,66728.140625,67080.1796875,13400.0,-1.1775697737366642,-0.011845580419291173,67367.21763392857,0.9915927374794337,1.008482412662761,66567.3203125,65900.153125,1,0.6470306065672734,0.5358395310480069,2,9,3,0,0,8971.42857142857,1.4936305732484079,0
2023-09-21,66230.2421875,66608.671875,66128.7109375,66608.671875,8400.0,-0.8541831666609712,-0.008578522196345367,67239.09821428571,0.9849959911185816,1.0072579811506326,66667.23688616071,65912.94453125,1,0.6289394047494536,0.586064007882054,3,9,3,0,0,8842.857142857143,0.9499192245557351,0
2023-09-22,66009.1484375,66445.46875,65952.828125,66215.0390625,8300.0,-0.33382597239199896,-0.003343844144539993,67065.95758928571,0.9842422416711374,1.0074695905999103,66711.66462053571,65913.3890625,1,0.6127483541239184,0.5621187177512483,4,9,3,0,1,8785.714285714286,0.9447154471544715,1
2023-09-25,66023.6875,66225.6328125,65764.03125,66082.9921875,6800.0,0.022025829516292283,0.00022023404186589002,66859.77120535714,0.9874949661016765,1.0070190581952805,66739.91796875,65924.57265625,1,0.566460118733862,0.5555103157893291,0,9,3,1,0,8871.42857142857,0.7665056360708535,0
2023-09-26,65945.46875,66078.2578125,65865.6328125,66071.6328125,6500.0,-0.11847073824829968,-0.0011854097030250697,66634.98102678571,0.9896523977922566,1.0032281630179622,66751.71875,65945.33333333333,1,0.5489069298727212,0.5543061927358774,1,9,3,0,0,8642.857142857143,0.7520661157024793,1
2023-09-27,66118.6875,66172.2734375,65549.9609375,65925.640625,5400.0,0.26266967736126023,0.002623253034762668,66389.27455357143,0.9959242354221978,1.0094937127513066,66768.73046875,65969.22552083334,1,0.5008576124496558,0.5571180796321569,2,9,3,0,0,8442.857142857143,0.6395939086294417,0
2023-09-28,65508.3203125,66406.0078125,65423.390625,66406.0078125,7800.0,-0.9231386928241769,-0.009274260237941461,66090.9140625,0.9911849645558077,1.0150193558926388,66714.64174107143,65968.18880208333,1,0.5432293020081047,0.5860748795532935,3,9,3,0,0,8085.714285714285,0.9646643109540637,1
2023-09-29,65828.40625,66151.6484375,65570.3828125,65743.9296875,8400.0,0.4886187525081853,0.004874288854499411,65951.99441964286,0.9981260889722836,1.0088647587533863,66659.60602678571,65990.768359375,0,0.5342507525243895,0.5849819086223329,4,9,3,0,1,7371.428571428572,1.1395348837209303,0
2023-10-03,65512.1015625,65813.5,65344.58984375,65813.421875,8600.0,-0.48049877783574724,-0.004816568844947613,65849.40290178571,0.9948776856824534,1.0071759598976937,66544.25055803571,66009.54973958334,0,0.47422392990765455,0.5354476665784892,1,10,4,0,0,7400.0,1.162162162162162,0
2023-10-04,65226.0390625,65332.51953125,64878.76953125,65330.6484375,8600.0,-0.43665596611504043,-0.004376120926161942,65737.53013392857,0.9922191924402013,1.00699381328096,66401.74386160714,66009.88138020833,0,0.48222413931056896,0.5317235539959089,2,10,4,0,0,7442.857142857143,1.1554702495201534,1
2023-10-05,65631.5703125,65753.203125,65443.33984375,65598.2578125,8000.0,0.6217321422989031,0.006198073618809263,65681.51339285714,0.9992396173934297,1.004734832940828,66270.64229910714,66023.59934895833,0,0.5676044278542995,0.5569819171469971,3,10,4,0,0,7614.285714285715,1.0506566604127578,1
2023-10-06,65995.6328125,66095.8125,65762.328125,65867.5390625,10200.0,0.554706368088631,0.005531735381721902,65688.6796875,1.0046728466222836,1.0050710548806319,66161.83035714286,66042.34375,0,0.6157155894417078,0.588679513738897,4,10,4,0,1,8142.857142857143,1.2526315789473683,0
2023-10-09,65512.390625,65789.9765625,65434.609375,65560.0703125,7300.0,-0.7322335841114525,-0.007349275731376297,65602.06584821429,0.9986330426937808,1.0054308750505931,65995.67020089286,66051.012109375,0,0.6614698054757618,0.5767593976651751,0,10,4,1,0,8414.285714285714,0.867572156196944,1
2023-10-10,66079.359375,66180.171875,65662.2734375,65662.2734375,5100.0,0.8654374303715962,0.008617139879297124,65683.64285714286,1.0060245823867868,1.0078873059123206,65887.27845982143,66090.77369791667,0,0.6492029542174188,0.6471410532889851,1,10,4,0,0,8028.571428571428,0.6352313167259787,1
2023-10-11,66473.046875,66592.15625,66299.7890625,66376.421875,16800.0,0.59577983764314,0.00594012087360034,65775.734375,1.0106013639623466,1.0044097755307244,65863.86439732143,66139.98854166667,0,0.6603502166598443,0.6048375415934051,2,10,4,0,0,9228.57142857143,1.8204334365325077,0
2023-10-12,66408.390625,66577.6015625,66339.421875,66564.5703125,7100.0,-0.09726686685745944,-0.000973142017710149,65903.77566964286,1.0076568443951777,1.003590319010449,65876.58928571429,66184.40755208333,0,0.6145140471389318,0.557831519928565,3,10,4,0,0,9014.285714285714,0.7876386687797148,0
2023-10-13,66282.7421875,66478.8984375,65895.40625,66034.2109375,13400.0,-0.18920566560560736,-0.0018938488562372546,66054.73325892857,1.0034518181714194,1.0088548234346761,65896.13169642857,66224.25729166667,0,0.5780978773229595,0.5520719623781262,4,10,4,0,1,9700.0,1.3814432989690721,0
2023-10-16,66166.9296875,66342.75,66039.3828125,66238.1484375,6600.0,-0.17472496788438763,-0.0017487778999459745,66131.21316964286,1.0005400856289377,1.0045937314157118,65906.36328125,66268.774609375,0,0.5667079170337551,0.5548144509441572,0,10,4,1,0,9500.0,0.6947368421052632,1
2023-10-17,66428.09375,66559.8203125,66309.1796875,66558.1484375,7900.0,0.39470482268628704,0.0039392790687944965,66192.99330357143,1.003551742181387,1.0037798782337712,65940.83649553571,66303.47239583333,0,0.5490875356431065,0.562086610379765,1,10,4,0,0,9171.42857142857,0.8613707165109035,0
2023-10-18,65877.0234375,66475.2734375,65842.1015625,66473.7421875,7100.0,-0.8295741777175403,-0.008330342937398066,66245.08370535714,0.9944439610115946,1.0096165198250693,65923.57477678571,66311.76848958334,0,0.5741778702846991,0.6049943361397091,2,10,4,0,0,9142.857142857143,0.7765624999999999,0
2023-10-19,65629.2421875,65869.6484375,65343.5,65484.609375,11000.0,-0.3761269666882838,-0.003768361028904273,66180.78125,0.9916661748005581,1.008052039414785,65932.21205357143,66306.73463541667,0,0.47448858376773706,0.5583560866966276,3,10,4,0,0,9985.714285714286,1.1015736766809727,0
2023-10-20,65397.62109375,65555.140625,65308.609375,65437.0703125,14300.0,-0.3529236145806247,-0.0035354785913968415,66027.14899553571,0.9904656204097457,1.0037748660147459,65901.44168526786,66290.637890625,0,0.3670861749164868,0.5486157040753222,4,10,4,0,1,9628.57142857143,1.4851632047477743,0
2023-10-23,64571.87890625,65453.921875,64502.6796875,65419.01953125,6800.0,-1.2626486616635013,-0.012706878123839905,65764.79017857143,0.9818609430809052,1.0147473282057202,65834.28292410714,66234.18177083334,0,0.5257072612491069,0.6300962159816026,0,10,4,1,0,9585.714285714286,0.7093889716840536,0
2023-10-25,64049.05859375,64787.078125,63912.16015625,64619.26953125,7100.0,-0.8096718282877724,-0.008129674719559414,65445.69252232143,0.978659650853338,1.013689381904962,65750.212890625,66149.18684895833,0,0.5367017898235584,0.6528412403784689,2,10,4,0,0,8685.714285714286,0.8174342105263157,0
2023-10-26,63148.1484375,63774.16015625,63092.98046875,63774.16015625,12900.0,-1.4065939079046963,-0.014165801949475495,65014.43805803572,0.9712942282317389,1.010796441734709,65572.82561383929,66016.555859375,0,0.6135895088860699,0.6972173642760077,3,10,4,0,0,9585.714285714286,1.34575260804769,1
2023-10-27,63782.80078125,63913.12890625,63393.37109375,63559.3203125,12600.0,1.0050213022130716,0.010000045480871259,64636.5390625,0.9867917080086159,1.0081989300069143,65414.76618303572,65901.94479166667,0,0.8030790366117133,0.7469479486496972,4,10,4,0,1,10257.142857142857,1.2284122562674096,1
2023-10-30,64112.6484375,64184.578125,63431.44921875,63885.55859375,5600.0,0.5171420072650035,0.005158094202569595,64384.48549107143,0.9957779106022502,1.0118731152374079,65314.78459821428,65790.13333333333,0,0.8889490431392195,0.7582555970931957,0,10,4,1,0,10042.857142857143,0.5576102418207681,0
2023-10-31,63874.9296875,64452.3203125,63812.53125,64449.6484375,15000.0,-0.370782920053192,-0.003714720238356578,64133.869419642855,0.9959625119381376,1.0100260724651946,65157.32533482143,65668.66432291667,0,0.8889589114931402,0.7005050350474347,1,10,4,0,0,10614.285714285714,1.4131897711978467,0
2023-11-01,63591.328125,63896.05078125,63550.4609375,63829.87109375,6100.0,-0.4439951071374737,-0.004449836926794876,63875.82756696428,0.9955460547001754,1.005438038350184,64951.48828125,65527.0875,0,0.8891131110472869,0.6589923543297855,2,11,4,0,0,9442.857142857143,0.6459909228441755,1
2023-11-02,64080.8984375,64202.640625,63815.3515625,64033.3984375,6400.0,0.7698696141990702,0.0076692124083649555,63805.6875,1.0043132665485346,1.0060689011815707,64785.23883928572,65409.889322916664,0,0.8907739932433536,0.7189572152260182,3,11,4,0,0,9385.714285714286,0.6818873668188736,1
2023-11-03,64363.78125,64535.19140625,64275.390625,64444.8984375,16100.0,0.4414463894820475,0.0044047487300837955,63850.64787946428,1.008036463020773,1.0040419945911452,64648.170200892855,65328.65390625,0,0.8505616781057718,0.7425706546868539,4,11,4,0,1,10671.42857142857,1.5087014725568944,1
2023-11-06,64958.69140625,64992.5390625,64617.48046875,64835.23046875,8100.0,0.9242933598622383,0.0092004790901592,64109.296875,1.013249163111337,1.0058042899696682,64561.867466517855,65286.268880208336,0,0.5915161115780451,0.8019681858876339,0,11,4,1,0,9985.714285714286,0.8111587982832618,0
2023-11-07,64942.3984375,65021.2890625,64638.1015625,65021.2890625,7700.0,-0.025082045831414934,-0.0002508519190260739,64274.95368303572,1.0103842121420377,1.0059281985506565,64455.746372767855,65250.710546875,0,0.5439145540223869,0.7886357763671106,1,11,4,0,0,9285.714285714286,0.8292307692307692,1
2023-11-08,64975.609375,65124.0,64851.05859375,65101.94921875,6400.0,0.05113906831137882,0.0005112599674610131,64398.23381696428,1.0089657048619805,1.0042087424965536,64391.359654017855,65215.774609375,0,0.5355044309560062,0.7657869693551564,2,11,4,0,0,9400.0,0.6808510638297872,0
2023-11-09,64832.19921875,65046.55859375,64768.76171875,65025.3203125,11600.0,-0.22071383035797698,-0.0022095776232635544,64534.986607142855,1.0046054493420202,1.0042890564467837,64334.428013392855,65178.665625,0,0.511673231157681,0.7625276856500178,3,11,4,0,0,8914.285714285714,1.3012820512820513,1
2023-11-10,64904.6796875,65014.05859375,64580.94921875,64756.109375,11100.0,0.11179702312031914,0.0011173457678618792,64722.60825892857,1.0028131040059918,1.006706457248452,64299.21791294643,65138.19869791667,0,0.42902625112030895,0.7600566035358155,4,11,4,0,1,9628.57142857143,1.1528189910979227,1
2023-11-13,64933.87109375,65176.9609375,64853.359375,65158.30859375,7700.0,0.04497581128286576,0.00044965700196444836,64844.46149553572,1.0013788316866574,1.0049897424839451,64325.074497767855,65119.050390625,0,0.37942666934230135,0.6753799971498347,0,11,4,1,0,9814.285714285714,0.784570596797671,1
2023-11-15,65675.9296875,65747.6484375,65373.5,65461.5390625,7500.0,1.1427912447705912,0.011363107115348797,65031.91127232143,1.0099031137572099,1.0057232431719274,64441.279575892855,65113.96783854167,0,0.5225791635524387,0.6874514191652867,2,11,4,0,0,8585.714285714286,0.8735440931780366,1
2023-11-16,65982.4765625,66358.3671875,65507.01953125,65665.8671875,11600.0,0.4667568109939513,0.004656708791869308,65178.166294642855,1.0123401794432387,1.0129962813503348,64643.73158482143,65129.64700520833,1,0.4541362917965994,0.515321793584115,3,11,4,0,0,9085.714285714286,1.2767295597484276,0
2023-11-17,65794.7265625,66037.6875,65639.7421875,65788.7890625,10900.0,-0.28454524561859484,-0.002849508451948765,65299.927455357145,1.007577330120024,1.0060625666591327,64787.44056919643,65148.603255208334,1,0.4872831740059395,0.497504085392015,4,11,4,0,1,9542.857142857143,1.1422155688622755,0
2023-11-20,65655.1484375,65844.0078125,65547.796875,65787.5078125,7200.0,-0.21214181180221336,-0.0021236715129304327,65397.00446428572,1.0039473363547602,1.004519006764863,64897.619140625,65149.38919270833,1,0.5092255100310553,0.5025163977161262,0,11,4,1,0,9657.142857142857,0.7455621301775148,1
2023-11-21,65930.7734375,66082.359375,65849.171875,65860.4609375,5400.0,0.4198071386014357,0.004189284068938453,65553.94363839286,1.0057483925175548,1.0035412366376095,65044.465122767855,65147.227213541664,1,0.4886748965434974,0.4808903858683383,1,11,4,0,0,8771.42857142857,0.6156351791530945,1
2023-11-22,66023.2421875,66063.4296875,65664.8515625,65839.6171875,4300.0,0.14025127444872165,0.001401530142122253,65713.73828125,1.0047098812873092,1.0060698854183905,65218.17327008928,65164.255598958334,1,0.4875346680789513,0.4418954421421792,2,11,4,0,0,7800.0,0.5512820512820513,0
2023-11-23,66017.8125,66235.2421875,65980.5,66084.3671875,7500.0,-0.008223903159099155,-8.224241340556277e-05,65868.58705357143,1.0022655024664062,1.0038608708254713,65356.52427455357,65162.20403645833,1,0.49157784667016236,0.42260953227370696,3,11,4,0,0,7771.428571428572,0.9650735294117647,0
2023-11-24,65970.0390625,66101.640625,65894.046875,66000.2890625,10800.0,-0.07236446602952862,-0.0007239066174760404,65910.60267857143,1.0009017727271956,1.0031504173722066,65471.25697544643,65145.437109375,1,0.2933073857115695,0.42362419552183966,4,11,4,0,1,8242.857142857143,1.3102253032928943,1
2023-11-28,66174.203125,66256.203125,65906.6484375,66063.71875,5100.0,0.3094799781861113,0.003090020746582369,65937.9921875,1.0035823192315034,1.005303784910736,65558.07924107143,65137.630859375,1,0.2616480409757633,0.36848086270872893,1,11,4,0,0,7314.285714285715,0.697265625,1
2023-11-29,66901.90625,66946.28125,66374.5234375,66381.2578125,8300.0,1.0996779570211057,0.010936754642767483,66096.16071428571,1.012190504365258,1.008614115520368,65698.04408482143,65158.26966145833,1,0.4377539629280058,0.4458284753814194,2,11,4,0,0,6942.857142857143,1.1954732510288066,1
2023-11-30,66988.4375,67069.890625,66610.3515625,66963.203125,11100.0,0.12934048497310613,0.0012925691222234637,66286.63058035714,1.0105874580363845,1.0068989136330984,65841.81752232143,65185.65325520833,1,0.39607843087011513,0.44412470635239387,3,11,4,0,0,7500.0,1.48,1
2023-12-01,67481.1875,67564.328125,67149.0703125,67181.1484375,21700.0,0.7355747027238735,0.0073288254582993765,66508.11830357143,1.0146308333666434,1.0061841185673526,66031.03097098214,65220.75638020833,1,0.43007692620883015,0.444822095229761,4,12,4,0,1,9828.57142857143,2.207848837209302,1
2023-12-04,68865.1171875,68918.21875,68274.46875,68435.34375,30900.0,2.050837779788628,0.020300912737137924,66914.10044642857,1.029157034586954,1.009428854032643,66313.91936383929,65320.35950520833,1,0.763832522735428,0.6434700300736421,0,12,4,1,0,13628.57142857143,2.2672955974842766,1
2023-12-05,69296.140625,69381.3125,68954.8828125,69168.53125,9600.0,0.6258951630423448,0.006239445741301115,67382.43303571429,1.0284006899583367,1.0061841840651014,66625.51004464286,65442.589453125,1,0.7148310879658223,0.6357018881460356,1,12,4,0,0,13928.57142857143,0.6892307692307692,1
2023-12-06,69653.7265625,69744.6171875,69395.0078125,69534.9296875,10400.0,0.5160257617160768,0.005146989114177207,67908.67410714286,1.0256970479589087,1.0050379614617901,66909.63839285714,65584.45963541667,1,0.6399696858393983,0.6058452215216836,2,12,4,0,0,13871.42857142857,0.7497425334706489,0
2023-12-07,69521.6875,69695.328125,69320.53125,69694.1484375,26000.0,-0.18956496517313903,-0.0018974486694301438,68386.88616071429,1.0165938442732843,1.0054067224852665,67162.43917410714,65749.45325520834,1,0.723582574796449,0.627182627909268,3,12,4,0,0,16857.14285714286,1.542372881355932,1
2023-12-08,69825.6015625,69893.796875,69506.1171875,69666.3828125,18200.0,0.43715000804605,0.004361972829478135,68804.55691964286,1.01483978225526,1.0055776340729004,67450.35881696429,65942.0046875,1,0.7072132576772643,0.5977057449437708,4,12,4,0,1,18271.428571428572,0.9960906958561375,1
2023-12-11,69928.53125,70057.828125,69782.4765625,69925.6328125,12400.0,0.1474096680826653,0.0014730112668536028,69224.5703125,1.010169235205392,1.003945855407602,67755.60044642857,66168.01744791666,1,0.705175052261477,0.5754276062422414,0,12,4,1,0,18457.14285714286,0.6718266253869969,0
2023-12-12,69551.03125,70033.640625,69443.8515625,70020.6796875,7000.0,-0.5398368780983098,-0.005412992627419611,69520.26227678571,1.0004425900047929,1.0084930350092864,68014.19029017857,66360.291796875,1,0.8243217220767961,0.6338689016325558,1,12,4,0,0,16357.142857142857,0.4279475982532751,1
2023-12-13,69584.6015625,69657.9296875,69100.5625,69648.5625,7100.0,0.04826716713852708,0.0004825552228835137,69623.04575892857,0.9994478236909992,1.0080660296723345,68268.57310267857,66542.690234375,1,0.4172206970500364,0.6370629848857197,2,12,4,0,0,12957.142857142857,0.5479603087100331,1
2023-12-14,70514.203125,70602.890625,70110.75,70146.09375,12200.0,1.3359299925933321,0.01327085134861569,69797.0546875,1.0102747664741853,1.0070194745456296,68589.74386160714,66763.99934895833,1,0.5990708373274326,0.674587927335322,3,12,4,0,0,13328.57142857143,0.9153269024651661,1
2023-12-15,71483.75,71605.7578125,70655.96875,70804.1328125,25100.0,1.3749667897136941,0.013655998849046704,70058.48660714286,1.02034390781019,1.0134424462547618,68983.58035714286,67027.080078125,1,0.7350031952523456,0.6950343845037394,4,12,4,0,1,15428.57142857143,1.6268518518518518,0
2023-12-18,71315.09375,71552.2421875,71142.2890625,71437.3515625,12500.0,-0.235936489062194,-0.00236215257760922,70314.6875,1.014227557364882,1.0057624393367472,69350.78683035714,67268.219921875,1,0.741107202305693,0.7258015371050386,0,12,4,1,0,13500.0,0.9259259259259259,1
2023-12-19,71437.1875,71623.7109375,71071.9765625,71479.28125,8600.0,0.1712032384448836,0.0017105685275482635,70544.9140625,1.012648302848728,1.007763036877338,69674.73549107143,67504.00013020834,1,0.743714880489941,0.7128609564502304,1,12,4,0,0,12128.57142857143,0.7090694935217903,0
2023-12-20,70506.3125,71913.0703125,70302.6015625,71647.65625,13200.0,-1.3030678174445254,-0.013116322275330624,70627.45424107143,0.9982847783149886,1.0229076693352275,69926.01227678571,67688.92083333334,1,0.9702554032923123,0.8545337128654631,2,12,4,0,0,12242.857142857143,1.0781796966161026,1
2023-12-21,70865.1015625,70958.7109375,69920.390625,69920.890625,8800.0,0.5088750918579077,0.005075846983716528,70815.17857142857,1.0007049758551563,1.0148500359225503,70167.72042410714,67886.34427083333,1,0.9312755615972054,0.8491971833442643,3,12,4,0,0,12500.0,0.704,1
2023-12-22,71106.9609375,71259.546875,70713.5625,71045.6484375,15300.0,0.3412954609070651,0.003407143697320663,71032.65848214286,1.0010460323032373,1.007721070127106,70327.85212053571,68090.72265625,1,0.9261424444437986,0.6953140165679838,4,12,4,0,1,13671.42857142857,1.1191222570532915,1
2023-12-26,71336.796875,71471.2890625,71012.078125,71097.78125,7700.0,0.32322565114548674,0.0032270439994739213,71150.171875,1.0026229732842793,1.0064666596109422,70473.61328125,68307.542578125,1,0.81181930231788,0.686754904121879,1,12,4,0,0,13028.57142857143,0.5910087719298245,1
2023-12-27,72038.4296875,72119.8515625,71473.6484375,71492.0234375,9800.0,0.9835496451143344,0.009787442786779099,71229.41183035714,1.0113579185388986,1.009041138085529,70643.94921875,68545.33424479167,1,0.7235651637445483,0.7136366988895136,2,12,4,0,0,10842.857142857143,0.903820816864295,1
2023-12-28,72410.3828125,72484.34375,72137.453125,72262.671875,7800.0,0.5163259757514416,0.005149975837784331,71385.88169642857,1.0143515929442206,1.004808745110517,70850.28459821429,68794.55130208333,1,0.7189982040559334,0.7056072436903005,3,12,4,0,0,10171.42857142857,0.7668539325842697,0
2023-12-29,72240.2578125,72417.0078125,72082.640625,72351.59375,19800.0,-0.2349455884531393,-0.002352220186594012,71500.60602678571,1.01034469253921,1.0046386645189582,71022.76004464286,69013.36223958334,1,0.739700716775961,0.7178412687752266,4,12,4,0,1,11771.42857142857,1.6820388349514563,0
2024-01-02,71892.4765625,72332.8515625,71613.7421875,72332.8515625,300.0,-0.4814230465548297,-0.004825856200689399,71698.62946428571,1.0027036374288136,1.0100414997601608,71163.04185267857,69210.36223958334,1,0.4922353964198983,0.7436615763499441,1,1,1,0,0,9928.57142857143,0.030215827338129494,0
2024-01-03,71356.6015625,71862.0,71303.96875,71832.6171875,13600.0,-0.7453839756572211,-0.007481758440916236,71768.84375,0.9942559728433691,1.0078260896242188,71292.01116071429,69395.75807291667,1,0.6092283176375866,0.7612259829000163,2,1,1,0,0,10614.285714285714,1.281292059219381,1
2024-01-04,71847.5703125,71954.7890625,71546.6015625,71678.9296875,8900.0,0.6880495136388554,0.006856932549492525,71874.64508928571,0.9996233055933413,1.0057051976066735,71453.65178571429,69602.17213541667,1,0.6451220451245657,0.7714618126849195,3,1,1,0,0,9700.0,0.9175257731958762,1
2024-01-05,72026.1484375,72156.4765625,71779.828125,72016.7109375,14900.0,0.2485513765090097,0.0024824299845475455,71973.12388392857,1.0007367271379932,1.0052472741623746,71561.64787946429,69805.35130208333,1,0.64239013577334,0.703470538171191,4,1,1,0,1,10728.57142857143,1.3888149134487349,0
2024-01-08,71355.21875,72181.7734375,71301.0390625,72113.25,10900.0,-0.9315084897010606,-0.009358741622569963,71875.52232142857,0.9927610463948803,1.0123523357664954,71552.46707589286,69983.08385416666,1,0.6305734158740657,0.6645221595628792,0,1,1,1,0,10885.714285714286,1.0013123359580052,1
2024-01-09,71386.2109375,72035.46875,71307.2734375,71770.90625,9500.0,0.043433666160552775,0.00043424236474112255,71729.21205357143,0.9952181111955438,1.0102120762356488,71557.546875,70162.03046875,1,0.5718440508444886,0.6614288556156631,1,1,1,0,0,11128.57142857143,0.8536585365853658,1
2024-01-10,71657.7109375,71733.84375,71110.9765625,71383.203125,9400.0,0.38032555087943454,0.0037960414181296386,71645.99107142857,1.0001635802072966,1.0087590863971971,71573.29854910714,70351.61953125,1,0.6118054678211956,0.6677015458147283,2,1,1,0,0,9642.857142857143,0.9748148148148148,1
2024-01-11,71721.1796875,71999.46875,71543.1875,71907.75,7800.0,0.08857211480750582,0.0008853291285618892,71621.52008928571,1.0013914756080302,1.006377703677237,71660.07477678571,70536.51875,1,0.5923752455137878,0.5477364713285718,3,1,1,0,0,10714.285714285714,0.728,1
2024-01-12,72568.453125,72720.9609375,71982.2890625,72148.0703125,20400.0,1.1813434207185392,0.011744200319857217,71794.64174107143,1.0107781216698501,1.0102618558623306,71781.74274553571,70725.40364583333,1,0.6507163671650745,0.6100707016632902,4,1,1,0,1,11685.714285714286,1.745721271393643,1
2024-01-15,73327.9375,73402.15625,72909.0,73049.8671875,16000.0,1.0465764974923353,0.010411377995117115,72006.12276785714,1.018356976897705,1.0067639969002455,71940.38392857143,70936.7203125,1,0.7035768732936981,0.6527915345016173,0,1,1,1,0,12700.0,1.2598425196850394,0
2024-01-16,73128.7734375,73427.59375,72960.2890625,73331.953125,11200.0,-0.2716073426993648,-0.002719768646933148,72163.640625,1.0133742256369151,1.0064049182576524,72068.38225446429,71124.97317708333,1,0.7358907900485675,0.6649346633764838,1,1,1,0,0,12171.42857142857,0.9201877934272301,0
2024-01-17,71500.7578125,72484.796875,71429.296875,71998.9296875,14100.0,-2.2262312746040958,-0.02251385836473747,72184.43191964286,0.9905287873165791,1.014776849922618,72029.97712053571,71212.82786458333,1,1.130394847409204,0.8837164872669012,2,1,1,0,0,12628.57142857143,1.1165158371040724,0
2024-01-18,71186.859375,71451.2890625,70665.5,71018.859375,13000.0,-0.43901414069366096,-0.004399806375147464,72155.953125,0.9865694553528912,1.0111198401270776,71942.58258928571,71275.85182291667,1,1.1443896375922082,0.8734596234910363,3,1,1,0,0,13128.57142857143,0.9902067464635472,1
2024-01-19,71683.2265625,71895.640625,71542.7421875,71786.7421875,25500.0,0.6972736146220848,0.006948539036463824,72159.59821428571,0.9933983605289615,1.0049326937535483,71902.79464285714,71343.50182291666,1,1.169522318702122,0.899025170539432,4,1,1,0,1,15428.57142857143,1.6527777777777777,0
2024-01-23,70370.546875,72039.203125,70234.546875,71868.203125,11400.0,-1.8312229379846445,-0.018481973710594117,71966.65066964286,0.9778216190444983,1.0256947090896997,71794.08537946429,71371.79713541667,1,1.3581788488939275,1.0137376794057744,1,1,1,0,0,15942.857142857143,0.7150537634408602,1
2024-01-24,71060.3125,71149.609375,70001.6015625,70165.4921875,15600.0,0.9801907980411695,0.009754180904560988,71751.20200892857,0.9903710392357944,1.0163997363899597,71772.921875,71412.95416666666,1,1.3242233978943032,1.0400668717608632,2,1,1,0,0,15257.142857142857,1.0224719101123596,0
2024-01-25,70700.671875,71049.4609375,70319.0390625,71022.1015625,36700.0,-0.5061061686155721,-0.005073912235469209,71375.87834821429,0.990540130799929,1.010387256207395,71691.00055803571,71438.6921875,0,1.1854001626391113,1.0259922559115053,3,1,1,0,0,18214.285714285714,2.014901960784314,1
2024-01-29,71941.5703125,72010.21875,70880.5390625,70968.1015625,13900.0,1.7551437696291305,0.01739919007532034,71206.27790178571,1.0103262301075262,1.0159377976302337,71684.95926339286,71518.37682291666,0,1.4682041570144848,1.1392483840461847,0,1,1,1,0,18600.0,0.7473118279569892,0
2024-01-30,71139.8984375,72142.2265625,71075.71875,72000.203125,12900.0,-1.11433747069698,-0.01120592723853998,71154.7265625,0.9997916073082372,1.015005234294588,71669.57924107143,71570.22005208333,0,1.2610525157476393,1.1516985544702485,1,1,1,0,0,18428.571428571428,0.7000000000000001,1
2024-01-31,71752.109375,71851.390625,70846.0390625,71073.0390625,11000.0,0.8605732520659437,0.008568914285679925,71235.4765625,1.0072524651680643,1.0141906530810154,71695.71484375,71611.48359375,0,1.2921677829679052,1.1753724429959276,2,1,1,0,0,18142.85714285714,0.6062992125984252,0
2024-02-01,71645.296875,72151.0234375,71574.890625,71998.78125,11500.0,-0.1488632193957673,-0.0014897413077070603,71230.05803571429,1.0058295451490087,1.0080493704910918,71694.828125,71616.86848958333,0,1.2685500963826,1.1721933963009559,3,2,1,0,0,16142.857142857143,0.7123893805309734,1
2024-02-02,72085.6328125,73089.3984375,71948.7734375,71977.5625,19400.0,0.6146055033706688,0.006127245069506582,71475.0703125,1.0085423140870031,1.0158532931904785,71720.86049107143,71642.553125,0,0.9855900126732532,1.1834494234620532,4,2,1,0,1,17285.714285714286,1.1223140495867767,0
2024-02-05,71731.421875,72385.9296875,71602.140625,72269.1171875,19900.0,-0.49137522094219177,-0.004925864383581231,71570.94308035714,1.0022422338973886,1.010946447350016,71661.07254464286,71652.3609375,0,0.9853969218179631,1.1434152459458067,0,2,1,1,0,17900.0,1.111731843575419,1
2024-02-06,72186.09375,72261.3984375,71625.1796875,71970.8203125,10500.0,0.6338531470801101,0.006318527466372639,71783.14620535714,1.0056134004420774,1.008882612969012,71579.51227678571,71708.35364583334,1,0.9548307488585598,1.1172463738987104,1,2,1,0,0,14157.142857142857,0.7416750756811302,0
2024-02-07,72152.0,72559.2109375,71938.21875,72548.5,12800.0,-0.04723035730133107,-0.00047241514347732015,71813.20758928571,1.0047176894346777,1.0086322986347225,71509.74274553571,71751.25026041667,1,0.7087783725810869,1.1163003772468971,2,2,1,0,0,14000.0,0.9142857142857143,0
2024-02-08,71428.4296875,72473.421875,71230.6171875,72473.421875,14500.0,-1.0028416571959187,-0.010079039873497463,71854.42633928571,0.9940713930444004,1.017447619248175,71504.57645089286,71761.96588541666,1,0.679041139360198,0.9751928360116114,3,2,1,0,0,14228.57142857143,1.0190763052208835,1
2024-02-09,71595.4921875,71676.4921875,71200.3125,71410.2890625,19000.0,0.23388796412142643,0.002336148719595288,71832.05245535714,0.9967067588942392,1.0066878876058303,71533.76450892857,71770.5890625,1,0.5915469628872848,0.9686002650874801,4,2,1,0,1,15371.42857142857,1.2360594795539035,0
2024-02-12,71072.4921875,71756.578125,70922.5703125,71722.3125,10700.0,-0.7304929179484221,-0.007331740825890723,71750.22321428571,0.9905543007892584,1.0117594132421481,71490.140625,71738.39114583333,1,0.649119852983256,0.9698322006237748,0,2,1,1,0,15257.142857142857,0.701310861423221,1
2024-02-13,71555.1875,71662.7421875,70924.296875,71292.078125,8100.0,0.6791591199962088,0.006768632237751122,71674.4453125,0.9983361180964843,1.0104117396299532,71574.7578125,71709.88463541666,0,0.6615165094370684,0.8398731735400531,1,2,1,0,0,13642.857142857143,0.5937172774869109,1
2024-02-14,71822.828125,71938.59375,70809.84375,71035.25,10700.0,0.3740338532409071,0.0037333608600659193,71687.50334821429,1.0018877038600214,1.0159405802953774,71629.22321428571,71695.9703125,0,0.6578195090793327,0.8072518612470566,2,2,1,0,0,12328.57142857143,0.8679026651216686,1
2024-02-15,72050.3828125,72164.96875,71644.4375,72061.46875,8200.0,0.31682780174566716,0.0031632696005751476,71668.11607142857,1.0053338466535167,1.0072654803103172,71725.63113839286,71701.23385416667,0,0.6182401996897261,0.7911477035983827,3,2,1,0,0,12000.0,0.6833333333333333,1
2024-02-16,72426.640625,72545.328125,72218.1015625,72406.0234375,15200.0,0.5222148693909912,0.005208560561056572,71707.35044642857,1.0100309127877873,1.0045310878494473,71760.27901785714,71736.90182291667,0,0.6514370103961253,0.6540374427703304,4,2,1,0,1,12342.857142857143,1.2314814814814814,1
2024-02-19,72708.15625,72881.9296875,72308.6796875,72627.6015625,0.0,0.38869071183018633,0.0038793726124673796,71890.16852678571,1.011378297477624,1.007927817275567,71872.29743303571,71765.58802083334,1,0.45804323500731936,0.5655907300780865,0,2,1,1,0,10271.42857142857,0.0,1
2024-02-20,73057.3984375,73130.6875,72510.2421875,72727.8671875,7700.0,0.4803342644244202,0.004791843402462252,72099.01227678571,1.0132926392532962,1.0085566575670182,71965.53236607143,71799.96302083334,1,0.46556823450535517,0.5376647332792175,1,2,1,0,0,8657.142857142857,0.8894389438943895,0
2024-02-21,72623.09375,73267.796875,72450.5625,73267.4765625,13900.0,-0.594470507831657,-0.0059624451789349175,72320.52678571429,1.004183694142359,1.0112798899939528,72035.375,71842.22552083334,1,0.41607931481396315,0.5678008714696009,2,2,1,0,0,9114.285714285714,1.5250783699059562,1
2024-02-22,73158.2421875,73256.390625,72081.359375,72677.5078125,9100.0,0.7368846600534606,0.007341829293500959,72549.53459821429,1.008390234240051,1.0163014579662262,72111.98995535714,71901.29322916667,1,0.42510017272773326,0.5772151550769564,3,2,1,0,0,9257.142857142857,0.9830246913580247,0
2024-02-23,73142.796875,73413.9296875,73022.0,73394.4375,11900.0,-0.021112197393169385,-0.00021114426331287289,72738.1015625,1.0055637321267212,1.0053672822916382,72212.80245535714,71950.79609375,1,0.4422753437422615,0.5528784684646686,4,2,1,0,1,9428.57142857143,1.262121212121212,0
2024-02-26,72790.1328125,73092.2578125,72666.8203125,73044.8125,7900.0,-0.4821582952354131,-0.004833244282584595,72843.78013392857,0.99926352913962,1.0058546321164243,72255.94810267857,71986.42786458334,1,0.5215611747951059,0.5567453159994644,0,2,1,1,0,9385.714285714286,0.8417047184170472,1
2024-02-27,73095.21875,73161.296875,72660.1328125,72723.53125,8300.0,0.41913089825769134,0.004182549913197968,72939.29129464286,1.0021377703647718,1.0068973733339197,72323.32087053571,72003.98671875,1,0.5105467797837645,0.563681334239654,1,2,1,0,0,8400.0,0.9880952380952381,0
2024-02-28,72304.8828125,73223.109375,72222.2890625,73162.8203125,6200.0,-1.0812416338790931,-0.010871295312955068,72881.68080357143,0.9920858302839365,1.0138574991943818,72385.92466517857,71969.88489583334,1,0.6661740740247472,0.5756811640708842,2,2,1,0,0,9285.714285714286,0.6676923076923077,1
2024-02-29,72500.296875,72730.0,72099.3203125,72220.5703125,18600.0,0.2702639917234073,0.00269899435292749,72802.09486607143,0.9958545424877315,1.0087473735503532,72450.55357142857,71948.93567708334,1,0.6411156838355447,0.5764684550969867,3,2,1,0,0,10842.857142857143,1.7154150197628457,1
2024-03-01,73745.3515625,73819.2109375,72591.140625,72606.3125,20700.0,1.7173097782573699,0.01702730689262815,72962.41741071429,1.010730649827273,1.0169176335008168,72641.47209821429,72023.75546875,1,0.894019487952508,0.6714356998778553,4,3,1,0,1,11814.285714285714,1.7521160822249093,1
2024-03-04,73872.2890625,73990.1328125,73747.0078125,73903.09375,14200.0,0.1721294933314077,0.001719815202981888,73064.42410714286,1.0110568852793869,1.0032967439250977,72806.97935267857,72113.26979166667,1,0.8648950915836756,0.6610376672379498,0,3,1,1,0,12542.857142857143,1.1321184510250568,0
2024-03-05,73677.1328125,73915.5390625,73412.25,73767.421875,21200.0,-0.2641805912293904,-0.0026453016395790035,73140.7578125,1.0073334624365669,1.006855655050758,72939.4296875,72179.73333333334,1,0.8773274041628086,0.6722458903165791,1,3,1,0,0,13871.42857142857,1.5283213182286304,1
2024-03-06,74085.9921875,74151.2734375,73321.4765625,73587.703125,13300.0,0.5549338843579887,0.005533997991003806,73325.88058035714,1.010366211781253,1.011317241740115,73084.83035714286,72303.58151041667,1,0.848276515044807,0.6788355887565986,2,3,1,0,0,14642.857142857143,0.9082926829268293,1
2024-03-07,74119.390625,74245.171875,73921.4765625,74242.7421875,16000.0,0.04508063739698809,0.0004507047913047369,73472.19084821429,1.0088087719899732,1.0043789075591085,73205.74107142857,72405.55078125,1,0.8480305987978949,0.6734425811536587,3,3,1,0,0,15742.857142857143,1.0163339382940109,0
2024-03-11,73502.640625,74187.3515625,73433.90625,74175.9296875,9800.0,-0.8321034412174133,-0.008355847473986317,73643.29910714286,0.9980900029758552,1.0102601829451228,73262.48995535714,72498.94973958333,1,0.7883218522795927,0.7199924672196968,0,3,1,1,0,16257.142857142857,0.6028119507908611,1
2024-03-12,73667.9609375,74004.15625,73342.1171875,73516.421875,9600.0,0.22491751465560927,0.002246649538450514,73810.10825892857,0.9980741483140777,1.0090267241782438,73306.1015625,72556.49609375,1,0.7881953265456327,0.7122641006424564,1,3,1,0,0,14971.42857142857,0.6412213740458016,0
2024-03-13,72761.890625,74052.75,72515.7109375,73993.3984375,452000.0,-1.229938091090521,-0.012375644269532832,73669.61383928571,0.9876784583632275,1.0211959455768798,73316.015625,72610.5625,1,0.6341338494400526,0.7748067132480562,2,3,1,0,0,76585.71428571429,5.9018839768699864,1
2024-03-14,73097.28125,73364.296875,72497.1875,72570.1015625,10000.0,0.4609427024491852,0.0045988361485208,73558.8984375,0.9937245228340088,1.011960593298878,73311.66127232143,72655.4015625,1,0.6699947321896152,0.7584054351456608,3,3,1,0,0,75985.71428571429,0.13160368490317728,0
2024-03-15,72643.4296875,72998.0703125,72484.8203125,72886.7734375,22300.0,-0.6208870627455787,-0.006228225822213784,73411.2265625,0.9895411517971802,1.007080792885838,73275.9921875,72688.67265625,1,0.6934048541147261,0.7762206729647299,4,3,1,0,1,76142.85714285714,0.29287054409005625,1
2024-03-18,72748.421875,72985.890625,72314.15625,72587.296875,11000.0,0.1445308790508193,0.0014442653370455403,73220.14508928571,0.9935574668185855,1.0092891130842725,73273.01283482143,72710.765625,1,0.6337615282255187,0.7671584555706591,0,3,1,1,0,75814.28571428571,0.14509138873186359,0
2024-03-19,72012.046875,72490.09375,71933.3515625,72462.9375,38400.0,-1.0122212702638134,-0.010173790648112963,72919.09598214286,0.9875608838134118,1.0077396948064663,73195.64341517857,72720.11979166667,1,0.6741384146610091,0.8014213329720632,1,3,1,0,0,79014.28571428571,0.48598806725727717,1
2024-03-20,72101.6875,72402.671875,71674.421875,72036.859375,8300.0,0.12448004034046889,0.0012440262817339134,72718.95982142857,0.991511535328003,1.0101605284137494,73181.12946428571,72717.30625,1,0.6710835795522855,0.7515111891587858,2,3,1,0,0,78800.0,0.10532994923857868,1
2024-03-21,72641.1875,72882.4609375,72416.03125,72507.359375,12900.0,0.7482487840523744,0.007454632891629619,72572.27790178571,1.0009495305949683,1.0064409727990997,73191.19308035714,72733.6125,0,0.7591221688772035,0.7760463936258184,3,3,1,0,0,79271.42857142857,0.16273202378806995,1
2024-03-22,72831.9375,73115.6171875,72172.09375,72231.65625,26100.0,0.2625920728512421,0.002622479022457776,72582.28459821429,1.0034395845097421,1.013073244636193,73125.94921875,72780.39609375,0,0.6172681075327757,0.6105697376349867,4,3,1,0,1,18428.571428571428,1.416279069767442,0
2024-03-26,72470.296875,72705.2890625,72363.03125,72396.96875,30600.0,-0.4965412666661506,-0.004977781288665013,72492.71540178571,0.9996907478680933,1.0047297329394282,73025.80691964286,72809.55625,0,0.6080975768255719,0.6148575278552084,1,3,1,0,0,21371.428571428572,1.4318181818181817,1
2024-03-27,72996.3125,73138.7265625,72600.7265625,72692.15625,9400.0,0.7258361669296054,0.007232146538402857,72543.12723214286,1.0062471151320362,1.0074103941582024,72977.17689732143,72873.68359375,0,0.6361239603009524,0.6545115289213599,2,3,1,0,0,19528.571428571428,0.4813460131675201,1
2024-03-28,73651.3515625,74190.3125,73120.328125,73149.34375,14900.0,0.8973591131743897,0.008933567720465104,72672.1171875,1.0134746917097996,1.0146331998561446,72946.13113839286,72943.55572916666,0,0.7099808048908415,0.6851147139156124,3,3,1,0,0,20085.714285714286,0.7418207681365576,1
2024-04-01,74014.546875,74254.6171875,73909.390625,73968.6171875,0.0,0.4931278310511322,0.004919159382498617,72958.18861607143,1.0144789540278671,1.0046709431586522,72938.64229910714,73016.61302083333,0,0.47989161395040986,0.6996960200082885,0,4,2,1,0,14600.0,0.0,0
2024-04-02,73903.90625,74099.78125,73743.7734375,74022.296875,6300.0,-0.14948497244312575,-0.0014959681269820229,73215.6484375,1.0094004195440203,1.0048276321634357,72967.30412946429,73078.39713541667,1,0.5153577211433692,0.660525913851299,1,4,2,0,0,14314.285714285714,0.44011976047904194,0
2024-04-03,73876.8203125,74151.2109375,73540.2734375,73757.2265625,7900.0,-0.03665021089463982,-0.0003665692872588262,73392.16741071429,1.0066036052467768,1.0083075228231129,72982.22265625,73126.73645833334,1,0.5005715291713888,0.6586178087070222,2,4,2,0,0,13600.0,0.5808823529411765,1
2024-04-04,74227.6328125,74501.7265625,73485.1171875,74413.8203125,10700.0,0.47486139565300345,0.0047373748553336936,73591.55245535714,1.0086433882140036,1.0138342213213878,73086.91852678571,73177.38567708334,1,0.5083730356702681,0.559424039532157,3,4,2,0,0,11400.0,0.9385964912280702,1
2024-04-05,74248.21875,74361.109375,73946.921875,74287.0234375,11300.0,0.027733522840467373,0.00027729677809913515,73845.54129464286,1.0054529691068343,1.00560114592329,73169.12834821429,73217.0796875,1,0.4040890425137563,0.5524832437396457,4,4,2,0,1,8642.857142857143,1.3074380165289257,1
2024-04-08,74742.5,74869.296875,74410.0703125,74555.4375,8300.0,0.6657146236252354,0.006635085292740996,74094.99665178571,1.0087388268773028,1.0061715646897171,73319.06194196429,73287.7265625,1,0.3952506597827282,0.5274447755902524,0,4,2,1,0,8485.714285714286,0.978114478114478,0
2024-04-09,74683.703125,75124.28125,74603.3671875,75124.28125,41000.0,-0.07866591965749459,-0.0007869687752866652,74242.47544642857,1.0059430625921115,1.006982447068251,73457.29631696429,73338.57526041666,1,0.3326245903528492,0.5327585832780718,1,4,2,0,0,12214.285714285714,3.3567251461988303,1
2024-04-10,75038.1484375,75105.140625,74807.546875,74953.9609375,7100.0,0.47459525662079116,0.004734726039689738,74388.70424107143,1.0087304141543307,1.0039781247004032,73673.44642857143,73401.75364583333,1,0.3299612255143231,0.4086054921638286,2,4,2,0,0,13228.57142857143,0.5367170626349892,0
2024-04-12,74244.8984375,74951.8828125,74189.3125,74889.640625,15600.0,-1.057128962424636,-0.01062756264334656,74437.41741071429,0.9974136801099365,1.0102787084393052,73826.53292410714,73450.24583333333,1,0.5756320315087751,0.5456434587098115,4,4,2,0,1,14557.142857142857,1.0716388616290482,0
2024-04-15,73399.78125,73905.796875,73315.15625,73315.15625,12800.0,-1.1382831753907308,-0.01144811203905697,74369.26897321429,0.9869638664383877,1.008056187222543,73880.71819196429,73460.39791666667,1,0.7367910474207562,0.6292556673377034,0,4,2,1,0,15257.142857142857,0.8389513108614233,0
2024-04-16,72943.6796875,73135.4296875,72685.03125,72892.140625,9200.0,-0.6213936264285569,-0.006233323120419214,74185.84709821429,0.9832560055684234,1.0061965776137711,73888.69977678571,73481.69114583333,1,0.7127911614255181,0.6530033793236125,1,4,2,0,0,15042.857142857143,0.6115859449192782,0
2024-04-18,72488.9921875,73473.046875,72365.671875,73183.1015625,12400.0,-0.623340503177161,-0.006252913813930057,73934.52901785714,0.9804484203854466,1.0153024904116528,73890.03515625,73481.31432291666,1,0.7134793512529481,0.6614381886853837,3,4,2,0,0,15200.0,0.8157894736842105,1
2024-04-19,73088.328125,73210.171875,71816.4609375,71999.6484375,16200.0,0.8267957925939484,0.00823396559803743,73698.21875,0.9917244862176536,1.0194065666743577,73896.60770089286,73459.41354166667,1,0.7528270675808832,0.6704044938750853,4,4,2,0,1,16328.57142857143,0.9921259842519684,1
2024-04-22,73648.6171875,73767.796875,73227.3203125,73666.5078125,11100.0,0.7665917074225037,0.00763668323964422,73550.34933035714,1.001336062412178,1.0073808048716448,73896.41238839286,73451.9578125,1,0.8578473386469652,0.657900886384681,0,4,2,1,0,12057.142857142857,0.9206161137440758,1
2024-04-23,73738.453125,74059.890625,73688.3125,74048.9375,6400.0,0.12197912320781601,0.0012190478911723072,73364.67857142857,1.005094748056553,1.0050425652643356,73876.69140625,73454.00182291666,0,0.821487066114551,0.6439062601250688,1,4,2,0,0,11957.142857142857,0.5352449223416965,1
2024-04-24,73852.9375,74121.609375,73788.609375,73957.5703125,6600.0,0.15525735915009609,0.0015513695951566327,73308.68415178571,1.007424132004435,1.0045128916620134,73873.05078125,73446.23333333334,0,0.7464474964138886,0.6445163129161268,2,4,2,0,0,10671.42857142857,0.6184738955823293,1
2024-04-25,74339.4375,74571.25,73556.1484375,73572.34375,11800.0,0.6587415700289423,0.006565813494064197,73442.92075892857,1.0122069864842955,1.0138003631791912,73906.09486607143,73453.56822916666,0,0.616861380420549,0.6680879080956061,3,4,2,0,0,10528.57142857143,1.1207598371777476,0
2024-04-26,73730.15625,74515.90625,73616.6484375,74509.3125,13700.0,-0.8195935703710466,-0.008229707036438081,73555.27455357143,1.0023775548047367,1.0122154136542016,73870.56082589286,73461.15208333333,1,0.6628029233250701,0.6933658904569879,4,4,2,0,1,11171.42857142857,1.2263427109974425,1
2024-04-29,74671.28125,74721.1484375,73922.34375,73982.75,9900.0,1.2764451451979575,0.012683672514509291,73867.03013392857,1.010887822545637,1.0108059978482486,73900.77957589286,73494.59609375,1,0.6796195792489707,0.7786251669403034,0,4,2,1,0,10814.285714285714,0.9154557463672391,0
2024-04-30,74482.78125,75111.390625,74346.3984375,74800.890625,8400.0,-0.25243975574612554,-0.0025275892214593238,74066.23772321429,1.0056239325715766,1.0102895661871651,73882.22823660714,73551.95911458334,1,0.6959223456112812,0.7606368217352341,1,4,2,0,0,9700.0,0.865979381443299,1
2024-05-02,74611.109375,74812.4296875,74360.6875,74391.7265625,18400.0,0.17229233770053032,0.0017214408471364331,74203.73660714286,1.0054899225629823,1.0060750135950531,73877.04296875,73602.42005208334,1,0.6609612237966433,0.7621586873862107,3,5,2,0,0,10742.857142857143,1.7127659574468084,0
2024-05-03,73878.1484375,75095.1796875,73467.7265625,75017.8203125,15600.0,-0.9823750693962907,-0.009872322096832772,74223.69308035714,0.9953445506614303,1.022151946183002,73794.18582589286,73643.57734375,1,0.7970113246241896,0.7906827677706437,4,5,2,0,1,12057.142857142857,1.2938388625592416,1
2024-05-06,73895.5390625,74359.6875,73786.2890625,74196.6796875,11200.0,0.023539605915701145,0.00023536835785177825,74229.77901785714,0.9954972255100377,1.0077710702731548,73769.23158482143,73681.81458333334,1,0.7951072472539179,0.74219304820197,0,5,2,1,0,12714.285714285714,0.8808988764044944,0
2024-05-07,73511.8515625,74026.796875,73259.2578125,73973.296875,7900.0,-0.5192295839069327,-0.005205822650898457,74111.55245535714,0.9919081320929232,1.010477024821415,73777.23660714286,73731.80807291667,1,0.7589889595286781,0.6875896121427596,1,5,2,0,0,12157.142857142857,0.6498237367802585,0
2024-05-08,73466.390625,73684.9296875,73073.921875,73225.0,6500.0,-0.06184164394410496,-0.0006186077377594175,74073.87165178571,0.9917989837274684,1.008361502938698,73814.57310267857,73777.29817708333,1,0.7005824477880881,0.6637199036008703,2,5,2,0,0,11128.57142857143,0.5840821566110398,0
2024-05-09,72404.171875,73499.4921875,72334.1796875,73499.4921875,9200.0,-1.4458567257264132,-0.014564110916206198,73749.99888392857,0.9817514979078618,1.0161101225594098,73808.51450892857,73769.39765625,0,0.5888011688027838,0.7579182678635635,3,5,2,0,0,11028.57142857143,0.8341968911917098,1
2024-05-10,72664.46875,72946.5390625,72366.2890625,72475.453125,11000.0,0.3595053548148819,0.003588606789483468,73490.23995535714,0.9887635255258552,1.0080182362190613,73778.23883928571,73763.81536458334,0,0.6618397095668389,0.7281407801285474,4,5,2,0,1,11400.0,0.9649122807017544,1
2024-05-13,72776.1328125,72863.5625,71866.0078125,72476.6484375,13900.0,0.15367078906773912,0.0015355283633447768,73228.10044642857,0.9938279481350304,1.0138807583427014,73715.91852678571,73774.00989583334,0,0.6594208504245984,0.6935794052416203,0,5,2,1,0,10757.142857142857,1.2921646746347941,1
2024-05-14,73104.609375,73286.2578125,72683.9921875,72696.71875,7100.0,0.451352043322073,0.004503365046102378,73117.59486607143,0.9998224026502073,1.0082860834535115,73670.64397321429,73777.61979166667,0,0.654074567172129,0.7065272133881204,1,5,2,0,0,9542.857142857143,0.7440119760479041,0
2024-05-15,72987.03125,73301.46875,72822.65625,73200.2265625,7700.0,-0.16083544663629823,-0.0016096492569153983,72987.80803571429,0.9999893573223365,1.006575048544731,73608.79352678571,73755.47578125,0,0.6496939242237161,0.7041892211298991,2,5,2,0,0,9042.857142857143,0.8515007898894155,1
2024-05-16,73663.71875,73749.46875,72529.96875,73338.2421875,9700.0,0.9271338872274049,0.009228623824175641,73009.50334821429,1.0089606882910225,1.0168137394930286,73560.52790178571,73743.78151041667,0,0.7448978126200042,0.7291157478597797,3,5,2,0,0,9300.0,1.043010752688172,1
2024-05-17,73917.03125,74070.84375,73459.796875,73711.3125,11900.0,0.3438768830822836,0.0034328697850550985,73073.88058035714,1.0115383316575841,1.0083181127772483,73573.87611607143,73744.21901041667,0,0.7521395188657295,0.7020149901010057,4,5,2,0,1,10071.42857142857,1.1815602836879433,1
2024-05-21,73953.3125,74189.1875,73762.3671875,73842.9609375,11000.0,0.04908374888230593,0.0004907170675060954,73295.18638392857,1.0089791178458036,1.0057864237384768,73522.59263392857,73746.76875,0,0.3460082128556409,0.6027012467445356,1,5,2,0,0,10328.57142857143,1.0650069156293223,1
2024-05-22,74221.0625,74307.7890625,73860.328125,74165.5234375,6200.0,0.36205274780625185,0.0036139891451764656,73517.55691964286,1.0095692186986858,1.006058204029946,73503.8984375,73746.54973958334,0,0.34607839102583426,0.6105056635596269,2,5,2,0,0,9642.857142857143,0.642962962962963,1
2024-05-23,75418.0390625,75499.90625,74158.3515625,74253.53125,11900.0,1.6127181721495853,0.01599852018181048,73894.97209821429,1.0206112394529547,1.0180904059924978,73561.53627232143,73785.54375,1,0.5923601234743598,0.75118956048736,3,5,2,0,0,9357.142857142857,1.2717557251908398,0
2024-05-24,75410.390625,75636.5,75244.21875,75335.453125,10300.0,-0.010141390037554654,-0.00010141904311284087,74224.36941964286,1.0159788653595927,1.0052134404013597,73670.98214285714,73807.80677083334,1,0.6250404801128058,0.6877322389930532,4,5,2,0,1,9814.285714285714,1.049490538573508,0
2024-05-27,75390.5,76009.6796875,75175.2734375,75655.4609375,10200.0,-0.026376504398328837,-0.0002637998361005995,74567.72209821429,1.011033968567553,1.0110994774191773,73777.76506696429,73831.36666666667,1,0.6050190927114979,0.6885612050439596,0,5,2,1,0,10171.42857142857,1.002808988764045,0
2024-05-28,75170.453125,75585.3984375,75083.21875,75585.3984375,6900.0,-0.2918761316080931,-0.002923029206549879,74782.96986607143,1.005181437159055,1.0066883079316575,73896.23660714286,73835.77682291667,1,0.625095278529809,0.6742127367380135,1,5,2,0,0,9771.42857142857,0.7061403508771931,0
2024-05-29,74502.8984375,74986.21875,74454.546875,74826.9375,8200.0,-0.8880546275142565,-0.008920213344333511,74866.66517857143,0.9951411387136881,1.0071408919577822,73970.27287946429,73844.37682291666,1,0.7654904053727706,0.7291941750982011,2,5,2,0,0,9242.857142857143,0.8871715610510046,0
2024-05-30,73885.6015625,74493.546875,73668.7265625,74365.8828125,11800.0,-0.8285541743289992,-0.00832005763172786,74856.9921875,0.987023381562448,1.0111963427493242,74076.08928571429,73860.57083333333,1,0.8458103347638549,0.6417846502663211,3,5,2,0,0,9357.142857142857,1.2610687022900764,1
2024-05-31,73961.3125,74478.890625,73765.1484375,74208.53125,19200.0,0.10247048937668257,0.001024180242085346,74819.88504464286,0.988524808022218,1.009675872720635,74168.72098214286,73894.49192708333,1,0.8323614762497098,0.6388980938686522,4,5,2,0,1,11214.285714285714,1.7121019108280255,1
2024-06-03,76468.78125,76738.890625,75678.4296875,76583.2890625,19300.0,3.390243716943231,0.03334041686610549,74969.99107142857,1.0199918681748734,1.0140127238617263,74432.48158482143,74027.1515625,1,1.4586509862883814,1.0812287118068309,0,6,2,1,0,12271.42857142857,1.5727590221187429,0
2024-06-04,72079.046875,76300.4609375,70234.4296875,76285.78125,39100.0,-5.740557523270318,-0.059119179248703545,74494.08482142857,0.9675808092385092,1.0863683420936157,74359.22712053571,73993.50885416666,1,2.6894566030251923,1.954511867550738,1,6,2,0,0,16385.714285714286,2.3862249346120312,1
2024-06-05,74382.2421875,74534.8203125,71879.4375,73027.8828125,17200.0,3.1953742625012937,0.03145384301701045,74350.04799107143,1.000433008414903,1.0369421757439323,74458.88504464286,74017.96302083334,1,3.05691024283698,2.141119181893842,2,6,2,0,0,17385.714285714286,0.9893179950698439,1
2024-06-06,75074.5078125,75297.7265625,74474.9375,75078.703125,13300.0,0.9306866862859087,0.009263824829009405,74336.34151785714,1.0099300864095595,1.0110478650955566,74559.65569196429,74062.49817708334,1,3.082376239933555,2.1412176955116,3,6,2,0,0,18300.0,0.726775956284153,1
2024-06-07,76693.359375,76795.3125,74941.8828125,75031.7890625,29000.0,2.1563265743188342,0.021334067516473557,74649.26450892857,1.0273826524550278,1.0247315602162967,74757.96484375,74157.17890625,1,3.146499514557708,2.2071483824780365,4,6,2,0,1,21271.428571428572,1.3633310946944257,0
2024-06-10,76490.078125,77079.0390625,76379.7265625,76935.40625,17300.0,-0.2650571726895312,-0.002654090711724915,75021.33258928571,1.0195777052342583,1.009155734531568,74939.16238839286,74228.86692708333,1,3.1151507598554495,2.211342426287853,0,6,2,1,0,22057.14285714286,0.7843264248704662,0
2024-06-11,76456.59375,76860.53125,76296.4375,76680.8984375,6700.0,-0.04377610249695074,-0.00043785687029958585,75377.80133928571,1.0143118052204587,1.0073934480885822,75098.84319196429,74319.74817708334,1,3.1190504240185417,2.212621064434107,1,6,2,0,0,20271.428571428572,0.33051444679351655,1
2024-06-12,76606.5703125,77050.53125,76533.78125,76679.109375,9700.0,0.19615909517287644,0.001959669544464241,75397.48549107143,1.0160361424993642,1.0067519204142288,75183.73828125,74384.2578125,1,2.8508676669621806,2.1768848399805174,2,6,2,0,0,18900.0,0.5132275132275133,1
2024-06-13,76810.8984375,77145.4609375,76719.703125,77102.046875,7500.0,0.2667240214076827,0.002663689441338207,76073.46428571429,1.009693710661264,1.0055495237228214,75283.77455357143,74461.86171875,1,1.2903412896647348,2.176731639454469,3,6,2,0,0,14385.714285714286,0.5213505461767627,1
2024-06-14,76992.7734375,77081.296875,76549.046875,76912.3828125,12400.0,0.23678280517442918,0.0023650291642218777,76446.39732142857,1.007147179399104,1.0069530584863993,75398.22265625,74541.25052083333,1,0.8191320430922293,2.176191877015697,4,6,2,0,1,13700.0,0.9051094890510949,1
2024-06-18,77301.140625,77366.7734375,77071.4375,77235.3125,7400.0,0.40051445574995626,0.003997145317664041,76764.48772321429,1.0069909005804962,1.0038319765023196,75550.41462053571,74655.35026041667,1,0.7965299394666611,2.172688146816265,1,6,2,0,0,12857.142857142857,0.5755555555555556,1
2024-06-19,77337.59375,77851.6328125,76954.8671875,77543.21875,11100.0,0.04715729251245637,0.0004714617695566397,76856.52120535714,1.0062593588299091,1.0116531371929347,75752.89285714286,74770.08541666667,1,0.2236262164788041,2.1501907532876254,2,6,2,0,0,10300.0,1.0776699029126213,1
2024-06-20,77478.9296875,77643.09375,77100.359375,77554.828125,8700.0,0.18275192005181573,0.0018258513190517946,76997.78571428571,1.0062488027253103,1.0070393235440092,76009.55915178571,74902.32135416666,1,0.14563920729943192,2.1266204601352836,3,6,2,0,0,9071.42857142857,0.9590551181102362,0
2024-06-21,77209.8984375,77808.453125,76802.0,77729.4765625,23200.0,-0.34723150033835193,-0.00347835748076976,77105.40066964286,1.0013552587360885,1.0131045171349704,76241.60100446429,75027.10494791667,1,0.2395441426175881,2.1342106169250035,4,6,2,0,1,11428.57142857143,2.03,1
2024-06-24,77341.078125,77423.0234375,76745.9375,76885.6484375,13900.0,0.16990009073278856,0.0016975592379870272,77210.33035714286,1.001693397337537,1.0088224335978695,76303.90792410714,75191.66848958333,1,0.23872979391307042,1.9439551550996244,0,6,2,1,0,12028.57142857143,1.155581947743468,1
2024-06-25,78053.5234375,78164.7109375,77459.6015625,77529.1875,8800.0,0.9211732364895919,0.009169563128304734,77387.84821428571,1.0086018055621737,1.0091029305699575,76730.65625,75371.30364583334,1,0.3828214363406894,0.9818494067705963,1,6,2,0,0,12214.285714285714,0.7204678362573099,1
2024-06-26,78674.25,78759.3984375,77945.9375,78094.0234375,8600.0,0.795257581161013,0.007921120736451806,77628.05915178571,1.013476967731071,1.0104362198158179,77037.22823660714,75567.90755208333,1,0.43856965840197687,0.6386397080974284,2,6,2,0,0,11671.42857142857,0.736842105263158,1
2024-06-27,79243.1796875,79396.03125,78467.34375,78758.671875,9600.0,0.7231459944009533,0.007205438311834032,77905.49330357143,1.017170629787505,1.0118353375508522,77334.99051339286,75772.5265625,1,0.4657843961377553,0.627774552083262,3,6,2,0,0,11985.714285714286,0.800953516090584,0
2024-06-28,79032.7265625,79671.578125,78905.890625,79457.578125,17200.0,-0.265578849599335,-0.0026593213586714134,78147.65513392857,1.0113256300148048,1.0097038065717923,77502.08816964286,75974.04973958334,1,0.5129569346472844,0.3929409029938686,4,6,2,0,1,12857.142857142857,1.3377777777777777,1
2024-07-01,79476.1875,79561.0,78971.7890625,79043.3515625,0.0,0.5611105130598038,0.005595421521108162,78432.97767857143,1.0133006530200062,1.0074610306350498,77715.38169642857,76167.79869791666,1,0.5170661482950922,0.37691887652803535,0,7,3,1,0,11614.285714285714,0.0,0
2024-07-02,79441.453125,79855.8671875,79231.109375,79840.3671875,0.0,-0.04370412835920101,-0.0004371368139686182,78751.77120535714,1.0087576686731834,1.0078852589270588,77928.5859375,76351.94609375,1,0.45652814174474987,0.3769142007633639,1,7,3,0,0,8300.0,0.0,1
2024-07-03,79986.796875,80074.296875,79754.953125,80013.7734375,0.0,0.6864725260524951,0.0068412703140675124,79129.73102678571,1.010831148256073,1.0040040616599635,78170.03069196429,76553.06223958333,1,0.453221642132668,0.39156164464773496,2,7,3,0,0,6314.285714285715,0.0,1
2024-07-04,80049.671875,80392.640625,79986.40625,80321.7890625,8800.0,0.07860672317989703,0.0007857584427612167,79414.89508928571,1.0079931703618146,1.0050787926854758,78401.37165178571,76747.34921875,1,0.4285301494189737,0.3963449006241862,3,7,3,0,0,6314.285714285715,1.3936651583710407,0
2024-07-05,79996.6015625,80149.8671875,79478.9609375,79778.9765625,16200.0,-0.06629672709074219,-0.0006631871308872535,79603.80245535714,1.0049344264347566,1.0084413062537088,78615.93080357143,76899.96796875,1,0.4065787420468797,0.40794548842801026,4,7,3,0,1,7400.0,2.189189189189189,0
2024-07-08,79960.3828125,80067.4609375,79731.828125,79915.0,14100.0,-0.04527536081855299,-0.0004528561320469257,79706.26004464286,1.0031882410204018,1.004209521095814,78805.87667410714,77051.634375,1,0.3545103933517122,0.4146966729365401,0,7,3,1,0,8042.857142857143,1.7531083481349912,1
2024-07-09,80351.640625,80397.171875,79998.5625,80107.2109375,6200.0,0.48931458146901363,0.0048812132859460695,79894.67633928571,1.0057195836650457,1.0049827067205115,79021.16573660714,77217.00572916666,1,0.328198905825846,0.415496942347062,1,7,3,0,0,6471.428571428572,0.9580573951434879,0
2024-07-10,79924.7734375,80481.359375,79435.7578125,80481.359375,9300.0,-0.5312488757910794,-0.005326650203593371,79958.76004464286,0.9995749482967985,1.0131628575252978,79195.86886160714,77375.48307291667,1,0.40028427300733666,0.46808510326187874,2,7,3,0,0,7800.0,1.1923076923076923,0
2024-07-11,79897.34375,80170.09375,79464.3828125,80170.09375,8200.0,-0.03431938098823473,-0.00034325271435540393,80023.88727678571,0.9984186780836074,1.0088808458899776,79387.82924107143,77555.29791666666,1,0.3998119399542052,0.4456835804069853,3,7,3,0,0,8971.42857142857,0.9140127388535033,1
2024-07-12,80519.34375,80893.5078125,79843.390625,80093.6171875,18400.0,0.7784989723140789,0.007754843050585487,80099.96540178571,1.0052356870082362,1.013152211839701,79614.84821428571,77776.42265625,1,0.4237778358131124,0.46690639762718655,4,7,3,0,1,11600.0,1.5862068965517242,1
2024-07-15,80664.859375,80862.5390625,80556.96875,80686.5390625,16200.0,0.18072132511637307,0.0018055822060979829,80187.84933035714,1.0059486574166328,1.0037932200930786,79801.37220982143,77999.87421875,1,0.42485111780494506,0.43030062444274253,0,7,3,1,0,12657.142857142857,1.2799097065462754,1
2024-07-16,80716.546875,80898.296875,80598.0625,80731.4921875,8700.0,0.06407684882918652,0.0006405632838184322,80290.69866071429,1.0053038299751909,1.003725081790893,79947.25055803571,78141.46640625,1,0.41863649834332495,0.40057129426159355,1,7,3,0,0,11585.714285714286,0.750924784217016,1
2024-07-18,81343.4609375,81522.546875,80390.3671875,80514.25,9300.0,0.7766859296779005,0.007736852517252306,80488.28125,1.0106248968696918,1.0140835242717494,80097.27064732143,78450.28020833334,1,0.4733632112115007,0.40632904427692795,3,7,3,0,0,10900.0,0.8532110091743119,0
2024-07-19,80604.6484375,81587.7578125,80499.1015625,81585.0625,16100.0,-0.9082629279416388,-0.009124127825115774,80524.42522321429,1.0009962593841972,1.013523831059838,80209.55078125,78657.69375,1,0.6243951767888688,0.48931890051559035,4,7,3,0,1,12314.285714285714,1.3074245939675175,0
2024-07-22,80502.078125,80800.921875,80100.6484375,80408.8984375,11400.0,-0.12725111328973915,-0.0012733214626978074,80606.89732142857,0.998699624971166,1.008742419083491,80282.82868303571,78838.61276041667,1,0.5791114094112431,0.47841615458690817,0,7,3,1,0,12614.285714285714,0.9037372593431484,0
2024-07-23,80429.0390625,80766.40625,79224.3203125,80724.296875,13100.0,-0.09072941245887867,-0.0009077059650288279,80682.85379464286,0.996854167642745,1.019464804890938,80353.37053571429,78963.13541666667,1,0.5817484424495926,0.47961122038431475,1,7,3,0,0,13314.285714285714,0.9839055793991417,0
2024-07-24,80148.8828125,80519.578125,79750.5078125,80343.3828125,9900.0,-0.3483272376066715,-0.0034893530939271193,80629.93080357143,0.9940338781606628,1.0096434534850631,80364.94810267857,79085.09557291666,1,0.5133839331175148,0.45983971661366135,2,7,3,0,0,12100.0,0.8181818181818182,0
2024-07-25,80039.796875,80143.1015625,79477.828125,79542.109375,9700.0,-0.13610412730916677,-0.0013619683310367567,80540.63616071429,0.9937815330299242,1.0083705538160113,80364.24274553571,79204.53567708333,1,0.5019775297609576,0.4611496540333994,3,7,3,0,0,11171.42857142857,0.8682864450127877,1
2024-07-26,81332.71875,81427.1796875,80013.6015625,80158.5,18400.0,1.615348770836067,0.01602440832537449,80628.66071428571,1.0087321062941772,1.0176667228745582,80459.6796875,79362.07395833333,1,0.8281100462125257,0.6304560119975356,4,7,3,0,1,12557.142857142857,1.465301478953356,1
2024-07-29,81355.84375,81908.4296875,81135.90625,81679.6484375,19400.0,0.02843259189586611,0.00028428550600468396,80630.4296875,1.0089967778332758,1.0095213509431897,80559.35546875,79513.57213541666,1,0.7745133851259348,0.6292742967241268,0,7,3,1,0,14000.0,1.3857142857142857,1
2024-07-30,81455.3984375,81815.2734375,81230.4375,81349.28125,10800.0,0.12236943643031406,0.0012229462605925288,80751.96540178571,1.008711033003523,1.0071997142388898,80638.1953125,79662.32630208334,1,0.6617862916407852,0.6205358856831064,1,7,3,0,0,13242.857142857143,0.8155339805825242,1
2024-07-31,81741.34375,81828.0390625,81434.3203125,81655.8984375,6900.0,0.3510452566497513,0.003504305310120602,80929.00334821429,1.0100376919049705,1.004834801205304,80767.95033482143,79810.33307291666,1,0.6527836579920172,0.5958873089972712,2,7,3,0,0,12600.0,0.5476190476190477,1
2024-08-01,81867.546875,82129.4921875,81700.2109375,81949.6796875,14500.0,0.1543932595309272,0.0015427419567327686,81134.50446428571,1.0090349034058248,1.005254346899158,80908.67912946429,79961.33151041667,1,0.6397635463541903,0.5932259849525343,3,8,3,0,0,12800.0,1.1328125,0
2024-08-02,80981.953125,81345.6015625,80868.90625,81158.9921875,19500.0,-1.0817396927162992,-0.010876330354834964,81253.51450892857,0.9966578506102807,1.00589466748847,80941.72265625,80078.09895833333,1,0.7960594447096856,0.6531476362356751,4,8,3,0,1,14171.42857142857,1.376008064516129,0
2024-08-05,78759.3984375,79780.609375,78295.859375,78588.1875,25100.0,-2.744506154438342,-0.027828713099937948,81070.60044642857,0.9714914901801448,1.0189633272034062,80805.61830357143,80129.74895833334,1,1.361947112675322,0.9878210555529909,0,8,3,1,0,16371.42857142857,1.5331588132635254,0
2024-08-06,78593.0703125,79852.078125,78496.5703125,78981.96875,8900.0,-0.21118511352266056,-0.0021140842373754166,80679.22209821429,0.9741426388175294,1.0172683699058906,80653.94140625,80171.48203125,1,1.101265918657565,0.9856254394432882,1,8,3,0,0,15014.285714285714,0.5927687916270219,1
2024-08-07,79468.0078125,79639.203125,79106.203125,79565.3984375,8600.0,1.1132501841715658,0.011070991630437866,80409.53125,0.9882908975731655,1.0067377775565562,80519.98046875,80218.63151041667,1,1.2513400588119454,1.0145837666397972,2,8,3,0,0,13471.42857142857,0.6383881230116649,0
2024-08-08,78886.21875,79626.921875,78798.9375,79420.4921875,8900.0,-0.7321047532394376,-0.007347977920484933,80042.50558035714,0.9855540900178804,1.0105075576050755,80397.23549107143,80225.69713541666,0,1.241718226564964,1.0056654226288742,3,8,3,0,0,13200.0,0.6742424242424242,1
2024-08-09,79705.90625,79984.2421875,79549.09375,79984.2421875,8800.0,1.0390756623760655,0.010337143777699438,79751.72879464286,0.9994254350929389,1.0054701872389338,80340.36607142857,80241.12135416667,0,1.3391164815994963,1.054725194372854,4,8,3,0,1,13471.42857142857,0.6532343584305409,0
2024-08-12,79648.921875,80106.1796875,79226.1328125,79330.1171875,10500.0,-0.07149329037332564,-0.0007151885901346875,79434.78236607143,1.002695790213684,1.0111080377617667,80284.64341517857,80261.66119791666,0,1.327556321211194,1.0547027076647364,0,8,3,1,0,12900.0,0.813953488372093,0
2024-08-13,78956.03125,79692.546875,78889.3828125,79552.5078125,7400.0,-0.869930952847564,-0.008737369412180757,79145.36495535714,0.9976077726666124,1.0101808891623467,80199.43973214286,80244.32265625,0,1.3113197225924549,1.0745305715761448,1,8,3,0,0,11171.42857142857,0.6624040920716113,1
2024-08-14,79105.8828125,79228.9375,78895.71875,79065.21875,10700.0,0.18979115354154086,0.001896112776880731,79194.86272321429,0.998876443399804,1.0042235339924577,80132.73158482143,80233.13697916667,0,0.7818359121632705,1.0772534238767097,2,8,3,0,0,9114.285714285714,1.1739811912225706,1
2024-08-16,80436.84375,80518.2109375,79306.6875,79754.8515625,13100.0,1.6825056369760727,0.016685082967302298,79458.25892857143,1.012315709337506,1.015276434758418,80068.74051339286,80248.13854166666,0,0.9741710650842085,1.0854935958063372,4,8,3,0,1,9714.285714285714,1.348529411764706,0
2024-08-19,80424.6796875,80724.3984375,80332.6484375,80680.25,10300.0,-0.015122500999420474,-0.00015123644564894783,79594.92633928571,1.0104247015026728,1.0048765975928802,80002.22879464286,80260.63880208334,0,0.9157003939786491,1.0852411237377866,0,8,3,1,0,9957.142857142857,1.0344332855093257,1
2024-08-20,80802.859375,80942.9609375,80517.953125,80722.5390625,6600.0,0.47022840373063257,0.0046912628360968244,79868.73214285714,1.0116957814038168,1.0052784229604073,79955.61886160714,80287.5140625,0,0.8255939225052027,1.0940953149904926,1,8,3,0,0,9628.57142857143,0.6854599406528189,1
2024-08-21,80905.296875,80952.828125,80626.3828125,80667.25,5800.0,0.12677459782035605,0.0012669430667911024,80040.07366071429,1.0108098752876384,1.0040488646657901,79895.90122767857,80319.01119791667,0,0.7680315636299931,1.089374279885839,2,8,3,0,0,9200.0,0.6304347826086957,1
2024-08-22,81053.1875,81236.453125,80954.0234375,81207.2421875,5800.0,0.18279473744282626,0.0018262787118019437,80240.68303571429,1.0101258418242036,1.003488766530771,79837.73270089286,80342.39609375,0,0.7581109083597328,1.0898463528263296,3,8,3,0,0,8528.57142857143,0.6800670016750419,1
2024-08-23,81086.2109375,81231.4921875,80883.2578125,81165.6484375,10400.0,0.04074292266420532,0.0004073462498920291,80544.99441964286,1.006719430819467,1.0043053950152114,79845.1796875,80381.11067708333,1,0.5937208727335035,1.0499172245555792,4,8,3,0,1,8957.142857142857,1.1610845295055823,1
2024-08-26,81698.109375,81824.2734375,81278.4375,81388.2578125,16200.0,0.7546269956696383,0.0075179392994882,80915.3125,1.0096742736425817,1.0067156302986262,80055.08761160714,80441.13619791667,1,0.6014921563678453,0.7012316726608853,0,8,3,1,0,9742.857142857143,1.662756598240469,1
2024-08-27,81711.7578125,81919.109375,81600.5078125,81815.2265625,5700.0,0.016705940448824563,0.00016704545161988192,81097.44308035714,1.0075750197393294,1.0039044066151166,80277.85100446429,80480.88333333333,1,0.2849171521657683,0.6919288154067247,1,8,3,0,0,8685.714285714286,0.65625,1
2024-08-28,81785.5625,82039.2578125,81578.3203125,81779.84375,5100.0,0.09032321599218296,0.0009028244912156603,81291.85491071429,1.0060732725293078,1.0056502450434661,80443.390625,80518.24010416666,1,0.27261222962975384,0.6499720524998007,2,8,3,0,0,7942.857142857143,0.6420863309352518,1
2024-08-29,82134.609375,82285.828125,81682.78125,81822.5625,8400.0,0.4267829973046977,0.004258748615997446,81482.10491071429,1.008007948064188,1.0073827906661785,80675.41852678571,80565.50885416666,1,0.2669409929542378,0.5923447017050665,3,8,3,0,0,8200.0,1.024390243902439,1
2024-08-30,82365.7734375,82637.03125,82256.0234375,82637.03125,10300.0,0.2814453788226867,0.002810500628749909,81690.74441964286,1.0082632251995347,1.004631974615081,80865.40904017857,80599.5859375,1,0.26294738220207836,0.5518994925802975,4,8,3,0,1,8842.857142857143,1.1647819063004847,1
2024-09-02,82559.84375,82725.28125,82440.9296875,82725.28125,9500.0,0.23562009363908842,0.002353429447567205,81905.98102678571,1.0079830888418326,1.003449155214259,81073.33203125,80664.75911458333,1,0.2612419614275841,0.5447882573578666,0,9,3,1,0,9371.42857142857,1.0137195121951221,0
2024-09-03,82555.4375,82675.0625,82400.7578125,82652.6875,4300.0,-0.005337037716957038,-5.337180141882537e-05,82115.87053571429,1.0053530086378921,1.0033289097671185,81330.43247767857,80733.20442708333,1,0.2682835819070465,0.44737608637858517,1,9,3,0,0,8500.0,0.5058823529411764,0
2024-09-04,82352.640625,82408.5390625,81833.6875,81845.5,9100.0,-0.24564932503688963,-0.00245951538015554,82209.375,1.0017426920591477,1.007024632276286,81562.34375,80797.32447916667,1,0.22146398660645378,0.4715946232984295,2,9,3,0,0,7485.714285714285,1.215648854961832,0
2024-09-05,82201.15625,82617.4921875,82130.4375,82469.7890625,7000.0,-0.18394598382072136,-0.0018411537219949275,82279.2890625,0.9990503951432949,1.0059302580422758,81688.36607142857,80865.73359375,1,0.24763558059500743,0.2664956450144338,3,9,3,0,0,7671.428571428572,0.9124767225325885,0
2024-09-06,81183.9296875,82254.7890625,80981.9296875,82171.078125,14500.0,-1.2374844940213348,-0.012452050936557026,82193.34151785714,0.9877190559269592,1.0157178197643821,81742.59821428571,80903.87135416667,1,0.5577660593927887,0.45806030827222016,4,9,3,0,1,9014.285714285714,1.6085578446909667,1
2024-09-09,81559.5390625,81653.359375,80895.046875,80973.75,7800.0,0.4626646880063978,0.004615976847711099,82111.18861607143,0.9932816761896994,1.009374028810092,81796.64676339286,80911.43203125,1,0.563592352591158,0.4575537293836938,0,9,3,1,0,8928.57142857143,0.8735999999999999,1
2024-09-10,81921.2890625,82196.546875,81445.296875,81768.71875,5600.0,0.4435410059426381,0.004425602617552683,82047.69084821429,0.9984594108084269,1.0092239825849367,81869.21763392857,80930.28020833334,1,0.5847594968773411,0.46840961414562143,1,9,3,0,0,8257.142857142857,0.6782006920415226,0
2024-09-11,81523.15625,82134.953125,81423.140625,81928.1171875,7800.0,-0.4859943209588047,-0.0048717911360082015,81899.59263392857,0.9954036842941192,1.0087421400665235,81902.78683035714,80932.53880208333,1,0.5843160022152173,0.49176127454758,2,9,3,0,0,8014.285714285715,0.9732620320855615,1
2024-09-12,82962.7109375,83116.1875,81534.2890625,81930.1796875,8300.0,1.765823054109239,0.017504135375616195,81957.77455357143,1.0122616358167666,1.0194016340326142,82036.82254464286,80973.25104166666,1,0.9444736585470289,0.6737546864097818,3,9,3,0,0,8585.714285714286,0.9667221297836938,0
2024-09-13,82890.9375,83092.9296875,82653.21875,83091.546875,12700.0,-0.08651288836748483,-0.0008655033236423298,82034.67410714286,1.010437822813056,1.0053199493516398,82122.02455357143,81007.3640625,1,0.9373820343410593,0.6544197616408359,4,9,3,0,1,9100.0,1.3956043956043955,1
2024-09-16,82988.78125,83184.34375,82832.8203125,82985.328125,6900.0,0.11803914028598594,0.0011796952886655103,82147.19196428571,1.0102448941417277,1.0042437699956832,82213.24051339286,81074.25833333333,1,0.9292176848220883,0.6539214892821994,0,9,3,1,0,9085.714285714286,0.7594339622641509,1
2024-09-17,83079.65625,83152.40625,82866.6796875,83084.6328125,9800.0,0.10950275281937927,0.0010944284228680376,82418.01004464286,1.008027932305072,1.0034480271633606,82305.67578125,81218.26692708333,1,0.7100368403443944,0.6538908493981209,1,9,3,0,0,8414.285714285714,1.1646859083191852,0
2024-09-18,82948.2265625,83326.3828125,82700.6328125,83037.1328125,5100.0,-0.15819719704244228,-0.0015832246093494475,82616.39397321429,1.0040165465148878,1.0075664475436206,82363.79129464286,81363.43880208333,1,0.7295672541543582,0.6510627873405543,2,9,3,0,0,8028.571428571428,0.6352313167259787,1
2024-09-19,83184.796875,83773.609375,83071.65625,83359.171875,6600.0,0.28520237538984805,0.0028479644504736967,82796.89508928571,1.0046849798569861,1.0084499714666517,82422.29296875,81487.33177083333,1,0.7247790861732817,0.6511563505863543,3,9,3,0,0,8171.428571428572,0.8076923076923077,1
2024-09-20,84544.3125,84694.4609375,83187.640625,83603.0390625,28700.0,1.6343318443668542,0.016211203930942247,83228.48883928571,1.0158097747425783,1.0181135118291498,82564.04073660714,81675.93489583333,1,0.8171818231784768,0.7738303247590211,4,9,3,0,1,11157.142857142857,2.5723431498079385,1
2024-09-23,84928.609375,84980.53125,84607.3828125,84651.1484375,11100.0,0.45455083096217486,0.004535208686280275,83509.33147321429,1.0169954408297586,1.0044103531523596,82733.55301339286,81850.025,1,0.6088038507860376,0.7754566371482237,0,9,3,1,0,11557.142857142857,0.9604449938195303,0
2024-09-24,84914.0390625,85163.2265625,84716.0703125,84860.7265625,8700.0,-0.017155953226155596,-0.00017157425028147935,83798.34598214286,1.0133140226967594,1.0052782931072055,82916.51004464286,82025.52890625,1,0.6012861392181156,0.7675974764551308,1,9,3,0,0,10985.714285714286,0.7919375812743823,1
2024-09-25,85169.8671875,85247.421875,84743.0390625,84836.453125,13500.0,0.3012789496583679,0.003008260141357186,84109.9296875,1.012601811747294,1.0059519084762585,83128.56082589286,82232.65677083333,1,0.5936165295912801,0.7587745247702007,2,9,3,0,0,11928.57142857143,1.1317365269461077,1
2024-09-26,85836.1171875,85930.4296875,85106.7421875,85167.5625,9100.0,0.7822602312309135,0.007792164391625613,84503.70982142857,1.0157674422683578,1.0096782872758228,83460.85993303571,82456.99791666666,1,0.5983275071569872,0.6347659591754824,3,9,3,0,0,11828.57142857143,0.7693236714975845,0
2024-09-27,85571.8515625,85978.25,85474.578125,85893.84375,9400.0,-0.30787229625349744,-0.0030834719798523143,84878.51339285714,1.0081685946410697,1.0058926511958142,83747.45368303571,82628.16484375,1,0.6264845738259243,0.6618061792954704,4,9,3,0,1,12442.857142857143,0.7554535017221584,0
2024-09-30,84299.78125,85359.6484375,84257.140625,85208.7578125,11000.0,-1.4865522824066835,-0.014977122077036099,85037.796875,0.9913213223752159,1.0130850371175886,83917.34598214286,82757.33489583334,1,0.9678773070512323,0.8215859706929586,0,9,3,1,0,13071.42857142857,0.8415300546448088,0
2024-10-01,84266.2890625,84648.3984375,84098.9375,84257.171875,6000.0,-0.03972986288146574,-0.0003973775728251436,84998.07924107143,0.9913905092314388,1.0065335062942977,84113.28404017857,82872.78255208333,1,0.7305017766085393,0.8009980568764109,1,10,4,0,0,9828.57142857143,0.6104651162790697,0
2024-10-03,82497.1015625,83752.8125,82434.0234375,83002.09375,19700.0,-2.099519890673951,-0.021218732384733863,84650.72098214286,0.9745587586891651,1.0159981159175118,84080.02622767857,82925.84270833334,1,1.0200245029767476,0.8951152130838489,3,10,4,0,0,11057.142857142857,1.781653746770026,0
2024-10-04,81688.453125,83368.3203125,81532.6796875,82244.25,19200.0,-0.9802143616977399,-0.009850500889491902,84189.92299107143,0.9702877758144912,1.0225141701712206,83994.13448660714,82947.01822916667,1,1.023211114971117,0.9301419004049988,4,10,4,0,1,12557.142857142857,1.52901023890785,0
2024-10-07,81050.0,82137.7734375,80726.0625,81926.9921875,17700.0,-0.7815708347702954,-0.007846411076537314,83601.37053571429,0.9694817140034283,1.0174876724292108,83855.65011160714,82945.81119791667,1,0.9530027633104151,0.9448564542188531,0,10,4,1,0,13157.142857142857,1.3452768729641693,1
2024-10-08,81634.8125,81763.28125,80813.0703125,80826.5625,7200.0,0.7215453423812468,0.007189546584838217,83001.18415178571,0.9835379258049258,1.0117581343441795,83752.44698660714,82943.70130208334,1,0.9373922858103323,0.9722733184561919,1,10,4,0,0,12885.714285714286,0.5587583148558758,0
2024-10-09,81467.1015625,82319.2109375,81342.890625,81954.578125,7500.0,-0.2054404638952234,-0.0020565178228817895,82414.79129464286,0.9885009751616703,1.0120025278791842,83646.65234375,82935.54609375,0,0.9454906201419485,0.9724949404301284,2,10,4,0,0,12614.285714285714,0.594563986409966,1
2024-10-10,81611.40625,82002.84375,81538.9375,81832.65625,7600.0,0.1771324678702335,0.0017697577332502006,82030.73772321429,0.9948881177366807,1.005689383063153,83534.26729910714,82929.74088541667,0,0.9224469007201123,0.9694192835479799,3,10,4,0,0,12128.57142857143,0.6266195524146054,0
2024-10-11,81381.359375,81671.3828125,81304.1484375,81478.4921875,8700.0,-0.2818807879566454,-0.0028227882000963207,81618.60491071429,0.9970932419639638,1.0045167975073535,83308.34207589286,82904.63255208333,0,0.9085718357039221,0.8254417933528766,4,10,4,0,1,12514.285714285714,0.6952054794520548,1
2024-10-14,81973.046875,82072.171875,81541.203125,81576.9296875,7700.0,0.7270553165296123,0.0072442501085332655,81543.73995535714,1.0052647440487508,1.0065116619531116,83097.23046875,82891.54166666667,0,0.6731066386418887,0.8467489860030561,0,10,4,1,0,10800.0,0.7129629629629629,0
2024-10-15,81820.1171875,82300.4375,81635.5703125,82101.859375,5500.0,-0.1865609408580382,-0.0018673518252629627,81562.54910714286,1.0031579209229815,1.0081443319983543,82876.23604910714,82866.88411458333,0,0.5543451625359542,0.8443829891068088,1,10,4,0,0,8842.857142857143,0.6219709208400646,0
2024-10-16,81501.359375,81932.1484375,81358.2578125,81646.6015625,5600.0,-0.38958366653218945,-0.0039034452044961108,81627.02901785714,0.9984604408077911,1.0070538706264163,82614.19977678571,82831.74817708334,0,0.4732322384628275,0.8290151301319465,2,10,4,0,0,7114.285714285715,0.78714859437751,0
2024-10-17,81006.609375,81781.3984375,80905.640625,81758.0703125,6800.0,-0.6070450895470092,-0.00608895098978059,81537.28571428571,0.99349161141879,1.0108244345602448,82269.23493303571,82786.88046875,0,0.43833758650334537,0.7690965505333589,3,10,4,0,0,7057.142857142857,0.9635627530364372,1
2024-10-18,81224.75,81391.1484375,80409.25,80749.2578125,9300.0,0.2692874404731205,0.002689255114524688,81502.6640625,0.9965901229647306,1.0122112622304027,81958.72767857143,82754.33359375,0,0.4573283246852813,0.7901728471965354,4,10,4,0,1,7314.285714285715,1.271484375,0
2024-10-21,81151.2734375,81770.0234375,80811.2265625,81770.0234375,7600.0,-0.09046080474239826,-0.0009050174522029079,81436.93080357143,0.9964922871815927,1.011864649452616,81733.83426339286,82753.24505208334,0,0.44706058389590086,0.7235441306519684,0,10,4,1,0,7314.285714285715,1.0390625,0
2024-10-22,80220.71875,81504.2421875,80149.53125,81155.078125,5600.0,-1.1466914172538312,-0.01153316619061521,81271.125,0.9870752835032123,1.016902293954464,81444.86495535714,82708.61770833333,0,0.6040987414287118,0.7562968947204715,1,10,4,0,0,6871.428571428572,0.8149688149688149,0
2024-10-23,80081.9765625,80646.3125,79891.6796875,79921.1328125,6200.0,-0.17295056646448037,-0.0017310029862333196,81000.97209821429,0.9886545122619023,1.009445699670501,81272.35602678571,82647.30729166667,0,0.4488921170368831,0.5639177583791868,2,10,4,0,0,6657.142857142857,0.9313304721030043,0
2024-10-24,80065.15625,80259.8203125,79813.0234375,80098.296875,4800.0,-0.02100386781396235,-0.0002100607393519735,80750.26339285714,0.9915157286915085,1.0055980447269972,81156.40625,82598.70729166667,0,0.4620020774323266,0.5197501018659977,3,10,4,0,0,6557.142857142857,0.7320261437908497,0
2024-10-25,79402.2890625,80253.1875,79137.9765625,80187.34375,13900.0,-0.8279096907401584,-0.008313558971863243,80450.39620535714,0.9869720076930167,1.0140919819528018,81038.71261160714,82480.0265625,0,0.5027544189211245,0.5242642427626275,4,10,4,0,1,7742.857142857143,1.7952029520295203,1
2024-10-28,80005.0390625,80539.8125,79418.8203125,79653.671875,10800.0,0.7591090976301063,0.007562423631406218,80307.31473214286,0.9962360132367635,1.0141149438267791,80922.30022321429,82383.82994791666,0,0.641779788732766,0.5291157192828422,0,10,4,1,0,8314.285714285714,1.2989690721649485,1
2024-10-29,80369.03125,80450.4765625,79421.3515625,80037.203125,9600.0,0.45496157712723306,0.004539297553553263,80185.06919642857,1.0022942183054153,1.012957787543947,80843.86662946429,82296.50494791666,0,0.6665984783650538,0.5520280590332987,1,10,4,0,0,8357.142857142857,1.1487179487179489,0
2024-10-30,79942.1796875,80435.609375,79821.9921875,80237.8515625,5900.0,-0.531114480118855,-0.005325299069896485,80012.34151785714,0.9991231123970858,1.0076873198812004,80724.63616071429,82191.92239583333,0,0.6807742509176,0.5575497991583376,2,10,4,0,0,8114.285714285715,0.727112676056338,0
2024-10-31,79389.0625,80044.953125,79287.9296875,80044.953125,9300.0,-0.6918965553130763,-0.0069430125798514,79893.53348214286,0.9936857094666415,1.00954777657184,80582.32924107143,82073.28359375,0,0.592738506985049,0.575706146074775,3,10,4,0,0,8642.857142857143,1.0760330578512396,1
2024-11-01,79724.1171875,80023.75,79655.546875,80023.75,2300.0,0.42204137062331615,0.004211532739109102,79842.41071428571,0.9985184123860059,1.0046224417437972,80421.69140625,81957.92760416666,0,0.6299340447823196,0.54381758879315,4,11,4,0,1,8085.714285714285,0.284452296819788,0
2024-11-04,78782.2421875,79713.140625,78232.6015625,79713.140625,9500.0,-1.1814179112009993,-0.01188452109683321,79659.13727678571,0.9889919082824256,1.0189248348249955,80204.70033482143,81765.85859375,0,0.7571162851212867,0.603999744991237,0,11,4,1,0,8757.142857142857,1.0848287112561175,1
2024-11-05,79476.6328125,79523.1328125,78296.703125,78542.15625,8600.0,0.8814050041218158,0.008775433050985753,79669.7578125,0.9975759308763745,1.0156638739378594,80060.07700892857,81584.12604166666,0,0.8054972672515165,0.6756223515652839,1,11,4,0,0,8000.0,1.075,1
2024-11-06,80378.1328125,80569.7265625,79459.1171875,79771.8203125,20200.0,1.1342956641442026,0.011279107679117944,79723.05691964286,1.0082168938092455,1.013977116966695,80015.18582589286,81432.92916666667,0,0.8728404995906223,0.7469648194910862,2,11,4,0,0,9342.857142857143,2.162079510703364,0
2024-11-07,79541.7890625,80563.421875,79419.34375,80563.421875,8200.0,-1.0405115430473622,-0.010459627107269361,79604.87946428571,0.9992074555955579,1.0144055348606429,79894.97433035714,81245.3265625,0,0.9430372115547268,0.7845693604484311,3,11,4,0,0,9142.857142857143,0.896875,0
2024-11-08,79486.3203125,79807.2578125,79117.3671875,79611.8984375,10300.0,-0.06973535628727046,-0.0006975968269691611,79539.75669642857,0.9993281801938053,1.0087198380017504,79776.04910714286,81033.66666666667,0,0.9274568228160257,0.784702941466113,4,11,4,0,1,9771.42857142857,1.054093567251462,1
2024-11-11,79496.1484375,80102.140625,79001.34375,79298.4609375,16900.0,0.012364548970644762,0.00012363784623293278,79555.0546875,0.9992595536483333,1.0139339006496328,79724.29408482143,80831.14322916667,0,0.8870797174745236,0.730148461310237,0,11,4,1,0,10857.142857142857,1.556578947368421,0
2024-11-12,78675.1796875,79820.9765625,78547.84375,79644.953125,6400.0,-1.032715126627104,-0.010380846290575311,79405.20647321429,0.9908063108436026,1.0162083737976575,79623.80859375,80643.65651041667,0,0.9463410879594184,0.7749521284466037,1,11,4,0,0,11442.857142857143,0.5593008739076155,0
2024-11-13,77690.953125,78690.0234375,77533.296875,78495.53125,7400.0,-1.2510000821216782,-0.012588909672033133,79249.30803571429,0.9803360439436013,1.014919094235924,79454.22265625,80424.47864583334,0,0.9588324883311976,0.830166724287366,2,11,4,0,0,11142.857142857143,0.6641025641025641,0
2024-11-14,77580.3125,78055.5234375,77424.8125,77636.9375,10100.0,-0.1424112081904627,-0.0014251270932899756,78978.40513392857,0.9822977859383495,1.0081461086844736,79324.08147321429,80260.58567708333,0,0.8376824308207298,0.8110134105581864,3,11,4,0,0,11357.142857142857,0.889308176100629,0
2024-11-18,77339.0078125,77886.96875,76965.0625,77863.5390625,8200.0,-0.31103856084622183,-0.0031152329117100116,78544.24441964286,0.9846553160445014,1.011978243375038,79133.65066964286,80115.60416666667,0,0.5377613858519423,0.7666764728244776,0,11,4,1,0,9642.857142857143,0.8503703703703703,1
2024-11-19,77578.3828125,78451.6484375,77411.3125,77548.0,7200.0,0.3095139267629943,0.0030903591848949357,78263.7578125,0.9912427537450734,1.0134390685792856,78934.31863839286,79999.88359375,0,0.572589429717235,0.7574788299568379,1,11,4,0,0,9500.0,0.7578947368421053,0
2024-11-21,77155.7890625,77711.109375,76802.7265625,77711.109375,8800.0,-0.5447313216381033,-0.005462203927885188,77930.82477678571,0.9900548246922112,1.0118274813038153,78735.29073660714,79850.5828125,0,0.561180218503501,0.7578769639451873,3,11,4,0,0,9285.714285714286,0.9476923076923076,1
2024-11-22,79117.109375,79218.1875,77226.6875,77349.7421875,17100.0,2.5420261218652485,0.025102539503879237,77876.67633928571,1.0159281712320398,1.0257877174907961,78715.86551339286,79772.24973958333,0,1.2633617516282878,1.049641811566179,4,11,4,0,1,9314.285714285714,1.8358895705521474,1
2024-11-25,80109.8515625,80473.078125,79765.9921875,80193.46875,14000.0,1.2547756045972136,0.012469685351412076,78081.62946428571,1.0259756630609507,1.008864503757916,78743.41796875,79722.19791666667,0,1.2661101797965018,1.0990164008999324,0,11,4,1,0,10400.0,1.3461538461538463,0
2024-11-26,80004.0625,80482.359375,79798.671875,80415.46875,10400.0,-0.13205499752731997,-0.0013214226697675323,78412.07366071429,1.0203028534377776,1.0085676551242726,78830.69084821429,79676.28802083334,0,1.102879667803845,1.043693349293508,1,11,4,0,0,10828.57142857143,0.9604221635883904,1
2024-11-27,80234.078125,80511.1484375,79844.4921875,80121.03125,5700.0,0.2875049313902034,0.002870924264212808,78791.18303571429,1.0183129004248062,1.0083494331510616,78884.79408482143,79618.32239583334,0,1.0776884362968238,1.0219908257410792,2,11,4,0,0,10200.0,0.5588235294117647,0
2024-11-28,79043.7421875,80447.3984375,78918.921875,80281.640625,7900.0,-1.483579004479274,-0.0149469410902948,79034.71651785714,1.0001141987982056,1.0193676817445754,78789.48046875,79525.7765625,0,1.292115609516706,1.0518474809466964,3,11,4,0,0,10157.142857142857,0.7777777777777778,1
2024-11-29,79802.7890625,79923.8984375,79026.1796875,79032.9921875,8900.0,0.9602871195033558,0.009557056694422276,79352.48883928571,1.0056746830477654,1.01135976398644,78808.12332589286,79469.15755208333,0,1.3145309812475947,1.0522615069795047,4,11,4,0,1,10400.0,0.8557692307692307,1
2024-12-02,80248.078125,80337.8203125,79308.953125,79743.8671875,7300.0,0.5579868419777423,0.00556435862232438,79794.24441964286,1.0056875493797572,1.0129729008763788,78862.53459821429,79443.87317708334,1,1.244999537127648,1.0610897106901653,0,12,4,1,0,10185.714285714286,0.7166900420757363,1
2024-12-03,80845.75,80949.1015625,80244.78125,80529.203125,9400.0,0.7447802975032225,0.007420205035089822,80041.19308035714,1.0100517856953373,1.008777147890848,78958.93470982143,79431.23984375,1,0.9109330848176763,1.0758048021246442,1,12,4,0,0,9085.714285714286,1.0345911949685533,1
2024-12-04,80956.328125,81245.390625,80630.53125,81036.21875,7200.0,0.13677667038773933,0.0013668321630580945,80162.11830357143,1.009907545337324,1.0076256396363505,79121.87388392857,79424.74166666667,1,0.8107540366989209,1.0230500090293835,2,12,4,0,0,8114.285714285715,0.8873239436619718,1
2024-12-05,81765.859375,82317.7421875,80467.3671875,81182.7421875,7500.0,0.9999604339145041,0.0099499391096706,80413.80357142857,1.0168137277870515,1.0229953466190633,79412.93861607143,79476.24635416667,1,0.8560301500182853,0.9501982515891245,3,12,4,0,0,7700.0,0.974025974025974,0
2024-12-06,81709.1171875,81925.90625,81506.1875,81887.5390625,8800.0,-0.06939594096329049,-0.0006942003109209386,80624.5234375,1.0134524050965805,1.005149532359123,79707.85323660714,79530.484375,1,0.8684662991560314,0.9473656669019271,4,12,4,0,1,8142.857142857143,1.080701754385965,0
2024-12-09,81508.4609375,81783.28125,81411.546875,81602.578125,6400.0,-0.24557388074522013,-0.0024587590796771174,80976.62611607143,1.0065677572274527,1.0045661136444288,80005.67131696429,79578.59453125,1,0.5020795315668554,0.943873068713221,0,12,4,1,0,7928.571428571428,0.8072072072072072,1
2024-12-10,81510.046875,81726.34375,81182.6875,81575.9609375,5600.0,0.0019457335861394753,1.9457146569890743e-05,81220.52008928571,1.0035646999723224,1.0066967018060347,80286.50446428571,79648.853125,1,0.4661569090446628,0.9492011548816749,1,12,4,0,0,7457.142857142857,0.7509578544061303,1
2024-12-11,81526.140625,81742.3671875,81383.421875,81568.390625,6300.0,0.019744498521356846,0.0001974254955178617,81403.10044642857,1.0015114925340272,1.004410545836366,80598.67243303571,79699.55651041666,1,0.461606854260652,0.9194318650130328,2,12,4,0,0,7314.285714285715,0.861328125,0
2024-12-12,81289.9609375,81680.96875,81211.640625,81476.7578125,7800.0,-0.2896981087162853,-0.002901185458825993,81466.55915178571,0.9978322612845759,1.005779074543847,80753.87611607143,79730.25416666667,1,0.4328707680988973,0.6958239006109928,3,12,4,0,0,7085.714285714285,1.1008064516129032,1
2024-12-13,82133.1171875,82213.921875,80082.8203125,81212.453125,11300.0,1.0372206361967118,0.010318784116389484,81634.671875,1.006105804078728,1.0266112201616275,80898.39508928571,79803.28541666667,1,0.5661400601996429,0.6723935765848945,4,12,4,0,1,7671.428571428572,1.4729981378026071,0
2024-12-16,81748.5703125,82116.4375,81551.28125,82000.3125,5200.0,-0.46819953773594714,-0.004692990249767648,81632.20200892857,1.0014255195953028,1.006930071990745,81023.00279017857,79881.93567708334,1,0.49065442377863483,0.6901765402161918,0,12,4,1,0,7342.857142857143,0.7081712062256809,0
2024-12-17,80684.453125,81613.640625,80612.203125,81511.8125,4900.0,-1.3016951653493147,-0.01310241462369754,81485.82142857143,0.9901655491774861,1.012422902007121,81055.17243303571,79913.946875,1,0.6966818776889954,0.7903728478141242,1,12,4,0,0,6785.714285714285,0.7221052631578948,0
2024-12-18,80182.203125,80868.0234375,80050.0703125,80666.2578125,4700.0,-0.6224867128018952,-0.006244322393047549,81296.35602678571,0.9862951679972148,1.010218018820057,81136.49107142857,79960.61223958334,1,0.7170394847840175,0.689515070554474,2,12,4,0,0,6542.857142857143,0.7183406113537117,0
2024-12-19,79218.046875,79516.171875,79020.078125,79029.03125,6500.0,-1.2024566704620598,-0.012097446629058983,80968.92745535714,0.9783758951071384,1.0062780721276336,81094.72377232143,79951.99270833333,1,0.792147808924848,0.7244014517256726,3,12,4,0,0,6671.428571428572,0.974304068522484,0
2024-12-20,78041.59375,79587.1484375,77874.59375,79335.4765625,9000.0,-1.4850822147336573,-0.014962199680767911,80471.13504464286,0.9698085370201995,1.0219911861498474,80937.11774553571,79874.10807291667,1,0.859345894068769,0.7948482854697934,4,12,4,0,1,7057.142857142857,1.2753036437246965,1
2024-12-23,78540.171875,78918.1171875,78189.1875,78488.640625,10300.0,0.6388620491236452,0.006368299757064762,80078.30803571429,0.980792099652901,1.00932264051855,80772.43359375,79840.72083333334,1,0.9816053830451138,0.7856556633903307,0,12,4,1,0,7414.285714285715,1.3892100192678227,0
2024-12-24,78472.8671875,78877.359375,78397.7890625,78707.3671875,6200.0,-0.08569460174739918,-0.0008573134056152891,79555.41517857143,0.9863925291742677,1.0061171407795402,80595.04352678571,79806.9390625,0,0.7572553967677829,0.7804748585608088,1,12,4,0,0,6685.714285714285,0.9273504273504274,0
2024-12-26,78472.4765625,78898.3671875,78173.3828125,78557.28125,5600.0,-0.0004977835193265001,-4.977847582727722e-06,79087.40178571429,0.9922247385888284,1.009274056576762,80359.80189732143,79772.81666666667,0,0.7953050113315491,0.7021002353976324,3,12,4,0,0,6742.857142857143,0.8305084745762712,1
2024-12-27,78699.0703125,79043.1484375,78598.546875,78607.6171875,7700.0,0.2887557012674735,0.0028833960280530667,78803.77566964286,0.9986713154762813,1.005656613005926,80144.79854910714,79773.61302083333,0,0.7817885194377381,0.7171566099849271,4,12,4,0,1,7142.857142857143,1.078,0
2024-12-30,78248.1328125,79092.703125,78077.1328125,78637.578125,8900.0,-0.5729896150099445,-0.005746374983195772,78527.47991071429,0.9964426835226101,1.0130072695540557,79911.91796875,79792.18567708334,0,0.7791606750043732,0.7217858576847384,0,12,4,1,0,7742.857142857143,1.1494464944649445,0
2024-12-31,78139.0078125,78305.34375,77560.7890625,77982.5703125,6100.0,-0.13946019678384713,-0.0013955753302368158,78373.33147321429,0.997010160773957,1.0095996275502048,79671.12946428571,79810.80885416667,0,0.6818340363274709,0.7183866808892855,1,12,4,0,0,7685.714285714285,0.7936802973977696,1
2025-01-01,78507.40625,78756.4921875,77898.296875,78265.0703125,5000.0,0.4714654662419049,0.0047035754874681064,78439.87611607143,1.0008609158666777,1.011016868749738,79455.50558035714,79849.75546875,0,0.41178678019650605,0.7435014091757745,2,1,1,0,0,7114.285714285715,0.7028112449799196,1
2025-01-02,79943.7109375,80032.8671875,78542.3671875,78657.5234375,8600.0,1.8295148905139058,0.01812980626892266,78640.38169642857,1.016573282236887,1.018977019071017,79359.34486607143,79928.59973958334,0,0.7691560482467551,0.9306146085402717,3,1,1,0,0,6871.428571428572,1.2515592515592515,0
2025-01-03,79223.109375,80072.9921875,79109.7265625,80072.9921875,10900.0,-0.9013861804130774,-0.009054732443348871,78747.55915178571,1.0060389201689117,1.0121763235300654,79151.48716517857,79997.51041666667,0,0.882905445674314,0.8892587453444123,4,1,1,0,1,7542.857142857143,1.4450757575757576,0
2025-01-06,77964.9921875,79532.671875,77781.6171875,79281.6484375,11800.0,-1.5880684277926327,-0.016008133465660237,78675.06138392857,0.9909746597722564,1.0225124489669444,78881.23158482143,79959.10651041666,0,1.1016255541558546,0.9577688992232197,0,1,1,1,0,8428.57142857143,1.4,1
2025-01-07,78199.109375,78452.7421875,77925.09375,78019.796875,9400.0,0.3002850137366231,0.0029983505882897506,78603.63839285714,0.9948535586121939,1.0067712262136355,78703.70703125,79895.41510416666,0,1.1022901880342921,0.9284667219755428,1,1,1,0,0,8671.42857142857,1.084019769357496,0
2025-01-08,78148.4921875,78319.453125,77486.7890625,78319.453125,10100.0,-0.06472859845151335,-0.0006474955645316933,78589.40401785714,0.9943896784068121,1.0107458842026398,78558.44196428571,79833.56276041667,0,1.0813921371194612,0.9217746735564776,2,1,1,0,0,8842.857142857143,1.1421647819063006,0
2025-01-09,77620.2109375,78206.2109375,77542.921875,78206.2109375,6800.0,-0.6759967277839563,-0.006782919351965133,78515.29017857143,0.9885999371710185,1.008553831174549,78444.31082589286,79746.43385416667,0,1.110457147991178,0.8869068292265495,3,1,1,0,0,8942.857142857143,0.7603833865814696,0
2025-01-10,77378.90625,77919.703125,77099.546875,77682.59375,8500.0,-0.310878680417781,-0.00311362912029795,78354.07589285714,0.9875543214345274,1.0106376273693243,78396.97600446429,79690.93932291666,0,1.0835927533317924,0.8015137835409084,4,1,1,0,1,9442.857142857143,0.9001512859304085,0
2025-01-13,76330.0078125,77128.3515625,76249.71875,76629.8984375,13600.0,-1.3555353627139222,-0.013648066221113775,77837.83258928571,0.9806286387142638,1.0115230957819106,78239.10714285714,79575.17994791667,0,0.6833623361729736,0.844243806274617,0,1,1,1,0,10157.142857142857,1.3389592123769338,1
2025-01-14,76499.6328125,76835.609375,76335.75,76335.75,16800.0,0.22222583864615064,0.0022197928223647565,77448.76450892857,0.9877450376071636,1.0065481687806828,78098.16183035714,79450.23177083333,0,0.7454301159417791,0.8514415241588081,1,1,1,0,0,11000.0,1.5272727272727273,1
2025-01-15,76724.078125,76991.046875,76479.703125,76900.140625,12800.0,0.2933939736026181,0.002929644134811217,77271.49107142857,0.9929157191243722,1.0066860059480651,77973.27622767857,79312.84270833334,0,0.6136231581780157,0.8597469564494424,2,1,1,0,0,11142.857142857143,1.1487179487179486,1
2025-01-16,77042.8203125,77319.5,76895.5078125,77319.5,8600.0,0.4154395794508048,0.004145790118322792,77106.30691964286,0.9991766353534606,1.0055138746015417,77854.97265625,79182.39244791666,0,0.6314109280974229,0.8654515558789201,3,1,1,0,0,11028.57142857143,0.7797927461139896,0
2025-01-17,76619.328125,77069.1875,76263.2890625,77069.1875,9700.0,-0.5496841701565947,-0.005512004928010557,76887.85491071429,0.9965075526424022,1.0105673181344113,77738.62946428571,79010.84140625,0,0.6392600236263905,0.86459390456076,4,1,1,0,1,10971.42857142857,0.8841145833333334,1
2025-01-20,77073.4375,77318.9375,76584.84375,76978.53125,11300.0,0.592682533393063,0.0059093307953441655,76809.74441964286,1.0034330680612147,1.00958536590342,77662.51729910714,78856.31875,0,0.6864305904266774,0.8869177261056177,0,1,1,1,0,11614.285714285714,0.972939729397294,0
2025-01-21,75838.359375,77337.359375,75641.8671875,77261.71875,32900.0,-1.602469235915427,-0.01615447610566896,76589.66629464286,0.9901904923210848,1.0224147320860977,77471.87109375,78667.31536458334,0,0.8948529936186999,0.955672834322672,1,1,1,0,0,15100.0,2.1788079470198674,1
2025-01-22,76404.9921875,76463.1328125,75816.5,76114.421875,16000.0,0.747158584613028,0.007443811806885366,76600.37834821429,0.9974492794301081,1.0085289193315439,77219.10546875,78497.146875,0,0.8251887516955015,0.8074416272816853,2,1,1,0,0,15442.857142857143,1.0360777058279371,1
2025-01-23,76520.3828125,76743.5390625,76202.1171875,76414.5234375,11200.0,0.15102498108607865,0.0015091105305362004,76603.34263392857,0.9989170208691152,1.0071050765383303,77026.05357142857,78330.28828125,0,0.8226719210798797,0.7980689073211793,3,1,1,0,0,14642.857142857143,0.7648780487804878,0
2025-01-24,76190.4609375,76985.953125,76091.75,76455.3515625,7800.0,-0.4311555468931916,-0.004320877027472935,76527.11160714286,0.9956008966943497,1.0117516435750262,76899.30133928571,78160.30494791667,0,0.8261755629437424,0.7024297386239241,4,1,1,0,1,13928.57142857143,0.5599999999999999,0
2025-01-27,75366.171875,75925.71875,75267.59375,75700.4296875,9500.0,-1.0818796111184747,-0.010877744840903534,76287.59040178571,0.9879217770290967,1.0087438028401168,76696.94866071429,77934.74010416666,0,0.8644230658859238,0.7290808993364069,0,1,1,1,0,14057.142857142857,0.6758130081300813,1
2025-01-28,75901.40625,76512.9609375,75622.8828125,75659.0,13000.0,0.7101785345920542,0.007076686429719847,76185.03013392857,0.9962771704174695,1.0117699576093504,76536.44252232143,77739.83463541667,0,0.9346554180970273,0.773187308194753,1,1,1,0,0,14528.57142857143,0.8947885939036381,1
2025-01-29,76532.9609375,76599.7265625,75975.796875,76138.2421875,10200.0,0.8320724459568218,0.00828629806831427,76107.81919642857,1.005586045501766,1.0082122164315896,76458.78180803571,77601.4515625,0,0.9692708681770221,0.8068961982893696,2,1,1,0,0,14371.42857142857,0.7097415506958251,1
2025-01-30,76759.8125,76962.8828125,76401.1328125,76598.84375,18500.0,0.29641027829205857,0.0029597184917898,76239.45535714286,1.00682529984533,1.0073526396706527,76414.56082589286,77487.371875,0,0.7080503357505,0.8108666612824046,3,1,1,0,0,12314.285714285714,1.5023201856148491,1
2025-01-31,77500.5703125,77605.9609375,76833.8671875,76888.890625,12600.0,0.9650333792829313,0.009604066745155147,76395.96651785714,1.0144589281998895,1.010048872694587,76498.17243303571,77430.12265625,0,0.7414053899822922,0.7599960642700437,4,1,1,0,1,11828.57142857143,1.0652173913043477,0
2025-02-03,77186.7421875,77260.3671875,76756.09375,77063.9375,11400.0,-0.4049365362533086,-0.0040575862428565606,76491.16071428571,1.0090936190106001,1.0065698163215868,76547.25167410714,77401.62760416667,0,0.7771858012073545,0.7713635577630361,0,2,1,1,0,11857.142857142857,0.9614457831325302,1
2025-02-04,78583.8125,78658.59375,77402.3671875,77687.6015625,11800.0,1.8099874057468046,0.017938021427506716,76833.06808035714,1.0227863400926773,1.016229820975073,76680.08984375,77403.08229166667,0,0.9512782909269852,0.9012174984382356,1,2,1,0,0,12428.57142857143,0.9494252873563218,0
2025-02-05,78271.28125,78735.40625,78216.25,78704.6015625,8000.0,-0.3977043618238807,-0.003984973087087711,77248.08370535714,1.0132456042346056,1.006637447461365,76767.83705357143,77396.36276041667,0,0.7894281961695079,0.910682038538796,2,2,1,0,0,12214.285714285714,0.6549707602339182,0
2025-02-06,78058.15625,78551.65625,77843.9921875,78513.359375,8000.0,-0.27229016389711536,-0.0027266154787845406,77556.19084821429,1.0064722802434702,1.0090907986938218,76870.61049107143,77382.55208333333,1,0.8407196468320204,0.8979924900537805,3,2,1,0,0,11500.0,0.6956521739130435,0
2025-02-07,77860.1875,78356.9765625,77475.7421875,78119.6015625,10900.0,-0.25361699470066723,-0.0025393914740528545,77745.79464285714,1.0014713703508769,1.0113743263390407,76926.80691964286,77354.58932291667,1,0.8487107886933266,0.8934110506281988,4,2,1,0,1,11600.0,0.9396551724137931,0
2025-02-10,77311.796875,77849.578125,77106.890625,77789.296875,7000.0,-0.704327388114756,-0.007068194820237122,77824.64955357143,0.9934101511344627,1.0096319212716276,77032.05245535714,77323.378125,1,0.9206287668178175,0.7898357712177858,0,2,1,1,0,9957.142857142857,0.703012912482066,0
2025-02-11,76293.6015625,77387.28125,76030.59375,77384.9765625,9800.0,-1.3169986388316013,-0.013257479698581265,77652.22544642857,0.9825037353904832,1.0178439682381146,77024.09598214286,77261.86458333333,1,0.9685446663558548,0.8576151035781311,1,2,1,0,0,9557.142857142857,1.0254110612855007,0
2025-02-12,76171.078125,76459.71875,75388.390625,76188.2421875,10400.0,-0.16059464357522923,-0.0016072373500074322,77507.13058035714,0.9827621994859949,1.014210783863646,76999.14564732143,77183.98697916667,1,0.9651652011174421,0.8572416352186112,2,2,1,0,0,9414.285714285714,1.1047040971168438,0
2025-02-13,76138.96875,76764.53125,76013.4296875,76201.1015625,6900.0,-0.04215428715254044,-0.0004216317456987317,77157.8671875,0.9867946267225869,1.009881169230067,76995.46763392857,77057.16223958334,1,0.4357644213832117,0.8494826253197159,3,2,1,0,0,8714.285714285714,0.7918032786885246,0
2025-02-14,75939.2109375,76483.0625,75439.640625,76388.9921875,9300.0,-0.26235949314719065,-0.0026270425881440842,76824.71428571429,0.9884737176513138,1.013831214814327,77036.39899553571,76947.69895833333,0,0.4414203509502862,0.7958499903100892,4,2,1,0,1,8900.0,1.0449438202247192,1
2025-02-17,75996.859375,76041.9609375,75294.7578125,75641.40625,8100.0,0.07591392745369685,0.0007588512740636595,76530.24330357143,0.993030416400799,1.0099237071305907,77043.21707589286,76882.09453125,0,0.4801215395638302,0.7735506299049443,0,2,1,1,0,8914.285714285714,0.9086538461538463,0
2025-02-18,75967.390625,76091.6875,75531.0078125,76073.7109375,8600.0,-0.038776273443863474,-0.00038783793384805843,76259.84375,0.9961650442668262,1.0074231723332998,77002.81919642857,76807.70390625,0,0.496189027623076,0.7366448666441339,1,2,1,0,0,8585.714285714286,1.0016638935108153,0
2025-02-19,75939.1796875,76338.578125,75581.3828125,75787.2734375,5100.0,-0.037135588399050956,-0.0003714248536621875,76063.75558035714,0.9983622174331698,1.0100182781039933,76944.20256696429,76734.06015625,0,0.48059535503338613,0.7299265896311463,2,2,1,0,0,8314.285714285714,0.6134020618556701,0
2025-02-20,75735.9609375,75794.1484375,75463.0078125,75672.84375,6900.0,-0.26760724942812564,-0.00267965957723711,75984.09263392857,0.996734425748505,1.0043881185576748,76818.15904017857,76671.25182291666,0,0.1290760359483292,0.6665048965754935,3,2,1,0,0,7900.0,0.8734177215189873,0
2025-02-21,75311.0625,75748.71875,75112.40625,75612.609375,12700.0,-0.5610260069858208,-0.005626056688682259,75861.23325892857,0.9927476691942151,1.0084714700509279,76684.18191964286,76602.32369791667,0,0.21686701326065774,0.6721569663873154,4,2,1,0,1,8228.57142857143,1.5434027777777777,0
2025-02-24,74454.40625,74907.0390625,74387.4375,74893.453125,6400.0,-1.1374905911067157,-0.011440094971051522,75620.58147321429,0.9845786001575859,1.0069850714040258,76389.22433035714,76539.80364583334,0,0.4179871956137985,0.41583801291374906,0,2,1,1,0,8157.142857142857,0.7845884413309983,1
2025-02-25,74602.1171875,74785.078125,74400.3671875,74440.296875,10700.0,0.19839112947059867,0.0019819459416548072,75429.56808035714,0.9890301520489201,1.0051708204145078,76127.14118303571,76476.553125,0,0.462212621379914,0.44389893944588577,1,2,1,0,0,8357.142857142857,1.2803418803418805,1
2025-02-27,74612.4296875,74834.09375,74520.78125,74706.6015625,6700.0,0.013823334228013628,0.00013822378893206134,75231.79241071429,0.9917672741354746,1.0042043641350042,75881.01785714286,76406.16484375,0,0.4554046944108931,0.4538028232307786,3,2,1,0,0,8157.142857142857,0.8213660245183888,0
2025-02-28,73198.1015625,74282.4296875,73141.2734375,74201.7734375,9100.0,-1.895566370005164,-0.019137625432993237,74836.1796875,0.978111147150479,1.0156020834252377,75548.01171875,76278.00755208333,0,0.7497514627478098,0.6176467885080321,4,2,1,0,1,8228.57142857143,1.1059027777777777,0
2025-03-03,73085.9375,73649.71875,72784.5390625,73427.6484375,10100.0,-0.15323356768239815,-0.0015335109038521818,74428.57366071429,0.9819607431033845,1.0118868608449532,75246.16462053571,76160.22786458333,0,0.7383146843703918,0.6169474712911167,0,3,1,1,0,8942.857142857143,1.1293929712460065,0
2025-03-04,72989.9296875,73033.1796875,72633.5390625,72817.34375,6200.0,-0.13136290753608115,-0.0013144926423886453,74036.28348214286,0.9858670135043281,1.0055021499731152,75010.18805803571,76024.1109375,0,0.7485174366457579,0.5599733662124953,1,3,1,0,0,8842.857142857143,0.7011308562197092,1
2025-03-05,73730.2265625,73933.796875,72894.046875,73005.3671875,9300.0,1.0142452228266485,0.010091362717871952,73810.44977678571,0.9989131184740329,1.0142638534225297,74835.84151785714,75953.83984375,0,0.9461597483229954,0.6632703748522122,2,3,1,0,0,8357.142857142857,1.1128205128205129,1
2025-03-06,74340.09375,74390.796875,73415.6796875,74308.296875,10100.0,0.827160332924004,0.008237581101914072,73794.11941964286,1.0073986156979848,1.0132821379799337,74707.35044642857,75885.00989583334,0,0.9472819654345153,0.7204656779094157,3,3,1,0,0,8885.714285714286,1.1366559485530545,0
2025-03-07,74332.578125,74586.4296875,74038.03125,74347.140625,6900.0,-0.010109786820111655,-0.00010110297893505306,73755.61383928571,1.0078226490931457,1.0074069829821413,74592.59095982143,75812.08307291666,0,0.9426074787270449,0.7210841141955441,4,3,1,0,1,8342.857142857143,0.8270547945205479,0
2025-03-10,74115.171875,74741.25,74022.2421875,74474.9765625,6600.0,-0.29247774728653475,-0.00292906299266592,73684.57700892857,1.0058437584030544,1.0097134022322471,74458.18470982143,75742.90677083333,0,0.9463686012856817,0.7189165431775296,0,3,1,1,0,8328.57142857143,0.7924528301886792,0
2025-03-11,74102.3203125,74195.171875,73663.6015625,73743.8828125,11700.0,-0.017339988796993833,-0.00017341492346863995,73813.75111607143,1.0039094232722952,1.0072161868443126,74324.96540178571,75700.77838541666,0,0.5197782750485979,0.7192552087522509,1,3,1,0,0,8700.0,1.3448275862068966,0
2025-03-12,74029.7578125,74392.1484375,73598.15625,74270.8125,13800.0,-0.0979220349565213,-0.0009797000990242396,73948.58258928571,1.0010977252081374,1.0107882075850236,74188.578125,75638.39010416667,0,0.5143184930062256,0.7185421969471805,2,3,1,0,0,9228.57142857143,1.4953560371517027,0
2025-03-13,73828.90625,74401.109375,73770.59375,74392.5390625,9900.0,-0.2713119270344122,-0.0027168064491122313,74068.43638392857,0.9967660970634377,1.008546977771885,74052.35993303571,75548.25494791666,0,0.5310941476998761,0.718577892091769,3,3,1,0,0,9757.142857142857,1.0146412884333822,1
2025-03-17,74169.953125,74376.3515625,73796.0625,73830.03125,7400.0,0.46194220166981825,0.004608785231435056,74131.25446428571,1.0005220289470877,1.0078634149687864,73970.85212053571,75461.92630208333,0,0.4113618338776977,0.7287461007280864,0,3,1,1,0,9485.714285714286,0.7801204819277108,1
2025-03-18,75301.2578125,75385.7578125,74480.1484375,74608.65625,14500.0,1.5252870466203383,0.015137714929402338,74268.56361607143,1.0139048629211014,1.0121590704905743,74031.34151785714,75388.61588541667,0,0.6413949326405447,0.7843345474740069,1,3,1,0,0,10114.285714285714,1.4336158192090396,1
2025-03-19,75449.046875,75568.3828125,75201.4765625,75473.171875,12200.0,0.19626373687939846,0.0019607139123604235,74428.05915178571,1.0137177797573913,1.004878976674016,74091.83649553571,75330.69270833333,0,0.6356254955016729,0.7843108196426515,2,3,1,0,0,10871.42857142857,1.1222076215505914,1
2025-03-20,76348.0625,76456.25,75684.578125,75917.109375,9100.0,1.1915533227204955,0.01184510219135202,74747.04352678571,1.021419161182483,1.0101958931940602,74215.81026785714,75256.16770833333,0,0.6838441680098467,0.8376088032237237,3,3,1,0,0,11228.57142857143,0.8104325699745547,1
2025-03-21,76905.5078125,77041.9375,76095.2578125,76155.0,8500.0,0.730136815849125,0.007274842208891025,75147.49888392857,1.02339411097749,1.0124407185771371,74480.625,75210.64192708333,0,0.6608840415831408,0.6004945823612488,4,3,1,0,1,10771.42857142857,0.7891246684350133,1
2025-03-24,77984.3828125,78107.2265625,77179.3515625,77456.2734375,10100.0,1.4028579105548111,0.013931089294052033,75712.4453125,1.0300074510950303,1.0120223217896382,74830.51395089286,75208.1828125,1,0.6652457410591864,0.641742556823108,0,3,1,1,0,10242.857142857143,0.9860529986052998,1
2025-03-25,78017.1875,78741.6875,77745.6328125,78296.28125,12700.0,0.042065714078765026,0.00042056868937687814,76310.77120535714,1.0223614080645416,1.012811712394215,75189.60379464286,75213.41614583334,1,0.5916872966401926,0.630899425952,1,3,1,0,0,10642.857142857143,1.193288590604027,0
2025-03-26,77288.5,78167.8671875,77194.21875,78021.453125,10500.0,-0.9340089323266132,-0.009383981475756057,76756.27790178571,1.0069339227065608,1.0126129709357283,75443.76618303571,75212.63958333334,1,0.8845700147257554,0.7131950452011613,2,3,1,0,0,11085.714285714286,0.9471649484536082,1
2025-03-27,77606.4296875,77747.4609375,77082.5078125,77087.390625,12700.0,0.4113544544143144,0.004105107050540861,77085.58816964286,1.0067566652888595,1.008626511304192,75677.07589285714,75256.40052083334,1,0.7834072238496417,0.6998614829096299,3,3,1,0,0,10828.57142857143,1.1728232189973613,0
2025-03-28,77414.921875,77766.703125,77185.6171875,77690.6875,16700.0,-0.24676797176619303,-0.002470729457476895,77366.42745535714,1.0006268147727364,1.007528422505043,75897.24330357143,75297.86197916667,1,0.8227524513393756,0.710955004775786,4,3,1,0,1,11471.42857142857,1.455790784557908,0
2025-04-01,76024.5078125,77487.046875,75912.1796875,76882.578125,10600.0,-1.7960543378769622,-0.018123791576173325,77320.20535714286,0.983242445636842,1.020745909206969,76033.62444196429,75294.04661458333,1,1.065316495346373,0.8957482712486057,1,4,2,0,0,11685.714285714286,0.9070904645476772,1
2025-04-02,76617.4375,76680.3515625,76064.9375,76146.28125,10800.0,0.7799191399730621,0.007768934922037022,77279.05245535714,0.9914386249011096,1.0080906404807077,76213.27566964286,75316.65416666666,1,1.0715851624105512,0.907126178587827,2,4,2,0,0,12014.285714285714,0.8989298454221165,0
2025-04-03,76295.359375,76493.7421875,75807.546875,75811.859375,6900.0,-0.4203718311513671,-0.004212578775315763,77037.76339285714,0.9903631156310805,1.0090518073831287,76375.10435267857,75326.60416666667,1,0.8608276774719507,0.9204310221362433,3,4,2,0,0,11557.142857142857,0.5970333745364648,0
2025-04-04,75364.6875,76258.1171875,75240.546875,76160.09375,11700.0,-1.2198276312267553,-0.012273285900689983,76658.83482142857,0.9831180929837612,1.013524228022831,76484.80301339286,75306.5140625,1,0.9059720416089629,0.991502313803838,4,4,2,0,1,11414.285714285714,1.0250312891113893,0
2025-04-07,73137.8984375,73403.9921875,71425.0078125,71449.9375,29400.0,-2.9546849278715537,-0.029992150880581187,76065.89174107143,0.9615071454951408,1.027707163577708,76411.08482142857,75213.13802083333,1,1.305206559573143,1.286014541116144,0,4,2,1,0,14114.285714285714,2.082995951417004,1
2025-04-08,74227.078125,74859.390625,73424.921875,74013.7265625,17100.0,1.4892138149563472,0.01478233901398205,75583.12723214286,0.9820588383042429,1.0195365376410215,76334.35770089286,75162.84192708334,1,1.5155441342209983,1.2825557101483538,1,4,2,0,0,14742.857142857143,1.1598837209302326,0
2025-04-09,73847.1484375,74103.828125,73673.0625,74103.828125,9100.0,-0.5118478284436678,-0.005131622566074658,75073.4453125,0.9836653710257278,1.0058469895289068,76219.93638392857,75114.04479166666,0,1.5078371153879788,1.2841524434859737,2,4,2,0,0,13657.142857142857,0.6663179916317992,1
2025-04-11,75157.2578125,75467.328125,74762.84375,74835.4921875,14200.0,1.77408255121565,0.017585293879511348,74949.55245535714,1.0027712688113324,1.0094229210616403,76134.87890625,75137.47317708333,0,1.6567368823937865,1.3390702778712786,4,4,2,0,1,14171.42857142857,1.0020161290322582,1
2025-04-15,76734.890625,76907.6328125,76435.0703125,76852.0625,12900.0,2.0991090660010814,0.02077381305239993,74966.33147321429,1.023591379183569,1.0061825350335645,76122.69196428571,75208.565625,0,1.8447624194859582,1.4500413151948242,1,4,2,0,0,14471.42857142857,0.8914116485686081,1
2025-04-16,77044.2890625,77110.2265625,76543.7734375,76996.78125,9500.0,0.4032043767574045,0.004023936863390869,75073.32142857143,1.026253902137577,1.0074003815014754,76055.54241071429,75289.62760416667,0,1.8370126543372756,1.399041125449542,2,4,2,0,0,14842.857142857143,0.6400384985563041,1
2025-04-17,78553.203125,78616.7734375,76665.7734375,76968.0234375,11100.0,1.9585021561766114,0.019395702907568157,75528.82366071429,1.0400427190269987,1.0254481225783303,76093.82924107143,75468.13098958334,1,1.8335881293995115,1.5016317892290327,3,4,2,0,0,14757.142857142857,0.7521781219748306,1
2025-04-21,79408.5,79635.046875,78776.0625,78903.09375,12600.0,1.0888122202209694,0.010829273383066976,76424.62388392857,1.0390433863384563,1.0109041293476684,76245.2578125,75678.88307291667,1,0.9463270251626205,1.495998935919939,0,4,2,1,0,12357.142857142857,1.0196531791907515,1
2025-04-22,79595.59375,79824.296875,79253.4375,79728.390625,14800.0,0.2356092231939888,0.0023533209986377835,77191.5546875,1.0311438093484766,1.007202960439413,76387.34095982143,75899.071875,1,0.9966342293373173,1.494861188594889,1,4,2,0,0,12028.57142857143,1.2304038004750593,1
2025-04-23,80116.4921875,80254.546875,79506.8984375,80142.09375,12000.0,0.6544312479608738,0.006522991437182463,78087.17522321429,1.0259878393409014,1.0094035668878183,76580.31026785714,76111.94739583334,1,0.7727956494340278,1.4939471559009725,2,4,2,0,0,12442.857142857143,0.9644087256027555,0
2025-04-24,79801.4296875,80173.921875,79724.546875,80058.4296875,8200.0,-0.3932554851036718,-0.003940307677149187,78750.62834821429,1.0133434026029526,1.0056365952221036,76850.09040178571,76293.99192708333,1,0.9133991041433288,1.389112689172171,3,4,2,0,0,11585.714285714286,0.7077681874229346,0
2025-04-25,79212.53125,80130.65625,78605.8125,79830.1484375,13200.0,-0.7379547456807578,-0.007406911020734178,79104.57700892857,1.0013647028421535,1.0193986131750754,77035.45424107143,76456.65703125,1,0.9032735173952481,1.412511831839876,4,4,2,0,1,11628.57142857143,1.135135135135135,1
2025-04-28,80218.3671875,80321.8828125,79341.3515625,79343.6328125,8500.0,1.2697939601570285,0.012617996794508781,79558.01674107143,1.0083002376564731,1.0123583885412841,77315.66908482143,76660.096875,1,0.9524803983189913,1.4232261672464885,0,4,2,1,0,11485.714285714286,0.740049751243781,1
2025-04-29,80288.3828125,80661.3125,80122.0234375,80396.921875,16200.0,0.08728128912964817,0.0008724322116168592,79805.89955357143,1.0060457091722235,1.006730846768001,77667.36160714286,76866.29895833334,1,0.7409598116156914,1.3521327424286933,1,4,2,0,0,12214.285714285714,1.3263157894736843,0
2025-04-30,80242.2421875,80525.609375,79879.1484375,80370.796875,12200.0,-0.057468619224465556,-0.0005748513876478106,79925.00558035714,1.0039691784171838,1.0080929873458255,78174.81473214286,77073.38177083334,1,0.6641128398930067,0.9513686085951122,2,4,2,0,0,12157.142857142857,1.0035252643948296,1
2025-05-02,80501.9921875,81177.9296875,80168.59375,80300.1875,12700.0,0.32370730542778947,0.003231845012628784,80054.49107142857,1.005589956416963,1.0125901664266126,78623.02287946429,77295.81796875,1,0.6668082379156232,0.9246494684107132,4,5,2,0,1,11857.142857142857,1.0710843373493977,1
2025-05-05,80796.84375,81049.03125,80657.7109375,80661.6171875,8800.0,0.3662661686846924,0.0036559704749838688,80151.68415178571,1.0080492332137716,1.0048516168876058,79119.4296875,77516.71432291667,1,0.6398183074056296,0.8728329463216,0,5,2,1,0,11400.0,0.7719298245614035,0
2025-05-06,80641.0703125,80981.578125,80481.03125,80907.2421875,12500.0,-0.1927964389079273,-0.0019298253046593778,80271.6328125,1.004602341911531,1.0062194391302608,79511.13058035714,77694.70807291666,1,0.6169579341080279,0.835117068691562,1,5,2,0,0,12014.285714285714,1.0404280618311534,1
2025-05-07,80746.78125,80844.6328125,79937.4765625,79948.796875,8800.0,0.13108821235923163,0.0013100236677623762,80490.81138392857,1.0031801128808417,1.0113483223265214,79797.69419642857,77871.29921875,1,0.48056105545669764,0.7015560002849146,2,5,2,0,0,11385.714285714286,0.7728983688833124,0
2025-05-08,80334.8125,80927.9921875,79987.609375,80912.34375,10600.0,-0.5101983554298029,-0.005115043111092153,80507.44642857143,0.9978556775027686,1.0117566060524608,80032.73158482143,78004.19088541667,1,0.3058842067330555,0.7393771822971985,3,5,2,0,0,11685.714285714286,0.9070904645476772,0
2025-05-09,79454.46875,80032.9296875,78968.34375,78968.34375,8800.0,-1.0958434115969307,-0.01101892004841822,80388.31584821429,0.9883832981402728,1.0134811734290678,80097.10770089286,78089.15625,1,0.5171500518145828,0.6591722715677146,4,5,2,0,1,10628.57142857143,0.8279569892473118,1
2025-05-12,82429.8984375,82495.96875,80651.0703125,80803.796875,10700.0,3.744823588037649,0.03676407875066487,80700.83816964286,1.0214255552615508,1.0228750645261315,80312.921875,78237.34010416667,1,1.5644156512639078,1.1615367168316246,0,5,2,1,0,10414.285714285714,1.027434842249657,0
2025-05-13,81148.21875,82572.8125,81043.6875,82249.6015625,16200.0,-1.5548723361242467,-0.015670872591075777,80793.15625,1.0043947101026889,1.0188679099775662,80423.82366071429,78341.7078125,1,1.731003781885264,1.2603662768868145,1,5,2,0,0,10914.285714285714,1.4842931937172776,1
2025-05-14,81330.5625,81691.8671875,80910.03125,81278.4921875,15200.0,0.22470456260015315,0.0022445247945547726,80869.40178571429,1.0057025364860208,1.0096630284949988,80510.54296875,78476.44322916666,1,1.7285667514989955,1.252221113757824,2,5,2,0,0,11828.57142857143,1.285024154589372,1
2025-05-15,82530.7421875,82718.140625,80762.15625,81354.4296875,12600.0,1.4756810362648087,0.014648988084290368,81139.35491071429,1.0171481185463798,1.0242190707358683,80705.49386160714,78640.58697916666,1,1.7941747460950441,1.2928693898642527,3,5,2,0,0,11842.857142857143,1.0639324487334136,0
2025-05-16,82330.59375,82514.8125,82146.953125,82392.6328125,15300.0,-0.24251379812540996,-0.002428083391349047,81365.61383928571,1.0118598000455121,1.0044780647486735,80928.21261160714,78804.44270833333,1,1.8071106524536997,1.2703861872052555,4,5,2,0,1,12771.42857142857,1.1979865771812082,0
2025-05-19,82059.421875,82424.1015625,81964.5703125,82354.921875,8100.0,-0.32936951216874233,-0.003299131275435543,81611.98660714286,1.0054824699956266,1.0056064620145995,81059.71651785714,79005.60651041666,1,1.7949890744980594,1.246557423569617,0,5,2,1,0,12414.285714285714,0.6524741081703107,0
2025-05-20,81186.4375,82250.421875,81153.703125,82116.171875,10500.0,-1.0638441693262335,-0.01069543448414196,81859.41071428571,0.9917789145021506,1.013514093723003,81123.86328125,79157.90651041667,1,1.7908256705951835,1.2896059676227394,1,5,2,0,0,12657.142857142857,0.8295711060948081,1
2025-05-21,81596.6328125,82021.640625,81237.0625,81327.609375,5800.0,0.5052510309988767,0.005039789210769678,81740.37276785714,0.9982415059964876,1.0096578839861423,81220.60546875,79334.615625,1,1.0051120725715548,1.2935170049278297,2,5,2,0,0,11957.142857142857,0.4850657108721625,0
2025-05-22,80951.9921875,81323.2421875,80489.921875,81323.046875,10700.0,-0.7900333663048431,-0.00793170664631306,81712.34040178571,0.9906948178139676,1.010353101271413,81252.74832589286,79520.85911458333,1,0.8563194034253984,1.3145846387260618,3,5,2,0,0,11171.42857142857,0.9578005115089515,1
2025-05-23,81721.078125,81905.171875,80897.0,80897.0,12000.0,0.9500518970782634,0.009455672857579539,81768.12834821429,0.9994245897005992,1.0124624136247327,81318.76506696429,79806.96510416667,1,0.9329399537485373,1.3345725910668624,4,5,2,0,1,10714.285714285714,1.12,1
2025-05-26,82176.453125,82492.2421875,81867.2265625,81928.953125,10200.0,0.5572307787024888,0.00555683991454879,81717.515625,1.0056161460182669,1.0076345034666936,81428.43526785714,80071.94427083334,1,0.7491332654834301,1.3374224537213537,0,5,2,1,0,10371.42857142857,0.9834710743801653,0
2025-05-27,81551.6328125,82410.5234375,81121.703125,82038.203125,20700.0,-0.7603398403549733,-0.007632451599566224,81606.23549107143,0.9993309006567591,1.0158874908051927,81485.92466517857,80328.76041666667,1,0.7944667278970511,1.359078455739678,1,5,2,0,0,11142.857142857143,1.8576923076923078,0
2025-05-28,81312.3203125,81613.359375,81244.0234375,81457.609375,24100.0,-0.29344906011902205,-0.002938804660512571,81499.50669642857,0.9977032206510672,1.0045460074707417,81555.74665178571,80533.92916666667,1,0.7931018667487864,1.3530673614742064,2,5,2,0,0,13428.57142857143,1.7946808510638297,1
2025-05-29,81633.0234375,81816.890625,81106.9765625,81591.03125,6800.0,0.3944090191590588,0.003936332658786816,81563.3046875,1.000854780838848,1.0087528113189246,81711.35770089286,80697.20026041666,1,0.6912576588704191,1.3101300336977444,3,5,2,0,0,12900.0,0.5271317829457365,0
2025-05-30,81451.0078125,81698.2109375,81286.453125,81465.6875,12600.0,-0.22296812899421647,-0.0022321707303971125,81542.50111607143,0.9988779679023924,1.0050655157983928,81641.43694196429,80844.09088541666,1,0.6711763072226322,0.8233318884484019,4,5,2,0,1,13871.42857142857,0.9083419155509784,0
2025-06-02,81373.75,81474.2578125,80654.2578125,81214.421875,9900.0,-0.09485188038169667,-0.0009489689324370475,81602.75223214286,0.9971936947482924,1.0101668532107293,81657.54631696429,80938.10911458333,1,0.5847311067645785,0.706636729683417,0,6,2,1,0,13757.142857142857,0.719626168224299,0
2025-06-03,80737.5078125,81774.2265625,80575.09375,81492.5,32000.0,-0.7818764497150466,-0.007849491304857844,81462.2421875,0.9911034320252088,1.0148821770685188,81615.18526785714,80982.409375,1,0.5154267731548591,0.7350771343416056,1,6,2,0,0,16614.285714285714,1.9260533104041273,1
2025-06-04,80998.25,81087.2890625,80705.1796875,80777.6484375,7500.0,0.3229505028883528,0.003224301377985607,81293.92745535714,0.9963628592612958,1.0047346326032551,81505.72154017857,81029.16458333333,1,0.46538339021869657,0.6039250694558373,2,6,2,0,0,16228.57142857143,0.46214788732394363,1
2025-06-05,81442.0390625,81911.1328125,80983.7265625,81196.078125,9800.0,0.5478995688178445,0.0054640405923712205,81278.27120535714,1.0020149033033574,1.0114517606112416,81442.25334821429,81073.34947916666,1,0.4679508198322355,0.6292247382391642,3,6,2,0,0,14671.42857142857,0.6679649464459592,1
2025-06-06,82188.9921875,82299.890625,81140.109375,81434.2421875,12400.0,0.9171591644786536,0.00912978800765527,81403.51004464286,1.0096492416902707,1.0142935628129353,81451.50837053571,81152.93489583333,1,0.5632943757173265,0.6769438555281271,4,6,2,0,1,13000.0,0.9538461538461539,1
2025-06-09,82445.2109375,82669.0,82369.2421875,82574.546875,11500.0,0.3117433894498589,0.0031125847727192847,81519.53683035714,1.0113552424748093,1.0036391959491098,81541.42075892857,81260.69088541667,1,0.5582748869159182,0.6045140853041306,0,6,2,1,0,13671.42857142857,0.8411703239289446,0
2025-06-10,82391.71875,82680.7890625,82240.3984375,82643.7265625,15100.0,-0.064882103995767,-0.0006490316154174015,81653.92410714286,1.0090356299580783,1.0053549184265527,81598.21261160714,81333.1359375,1,0.5440250996414503,0.5950898251075711,1,6,2,0,0,14028.57142857143,1.0763747454175152,1
2025-06-11,82515.140625,82783.5078125,82308.90625,82473.0234375,11300.0,0.14979888376220885,0.0014968679715668732,81816.97991071429,1.008533200749375,1.005766102164673,81709.86607142857,81407.36119791666,1,0.5322464525711975,0.5410518364760789,2,6,2,0,0,14228.57142857143,0.7941767068273092,0
2025-06-12,81691.9765625,82661.0390625,81523.15625,82571.671875,6000.0,-0.9975915404919045,-0.010026008275600217,81953.33258928571,0.996810916426114,1.0139577865338107,81707.78738839286,81455.68567708334,1,0.6004701518293277,0.5660262716834653,3,6,2,0,0,10514.285714285714,0.5706521739130435,0
2025-06-13,81118.6015625,81238.6796875,80354.59375,80427.8125,6600.0,-0.7018743138884953,-0.007043490380849699,81970.52566964286,0.9896069459091152,1.0110023073509722,81632.2265625,81476.23932291666,1,0.6769125711638729,0.5705085965438869,4,6,2,0,1,10385.714285714286,0.6354883081155432,1
2025-06-16,81796.1484375,81865.8203125,81012.3125,81034.453125,11400.0,0.8352546295783636,0.008317856810803222,82021.11272321429,0.9972572392857746,1.0105355320217528,81649.69196428571,81509.54947916667,1,0.7212954537807709,0.5856811966146139,0,6,2,1,0,10614.285714285714,1.0740242261103634,0
2025-06-17,81583.296875,81890.1484375,81427.0078125,81869.46875,21500.0,-0.2602219866900457,-0.0026056115261914683,81934.58482142857,0.9957125803811153,1.0056878011048431,81669.04743303571,81540.95703125,1,0.6193209650436475,0.5843661378725464,1,6,2,0,0,11914.285714285714,1.8045563549160673,0
2025-06-18,81444.65625,81858.96875,81237.0078125,81314.6171875,11300.0,-0.1699375121018032,-0.0017008206968682248,81791.6484375,0.9957576085807202,1.007656128090482,81655.59263392857,81564.21953125,1,0.5915716296058166,0.5763597095027405,2,6,2,0,0,11885.714285714286,0.9507211538461539,0
2025-06-19,81361.8671875,81583.9375,81191.0390625,81403.9375,12500.0,-0.10165069915191172,-0.0010170239851324632,81644.52678571429,0.9965379234917221,1.0048391847430054,81649.22544642857,81598.4546875,1,0.5906163884772327,0.5738984482339428,3,6,2,0,0,11514.285714285714,1.08560794044665,1
2025-06-20,82408.171875,82494.4921875,81323.203125,81354.8515625,6700.0,1.2859890310638722,0.012777904062543238,81629.24553571429,1.0095422459704704,1.0144028889356416,81723.11272321429,81696.91145833333,0,0.8108053644183807,0.668386350454124,4,6,2,0,1,10857.142857142857,0.6171052631578947,0
2025-06-23,81896.7890625,82169.671875,81476.7578125,81704.0703125,8000.0,-0.6205486675225469,-0.00622482073399255,81658.50446428571,1.0029180622370877,1.0085044383343602,81805.91852678571,81679.14114583333,0,0.744520925168007,0.6533770772991875,0,6,2,1,0,11142.857142857143,0.717948717948718,1
2025-06-24,82055.109375,83018.15625,81900.1171875,82534.609375,119300.0,0.19331687397314834,0.001931302573732142,81792.29129464286,1.0032132377782448,1.0136512510713556,81881.40848214286,81709.37083333333,1,0.6693078877744075,0.6509474336323289,1,6,2,0,0,27242.85714285714,4.379129522810698,1
2025-06-25,82755.5078125,82815.90625,82339.5703125,82448.796875,7500.0,0.8535707804606218,0.008499484631733539,81929.34263392857,1.010083874128746,1.0057850184995158,81975.22767857143,81756.86901041666,1,0.672388916410405,0.6721036512347909,2,6,2,0,0,26685.714285714286,0.2810492505353319,1
2025-06-26,83755.8671875,83812.09375,82816.2578125,82882.921875,10500.0,1.2088130463370872,0.01201565251167068,82239.70982142857,1.0184358306876757,1.0120246430327076,82087.14732142857,81797.70651041667,1,0.74188585951472,0.7026573948730342,3,6,2,0,0,25114.285714285714,0.4180887372013652,1
2025-06-27,84058.8984375,84089.3515625,83645.40625,83774.453125,8600.0,0.36180301174797425,0.0036115007906424947,82613.17299107143,1.017499938497518,1.005307467945976,82202.41071428571,81855.31666666667,1,0.7025503845553994,0.7037400909504589,4,6,2,0,1,24728.571428571428,0.34777585210860773,0
2025-06-30,83606.4609375,84099.53125,83482.1328125,84027.328125,6200.0,-0.5382386736086042,-0.0053969239663690756,82933.82924107143,1.008110462311747,1.0073955757561521,82289.17801339286,81906.88463541666,1,0.7757182791092659,0.7254218077683215,0,6,2,1,0,23828.571428571428,0.26019184652278177,1
2025-07-01,83697.2890625,83874.2890625,83572.5078125,83685.65625,19100.0,0.10863768658728734,0.0010857871855635775,83117.98883928571,1.006969613092232,1.0036110110597263,82373.6171875,81990.5796875,1,0.6700405310158367,0.7253185586009526,1,7,3,0,0,25600.0,0.74609375,0
2025-07-02,83409.6875,83935.0078125,83150.7734375,83790.71875,10600.0,-0.3436211204943973,-0.003442128538026042,83334.1171875,1.0009068352200812,1.0094314742073862,82496.31082589286,82051.01484375,1,0.6180281438896303,0.6676779531838404,2,7,3,0,0,25971.428571428572,0.4081408140814081,0
2025-07-03,83239.46875,83850.09375,83186.7421875,83540.7421875,9600.0,-0.2040755158086438,-0.00204284033626913,83503.31138392857,0.9968403332807309,1.0079742461966454,82647.80133928571,82127.2640625,1,0.6432818217662045,0.6310245866513434,3,7,3,0,0,10300.0,0.9320388349514563,1
2025-07-04,83432.890625,83477.859375,83015.828125,83306.8125,8800.0,0.23236798348740262,0.0023209842658385403,83600.08035714286,0.9980001247435575,1.0055655802084429,82764.71149553571,82184.32447916667,1,0.5787855933789071,0.6032980476255055,4,7,3,0,1,10485.714285714286,0.8392370572207084,1
2025-07-07,83442.5,83516.8203125,83262.2265625,83398.078125,6200.0,0.011517490198431624,0.00011516826986452364,83555.31361607143,0.9986498331322194,1.0030577341071811,82897.51171875,82226.52604166667,1,0.3231425478367007,0.5936103982617728,0,7,3,1,0,9871.42857142857,0.6280752532561505,1
2025-07-08,83712.5078125,83812.3125,83320.953125,83387.03125,15300.0,0.3235854780237801,0.0032306306687687764,83505.82924107143,1.00247501968793,1.0058971886010815,83059.50111607143,82298.55520833333,1,0.31518947090385246,0.58695313391519,1,7,3,0,0,10828.57142857143,1.412928759894459,0
2025-07-09,83536.078125,83781.359375,83382.28125,83625.890625,7800.0,-0.21075666242751367,-0.0021097906682430168,83495.77455357143,1.0004827019288587,1.0047861262490945,83214.80189732143,82372.68046875,1,0.2496027640488961,0.5919403959113488,2,7,3,0,0,11057.142857142857,0.7054263565891473,0
2025-07-10,83190.28125,83742.28125,83134.96875,83658.203125,7500.0,-0.4139491376199955,-0.004148082788207553,83423.34486607143,0.997206254239199,1.0073051389701762,83270.66685267857,82424.5890625,1,0.2834467030439677,0.519825190391745,3,7,3,0,0,9400.0,0.7978723404255319,0
2025-07-11,82500.46875,83040.7421875,82442.25,82820.7578125,10700.0,-0.8291984227424387,-0.008326553962407555,83293.45647321429,0.9904795915934969,1.0072595324302769,83313.78683035714,82459.57109375,1,0.3945328745196103,0.543556929115666,4,7,3,0,1,9414.285714285714,1.1365705614567527,0
2025-07-14,82253.4609375,82537.8671875,82010.3828125,82537.8671875,18100.0,-0.29940170794484633,-0.0029985081149826887,83152.59821428571,0.9891869009977461,1.0064319218726974,83327.95479910714,82488.89479166667,1,0.3981064324069209,0.5497474760798108,0,7,3,1,0,10628.57142857143,1.7029569892473118,1
2025-07-15,82570.90625,82743.6171875,82221.7421875,82233.15625,9900.0,0.3859355082228122,0.003851926877322269,83029.45758928571,0.9944772451537142,1.0063471654347813,83314.76897321429,82550.00807291667,1,0.42711141017839777,0.5077152759257023,1,7,3,0,0,10785.714285714286,0.9178807947019867,1
2025-07-16,82634.4765625,82784.75,82342.9375,82534.65625,7600.0,0.07698875474071443,0.000769591336012544,82914.02566964286,0.9966284460935877,1.0053655178381267,83234.66964285714,82604.54895833334,1,0.4318635729437279,0.3690806575445475,2,7,3,0,0,10985.714285714286,0.6918075422626788,0
2025-07-17,82259.2421875,82757.09375,82219.2734375,82753.53125,8800.0,-0.4540893711793448,-0.0045512348869709085,82706.41629464286,0.9945932356015791,1.0065412924490122,83106.12276785714,82631.7890625,1,0.3914320761938628,0.3554644640435719,3,7,3,0,0,10057.142857142857,0.875,0
2025-07-18,81757.7265625,82334.75,81608.1328125,82193.6171875,8300.0,-0.6096769331485619,-0.00611543051691674,82452.36607142857,0.9915752628817613,1.008903734988882,82974.0703125,82617.41354166667,0,0.4133275823880866,0.36186161389965876,4,7,3,0,1,10128.57142857143,0.8194640338504936,1
2025-07-21,82200.34375,82274.03125,81518.65625,81918.53125,15300.0,0.5413765843423235,0.005399164089729273,82310.94642857143,0.9986562822641407,1.0092662837532973,82867.14564732143,82609.25130208333,0,0.5166291034811835,0.4026618107668271,0,7,3,1,0,11242.857142857143,1.3608640406607369,0
2025-07-22,82186.8125,82538.171875,82110.6328125,82527.4296875,23900.0,-0.016461305856763087,-0.00016462660878420517,82266.13839285714,0.9990357406533618,1.0052068660032896,82779.79743303571,82602.42109375,0,0.4273275624252946,0.39866360408238005,1,7,3,0,0,13128.57142857143,1.8204570184983677,1
2025-07-23,82726.640625,82786.4296875,82279.7265625,82451.8671875,10100.0,0.6568305894574022,0.006546828568545534,82333.73549107143,1.0047721038233615,1.006158298601237,82743.16685267857,82609.47109375,0,0.4846571936385336,0.4457700921756668,2,7,3,0,0,11985.714285714286,0.8426698450536353,0
2025-07-24,82184.171875,82784.2421875,82047.21875,82779.953125,14000.0,-0.6557364663929866,-0.006578958631041268,82278.48772321429,0.9988536997844252,1.0089829179919643,82653.97265625,82625.87760416667,0,0.5335849031373239,0.46625772199445437,3,7,3,0,0,12571.42857142857,1.1136363636363638,0
2025-07-25,81463.09375,82069.5078125,81397.6875,82065.7578125,10000.0,-0.8773929438587569,-0.008812646993915176,82111.14732142857,0.992107605452257,1.0082535552683853,82512.58649553571,82637.36067708333,0,0.6077835535937682,0.5076189216409861,4,7,3,0,1,12914.285714285714,0.7743362831858407,0
2025-07-28,80891.0234375,81557.40625,80776.4375,81299.96875,5100.0,-0.7022447665142817,-0.007047221098970049,81915.6875,0.9874912352716322,1.0096682742414829,82311.05189732143,82607.18984375,0,0.6316937598690894,0.5048996109292359,0,7,3,1,0,12385.714285714286,0.4117647058823529,1
2025-07-29,81337.953125,81429.8828125,80575.453125,80620.25,12300.0,0.5525083853653134,0.0055098765665013765,81855.71986607143,0.9936746418952935,1.0106040941051178,82154.04296875,82599.01171875,0,0.6692201268694317,0.5480608064937326,1,7,3,0,0,12957.142857142857,0.9492833517089305,1
2025-07-30,81481.859375,81618.9609375,81187.0625,81594.5234375,7200.0,0.17692386453203035,0.0017676753862089494,81753.07924107143,0.9966824507579505,1.0053197938710987,82032.01283482143,82600.25182291666,0,0.6263905216544721,0.5521324388151131,2,7,3,0,0,11800.0,0.6101694915254238,0
2025-07-31,81185.578125,81803.2734375,80695.1484375,80695.5,9700.0,-0.36361621135378996,-0.0036427890202110204,81610.04575892857,0.9947988310754975,1.0137322382008909,81938.09207589286,82594.37552083333,0,0.63022033016431,0.5210054948416258,3,7,3,0,0,9771.42857142857,0.9926900584795323,0
2025-08-01,80599.90625,81317.5078125,80495.5703125,81074.40625,14700.0,-0.7213989091735651,-0.007240135734662171,81306.2265625,0.9913128386058225,1.0102109656072884,81819.98102678571,82534.1,0,0.5359024728626511,0.5442797543855404,4,8,3,0,1,10428.57142857143,1.4095890410958902,1
2025-08-04,81018.71875,81093.1875,80500.5078125,80765.828125,9900.0,0.5196190907480025,0.005182737292416398,81139.73325892857,0.9985085665916303,1.0073624341461356,81709.11049107143,82504.83098958334,0,0.6104500288170941,0.5553442748692755,0,8,3,1,0,9842.857142857143,1.0058055152394776,0
2025-08-05,80710.25,81010.4921875,80554.3984375,80946.4296875,10900.0,-0.38073763046271303,-0.0038146428118719013,81032.18415178571,0.9960270828787895,1.0056619347775761,81571.66573660714,82460.00234375,0,0.5441623716700553,0.555439411250501,1,8,3,0,0,9971.42857142857,1.0931232091690546,0
2025-08-06,80543.9921875,80834.4296875,80448.8203125,80694.9765625,5300.0,-0.20599343020248906,-0.0020620588848579914,80982.60825892857,0.9945838238498548,1.0047932259727628,81449.14787946429,82386.28515625,0,0.48666804613015807,0.5494916172514236,2,8,3,0,0,10000.0,0.53,1
2025-08-07,80623.2578125,80737.546875,79811.2890625,80262.9765625,37500.0,0.09841283359219855,0.0009836443991091317,80880.50892857143,0.9968193682324795,1.011605598949475,81368.11439732143,82281.86484375,0,0.41657245367604917,0.5362555158155646,3,8,3,0,0,13600.0,2.7573529411764706,0
2025-08-08,79857.7890625,80550.3984375,79775.84375,80478.0078125,23200.0,-0.9494391206321562,-0.00953975027129685,80648.49888392857,0.9901956039805951,1.0097091381437129,81200.7890625,82141.82786458333,0,0.49124321521424075,0.547339360870191,4,8,3,0,1,15885.714285714286,1.460431654676259,1
2025-08-11,80604.078125,80636.046875,79772.4609375,79885.359375,8600.0,0.9345225697594994,0.009301829232920205,80565.42745535714,1.0004797426248904,1.0108256148469157,81087.73660714286,82041.7484375,0,0.6697338368798261,0.625898663349369,0,8,3,1,0,15728.57142857143,0.5467756584922797,0
2025-08-12,80235.59375,80997.671875,80164.359375,80508.5078125,10300.0,-0.45715351328571296,-0.004582016555921024,80513.3828125,0.9965497777785972,1.0103950497015994,80909.8046875,81926.35859375,0,0.6354901004786037,0.5868082532549838,1,8,3,0,0,15100.0,0.6821192052980133,1
2025-08-13,80539.90625,80683.7421875,80319.0,80492.171875,12300.0,0.37927369360308827,0.0037855626437117342,80444.98102678571,1.0011800018099661,1.0045411694306452,80792.35714285714,81830.69921875,0,0.6159602860325328,0.5923927016153566,2,8,3,0,0,15442.857142857143,0.7964847363552267,1
2025-08-14,80597.65625,80751.1796875,80489.859375,80625.28125,7200.0,0.07170358483004069,0.0007167789009161869,80428.89620535714,1.0020982514072052,1.0032466240409554,80730.54017857143,81742.63880208334,0,0.6031168304406896,0.5549625733027805,3,8,3,0,0,14914.285714285714,0.4827586206896552,1
2025-08-18,81273.75,81765.7734375,81202.421875,81315.7890625,19300.0,0.8388503853050899,0.008353515882917035,80533.14732142857,1.0091962465544217,1.0069376202025995,80757.87779017857,81670.66744791667,0,0.6740662249317477,0.5734716405103513,0,8,3,1,0,16914.285714285714,1.1410472972972974,1
2025-08-19,81644.390625,81755.8828125,81315.4375,81319.109375,10900.0,0.456039772989425,0.004550030622971632,80679.0234375,1.0119655289115868,1.0054165030164168,80779.76618303571,81610.73046875,0,0.6846646800462575,0.5673249729062158,1,8,3,0,0,13114.285714285714,0.8311546840958606,1
2025-08-20,81857.84375,81985.6171875,81494.5,81671.46875,9400.0,0.2614424865762244,0.0026110132021379723,80964.74553571429,1.011030704887373,1.0060263844492574,80806.62220982143,81548.90833333334,0,0.4707014329228876,0.5694731372870476,2,8,3,0,0,11142.857142857143,0.8435897435897436,1
2025-08-21,82000.7109375,82231.171875,81921.21875,82220.4609375,10100.0,0.17453084634910798,0.00174378718248725,81164.26450892857,1.0103055998059272,1.003783551193811,80864.84598214286,81497.72942708334,0,0.3965475056202523,0.5585995605039902,3,8,3,0,0,11357.142857142857,0.889308176100629,0
2025-08-22,81306.8515625,81993.609375,81291.7734375,81951.4765625,6700.0,-0.8461626333079675,-0.008497629131859365,81317.30133928571,0.9998714938074235,1.0086335419664525,80915.34207589286,81434.9484375,0,0.5197073337676521,0.5730533656999729,4,8,3,0,1,10842.857142857143,0.6179183135704874,1
2025-08-25,81635.90625,81799.0625,81364.859375,81501.0625,9700.0,0.40470720631342605,0.004038904695526585,81473.87276785714,1.001988778446859,1.0053364945055556,80959.42689732143,81406.1296875,1,0.5213308705431514,0.5668131979022969,0,8,3,1,0,10471.42857142857,0.9263301500682128,0
2025-08-26,80786.5390625,81450.28125,80685.9765625,81377.390625,20500.0,-1.0404333417931566,-0.010458836872552849,81500.85602678571,0.991235466728706,1.0094725839614516,80964.87611607143,81357.23229166666,1,0.7028371800146469,0.6298087061916894,1,8,3,0,0,12371.42857142857,1.6570438799076213,0
2025-08-28,80080.5703125,80775.7109375,80013.0234375,80754.65625,7800.0,-0.8738692834134532,-0.008777099121224917,81330.40178571429,0.9846326656972962,1.0095320420005844,80931.77455357143,81274.22109375,1,0.6741210556339629,0.6712444280808162,3,8,3,0,0,10728.57142857143,0.7270306258322237,0
2025-08-29,79809.6484375,80310.7421875,79741.7578125,80010.828125,12500.0,-0.3383116203378389,-0.003388851880964036,81068.29575892857,0.9844742348455013,1.0071353377528731,80873.65959821429,81180.06015625,0,0.6070101167159988,0.6745016136867766,4,8,3,0,1,10957.142857142857,1.1408083441981747,1
2025-09-01,80364.4921875,80406.84375,79818.3828125,79828.9921875,6000.0,0.6952088636682952,0.006928034289430036,80854.95982142857,0.9939339820956961,1.0073724988751318,80909.85267857143,81116.90182291667,0,0.6926645486914862,0.6524697601778241,0,9,3,1,0,10471.42857142857,0.5729877216916781,0
2025-09-02,80157.8828125,80761.140625,80008.5,80520.09375,8200.0,-0.25709037583160343,-0.0025742142064963313,80591.69866071429,0.9946171149706048,1.0094070083178661,80877.98158482143,81063.57369791667,0,0.6661767357038358,0.6037108564003179,1,9,3,0,0,10200.0,0.803921568627451,1
2025-09-03,80567.7109375,80671.28125,80004.6015625,80295.9921875,17100.0,0.5112761348233796,0.005099735563552274,80486.10714285714,1.001013886713368,1.0083330167825308,80901.70424107143,81009.15260416667,0,0.68555011604111,0.6074531595667629,2,9,3,0,0,11685.714285714286,1.463325183374083,1
2025-09-04,80718.0078125,81456.671875,80608.9375,81456.671875,17000.0,0.18654728209492877,0.0018637349874449044,80354.97879464286,1.0045178161117423,1.010516630057306,80914.42578125,80960.19244791666,0,0.6618258941083989,0.6011096073032769,3,9,3,0,0,12728.57142857143,1.3355780022446688,0
2025-09-05,80710.7578125,81036.5625,80321.1875,81012.421875,8200.0,-0.008981886689818364,-8.982290085416112e-05,80344.15290178571,1.004562932055086,1.0089064295768784,80922.50446428571,80892.99635416667,0,0.5358419289630312,0.6009362994798861,4,9,3,0,1,10971.42857142857,0.7473958333333334,1
2025-09-08,80787.296875,81171.3828125,80733.0703125,80904.3984375,8700.0,0.09483130201528578,0.0009478636554306007,80445.11383928571,1.00425362112605,1.0054291568288358,80887.7578125,80846.43385416667,0,0.3780734508506485,0.5531591439698034,0,9,3,1,0,11100.0,0.7837837837837838,1
2025-09-09,81101.3203125,81181.3671875,80927.96875,81129.6875,6300.0,0.3887039790251734,0.0038795047707216243,80629.63839285714,1.0058499818310562,1.003131160233155,80848.96707589286,80834.37473958333,0,0.3253845316880447,0.5487761447815256,1,9,3,0,0,10214.285714285714,0.6167832167832168,1
2025-09-10,81425.1484375,81643.8828125,81235.421875,81504.359375,11800.0,0.399288351598015,0.003984933112922656,80781.16071428571,1.0079720038375284,1.0050281136980923,80818.06026785714,80852.17890625,0,0.2692650017186207,0.5559117832252028,2,9,3,0,0,11042.857142857143,1.0685640362225097,1
2025-09-11,81548.7265625,81642.21875,81216.90625,81217.296875,13500.0,0.15176898952153905,0.0015165393678550946,80979.85267857143,1.0070248816849119,1.005236748352502,80785.77566964286,80859.2046875,1,0.18908319378732763,0.5552803224339262,3,9,3,0,0,11800.0,1.1440677966101696,1
2025-09-12,81904.703125,81992.8515625,81641.3828125,81758.953125,11100.0,0.4365200751812681,0.004355700898821191,81170.8515625,1.0090408262125345,1.0043050318097526,80828.47935267857,80873.29947916667,1,0.1730479103318852,0.5161237655269352,4,9,3,0,1,10942.857142857143,1.014360313315927,0
2025-09-15,81785.7421875,81998.5078125,81744.703125,81925.5078125,10500.0,-0.14524310932235718,-0.0014534868937059854,81323.38504464286,1.0056854143811567,1.0031048456694729,80839.18191964286,80893.30494791667,1,0.2260283521712287,0.5082117442173276,0,9,3,1,0,10014.285714285714,1.0485021398002854,1
2025-09-16,82380.6875,82443.4765625,81779.9375,81852.109375,8200.0,0.7274438020456353,0.0072481069150848515,81561.94642857143,1.0100382728377575,1.0081137144730639,80953.04966517857,80952.66432291667,1,0.2831575485819845,0.4411954884392052,1,9,3,0,0,10014.285714285714,0.818830242510699,1
2025-09-17,82693.7109375,82741.953125,82490.46875,82506.3984375,14600.0,0.37997186840665886,0.003792517987677278,81834.29129464286,1.01050195009037,1.003048647665734,81139.70256696429,81008.49739583333,1,0.27004905962224257,0.3335596929158741,2,9,3,0,0,10857.142857142857,1.3447368421052632,1
2025-09-18,83013.9609375,83141.2109375,82704.921875,83108.921875,14600.0,0.387272497955804,0.0038652452851545573,82107.52566964286,1.0110396125137684,1.0052752490735606,81368.58203125,81085.28776041667,1,0.2700013253875301,0.292253556445291,3,9,3,0,0,12042.857142857143,1.2123368920521944,0
2025-09-19,82626.2265625,82978.6328125,82485.921875,82946.0390625,9700.0,-0.46707128610803395,-0.0046816547245583885,82279.10825892857,1.0042187902970348,1.00597327309073,81530.13448660714,81154.69557291667,1,0.4015365048423861,0.3286512628875988,4,9,3,0,1,11742.857142857143,0.8260340632603406,0
2025-09-22,82159.96875,82583.15625,81997.2890625,82151.0703125,10300.0,-0.5642975988348176,-0.005658957728760457,82366.42857142857,0.9974933984026086,1.0071449580126173,81673.140625,81205.91927083333,1,0.4984008971084311,0.3691968055902449,0,9,3,1,0,11285.714285714286,0.9126582278481012,0
2025-09-23,82102.1015625,82370.3828125,81776.53125,82147.3671875,9300.0,-0.07043233874161059,-0.0007045715396595973,82394.62834821429,0.9964496862043236,1.0072618825159572,81782.73995535714,81280.7296875,1,0.47913388317902367,0.3613325840187811,1,9,3,0,0,11028.57142857143,0.8432642487046631,0
2025-09-24,81715.6328125,82045.46875,81607.84375,81917.6484375,15100.0,-0.4707172443153662,-0.004718286068908717,82384.61272321429,0.9918797954059474,1.005362536000101,81853.99888392857,81317.78151041667,1,0.5140996228529783,0.39528655839524934,2,9,3,0,0,11685.714285714286,1.2921760391198043,0
2025-09-25,81159.6796875,81840.7265625,81092.890625,81574.3125,14800.0,-0.6803510000046864,-0.0068267593858310095,82210.18303571429,0.9872217369014016,1.0092219667067763,81886.06473214286,81348.584375,1,0.4481557534457209,0.44555136164984194,3,9,3,0,0,12628.57142857143,1.171945701357466,0
2025-09-26,80426.4609375,81033.09375,80332.40625,80956.0078125,10700.0,-0.9034273580467711,-0.00907533009428286,81886.29017857143,0.9821724828675478,1.008722351697264,81860.29073660714,81344.80286458334,1,0.427552089252232,0.5112332979179727,4,9,3,0,1,12071.42857142857,0.8863905325443787,0
2025-09-29,80364.9375,80851.3828125,80248.84375,80588.7734375,8600.0,-0.07649651219616693,-0.0007652578570782016,81507.85825892857,0.9859777844327867,1.0075083831036507,81807.69196428571,81337.04557291667,1,0.30414901586268656,0.4967867338268384,0,9,3,1,0,11214.285714285714,0.7668789808917198,0
2025-09-30,80267.6171875,80677.8203125,80201.1484375,80541.7734375,7100.0,-0.12109797571857595,-0.0012117135856660303,81170.9140625,0.9888716680669078,1.0059434544802244,81725.01116071429,81303.5078125,0,0.33015382526651976,0.47859247857840004,1,9,3,0,0,10842.857142857143,0.6548089591567853,1
2025-10-01,80983.3125,81068.4296875,80159.8984375,80173.2421875,22300.0,0.8916364252201214,0.008876848195789998,81002.8203125,0.9997591711939814,1.0113339870397713,81684.62444196429,81281.471875,0,0.5814687128843784,0.5449221913208545,2,10,4,0,0,12557.142857142857,1.7758816837315132,1
2025-10-03,81207.171875,81251.9921875,80649.5703125,80684.140625,13600.0,0.27642654775328346,0.0027604519218879984,80874.97321428571,1.004107558216237,1.0074696228717122,81634.80078125,81259.7828125,0,0.6089202526021111,0.5355648773947181,4,10,4,0,1,13171.42857142857,1.032537960954447,1
2025-10-06,81790.1171875,81846.421875,81155.8828125,81274.7890625,8800.0,0.717849543384319,0.007152852679959896,80885.61383928571,1.0111824996471126,1.0085087986054615,81635.11328125,81252.76302083333,0,0.6689231156881441,0.5733112304521721,0,10,4,1,0,12271.42857142857,0.7171129220023283,1
2025-10-07,81926.75,82309.5625,81787.4765625,81883.953125,13900.0,0.16705296091796829,0.0016691358266129118,80995.1953125,1.0115013573818277,1.0063834459680516,81602.68917410714,81273.42630208333,0,0.5946823478362163,0.537183118749016,1,10,4,0,0,12142.857142857143,1.1447058823529412,0
2025-10-08,81773.65625,82257.7421875,81646.078125,81899.5078125,15200.0,-0.1868666217078041,-0.0018704143519199482,81187.65178571429,1.0072179013852058,1.007491652710661,81536.97098214286,81278.01796875,0,0.422764001384134,0.5244578408158949,2,10,4,0,0,12785.714285714286,1.188826815642458,1
2025-10-09,82172.1015625,82247.7265625,81667.6796875,81900.0,23200.0,0.4872538795157588,0.004860706398311284,81445.81808035714,1.0089173821229995,1.0071025266937856,81476.83816964286,81324.20338541667,1,0.4061589161666509,0.5319173931357399,3,10,4,0,0,14871.42857142857,1.5600384245917387,1
2025-10-10,82500.8203125,82654.109375,82072.9296875,82075.453125,13700.0,0.4000369270706461,0.003992389068978242,81764.84709821429,1.0090010957080575,1.0070812591887837,81467.88058035714,81404.87838541667,1,0.35683440136043376,0.5327921566966947,4,10,4,0,1,15814.285714285714,0.8663053297199639,0
2025-10-13,82327.046875,82438.5,82043.140625,82049.15625,9000.0,-0.2106323753409689,-0.0021085451731877544,81956.80915178571,1.0045174736186788,1.004818920533614,81479.81473214286,81488.79166666667,1,0.34324436287695764,0.512461529416515,0,10,4,1,0,13914.285714285714,0.6468172484599589,0
2025-10-14,82029.9765625,82573.3671875,81781.6171875,82404.5390625,12600.0,-0.36084169635168806,-0.003614943003854471,82074.35267857143,0.9994593181106742,1.0096812710145455,81474.66294642857,81544.3078125,1,0.40892337492227704,0.5220062956493962,1,10,4,0,0,13771.42857142857,0.9149377593360997,1
2025-10-15,82605.4296875,82727.0234375,82084.3671875,82197.25,10600.0,0.7015156521001265,0.006990664786018863,82190.82589285714,1.0050444047755807,1.0078292161104443,81538.21986607143,81625.89270833334,1,0.40513774667270064,0.5354025331032822,2,10,4,0,0,14028.57142857143,0.7556008146639511,1
2025-10-16,83467.65625,83615.4765625,82791.3515625,82794.7890625,27400.0,1.043789210663082,0.01038379343590606,82410.95535714286,1.0128223351892687,1.0099542402007757,81703.07533482143,81722.55755208334,1,0.5302082565862429,0.5455673576305496,3,10,4,0,0,15957.142857142857,1.7170993733213966,1
2025-10-17,83952.1875,84172.2421875,83206.078125,83331.78125,14300.0,0.5805018036552312,0.005788233843055442,82722.17410714286,1.0148692101740946,1.0116117005424596,81954.91294642857,81830.36354166667,1,0.49895541821729894,0.45010729559303614,4,10,4,0,1,15828.57142857143,0.9034296028880866,1
2025-10-20,84363.3671875,84656.5625,84196.7890625,84269.296875,10900.0,0.4897784080968748,0.004885828956371909,83035.21205357143,1.0159950833035951,1.0054607003737246,82240.51506696429,81952.1171875,1,0.499048979708433,0.4381963013347071,0,10,4,1,0,14071.42857142857,0.7746192893401016,1
2025-10-21,84426.34375,84665.4375,84286.3984375,84484.671875,3400.0,0.07464918079909122,0.000746213321564486,83310.28683035714,1.0133963879144416,1.0044970371201833,82537.56696428571,82073.41875,1,0.5116212633906247,0.4249901083788394,1,10,4,0,0,12600.0,0.2698412698412698,1
2025-10-23,84556.3984375,85290.0625,84445.25,85154.1484375,25700.0,0.1540451495626982,0.001539266217308168,83628.765625,1.0110922695745577,1.0100042631172268,82792.78738839286,82188.58802083334,1,0.4635557075474198,0.3992611813566632,3,10,4,0,0,14985.714285714286,1.7149666348903718,0
2025-10-24,84211.8828125,84707.4375,83957.1484375,84667.2265625,13600.0,-0.4074388589938027,-0.004082711526072234,83940.46651785714,1.003233438005555,1.0089365715303984,83007.40959821429,82281.47916666667,1,0.4761860200008522,0.4430643281792066,4,10,4,0,1,15128.57142857143,0.898961284230406,1
2025-10-27,84778.84375,84932.078125,84294.203125,84297.390625,12000.0,0.6732552682171322,0.006709990261207591,84250.95424107143,1.0062656798808247,1.0075672463390406,83220.89006696429,82389.14973958333,1,0.47308279760010047,0.4396727606276195,0,10,4,1,0,15328.57142857143,0.7828518173345759,0
2025-10-28,84628.15625,84986.9375,84219.390625,84625.7109375,12900.0,-0.1777418673511888,-0.0017790001563315922,84416.73995535714,1.0025044356694497,1.00911365980333,83413.84765625,82479.93151041666,1,0.4045975980956591,0.45453907680918404,1,10,4,0,0,13257.142857142857,0.9730603448275862,1
2025-10-29,84997.1328125,85105.828125,84638.6796875,84663.6796875,13600.0,0.4359974018694368,0.004350496868738856,84566.01785714286,1.0050979692112905,1.0055193256703057,83644.09598214286,82586.97786458333,1,0.3850520897047713,0.44055433013197554,2,10,4,0,0,13157.142857142857,1.0336590662323561,0
2025-10-30,84404.4609375,84906.953125,84312.6484375,84750.8984375,14200.0,-0.6972845499475966,-0.006997269388879489,84571.88839285714,0.9980202942308749,1.0070488200586007,83803.55022321429,82654.43697916667,1,0.4754004262690474,0.506039624464309,3,10,4,0,0,13628.57142857143,1.041928721174004,0
2025-10-31,83938.7109375,84712.7890625,83905.65625,84379.7890625,13300.0,-0.5518073272748891,-0.005533354078734306,84502.2265625,0.9933313517533978,1.0096195280339042,83906.25669642857,82695.93697916667,1,0.5178189503418591,0.5389324098352664,4,10,4,0,1,15042.857142857143,0.8841405508072174,1
2025-11-03,83978.4921875,84127.0,83609.5390625,83835.1015625,1300.0,0.047393210540991326,0.00047381983506059223,84419.66852678571,0.9947740100502085,1.0061890179434334,84024.21707589286,82728.08802083334,1,0.5112584666974174,0.5309299309593452,0,11,4,1,0,11557.142857142857,0.11248454882571075,0
2025-11-04,83459.1484375,84068.0078125,83412.7734375,84000.640625,9500.0,-0.6184247138427468,-0.006203448800912769,84312.13504464286,0.9898829912599034,1.0078553241667592,84126.30078125,82755.85208333333,1,0.5381366398593403,0.5537173571193399,1,11,4,0,0,10971.42857142857,0.8658854166666667,0
2025-11-06,83311.0078125,83846.3515625,83237.6484375,83516.6875,17900.0,-0.17750076267665227,-0.0017765848194330645,84102.44419642857,0.9905896149453148,1.0073128342333824,84176.69921875,82794.22005208333,1,0.4075095681376524,0.5327404505836485,3,11,4,0,0,11814.285714285714,1.5151148730350665,0
2025-11-07,83216.28125,83390.109375,82670.953125,83150.1484375,15900.0,-0.11370233656660123,-0.0011376702671409332,83900.74776785714,0.9918419497314734,1.0086990197017884,84158.74386160714,82831.359375,1,0.41007310638398525,0.4524313450398793,4,11,4,0,1,12242.857142857143,1.2987164527421236,1
2025-11-10,83535.3515625,83754.4921875,83197.671875,83198.203125,11900.0,0.38342294044773073,0.0038268974824521847,83691.921875,0.9981292063918206,1.0066927391109766,84128.96986607143,82892.01666666666,1,0.3958784927873059,0.4350211162936264,0,11,4,1,0,12000.0,0.9916666666666667,1
2025-11-11,83871.3203125,83936.46875,83124.03125,83671.5234375,16500.0,0.40218750949845283,0.004013808975395348,83615.75892857143,1.0030563782139068,1.0097737981156922,84093.82366071429,82982.4046875,1,0.4053745670854827,0.42746249810006504,1,11,4,0,0,12328.57142857143,1.3383545770567786,1
2025-11-12,84466.5078125,84652.0078125,84166.75,84238.859375,9100.0,0.7096436514679505,0.007071375302758263,83691.15848214286,1.00926441149124,1.0057654336480855,84096.69252232143,83117.07291666667,1,0.44426854285760725,0.47203398163834465,2,11,4,0,0,11728.57142857143,0.7758830694275274,1
2025-11-13,84478.671875,84919.4296875,84253.046875,84525.890625,25600.0,0.01440104819652177,0.00014400011345119763,83762.61272321429,1.0085486725939634,1.0079093022414805,84091.140625,83254.19739583334,1,0.444975665496135,0.4701007558507424,3,11,4,0,0,15200.0,1.6842105263157894,1
2025-11-14,84562.78125,84697.8671875,84029.3203125,84060.140625,8800.0,0.09956285194026027,0.0009951332100637518,83920.27455357143,1.0076561557960397,1.0079561142767037,84116.20479910714,83397.36953125,1,0.3211310134120959,0.45607838150810825,4,11,4,0,1,15100.0,0.5827814569536424,1
2025-11-17,84950.953125,84988.09375,84581.078125,84700.5,10500.0,0.45903394999795566,0.004579836022370191,84154.55245535714,1.0094635482740562,1.0048121356930269,84128.49832589286,83529.62421875,1,0.2887820886037567,0.4360134073965532,0,11,4,1,0,14042.857142857143,0.7477110885045778,0
2025-11-18,84673.0234375,85042.40625,84558.359375,85042.3671875,10700.0,-0.32716488429628265,-0.003277012387656856,84362.65848214286,1.0036789375885167,1.005724411856826,84131.703125,83645.15260416667,1,0.34331141216085576,0.4428789694886285,1,11,4,0,0,13300.0,0.8045112781954887,1
2025-11-19,85186.46875,85236.7734375,84525.9765625,84643.78125,8900.0,0.6063859440179176,0.006045548231634952,84598.53236607143,1.0069497232101434,1.0084092122198012,84145.22712053571,83758.36432291666,1,0.3673898055775394,0.45773514154246453,2,11,4,0,0,12871.42857142857,0.6914539400665927,1
2025-11-20,85632.6796875,85801.703125,85201.21875,85470.921875,24300.0,0.5238049470151385,0.005224378607348983,84850.15513392857,1.009222429261753,1.0070478378573664,84232.95703125,83881.8953125,1,0.3768529725168012,0.42645649798574786,3,11,4,0,0,13985.714285714286,1.7374872318692542,0
2025-11-21,85231.921875,85609.3984375,85187.84375,85347.3984375,14200.0,-0.4679963466780346,-0.004690948783125177,84959.5,1.0032064910339633,1.0049485310220685,84325.32924107143,83997.17083333334,1,0.42252762988553183,0.41702489480997235,4,11,4,0,1,14714.285714285714,0.9650485436893205,0
2025-11-24,84900.7109375,85473.46875,84710.109375,85320.0390625,9600.0,-0.38859963522323016,-0.0038935664540130973,85019.79129464286,0.9985993807403011,1.0090114318188483,84391.20200892857,84088.12447916667,1,0.4660707330426174,0.43782647390445045,0,11,4,1,0,12428.57142857143,0.7724137931034483,0
2025-11-25,84587.0078125,85110.2421875,84536.7265625,85008.9296875,6200.0,-0.3694941085133352,-0.0037017842418525623,85023.25223214286,0.994869116292426,1.0067842185085791,84471.76339285714,84157.6640625,1,0.4943338757986353,0.4115962800549494,1,11,4,0,0,12057.142857142857,0.514218009478673,1
2025-11-26,85609.5078125,85644.1875,84478.1328125,84503.4375,13800.0,1.2088144816122748,0.012015666692996734,85117.33147321429,1.0057823281201033,1.013803035752318,84635.94196428571,84267.07942708333,1,0.6619038795376015,0.4982005322850333,2,11,4,0,0,12528.57142857143,1.1014823261117446,1
2025-11-27,85720.3828125,86055.859375,85473.8515625,85745.046875,15800.0,0.12951248387367276,0.0012942868879852942,85266.95424107143,1.005317752644789,1.0068091913709356,84814.80636160714,84390.09296875,1,0.633261335675347,0.49076528754209775,3,11,4,0,0,13257.142857142857,1.1918103448275863,0
2025-11-28,85706.671875,85969.890625,85577.8203125,85791.546875,6400.0,-0.015994955983800185,-0.00015996235313305417,85341.26897321429,1.0042816670783323,1.0045814477520962,84969.90066964286,84493.46770833334,1,0.6061170075119474,0.4917115470501765,4,11,4,0,1,12900.0,0.49612403100775193,0
2025-12-01,85641.8984375,86159.0234375,85489.6484375,86065.921875,8500.0,-0.0755757236664989,-0.0007560429651353512,85342.5859375,1.0035071880786364,1.0078298953409472,85096.37053571429,84565.94244791666,1,0.575972887555562,0.4920260677798782,0,12,4,1,0,10642.857142857143,0.7986577181208053,0
2025-12-02,85138.2734375,85553.5078125,85053.0,85325.5078125,5800.0,-0.588059126652285,-0.00589795002999446,85329.20758928571,0.997762382223157,1.0058846579485732,85144.35379464286,84605.47864583334,1,0.5938449838716455,0.5007365245048225,1,12,4,0,0,9442.857142857143,0.6142208774583964,0
2025-12-03,85106.8125,85269.6796875,84763.640625,85150.640625,17400.0,-0.036952754888897044,-0.0003695958410180646,85358.65066964286,0.997049646782521,1.0059700015097128,85189.22098214286,84630.26015625,1,0.5713417499728696,0.5012663915564899,2,12,4,0,0,10557.142857142857,1.6481732070365358,1
2025-12-04,85265.3203125,85487.2109375,84949.9765625,84987.5625,17900.0,0.18624573972854108,0.0018607251739683305,85455.55245535714,0.9977739054117458,1.0063241262298024,85239.40234375,84658.22604166667,1,0.5435341097474644,0.5024053203885208,3,12,4,0,0,12228.57142857143,1.463785046728972,1
2025-12-05,85712.3671875,85796.71875,85078.1171875,85125.4765625,7900.0,0.524300938953326,0.005229312669632264,85470.24665178571,1.0028328049256803,1.0084463735947082,85293.7890625,84696.75833333333,1,0.3359863433467939,0.5066747138503543,4,12,4,0,1,11385.714285714286,0.6938519447929736,0
2025-12-08,85102.6875,85722.96875,84875.59375,85624.84375,10700.0,-0.7113088898435094,-0.007138507523621983,85382.00446428571,0.9967286202047113,1.0099837298634509,85324.47935267857,84726.45182291667,1,0.4272341134763872,0.5389184151427311,0,12,4,1,0,10657.142857142857,1.0040214477211797,0
2025-12-09,84666.28125,84947.890625,84382.9609375,84742.8671875,8500.0,-0.5127996104705823,-0.005141189399500719,85233.37723214286,0.9933465503707744,1.0066948312932327,85287.32310267857,84722.69973958333,1,0.45107267361505354,0.530991216323699,1,12,4,0,0,10957.142857142857,0.7757496740547588,0
2025-12-10,84391.2734375,85020.34375,84313.6171875,84607.4921875,8800.0,-0.3248138555748792,-0.003253425208745814,85054.71651785714,0.9921998084583838,1.0083821165082782,85198.65122767857,84714.80364583334,1,0.4518954137326704,0.5093767525878717,2,12,4,0,0,11000.0,0.8,1
2025-12-11,84818.1328125,84906.9296875,84150.1875,84456.75,15800.0,0.5058098516739884,0.005045349309529013,85008.98214285714,0.9977549509999258,1.008992756997719,85169.09486607143,84708.83697916666,1,0.48677674507959984,0.5220398331393412,3,12,4,0,0,12428.57142857143,1.271264367816092,1
2025-12-12,85267.65625,85320.8203125,84956.7421875,85051.03125,8200.0,0.5299850663934347,0.005285855880469082,85031.95982142857,1.002771856947275,1.0042854529920235,85195.30524553571,84737.61015625,1,0.5346598263709506,0.5316136463798131,4,12,4,0,1,11114.285714285714,0.737789203084833,0
2025-12-15,85213.359375,85278.6328125,84840.3203125,84891.75,10600.0,-0.06367816049828168,-0.0006369844364998625,85024.53683035714,1.0022208006262898,1.0051663230217134,85240.04464285714,84780.0984375,1,0.5306769509333202,0.5199980404779851,0,12,4,1,0,10071.42857142857,1.0524822695035463,0
2025-12-16,84679.859375,85059.9609375,84620.609375,85025.609375,9600.0,-0.6260755401652607,-0.006280436117853136,84877.03571428571,0.9976769177006906,1.005192016055486,85173.64118303571,84803.47734375,1,0.5164748774684099,0.42997832234949473,1,12,4,0,0,10314.285714285714,0.9307479224376731,0
2025-12-17,84559.6484375,84889.453125,84415.9765625,84856.2578125,11200.0,-0.14195930223225295,-0.0014206015991224386,84799.45870535714,0.9971720306766299,1.0056088501463873,85090.73158482143,84840.16067708333,0,0.45899087330800775,0.42604725434353313,2,12,4,0,0,10385.714285714286,1.078404401650619,0
2025-12-18,84481.8125,84780.1875,84238.4296875,84518.328125,15000.0,-0.09204855854803018,-0.0009209094924903324,84773.10602678571,0.996563845063154,1.0064312430147353,85003.24162946429,84879.1875,0,0.4203995626726401,0.4254263347130121,3,12,4,0,0,11314.285714285714,1.325757575757576,1
2025-12-19,84929.359375,85067.5,84734.9609375,84756.7890625,8100.0,0.5297552949636408,0.005283570276902888,84849.97544642857,1.0009355798649766,1.0039244611529978,84952.34598214286,84936.29010416666,0,0.4440678456908236,0.4578368096966747,4,12,4,0,1,11214.285714285714,0.7222929936305733,1
2025-12-22,85567.4765625,85601.328125,85145.859375,85145.8984375,6100.0,0.7513505249491459,0.007485419462994061,84957.02455357143,1.0071854212425204,1.0053492765631036,84983.00334821429,85004.02760416667,0,0.4895957989284975,0.47819912234231243,0,12,4,1,0,9828.57142857143,0.6206395348837209,0
2025-12-23,85524.84375,85704.9296875,85342.9921875,85690.1015625,6100.0,-0.049823617819155785,-0.000498360339078864,84993.765625,1.0062484362364077,1.0042409750434438,85012.86272321429,85059.14505208333,0,0.4580377892545199,0.47836455022013463,1,12,4,0,0,9528.57142857143,0.6401799100449774,0
2025-12-24,85408.703125,85738.1796875,85342.1875,85533.109375,8400.0,-0.13579752959209657,-0.0013588981799702426,85021.671875,1.0045521481930986,1.004640051996558,85023.10435267857,85090.5515625,0,0.46165848798973436,0.47833044713229267,2,12,4,0,0,9214.285714285714,0.9116279069767442,0
2025-12-26,85041.453125,85378.5078125,84937.8203125,85225.28125,4800.0,-0.4299913083359974,-0.0043091842961066355,85073.328125,0.9996253232275906,1.0051883542381785,84975.18191964286,85109.3109375,0,0.4189296770786168,0.4677513291932142,4,12,4,0,1,8528.57142857143,0.5628140703517588,0
2025-12-29,84695.5390625,85250.0,84637.859375,85004.75,53300.0,-0.40675935063285706,-0.004075888666663173,85092.74107142857,0.995332128170661,1.0072324681829183,84946.09988839286,85113.73619791666,0,0.4510988673637834,0.44121475228571716,0,12,4,1,0,14542.857142857143,3.6650294695481334,0
2025-12-30,84675.078125,84806.9921875,84470.9375,84600.9921875,6900.0,-0.02415822335684048,-0.00024161141925678326,85120.35044642857,0.994768908738119,1.0039783468426642,84946.72823660714,85104.54036458333,1,0.4489172402170278,0.4191447076403642,1,12,4,0,0,13385.714285714286,0.5154749199573105,1
2025-12-31,85220.6015625,85437.171875,84705.5703125,84793.578125,11600.0,0.6442550152651494,0.006421885633728919,85161.95647321429,1.000688630131509,1.008636994707679,85005.96595982143,85122.79296875,1,0.47152892084404374,0.4405708463787679,2,12,4,0,0,13885.714285714286,0.8353909465020576,0
2026-01-01,85188.6015625,85451.703125,85101.5234375,85255.546875,20600.0,-0.037549605862063906,-0.00037556657491860597,85107.83147321429,1.0009490323967558,1.0041148462842404,85032.42801339286,85122.8640625,0,0.35606461827792885,0.42287715805563547,3,1,1,0,0,15957.142857142857,1.2909579230080572,1
2026-01-02,85762.0078125,85812.2734375,85068.8828125,85259.359375,17900.0,0.6731020811267863,0.006708468633576849,85141.71205357143,1.0072854508556073,1.0087386903462516,85067.73883928571,85127.175,1,0.4523018410459135,0.4373254398765137,4,1,1,0,1,17642.85714285714,1.0145748987854253,0
2026-01-05,85439.6171875,85883.5,85315.328125,85640.046875,12600.0,-0.3759131032762597,-0.0037662143227387567,85146.12834821429,1.0034468841388238,1.0066596693406318,85083.90011160714,85134.09817708333,1,0.47636066867262483,0.4508908136836752,0,1,1,1,0,18242.85714285714,0.6906812842599844,0
2026-01-06,85063.34375,85397.78125,84900.1015625,85331.140625,23300.0,-0.4403969140852504,-0.004413695178901375,85149.25558035714,0.9989910442578553,1.005861944548248,85111.29185267857,85139.51927083333,1,0.4779620218098686,0.43279633972706233,1,1,1,0,0,20885.714285714286,1.1155950752393982,0
2026-01-07,84961.140625,85075.9921875,84617.4921875,84620.3984375,19200.0,-0.12014943275727719,-0.0012022167005583673,85187.19866071429,0.9973463379560744,1.005418501401389,85139.96986607143,85151.99036458334,1,0.44819376891771673,0.43215633847982565,2,1,1,0,0,16014.285714285714,1.1989295272078502,0
2026-01-08,84180.9609375,84965.2734375,84110.1015625,84778.0234375,26300.0,-0.9182782643462173,-0.009225204290888349,85116.61049107143,0.9890074387575668,1.010167290956896,85118.48046875,85104.37213541666,1,0.5795474080382457,0.5016295340256012,3,1,1,0,0,18785.714285714286,1.4,0
2026-01-09,83576.2421875,84406.21875,83402.28125,84022.09375,12500.0,-0.718355722321784,-0.007209483205538111,84881.70200892857,0.9846202445222971,1.0120372906466513,85021.82924107143,85032.90078125,0,0.5207602281963537,0.5064702074102988,4,1,1,0,1,18914.285714285714,0.6608761329305136,1
2026-01-12,83878.171875,83962.328125,82861.0703125,83435.3125,9300.0,0.3612625784521706,0.00360611592573705,84694.49776785714,0.9903615238962199,1.0132904125948017,84901.16462053571,84971.95078125,0,0.5707162273966417,0.46419911186281243,0,1,1,1,0,17300.0,0.5375722543352601,0
2026-01-13,83627.6875,84258.03125,83262.7890625,84079.3203125,14200.0,-0.2986287962657097,-0.0029907558176398403,84389.59486607143,0.9909715484796366,1.0119530248590751,84765.65345982143,84904.81041666666,0,0.4139870687480898,0.4651881956663746,1,1,1,0,0,16771.428571428572,0.8466780238500852,0
2026-01-14,83382.7109375,83809.9765625,83185.203125,83358.5390625,14100.0,-0.2929371477598308,-0.002933670483868784,84095.75111607143,0.9915210915045247,1.007510631867559,84620.93973214286,84846.29166666667,0,0.4145974369113336,0.466476751605613,2,1,1,0,0,16985.714285714286,0.8301093355761143,1
2026-01-16,83570.3515625,84134.96875,83456.5,83670.7890625,22800.0,0.22503540948752843,0.0022478258403672703,83882.46651785714,0.996279139511346,1.0081296094372518,84515.86104910714,84795.07630208334,0,0.4630158891548526,0.471253528717946,4,1,1,0,1,16914.285714285714,1.347972972972973,0
2026-01-19,83246.1796875,83539.9296875,82898.3125,83494.4921875,14200.0,-0.3879029691020941,-0.0038865726392247214,83637.47209821429,0.9953215657898555,1.0077398099931165,84412.33537946429,84727.77161458334,0,0.4613918599010648,0.4704079646197266,0,1,1,1,0,16200.0,0.8765432098765432,0
2026-01-20,82180.46875,83254.28125,82010.578125,83207.3828125,13000.0,-1.2801920058080785,-0.012884570786390506,83351.6875,0.9859484698495157,1.0151651549523812,84234.14899553571,84610.04166666667,0,0.5544291122707542,0.5612737410123618,1,1,1,0,0,14300.0,0.9090909090909091,0
2026-01-21,81909.6328125,82407.046875,81124.453125,81794.6484375,13200.0,-0.3295624150355114,-0.003301066680604524,83113.60044642857,0.9855141922926971,1.0158101990286914,83997.65122767857,84503.60651041666,0,0.5293097969578613,0.5044773246495842,2,1,1,0,0,14400.0,0.9166666666666666,1
2026-01-22,82307.3671875,82783.1796875,81874.390625,82459.65625,26500.0,0.4855770455111985,0.004844019227245612,82889.19977678571,0.9929805983065039,1.011099796353446,83791.84877232143,84424.97604166667,0,0.5560606379977183,0.5419178258335413,3,1,1,0,0,16857.14285714286,1.5720338983050846,0
2026-01-23,81537.703125,82516.2734375,81471.8203125,82335.9375,19700.0,-0.9351095640645068,-0.00939509162405351,82590.63058035714,0.9872512481384593,1.0128198083827489,83490.11272321429,84329.85703125,0,0.6111424159160906,0.5014811604912489,4,1,1,0,1,17642.85714285714,1.116599190283401,1
2026-01-27,81857.4765625,82084.921875,81088.59375,81436.7890625,27000.0,0.3921786182887299,0.003914116026723244,82372.73995535714,0.9937447340814887,1.012286908416142,83234.24553571429,84231.16848958333,0,0.6750592521913116,0.5400197493369422,1,1,1,0,0,19485.714285714286,1.3856304985337242,1
2026-01-28,82344.6796875,82503.96875,81814.75,81892.359375,33200.0,0.5951846373226655,0.0059342041037093105,82197.64397321429,1.0017888069192546,1.0084241380680135,83040.05524553571,84133.7359375,0,0.731641245894001,0.5886503486157566,2,1,1,0,0,20971.428571428572,1.5831062670299727,1
2026-01-29,82566.3671875,82689.9609375,81707.9375,82368.9609375,23500.0,0.2692189718161542,0.002688572266545103,82100.52790178571,1.0056740108452356,1.012018703048281,82869.0,84045.50286458334,0,0.746792894162632,0.6032634200087625,3,1,1,0,0,22300.0,1.053811659192825,0
2026-01-30,82269.78125,82430.8203125,81941.03125,81947.3125,13900.0,-0.3592091399958086,-0.003598558451743056,82113.28683035714,1.0019058355314185,1.005977335835641,82732.48716517857,83965.16692708334,0,0.5666254935814188,0.5698004064214911,4,1,1,0,1,22428.571428571428,0.6197452229299363,0
2026-02-02,81666.4609375,81732.25,80387.25,80555.6796875,12300.0,-0.7333437664877707,-0.0073604595085925055,82078.54799107143,0.9949793574124111,1.0167315090390578,82596.07421875,83868.72734375,0,0.6252895787426849,0.5709382868482263,0,2,1,1,0,22300.0,0.5515695067264574,1
2026-02-03,83739.1328125,85871.7265625,83501.21875,85323.203125,19800.0,2.5379719547125035,0.025063002082470063,82283.0859375,1.0176955793333513,1.0283889007608047,82586.14285714286,83843.97135416667,0,1.1631205787689887,0.9165814829346025,1,2,1,0,0,21342.85714285714,0.9277108433734941,1
2026-02-04,83817.6875,83947.53125,83119.953125,83252.0625,19900.0,0.09380881418474818,0.0009376484121485345,82608.79799107143,1.014633907505339,1.0099564315653,82599.71428571429,83806.915625,0,1.047282445091642,0.9130028505533654,2,2,1,0,0,21371.428571428572,0.9311497326203209,0
2026-02-05,83313.9296875,83784.171875,83151.6171875,83757.5390625,25000.0,-0.6010161190619812,-0.006028294903587847,82816.86272321429,1.006002001862193,1.0076072445599422,82594.80133928571,83731.79739583333,0,1.1136027752942586,0.9247639271580316,3,2,1,0,0,21085.714285714286,1.1856368563685638,1
2026-02-06,83580.3984375,83612.1171875,82925.3515625,83249.3203125,16100.0,0.3198369720399663,0.0031932658158523256,82993.39397321429,1.0070729058806194,1.0082817330534004,82595.51897321429,83666.98255208334,0,1.104513467570849,0.926898530628173,4,2,1,0,1,18642.85714285714,0.8636015325670499,1
2026-02-09,84065.75,84314.6796875,83860.421875,84177.5078125,14600.0,0.5807002258584992,0.005790206611176393,83207.59151785714,1.0103134637896434,1.0054168319493682,82654.05970982143,83622.21744791667,0,1.1131528176014618,0.9314682326606973,0,2,1,1,0,17371.428571428572,0.8404605263157894,1
2026-02-10,84273.921875,84482.953125,84063.46875,84210.0,45500.0,0.24762983141173311,0.002473237339662929,83493.89732142857,1.0093422942106602,1.0049900911922576,82803.59207589286,83596.63307291667,0,1.0797785148163879,0.8462042019696338,1,2,1,0,0,21885.714285714286,2.078981723237598,0
2026-02-11,84233.640625,84487.34375,84081.25,84339.1484375,23900.0,-0.04779800097561848,-0.0004780942786146522,83860.63727678571,1.004447895464748,1.004829777744741,82969.59263392857,83581.23645833334,1,0.9927960999573868,0.836365844895514,2,2,1,0,0,23542.85714285714,1.0151699029126213,0
2026-02-12,83674.921875,84061.6171875,83516.671875,83968.4296875,36800.0,-0.663296452408324,-0.006655060394889604,83851.46428571429,0.9978945816603424,1.0065249883677791,83067.27511160714,83547.89791666667,1,0.4676882114711464,0.8624891546738827,3,2,1,0,0,25971.428571428572,1.4169416941694168,0
2026-02-13,82626.7578125,83079.703125,82534.546875,82902.7265625,30200.0,-1.2526621346188094,-0.012605740895496065,83681.33147321429,0.987397742816128,1.0066051886227187,83145.06473214286,83461.43645833334,1,0.6566045159513378,0.8959327126328017,4,2,1,0,1,27442.85714285714,1.1004685059864654,1
2026-02-16,83277.1484375,83333.4921875,82276.953125,82480.3984375,33800.0,0.7871428605197073,0.00784061052695029,83676.07700892857,0.9952324656498177,1.0128412516794933,83246.46986607143,83397.72135416667,1,0.7224629761401224,0.9119661022728146,0,2,1,1,0,28700.0,1.1777003484320558,1
2026-02-17,83450.9609375,83598.0,82987.4296875,83197.671875,13400.0,0.20871572005187744,0.002084982113901586,83657.5859375,0.9975301104175494,1.0073573830976472,83325.48995535714,83320.68645833334,1,0.715345596185318,0.9024952104596644,1,2,1,0,0,28314.285714285714,0.4732593340060545,1
2026-02-18,83734.25,83770.046875,83163.6171875,83553.59375,20800.0,0.33946770572499396,0.0033889281478750592,83610.22879464286,1.001483325750271,1.0072920071060973,83408.91015625,83263.84088541666,1,0.6868295126052683,0.9037081529129996,2,2,1,0,0,29200.0,0.7123287671232876,0
2026-02-19,82498.140625,83979.359375,82264.203125,83969.8203125,13400.0,-1.476229111743399,-0.014872338110374651,83356.54575892857,0.9897020068896435,1.0208493632083668,83425.22154017857,83178.33411458334,1,0.8501232611527475,0.9926924524750238,3,2,1,0,0,24614.285714285714,0.5443993035403366,1
2026-02-20,82814.7109375,83132.078125,82206.2109375,82272.4921875,19600.0,0.3837302393747022,0.0038299587294948864,83153.84151785714,0.9959216486674964,1.0112627400891148,83507.23939732143,83106.78645833333,1,0.8863888019138022,0.9717793070073456,4,2,1,0,1,24000.0,0.8166666666666667,1
2026-02-23,83294.65625,83486.1484375,82906.828125,82906.828125,20300.0,0.5795411311188658,0.005778682517430758,83099.51785714286,1.0023482493989027,1.0069876067581134,83475.49107142857,83077.24296875,1,0.9113612276356952,0.6964268483842179,0,2,1,1,0,21642.85714285714,0.937953795379538,0
2026-02-24,82225.921875,83079.5078125,81934.7265625,83052.5390625,20200.0,-1.2830767580003122,-0.012913792828047872,83042.25558035714,0.9901696588122272,1.013971868803721,83361.79352678571,83032.23229166666,1,0.9180348497329287,0.7700535443111725,1,2,1,0,0,20214.285714285714,0.9992932862190813,1
2026-02-25,82276.0703125,82957.90625,82132.6328125,82530.1171875,19200.0,0.06098859867602613,0.0006097000818851831,82899.24441964286,0.9924827528706016,1.0100480577480575,83287.66071428571,82978.82890625,0,0.8435975257804971,0.7594283862989077,2,2,1,0,0,18128.571428571428,1.0591016548463357,0
2026-02-26,82248.609375,82579.15625,81970.46875,82418.78125,122500.0,-0.033376578871224805,-0.0003338215009100007,82727.47991071429,0.9942114695596781,1.0074256925607736,83192.53292410714,82932.85963541667,0,0.8303639189193651,0.75069673646764,3,2,1,0,0,33714.28571428572,3.633474576271186,0
2026-02-27,81287.1875,82246.171875,81159.1484375,82220.4765625,15800.0,-1.168921738988371,-0.011758073399355137,82377.89955357143,0.9867596520488832,1.0133937265043769,82994.06417410714,82863.00885416666,0,0.8609390863598464,0.771838787329558,4,2,1,0,1,33000.0,0.47878787878787876,0
2026-03-02,80238.8515625,80632.546875,78543.7265625,78543.7265625,30600.0,-1.28966934364656,-0.012980577788265092,82055.14397321429,0.977864978077338,1.0265943621969331,82705.84486607143,82751.95885416666,0,0.824912910008737,0.8061763996441592,0,3,1,1,0,35457.142857142855,0.863013698630137,0
2026-03-04,79116.1875,79527.40625,78443.203125,78528.8203125,21800.0,-1.3991527055014386,-0.014090331165930892,81526.78348214286,0.970431852218592,1.0138215050100938,82340.3125,82614.29244791667,0,0.8203591809292909,0.8474632740755614,2,3,1,0,0,35771.42857142857,0.6094249201277955,1
2026-03-05,80015.8984375,80303.828125,79201.6875,79530.4765625,22200.0,1.137202089648226,0.011307845544180488,81058.38950892857,0.987139010807589,1.0139156204847277,82078.95368303571,82542.14010416667,0,0.9723876279431378,0.9427744490265518,3,3,1,0,0,36042.857142857145,0.6159334126040428,0
2026-03-06,78918.8984375,79753.03125,78812.1796875,79658.9921875,18100.0,-1.3709775449898376,-0.013804622305107272,80585.95758928571,0.9793132798609648,1.011937895465277,81814.10658482143,82442.44895833333,0,0.9836632560240396,0.9523108954885023,4,3,1,0,1,35742.857142857145,0.5063948840927258,0
2026-03-09,77566.15625,77711.3515625,76424.546875,77056.75,16600.0,-1.7140915728458994,-0.01728952183573468,79913.11272321429,0.9706311468389028,1.0168375834743868,81406.17857142857,82284.40859375,0,1.0188838799027895,0.962551219011686,0,3,1,1,0,35371.42857142857,0.4693053311793215,1
2026-03-10,78205.9765625,78526.25,77745.46875,78375.7265625,22000.0,0.8248704633987858,0.008214870003828185,79335.59375,0.9857615335802539,1.0100427878634406,81031.53683035714,82173.35104166667,0,1.1715100500154958,1.0104349616981765,1,3,1,0,0,21014.285714285714,1.0469068660774983,0
2026-03-11,76863.7109375,78324.3671875,76759.2578125,78238.90625,16400.0,-1.7163210332490353,-0.01731220551160529,78703.66852678571,0.9766217048871171,1.0203898450767084,80540.78404017857,82006.8921875,0,1.2242141210121231,1.0347404840336787,2,3,1,0,0,21100.0,0.7772511848341233,0
2026-03-12,76034.421875,76681.7109375,75871.1796875,76369.6484375,22700.0,-1.0789084372654356,-0.010847708592538481,78103.03571428571,0.973514296590813,1.0106829925847791,80079.08984375,81796.55026041667,0,1.2124040961349516,1.014243144362923,3,3,1,0,0,19971.428571428572,1.136623748211731,0
2026-03-13,74563.921875,75576.203125,74454.6015625,75444.21875,18500.0,-1.9339924783244755,-0.01952938790837112,77452.71205357143,0.9627025303313671,1.0150642342979768,79489.74776785714,81529.80208333333,0,1.274677741812959,1.0344429665054564,4,3,1,0,1,19500.0,0.9487179487179487,1
2026-03-16,75502.8515625,75805.2734375,73949.7578125,74415.7890625,16700.0,1.2592278730644502,0.012513655332662731,76807.99107142857,0.9830077640265993,1.0250915713572,78933.19029017857,81304.23776041667,0,1.3065956949352096,1.1141115079937052,0,3,1,1,0,18714.285714285714,0.8923664122137405,1
2026-03-17,76070.84375,76304.2578125,75324.7265625,75826.6796875,35200.0,0.7522791202525969,0.0074946361238065,76401.12611607143,0.9956769961012137,1.013004112921502,78493.54185267857,81117.7171875,0,1.4000987132790805,1.162958255481862,1,3,1,0,0,21157.14285714286,1.663740715732613,1
2026-03-18,76704.1328125,77000.21875,76187.921875,76367.546875,19300.0,0.8324990644000829,0.008290529038980725,76277.97991071429,1.0055868404260906,1.01066175392384,78095.54631696429,80883.2171875,0,1.3671475156972583,1.2113057640848266,2,3,1,0,0,21542.85714285714,0.8958885941644563,0
2026-03-19,74207.2421875,75354.1796875,73950.953125,74750.921875,31000.0,-3.2552230674500193,-0.03309384072873503,75706.73214285714,0.9801934396992907,1.0189750977263012,77521.16294642857,80562.86901041666,0,1.708623500198114,1.4074746087394812,3,3,1,0,0,22828.571428571428,1.3579474342928661,1
2026-03-20,74532.9609375,75286.390625,74385.0390625,74559.3828125,19000.0,0.4389312153347591,0.00437970721853937,75373.76785714286,0.9888448336397824,1.012117377013712,77038.71819196429,80270.17005208334,0,1.6963241154787359,1.4336396661770172,4,3,1,0,1,23200.0,0.8189655172413793,0
2026-03-23,72696.390625,73732.578125,72558.4375,73732.578125,19300.0,-2.4641048596473536,-0.02494972045115043,74896.90625,0.970619405591269,1.0161819998535664,76499.97098214286,79907.36979166667,0,1.8581937438892842,1.5089706956558195,0,3,1,1,0,22714.285714285714,0.849685534591195,1
2026-03-24,74068.453125,74489.390625,73084.4609375,74212.46875,20700.0,1.8873873767374594,0.018697972063084028,74826.125,0.9898742334311713,1.0192233707340532,76139.41852678571,79574.1265625,0,1.9674330697371487,1.6404136691997184,1,3,1,0,0,23028.571428571428,0.8988833746898264,1
2026-03-25,75273.453125,75849.7578125,74550.46875,74652.0078125,31000.0,1.6268734517330907,0.016137816659364812,74793.35379464286,1.0064190105938469,1.01742831513048,75800.67243303571,79274.1109375,0,2.0134621441497003,1.6817250234966254,2,3,1,0,0,25071.428571428572,1.2364672364672364,0
2026-03-27,73583.21875,74904.90625,73534.40625,74883.7890625,28800.0,-2.2454587969986894,-0.02271053088201757,74437.97879464286,0.9885171513455391,1.0186375340455,75419.55245535714,78919.096875,0,2.135463721628497,1.7350673916805448,4,3,1,0,1,24157.14285714286,1.192193968066233,0
2026-03-30,71947.546875,73165.3203125,71774.1328125,72565.21875,26600.0,-2.2228870967947456,-0.022479655728760328,73758.46651785714,0.9754479759632921,1.0193828534805747,75018.22321428571,78528.184375,0,2.140892755730717,1.7678180397514496,0,3,1,1,0,25200.0,1.0555555555555556,1
2026-04-01,73134.3203125,73964.578125,72971.6796875,73762.4296875,20600.0,1.6494981261305108,0.01636041680039671,73605.19196428571,0.9936027386218328,1.0136066271429145,74655.96205357143,78211.76979166667,0,2.038176022871829,1.8287988521741698,2,4,2,0,0,23714.285714285714,0.8686746987951808,1
2026-04-02,73319.546875,73568.5390625,71545.8125,72262.046875,33000.0,0.2532690010771166,0.0025294881564892585,73431.84709821429,0.9984706877512683,1.0282717673029431,74402.80747767857,77879.84973958334,0,2.029818969104016,1.800435497276312,3,4,2,0,0,25714.285714285714,1.2833333333333334,1
2026-04-06,74106.8515625,74207.4609375,72728.65625,73477.53125,14000.0,1.073799172330192,0.010680748907497912,73633.34151785714,1.0064306472432467,1.0203331776461908,74265.12388392857,77568.37942708333,0,1.8048983035814536,1.8225604384105603,0,4,2,1,0,24957.14285714286,0.5609616485403549,1
2026-04-07,74616.578125,74686.3203125,73282.40625,73734.359375,13400.0,0.6878264988360971,0.006854717638678238,73711.64508928571,1.0122766631326456,1.0191575868525742,74268.88504464286,77264.45703125,0,1.6804972544411596,1.7607608597745918,1,4,2,0,0,23914.285714285714,0.5603345280764636,1
2026-04-08,77562.8984375,77635.5390625,77042.1484375,77290.6328125,27600.0,3.9486135474669393,0.038726490540277096,74038.70870535714,1.0475992868293753,1.0077021557294885,74416.03125,77099.94895833333,0,2.182250441308905,2.032195704588478,2,4,2,0,0,23428.571428571428,1.178048780487805,0
2026-04-09,76631.6484375,77429.328125,76347.8984375,77319.328125,35500.0,-1.2006384737548226,-0.012079043540117731,74474.19866071429,1.028969090175975,1.0141644984293219,74456.08872767857,76893.846875,0,1.9949124963655531,2.059080580983036,3,4,2,0,0,24385.714285714286,1.4557703573520797,1
2026-04-10,77550.25,77622.5,76851.15625,77121.0078125,16200.0,1.1987234794371027,0.011915956946164336,75274.58482142857,1.030231520824325,1.010036852893804,74516.52566964286,76702.36666666667,0,1.5602151913028672,2.0717701288749075,4,4,2,0,1,22900.0,0.7074235807860262,0
2026-04-13,76847.5703125,77063.40625,75868.3203125,75937.15625,19300.0,-0.9060959668086177,-0.009102259831844187,75805.04910714286,1.013752661829737,1.0157521075012266,74705.12053571429,76523.08828125,0,1.6995182824050992,1.8639782645569554,0,4,2,1,0,22714.285714285714,0.849685534591195,1
2026-04-15,78111.2421875,78270.421875,77849.5234375,77981.1015625,15800.0,1.6443875451901624,0.016310139037004578,76489.57700892857,1.0212011262447187,1.0054065640856222,74960.71205357143,76384.26067708334,1,1.7167901540005936,1.900067770643103,2,4,2,0,0,20257.14285714286,0.779971791255289,0
2026-04-16,77988.6796875,78730.3203125,77674.9296875,78677.5625,33900.0,-0.15690763143390019,-0.0015703086037852578,77044.12388392857,1.012259933087103,1.0135872749321566,75338.73270089286,76242.26302083333,1,1.760976800090898,1.7293976333860592,3,4,2,0,0,23100.0,1.4675324675324675,1
2026-04-17,78493.5390625,78553.453125,77726.2265625,77976.1328125,14200.0,0.6473495602476786,0.00645263251946515,77597.97544642857,1.011541069350317,1.0106428241673977,75654.81026785714,76149.14140625,1,1.761262757213062,1.6849988260873223,4,4,2,0,1,23214.285714285714,0.6116923076923078,1
2026-04-20,78520.296875,78942.453125,78203.296875,78632.8984375,13200.0,0.03408919105902797,0.0003408338201442605,77734.74665178571,1.0101055223957078,1.009451727478721,75886.72767857143,76091.85625,1,1.0504925562514822,1.6512926317960595,0,4,2,1,0,21157.14285714286,0.6239027683997299,1
2026-04-21,79273.328125,79367.078125,78522.9609375,78617.15625,10900.0,0.9590275125917813,0.009544580355406507,78112.12946428571,1.0148657918901727,1.0107499408761709,76293.1640625,76097.09427083333,1,0.8808197574526142,1.482600255899583,1,4,2,0,0,17642.85714285714,0.6178137651821863,0
2026-04-22,78516.4921875,79031.03125,78442.296875,79019.34375,16900.0,-0.9547169967515479,-0.00959303635763966,78250.1640625,1.0034035471770677,1.0075053179018734,76762.37444196429,76047.1140625,1,0.963648182559589,1.3316281510277566,2,4,2,0,0,17742.85714285714,0.9524959742351048,0
2026-04-23,77664.0,78178.5390625,77574.1796875,77983.65625,24900.0,-1.085749202172992,-0.01091686473854009,78366.796875,0.9910319560958832,1.0077907285315115,77085.92299107143,76005.28411458334,1,0.9991645594755947,1.3712657718469135,3,4,2,0,0,18542.85714285714,1.3428351309707243,0
2026-04-24,76664.2109375,77710.8203125,76403.8671875,77483.796875,14100.0,-1.2873262547641096,-0.01295684105211661,78160.078125,0.9808614931895578,1.017105850438076,77324.82756696429,75975.21927083333,1,0.8780885089228392,1.4470212828428544,4,4,2,0,1,18300.0,0.7704918032786885,1
2026-04-27,77303.6328125,77420.0390625,76754.203125,76856.046875,21200.0,0.8340552484408681,0.008305962277735843,78062.21428571429,0.9902823474819992,1.0086749117363076,77553.16908482143,75945.14114583333,1,0.9728943097744188,1.4389216924552155,0,4,2,1,0,16485.714285714286,1.2859618717504333,0
2026-04-28,76886.90625,77493.53125,76741.0625,77094.7890625,16800.0,-0.5390775922662905,-0.005405358586714461,77832.6953125,0.9878484349192503,1.0098052949162646,77715.33537946429,75945.91432291667,1,0.9183640418622981,1.4515527500077043,1,4,2,0,0,16857.14285714286,0.9966101694915254,1
2026-04-29,77496.359375,77982.5078125,77136.203125,77245.828125,17900.0,0.7926617869346231,0.007895367266356274,77686.41852678571,0.9975535086390914,1.0109715626802185,77710.58258928571,75994.64557291666,1,1.0039401635478484,1.004993279919915,2,4,2,0,0,17528.571428571428,1.0211898940505297,0
2026-04-30,76913.5,77254.328125,76258.859375,77014.2109375,27900.0,-0.7521119439683366,-0.007549545679619961,77349.30022321429,0.9943658155670877,1.0130538111657927,77730.71484375,76072.96484375,1,0.8802168159740994,0.9703771978089233,3,4,2,0,0,19957.14285714286,1.397995705082319,1
2026-05-04,77269.3984375,77910.75,76939.5390625,77257.2734375,69200.0,0.46272557808446635,0.0046165829441132305,77171.14397321429,1.001273202122283,1.0126230407581602,77710.65401785714,76131.84973958334,1,0.9014911715339756,0.9208997641876288,0,5,2,1,0,27428.571428571428,2.5229166666666667,0
2026-05-05,77017.7890625,77151.328125,76515.03125,77103.71875,14500.0,-0.32562616001665656,-0.0032615747571255083,77078.828125,0.9992080956082906,1.0083159722293127,77722.8125,76163.41458333333,1,0.8228785702577801,0.8906006080866806,1,5,2,0,0,25942.85714285714,0.558920704845815,1
2026-05-06,77958.5234375,78022.78125,76773.25,77424.359375,15000.0,1.2214507667009045,0.012140512501893365,77263.72991071429,1.0089924926946785,1.0162756070636583,77711.90401785714,76205.22760416666,1,0.772694595227451,0.8367905167207529,2,5,2,0,0,26071.428571428572,0.5753424657534246,0
2026-05-07,77844.5234375,78384.703125,77713.2109375,78339.2421875,21500.0,-0.14623160492693854,-0.0014633862768512473,77341.0,1.006510433502282,1.008640643970303,77701.60714285714,76326.4703125,1,0.7354451502302983,0.8366519054546838,3,5,2,0,0,26114.285714285714,0.8233041575492341,0
2026-05-08,77328.1875,77647.4375,77146.4296875,77631.9375,13200.0,-0.6632912820316195,-0.0066550083458847,77404.04017857143,0.9990200423854305,1.0064942449641474,77618.36774553571,76419.64453125,1,0.7547357273697933,0.8307505044263083,4,5,2,0,1,25600.0,0.515625,0
2026-05-11,76015.28125,76678.5234375,75957.3984375,76638.09375,23900.0,-1.697836574793632,-0.017124150682376812,77192.45758928571,0.9847501119144431,1.0094938085668292,77439.43805803571,76530.27421875,1,0.9314446889927616,0.9315144582284638,0,5,2,1,0,26457.14285714286,0.9033477321814254,0
2026-05-12,74559.2421875,75741.9609375,74449.5,75688.390625,15200.0,-1.915455732790572,-0.019340382622176085,76856.13504464286,0.9701143850675203,1.017360236636915,77102.71763392857,76546.63385416666,1,1.116815372661,0.9660673493282464,1,5,2,0,0,24642.85714285714,0.6168115942028985,1
2026-05-13,74608.9765625,75191.5703125,74134.4765625,74439.34375,18200.0,0.066704507101778,0.0006668226953386342,76476.07477678571,0.9755858519185864,1.0142591382446573,76823.609375,76524.48463541667,0,1.0727589954980825,0.9621656597246718,2,5,2,0,0,17357.14285714286,1.048559670781893,1
2026-05-14,75398.71875,75681.8828125,74526.7734375,74947.1171875,35800.0,1.0585082705677262,0.010529452937199315,76244.77901785714,0.9889033678272057,1.0154992537811758,76661.80357142857,76585.00130208333,0,1.2256982834607588,1.0072985237653405,3,5,2,0,0,20400.0,1.7549019607843137,0
2026-05-15,75237.9921875,75870.359375,75139.40625,75497.1015625,15200.0,-0.21316882456970943,-0.0021339635271210087,75856.13169642857,0.9918511596214487,1.0097279598213487,76559.93080357143,76694.6828125,0,1.0346095147691179,0.9583589749375254,4,5,2,0,1,20428.571428571428,0.7440559440559441,1
2026-05-18,75315.0390625,75466.6015625,74180.2578125,74807.96875,16100.0,0.10240421462601734,0.0010235181727849534,75494.77678571429,0.9976192031970045,1.0173407829513264,76417.88839285714,76767.3734375,0,1.0529461547688157,0.9209774554497857,0,5,2,1,0,19657.14285714286,0.8190406976744186,0
2026-05-19,75200.8515625,75746.2734375,75115.9921875,75441.2734375,13100.0,-0.1516131458223713,-0.0015172819485330944,75190.87165178571,1.0001327276901444,1.008390773144908,76297.45591517857,76830.08359375,0,1.0547279742047961,0.9152262311448438,1,5,2,0,0,19642.85714285714,0.666909090909091,1
2026-05-20,75318.390625,75406.1796875,74529.40625,74806.4921875,11500.0,0.15630017487542336,0.0015617815328218825,75091.31584821429,1.0030239818575652,1.0117641274983322,76141.88671875,76870.46822916667,0,0.8927890478817372,0.8796877190683323,2,5,2,0,0,17871.428571428572,0.6434852118305355,0
2026-05-21,75183.359375,75945.7890625,74996.78125,75732.421875,20600.0,-0.17928058324069296,-0.0017944148321536238,75180.47544642857,1.0000383600736003,1.012653980566666,76018.30524553571,76889.3609375,0,0.43962285521800426,0.8652253593058977,3,5,2,0,0,18642.85714285714,1.1049808429118775,1
2026-05-22,75415.3515625,75810.96875,75230.75,75260.390625,9400.0,0.30856853089373804,0.0030809343528191654,75295.671875,1.0015894630397706,1.0077125211432825,75885.87332589286,76817.77604166667,0,0.44421848424607213,0.8576537394275193,4,5,2,0,1,17385.714285714286,0.5406737880032868,1
2026-05-25,76488.9609375,76559.0703125,76097.0234375,76135.8203125,11600.0,1.4235952664229723,0.014135573034861968,75451.42075892857,1.0137511019426186,1.0060718127218142,75848.09988839286,76813.01979166667,0,0.5712979651532987,0.9551005653683595,0,5,2,1,0,13928.57142857143,0.8328205128205127,0
2026-05-26,76009.703125,76627.0390625,75909.6796875,76224.140625,11500.0,-0.6265712158014636,-0.006285424115208706,75561.66517857143,1.0059294345270149,1.0094501699645313,75708.8984375,76761.66822916667,0,0.6392591581585582,0.8922478335554017,1,5,2,0,0,13400.0,0.8582089552238806,0
2026-05-27,75867.796875,76224.6796875,75748.2109375,75939.859375,26000.0,-0.18669491415672645,-0.0018686940632407657,75640.63058035714,1.0030032311060855,1.0062901650626856,75567.70368303571,76729.00911458333,0,0.6518820302337722,0.8922061919436962,2,5,2,0,0,14814.285714285714,1.755062680810029,0
2026-05-29,74775.7421875,76220.0234375,74589.109375,75988.5078125,19500.0,-1.4394179513335215,-0.014498780694076592,75579.90066964286,0.9893601542868149,1.021865310849879,75385.38616071429,76617.82578125,0,0.8789748584505864,0.946986780368273,4,5,2,0,1,15728.57142857143,1.2397820163487738,0
2026-06-01,74267.34375,75367.9296875,74203.6796875,75203.0234375,13500.0,-0.6798975478239933,-0.006822193812451271,75429.75111607143,0.9845895372996429,1.0156899227222034,75260.53348214286,76493.78125,0,0.8984869222531032,0.8612511375326627,0,6,2,1,0,16014.285714285714,0.8429973238180196,1
2026-06-02,74649.84375,74862.1875,73815.1171875,73945.203125,19300.0,0.5150312111438682,0.005137094617404492,75353.53459821429,0.9906614752451046,1.0141850389513072,75267.00502232143,76365.65807291666,0,0.9382269209788903,0.7129244587587924,1,6,2,0,0,15828.57142857143,1.2193140794223827,0
2026-06-03,74346.171875,74515.6484375,73492.6015625,74507.7265625,14900.0,-0.40679505775924607,-0.004076247196344075,75200.79464285714,0.9886354556236285,1.0139204063164096,75248.23325892857,76226.52057291666,0,0.9254452873731928,0.7212629760562328,2,6,2,0,0,16614.285714285714,0.8968185726569218,1
2026-06-04,74360.0078125,74544.2421875,73807.296875,73935.828125,19200.0,0.018610154566212067,0.00018608423091763892,74896.65848214286,0.9928347848820144,1.009984721615643,75174.03962053571,76062.74322916666,0,0.6148338451514229,0.6515150324542054,3,6,2,0,0,17700.0,1.0847457627118644,0
2026-06-05,74243.34375,74717.5703125,73988.75,74629.9375,18000.0,-0.15689086907328953,-0.0015701407167656761,74644.32142857143,0.9946281556199136,1.0098504206720615,75102.99330357143,75920.30494791667,0,0.6117116548234992,0.650916918563181,4,6,2,0,1,18628.571428571428,0.9662576687116565,0
2026-06-08,73524.2578125,73934.3515625,73318.9375,73421.609375,17600.0,-0.9685527364195479,-0.009732737166228977,74309.53013392857,0.9894324143886624,1.008393657675413,74975.08035714286,75782.31354166666,0,0.6505396434740132,0.6880514300872921,0,6,2,1,0,17428.571428571428,1.0098360655737706,1
2026-06-09,73918.7578125,74035.40625,73426.1796875,74035.40625,12100.0,0.5365576093349311,0.005351232674204849,74187.10379464286,0.9963828486567469,1.0082971300576014,74883.50223214286,75690.7984375,0,0.5712064618836534,0.7135405865815244,1,6,2,0,0,16371.42857142857,0.7390924956369983,1
2026-06-10,73983.1796875,74613.0078125,73897.5703125,73988.2734375,16700.0,0.08715226947320076,0.0008711431393397079,74146.50892857143,0.9977972092896676,1.0096814752768533,74788.13002232143,75580.11666666667,0,0.5274478195850508,0.7117150045946765,2,6,2,0,0,16828.571428571428,0.9923599320882853,0
2026-06-11,73832.546875,74394.34375,73518.75,73615.9921875,27500.0,-0.20360413425898338,-0.002038116892513029,74029.75223214286,0.9973361337678875,1.0119098019212787,74691.64341517857,75478.3046875,0,0.464516684472919,0.7118865107627607,3,6,2,0,0,18000.0,1.5277777777777777,1
2026-06-12,75527.953125,75608.0234375,74453.390625,74709.2734375,16100.0,2.296285746271698,0.022703178844782648,74198.578125,1.0179164484494627,1.0155081293518995,74699.68638392857,75412.69114583333,0,1.016762117200919,0.9603207657749181,4,6,2,0,1,18171.428571428572,0.886006289308176,1
2026-06-15,76264.328125,76821.0703125,76140.4375,76725.2734375,18500.0,0.9749701528138699,0.009702479871481345,74470.62388392857,1.0240860643771044,1.0089391765380913,74683.64118303571,75391.05208333333,0,1.047424317727906,0.9161691681434526,0,6,2,1,0,18071.428571428572,1.0237154150197627,1
2026-06-16,76808.4765625,76846.7421875,76443.34375,76526.7734375,12700.0,0.71350322080872,0.007109698299903067,74837.07142857143,1.0263426280090366,1.0052770904268562,74740.69642857143,75375.68802083333,0,1.0263794724760036,0.9176010393196126,1,6,2,0,0,17314.285714285714,0.7334983498349835,1
2026-06-17,77155.6171875,77218.9921875,76768.4921875,77080.09375,17800.0,0.45195613887423214,0.004509378840077468,75355.83705357143,1.0238837521325532,1.0058682929306426,74832.68359375,75380.28229166666,0,0.8066365046180758,0.9192716256664578,2,6,2,0,0,17342.85714285714,1.0263591433278418,1
2026-06-18,77409.9765625,77492.328125,76953.0,77131.65625,17900.0,0.32967058559310036,0.0032912836348911547,75854.58258928571,1.0205049440669387,1.007008539303211,75020.84319196429,75361.99739583333,1,0.81708202590519,0.8018980243572704,3,6,2,0,0,18171.428571428572,0.985062893081761,0
2026-06-19,76802.8984375,76901.6484375,76469.71875,76852.859375,18000.0,-0.7842375775812926,-0.007873288932513862,76257.39955357143,1.007153389534944,1.005648375521193,75201.95424107143,75327.2765625,1,0.9714580258256394,0.8116367708889721,4,6,2,0,1,18357.14285714286,0.980544747081712,1
2026-06-22,77094.0703125,77325.5625,77008.0234375,77160.671875,13400.0,0.3791157377178278,0.003783989051836367,76723.33147321429,1.0048321525169321,1.0041234542626292,75376.54185267857,75319.47265625,1,0.9207835685887853,0.8089425387421695,0,6,2,1,0,16342.857142857143,0.8199300699300699,0
2026-06-23,76200.6796875,77194.828125,76082.5078125,77086.046875,12200.0,-1.1588318289313948,-0.011655986128654684,76819.43526785714,0.9919453250573941,1.0146199217728369,75509.00669642857,75325.65260416667,1,0.791301567759073,0.8768440891629663,1,6,2,0,0,15785.714285714286,0.7728506787330317,1
2026-06-24,76991.21875,77190.3671875,76121.59375,76229.7578125,19800.0,1.037443584154385,0.010320990706300529,76923.27678571429,1.000883243240859,1.0140403449908062,75696.95033482143,75406.71848958333,1,0.8026974886011583,0.9042959804048898,2,6,2,0,0,15971.42857142857,1.2397137745974955,1
2026-06-25,77100.46875,77803.1796875,76993.15625,77391.0703125,47500.0,0.14189929939250057,0.0014179871747544098,76964.98995535714,1.0017602652156707,1.0105207199828232,75901.03069196429,75489.76822916667,1,0.76250713624368,0.8973911072575719,3,6,2,0,0,20942.85714285714,2.268076398362892,0
2026-06-29,76728.3671875,77252.78125,76621.75,77055.2109375,18900.0,-0.48261906643726205,-0.004837874329424968,76903.95424107143,0.9977168007119501,1.0082356674181938,76129.89564732143,75534.08984375,1,0.763587537513639,0.8539903821337377,0,6,2,1,0,21100.0,0.8957345971563981,0
2026-06-30,76478.671875,77037.359375,76329.390625,77005.5078125,23400.0,-0.3254276373297782,-0.0032595830467035567,76770.91071428571,0.996193364953383,1.0092751788557857,76312.74665178571,75575.44583333333,1,0.7453961905323383,0.8672550817261089,1,6,2,0,0,21885.714285714286,1.0691906005221932,1
2026-07-01,76922.640625,77110.078125,76538.3671875,76545.2109375,18800.0,0.5805131536876562,0.0057883466883045815,76788.01674107143,1.0017531887088909,1.0074695993461613,76522.70814732143,75629.03255208333,1,0.7365045275585137,0.8702807924051854,2,7,3,0,0,22000.0,0.8545454545454545,1
2026-07-02,77502.1171875,77578.9296875,77063.953125,77083.140625,22600.0,0.7533238040084544,0.007505004905028524,76846.30915178571,1.0085340212555811,1.0066824571231727,76784.8203125,75705.74140625,1,0.7788878158235347,0.8667631576211852,3,7,3,0,0,23314.285714285714,0.9693627450980392,1
2026-07-03,77763.90625,78157.5234375,77710.0078125,78152.34375,20900.0,0.33778311096541724,0.003372139052421932,77069.62723214286,1.009008464719388,1.0057587901172236,76944.53125,75787.25859375,1,0.5564206083476277,0.6625635322736327,4,7,3,0,1,24557.14285714286,0.8510762070971495,1
2026-07-06,78285.0703125,78398.0625,77879.703125,77940.8984375,23600.0,0.6701876071200985,0.006679518336684373,77254.46316964286,1.0133404220361228,1.0066558981891343,77088.86997767857,75890.64895833333,1,0.48743909618485204,0.6401459188089745,0,7,3,1,0,25100.0,0.9402390438247012,0
2026-07-07,78180.71875,78664.921875,78031.0390625,78461.15625,16700.0,-0.13329688800616246,-0.0013338580733450504,77408.78459821429,1.0099721776513142,1.0081234700974862,77186.88727678571,75982.82786458333,1,0.507304615999905,0.6266254340776986,1,7,3,0,0,20700.0,0.8067632850241546,0
2026-07-08,76503.6015625,77851.1796875,76259.03125,77816.453125,13800.0,-2.1451800575829294,-0.021685234877641832,77376.67522321429,0.9887165782427887,1.0208781623815868,77140.31473214286,75983.31588541667,1,1.015167989363944,0.8632323784446644,2,7,3,0,0,19971.428571428572,0.6909871244635193,1
2026-07-09,76741.8203125,77326.6484375,76576.140625,76576.140625,33500.0,0.3113823991742315,0.0031089860821475095,77414.26785714286,0.9913136484622737,1.0098008048770086,77092.58928571429,76007.71979166666,1,1.0135915606617822,0.8626156574869486,3,7,3,0,0,21414.285714285714,1.5643762508338892,1
2026-07-10,77569.390625,77642.2265625,77320.5625,77395.6328125,12300.0,1.078382437541947,0.010726093609455029,77506.66071428571,1.0008093486435383,1.0041601360892842,77147.33872767857,76064.43958333334,1,1.0724898907160347,0.8853982086740754,4,7,3,0,1,20485.714285714286,0.600418410041841,1
2026-07-13,77616.3984375,77789.2890625,76857.4296875,76963.3515625,17000.0,0.06060098206424058,0.0006058262708426254,77522.98660714286,1.001204956548314,1.0121245191101096,77184.64787946429,76159.128125,1,1.0361574208352013,0.8810536514483065,0,7,3,1,0,19685.714285714286,0.8635703918722787,0
2026-07-14,77054.9375,77402.7890625,77001.4765625,77272.34375,15700.0,-0.7233792713947085,-0.007260083457044512,77421.70535714286,0.9952627256729754,1.0052117507081084,77245.66629464286,76252.04791666666,1,1.0602341192059277,0.8418382573782646,1,7,3,0,0,18942.85714285714,0.8288084464555053,1
2026-07-15,77185.4296875,77646.2734375,76982.8203125,77192.7578125,11400.0,0.16934954687362058,0.0016920631221718262,77264.61383928571,0.9989751563121714,1.008618197180966,77259.53850446429,76336.56744791666,1,1.0134232937222363,0.7968982929888343,2,7,3,0,0,17200.0,0.6627906976744186,1
2026-07-16,77186.8671875,77579.6875,77086.421875,77388.421875,25600.0,0.0018623981311138849,1.8623807886952138e-05,77122.63504464286,1.0008328572126712,1.0063988652346565,77265.70982142857,76431.25729166667,1,1.0161332238427678,0.7961420832194008,3,7,3,0,0,18471.428571428572,1.385924207269915,1
2026-07-17,78151.453125,78282.546875,77308.0,77370.7734375,14600.0,1.2496762372242065,0.012419322336399764,77358.04241071429,1.0102563442605397,1.0126060288068506,77367.35881696429,76557.63880208334,1,0.6730699443578368,0.8465490898789383,4,7,3,0,1,18585.714285714286,0.7855495772482706,0
2026-07-20,77708.5234375,78151.453125,77368.2890625,78151.453125,15000.0,-0.566758095708797,-0.005683702636847521,77496.14285714286,1.0027405309803437,1.0101225459679914,77455.20535714286,76673.14479166667,1,0.7495697704259556,0.8590045636763906,0,7,3,1,0,15942.857142857143,0.9408602150537634,0
2026-07-21,77470.109375,77753.1796875,77337.328125,77649.6328125,16500.0,-0.3068055497049249,-0.0030727716280204123,77481.95982142857,0.9998470554119194,1.0053771131299993,77494.31026785714,76804.67317708333,1,0.6494566504637164,0.8549359272067469,1,7,3,0,0,16542.85714285714,0.9974093264248706,0
2026-07-22,76755.046875,77384.953125,76641.1875,77384.953125,13200.0,-0.9230172846906526,-0.00927303484527625,77358.90959821429,0.9921940119586661,1.0097045159301583,77440.94810267857,76899.21614583333,1,0.7312535678712516,0.8667781713367319,2,7,3,0,0,16000.0,0.825,0
2026-07-23,76391.390625,76726.65625,76151.9765625,76515.1015625,22500.0,-0.4737880632034952,-0.004749139966140911,77264.1171875,0.9887046329619982,1.007546484194384,77342.91127232143,76979.48984375,1,0.704635321875142,0.8648573149320778,3,7,3,0,0,16971.428571428572,1.3257575757575757,0
2026-07-24,76059.7734375,76210.953125,75474.4296875,75708.1875,21400.0,-0.43410282858691307,-0.004350477906454605,77103.30915178571,0.9864657467264939,1.009758582350997,77183.96149553571,77053.73072916667,1,0.7000412254561322,0.8367917168372342,4,7,3,0,1,18400.0,1.1630434782608696,1
2026-07-27,76835.78125,76901.5078125,76517.8515625,76608.9765625,14500.0,1.020260483864921,0.010150909586056762,77053.15401785714,0.9971789244628874,1.0050139443563262,77087.89453125,77097.325,0,0.8422067685802903,0.898639211506617,0,7,3,1,0,16814.285714285714,0.8623619371282923,0
2026-07-28,76736.203125,76988.4765625,76672.7734375,76831.75,0.0,-0.12959863670286564,-0.0012968268836376124,76850.97544642857,0.9985065599914399,1.0041175388713093,77104.50892857143,77113.05416666667,0,0.6148124765294211,0.6854068268344223,1,7,3,0,0,14728.57142857143,0.0,0
