Date,Close,High,Low,Open,Volume,daily_return,log_return,ma_7,price_ma_ratio,high_low_ratio,ma_14,ma_30,ma_crossover,volatility_7,volatility_14,day_of_week,month,quarter,is_monday,is_friday,volume_ma_7,volume_ratio,target
2021-07-28,922.7523193359376,932.1050710097164,913.195727404786,932.1050710097164,12897848.0,,,,,1.0207067806358106,,,0,,,2,7,3,0,0,,,1
2021-07-29,929.9536743164062,939.5329082786224,925.4924300252736,930.2933681370648,13765738.0,0.7804212278383682,0.007773916932529672,,,1.0151708191205469,,,0,,,3,7,3,0,0,,,0
2021-07-30,921.8239135742188,936.6116474595756,919.9216040760916,932.1051183084292,11350608.0,-0.8742113684494623,-0.008780550134835623,,,1.018142897513801,,,0,,,4,7,3,0,1,,,1
2021-08-02,938.6724243164062,941.7975357253354,924.4734496016514,930.429323008648,10925104.0,1.8277363490018628,0.018112340242044035,,,1.0187394090453856,,,0,,,0,8,3,1,0,,,1
2021-08-03,945.579345703125,947.0513322851772,934.913163448722,946.5984271599676,11817299.0,0.735818077509709,0.007331241431926968,,,1.0129832045488372,,,0,,,1,8,3,0,0,,,1
2021-08-04,952.8261108398438,957.468493410625,945.239695070289,948.5912889902256,13169800.0,0.7663836112378419,0.007634618106786108,,,1.0129372458690773,,,0,,,2,8,3,0,0,,,1
2021-08-05,966.6400756835938,975.9474827845528,953.0525024475676,957.604315821072,21252078.0,1.4497886536268378,0.014393797025050205,939.7496948242188,1.0286144076528856,1.0240227902221417,,,0,,,3,8,3,0,0,13596925.0,1.5630061944152813,0
2021-08-06,946.168212890625,972.3921457790564,941.5031281309346,964.6925186544,16620987.0,-2.117837166899106,-0.02140585087494637,943.0948224748884,1.003258834999933,1.032808194391709,,,0,1.383693992896528,,4,8,3,0,1,14128802.0,1.1763903974307235,0
2021-08-09,940.7783813476562,946.507831687124,935.9548011334764,942.5221349162108,7494143.0,-0.5696483426030907,-0.005712770269014197,944.6412091936384,0.9959107989272673,1.0112751497624324,,,0,1.4102786973779948,,0,8,3,1,0,13232859.857142856,0.5663282979570586,1
2021-08-10,945.7152099609376,957.0155553586312,939.238504866793,942.9750770172924,11919198.0,0.5247599978019712,0.005233879304726277,948.0542515345982,0.9975327977593325,1.0189270886997541,,,0,1.3340415357424635,,1,8,3,0,0,13314087.0,0.8952320951485445,1
2021-08-11,958.9630737304688,960.1859355324892,943.6091647712292,949.7461759426324,9184963.0,1.4008301473842577,0.0139110919933122,950.9529157366071,1.0084232961078383,1.0175674117846014,,,0,1.2644415306449688,,2,8,3,0,0,13065495.42857143,0.702993855090597,0
2021-08-12,955.8832397460938,962.994047792915,953.3921717385532,962.4052292074406,8137612.0,-0.3211629382551817,-0.003216797733048171,952.4249005998884,1.0036310885446476,1.0100712763739734,,,0,1.2686204602885405,,3,8,3,0,0,12539825.857142856,0.648941388238235,1
2021-08-13,971.8032836914062,973.7282353115996,955.181228214771,958.9630848706248,12780901.0,1.6654799753096583,0.016517629509084517,955.1359252929688,1.0174502476109095,1.019417265068633,,,0,1.3805980160102194,,4,8,3,0,1,12484268.857142856,1.0237604737811639,1
2021-08-16,984.4169921875,997.778081901856,963.8771679992134,973.4790435776864,21935444.0,1.2979693223694744,0.012896178889602022,957.6754847935268,1.027923349630004,1.0351714046438232,948.7125898088727,,0,1.360392153751908,,0,8,3,1,0,12581892.57142857,1.7434137094614701,0
2021-08-17,980.2276000976562,989.716205298415,972.7997402220516,982.31104758478,12658169.0,-0.4255708833849403,-0.004264790136767485,962.5411115373884,1.0183747876825944,1.017389462987009,952.8179670061384,,0,0.9558233865870345,1.1449328383757438,1,8,3,0,0,12015775.714285715,1.0534624897292761,1
2021-08-18,984.0321655273438,990.4409443539316,974.9511803260804,984.6436264377176,10075860.0,0.38813082077147065,0.0038737953645117313,968.7202235630581,1.0158063614156487,1.0158877329864564,956.6807163783482,,0,0.8365629842894553,1.1407170067182841,2,8,3,0,0,12384592.42857143,0.8135802658111582,0
2021-08-20,972.9808959960938,983.7376470917056,967.88554870858,970.6030393085124,9426282.0,-1.123059785888969,-0.011294137194079061,972.6153215680804,1.000375867436906,1.0163780711513635,960.3347865513393,,0,1.0747069087567946,1.163978917058714,4,8,3,0,1,12028461.57142857,0.7836648056797574,1
2021-08-23,979.3670043945312,984.643489620706,965.7567897152866,984.643489620706,9854395.0,0.656344685154342,0.006542001221280275,975.5301688058036,1.003933077326993,1.0195563728948644,963.2415422712054,,0,0.994351954111679,1.0928256259065918,0,8,3,1,0,12124094.714285715,0.8127942936958957,1
2021-08-24,989.036865234375,992.7960796490014,976.3098177521404,980.5899239821464,11864472.0,0.9873582422579075,0.0098251571010223,980.2664010184152,1.0089470211432812,1.0168863014558422,966.3456508091518,,0,0.979810611306715,1.1024057192822823,1,8,3,0,0,12656503.285714285,0.9374210026391514,1
2021-08-25,997.5970458984376,1005.4778714076187,987.4064100092222,989.8069092436782,13380559.0,0.865506733364696,0.008617826962712979,983.9512241908482,1.013868392428508,1.018301948635545,969.5435747419085,,0,0.8594386553070221,1.1057570858180943,2,8,3,0,0,12742168.714285715,1.050100599044695,1
2021-08-26,1010.210693359375,1016.7553848783828,998.6839258042112,1000.0427010414176,18589616.0,1.264403048585372,0.012564762213361017,987.6360386439732,1.0228572610071995,1.0180952737970816,972.65576171875,,0,0.8535241824941384,1.0923992901711292,3,8,3,0,0,12264193.285714285,1.5157634560157955,0
2021-08-27,1008.829345703125,1015.7817181947378,1003.6887734868196,1013.1773788430728,10480636.0,-0.1367385700161705,-0.0013683214250833956,991.7220023018973,1.0172501400206102,1.012048500518649,977.1315569196429,,0,0.8145599061817956,0.854615055184865,4,8,3,0,1,11953117.142857144,0.8768119541322275,1
2021-08-30,1028.23681640625,1030.7732288164937,1013.0867479284576,1019.0652631807152,14027062.0,1.923761514847544,0.01905491169758482,998.0369524274554,1.030259264354232,1.01745801228197,983.3785879952567,,0,0.9934071402306575,0.8823390318392766,0,8,3,1,0,12517574.57142857,1.1205894496539963,0
2021-08-31,1022.7567138671876,1034.3513502485357,1015.5552757824454,1031.248880823453,26485463.0,-0.5329611283727109,-0.005343864326619797,1005.1477835518974,1.017518747594573,1.0185081747043347,988.8815525599888,,0,0.8312652972322658,0.9366324285204597,1,8,3,0,0,14954600.42857143,1.7710578845957226,1
2021-09-01,1026.8101806640625,1038.495504793424,1024.9532755584123,1029.482446811587,11145486.0,0.3963275666554411,0.003955442579185168,1011.9253801618304,1.014709385488337,1.013212533251951,993.7277744838169,,0,0.8402529113109197,0.9056426054388209,2,9,3,0,0,15139042.0,0.7362081431572751,1
2021-09-02,1039.1748046875,1045.2438888621152,1021.32982832915,1021.32982832915,9956770.0,1.2041781681051411,0.011969856259118433,1019.0879429408482,1.0197106264339522,1.0234146304843437,999.6771719796317,,0,0.8572488152335469,0.8917721345662202,3,9,3,0,0,14866513.142857144,0.6697448086395357,1
2021-09-03,1081.7943115234375,1084.7382844176575,1042.8433961232756,1046.2402142010292,30664428.0,4.101283695841151,0.040194120928954316,1031.1161237444196,1.0491488655952579,1.0401737101180526,1007.533673967634,,0,1.547941707473548,1.2718085244495652,4,9,3,0,1,17335637.285714287,1.7688664970666823,1
2021-09-06,1098.5977783203125,1123.2365131929273,1092.4380047519112,1092.8909697996994,33641710.0,1.5532959101265398,0.015413557544374342,1043.7428501674108,1.0525559798029787,1.0281924542235332,1015.6894444056919,,0,1.5545806002886802,1.281658583197264,0,9,3,1,0,19485936.42857143,1.7264610363129658,1
2021-09-07,1105.52734375,1113.272195169168,1092.4379602260194,1100.5904921516135,17349882.0,0.6307645588253807,0.006287835650889354,1057.556849888393,1.0453597306534108,1.0190713209369238,1024.6394260951452,,0,1.4679576487315327,1.2345375412056407,1,9,3,0,0,20467257.285714287,0.8476896419389739,0
2021-09-08,1101.201904296875,1111.460525484485,1090.01483063056,1110.5547152662286,14301651.0,-0.39125576382876837,-0.003920231715310001,1067.980433872768,1.031106815603014,1.0196746817119167,1033.0086931501116,990.2785909016927,1,1.568007918795126,1.274848444198856,2,9,3,0,0,20506484.285714287,0.6974209133431593,0
2021-09-09,1098.5977783203125,1104.145971203985,1094.29502966748,1099.6394421897962,8963249.0,-0.23648033720258255,-0.0023676039355792745,1078.8148716517858,1.0183376288076533,1.0090020892624343,1041.9813276018415,996.1401062011719,1,1.5232366613987178,1.1904381424320718,3,9,3,0,0,18003310.85714286,0.4978667019152096,0
2021-09-13,1074.11767578125,1101.949452386577,1072.532477613042,1101.949452386577,16311160.0,-2.2283043914844813,-0.02253506179062643,1085.5730852399554,0.9894475925992829,1.0274275841408584,1048.749232700893,1000.9455729166667,1,1.965896217000418,1.4524759571790427,0,9,3,1,0,18741264.285714287,0.8703340261005412,0
2021-09-14,1072.713623046875,1084.2856176738069,1071.6039124413585,1075.6802390162593,8908356.0,-0.1307168447213014,-0.0013080235371333122,1090.3643450055804,0.9838120880973826,1.0118343215111605,1054.7261439732142,1005.9752298990885,1,1.969270985788014,1.4644620613804478,1,9,3,0,0,18591490.85714286,0.47916307887580767,1
2021-09-15,1077.1748046875,1085.078152851648,1072.7362021275617,1072.7362021275617,9071075.0,0.41587815655343974,0.004150157734963263,1089.7044154575892,0.9885018261903364,1.0115051125333594,1060.4102696010045,1010.5919759114583,1,1.1657331456054498,1.46292368458664,2,9,3,0,0,15506726.142857144,0.5849767975800879,1
2021-09-16,1099.775146484375,1103.647571826163,1072.0565884901453,1078.646564149131,13448882.0,2.0981127388540743,0.020764054573433288,1089.8726109095983,1.009085956905103,1.0294676453418468,1066.8077305385045,1015.7318359375,1,1.301330140741593,1.5100340081374988,3,9,3,0,0,12622036.42857143,1.065508095790067,0
2021-09-17,1082.722900390625,1112.2984866148895,1075.9517858407112,1107.837242193017,34882133.0,-1.5505211359122417,-0.015626674323896778,1086.6148332868304,0.9964182958146881,1.0337809753675702,1072.0858415876116,1020.0617289225261,1,1.3895902060449932,1.6085296098658086,4,9,3,0,1,15126643.714285715,2.3060061213087906,1
2021-09-20,1084.444091796875,1095.3140549772363,1073.415512979037,1074.3666078022443,11779819.0,0.1589687819135488,0.0015884256029637244,1084.2208600725446,1.0002058913755962,1.0204008063358658,1076.1006469726562,1023.9885294596354,1,1.3983788866225872,1.5582632170700261,0,9,3,1,0,14766382.0,0.7977457849864645,1
2021-09-21,1089.1317138671875,1094.521410709491,1079.756260196694,1089.2675674362638,9915736.0,0.43226037245915894,0.004313288108608049,1082.8685651506696,1.0057838494144915,1.0136745217944902,1080.8417184012276,1028.7539794921875,1,1.4189947003090329,1.5353736178415585,1,9,3,0,0,14902451.57142857,0.6653761599206098,1
2021-09-22,1100.8170166015625,1106.025455452025,1086.210362198153,1090.6263219107966,10995912.0,1.0729007874432206,0.010671860462748073,1086.6827566964287,1.0130067950540622,1.018242408601012,1086.127920968192,1034.0886006673177,1,1.1157089372105657,1.5438065239533032,2,9,3,0,0,14143130.42857143,0.7774737039677203,1
2021-09-23,1127.7203369140625,1130.9360171926044,1107.6107744419755,1108.4713001643795,15748397.0,2.4439411733982563,0.02414554759612099,1094.5408586774554,1.0303136040775107,1.0210590608983379,1092.452601841518,1040.1554382324218,1,1.3317201397194953,1.6203885246985492,3,9,3,0,0,15120279.142857144,1.0415414193883834,0
2021-09-24,1124.459228515625,1134.763134305946,1119.613065939266,1133.9026086017536,15192163.0,-0.2891770496363799,-0.002895959742841086,1101.2957763671875,1.0210329074581999,1.0135315215832805,1095.5000959123884,1045.6719767252605,1,1.3845672274472256,1.2791106052287577,4,9,3,0,1,15994720.285714285,0.9498236123309333,1
2021-09-27,1143.3685302734375,1145.8370159244848,1121.1077134942575,1126.4068411721405,15373834.0,1.681635160998618,0.016676522205566778,1107.523402622768,1.032365119839259,1.0220579183717784,1098.698006766183,1051.9214864095052,1,1.318002461636081,1.2893241948665581,0,9,3,1,0,16269713.42857143,0.9449357585488773,1
2021-09-28,1154.057373046875,1161.6890123387186,1138.0919448330371,1147.6938200602945,18035258.0,0.934855428536352,0.009305126996852044,1117.7140415736608,1.032515768901002,1.0207338850018337,1102.1644374302455,1057.9966227213542,1,0.9314190523506248,1.2979767367316482,1,9,3,0,0,13863017.0,1.3009619767471972,0
2021-09-29,1144.90869140625,1163.9991145771864,1141.3758992926414,1163.9991145771864,9719875.0,-0.7927406257516645,-0.00795899519883905,1126.351841517857,1.0164751804936776,1.019821003140653,1105.2863507952009,1063.346346028646,1,1.1127228376918619,1.3190487746250348,2,9,3,0,0,13568739.285714285,0.7163432648627478,0
2021-09-30,1141.013427734375,1147.965800183617,1132.4533348800387,1143.617767070168,13590654.0,-0.34022483199865894,-0.0034080491277314047,1133.7635149274554,1.0063945546945772,1.0136981055428844,1108.3160400390625,1068.7058736165366,1,1.1890382139034785,1.3224995786717466,3,9,3,0,0,14093727.57142857,0.9643051443360929,1
2021-10-01,1143.0289306640625,1150.320936930379,1130.0302358504632,1133.1779894261922,8958928.0,0.1766414733338939,0.0017648564576048047,1139.7937883649554,1.002838357545138,1.0179558921842875,1113.238272530692,1074.0057657877603,1,1.1870563496172966,1.1110474807404473,4,10,4,0,1,13802729.857142856,0.6490692850417406,1
2021-10-04,1157.7261962890625,1166.1957202690803,1149.0754144086843,1156.2994941506686,10918552.0,1.2858174653953336,0.012776210187452662,1144.0803397042412,1.011927358692615,1.0148992012584361,1119.3105991908483,1080.1639424641928,1,0.9314701159223201,1.1184875202693179,0,10,4,1,0,13112752.0,0.8326667048991699,1
2021-10-05,1181.75341796875,1183.0216242133338,1153.7403880823629,1157.2505376163049,13533634.0,2.0753803236640556,0.020541377134330154,1152.2652239118304,1.0255914987669332,1.0253793976820378,1126.7805001395088,1086.91015625,1,1.067376849679591,1.1886822625014135,1,10,4,0,0,12875819.285714285,1.0510891539939178,0
2021-10-06,1159.4019775390625,1186.6222902143545,1155.4389825506437,1186.6222902143545,10258881.0,-1.8913793765966913,-0.019094947401961715,1154.5557163783483,1.004197511728508,1.0269882772994843,1131.039559500558,1092.588993326823,1,1.3470659230196698,1.2936924950678648,2,10,4,0,0,12145111.714285715,0.8446921890337961,1
2021-10-07,1165.0860595703125,1177.0204479976474,1162.9573276219362,1175.3219190109808,6336665.0,0.49025981854153855,0.004890619585818618,1156.1312430245537,1.0077455017324264,1.012092550639384,1136.922642299107,1098.1719604492187,1,1.3171725858802037,1.1675826322010803,3,10,4,0,0,10473884.142857144,0.6049966672890309,1
2021-10-08,1209.8570556640625,1215.812929031673,1169.207605953432,1170.906015220909,15772493.0,3.842720091446439,0.03770726165009054,1165.4095807756696,1.0381389303997395,1.0398606054570068,1145.8807111467634,1104.8268391927083,1,1.8325160252137693,1.456532516212995,4,10,4,0,1,11338543.857142856,1.391051020194619,0
2021-10-11,1201.4327392578125,1231.9367793726578,1198.1264896541245,1223.512539721895,14768666.0,-0.6963067551501889,-0.006987422830514721,1174.0409109933037,1.023331238296742,1.0282192990560568,1153.9022129603795,1111.246952311198,1,1.874094772476521,1.5084282234809139,0,10,4,1,0,11506831.285714285,1.2834694133679772,1
2021-10-12,1208.2943115234375,1215.1787568517786,1196.269354160262,1197.9678831315707,6682011.0,0.5711158054394039,0.005694911220705176,1183.364536830357,1.0210668597183543,1.0158069774384468,1161.5791625976562,1117.248868815104,1,1.8596900516157497,1.5051993277518985,1,10,4,0,0,11181557.42857143,0.5975921550003346,1
2021-10-13,1220.591064453125,1231.7102112927382,1208.9736680853591,1213.3669853963502,9959762.0,1.0176951767805198,0.010125515277584865,1192.3452322823662,1.0236893069272321,1.0188064833896562,1168.2127859933037,1123.8433471679687,1,1.8510236082760754,1.42247836353701,2,10,4,0,0,11044587.42857143,0.9017776412575561,1
2021-10-14,1223.0595703125,1230.7818997818822,1217.081054491215,1223.0369280495506,8623469.0,0.20223856550032338,0.0020203433861743537,1198.2461111886162,1.0207081490957395,1.0112571346338102,1175.2556675502233,1130.3849934895834,1,1.7647122801746866,1.4054437341204478,3,10,4,0,0,10343135.285714285,0.8337383938031391,1
2021-10-18,1226.3206787109375,1243.2597273294034,1205.8034336758178,1208.656838063519,13594479.0,0.2666352872415123,0.002662804459742364,1207.8059256417412,1.0153292451014917,1.0310633496368495,1181.1808210100446,1136.6231892903645,1,1.433720238616334,1.3730538119801636,0,10,4,1,0,10819649.285714285,1.2564620757115905,1
2021-10-19,1237.3038330078125,1246.1357531841286,1226.501796349313,1233.6578296621897,8833409.0,0.8956184534391287,0.008916315784780379,1218.1227504185267,1.0157464283321984,1.0160080946422223,1187.12699672154,1141.8068400065104,1,1.4266583536328517,1.3721600793940005,1,10,4,0,0,11176327.0,0.7903678015147553,0
2021-10-20,1223.0595703125,1242.2406818392346,1219.0286485058557,1242.2406818392346,12710570.0,-1.1512340231489948,-0.011579120244522659,1220.008823939732,1.0025005936948195,1.019041417411994,1192.7092023577009,1145.95556640625,1,0.8074149982152747,1.4013240284598898,2,10,4,0,0,10738909.42857143,1.1835997020500857,0
2021-10-21,1187.77734375,1235.560187794889,1179.0359922815946,1235.2884806281218,20831669.0,-2.8847512761365435,-0.02927178158012196,1218.0580531529017,0.9751401755240474,1.047941026298877,1196.0494820731026,1148.6972330729166,1,1.399742623618998,1.6577001380379917,3,10,4,0,0,11605052.714285715,1.7950516480081478,1
2021-10-22,1189.99658203125,1206.9810344630644,1182.7951444896785,1186.6449281501525,11027475.0,0.1868395868070305,0.0018666525875979945,1215.444091796875,0.9790632000785785,1.0204480801988927,1199.4043143136162,1151.6570556640625,1,1.3738295415263202,1.6576439857800256,4,10,4,0,1,12225833.285714285,0.9019814635363504,0
2021-10-25,1178.4017333984375,1213.819979870448,1163.9989792562783,1213.819979870448,17198417.0,-0.9743598265652853,-0.009791377735193701,1209.4170445033483,0.9743551562747759,1.0428015844532803,1200.881138392857,1154.3171875,1,1.2803833938341167,1.6643755143783958,0,10,4,1,0,13259926.857142856,1.29702201115352,1
2021-10-26,1205.237060546875,1208.7924943194173,1179.0131308175069,1185.3313994732075,9750178.0,2.277264738150553,0.022517221196485332,1206.8709716796875,0.9986461592240151,1.025257872642404,1202.5585414341517,1158.687833658854,1,1.654133500634391,1.68320809106689,1,10,4,0,0,13420885.285714285,0.7264929095533266,0
2021-10-27,1189.99658203125,1212.3707315877275,1186.6222858874532,1201.138372284091,9896298.0,-1.264521231093707,-0.012725843461291594,1201.6818150111608,0.9902759342498644,1.0216989399293284,1204.7438703264509,1162.597265625,1,1.683472996547255,1.632184644134824,2,10,4,0,0,12892573.714285715,0.7675967746482094,0
2021-10-28,1176.9525146484375,1194.7748510901267,1173.283988789091,1186.6449607541929,9886181.0,-1.0961432645921643,-0.01102195180623425,1193.0601981026787,0.9864988510388183,1.018316846139881,1205.5914742606026,1165.9231892903647,1,1.5905041268408184,1.6651082377433135,3,10,4,0,0,13042969.714285715,0.7579700955045426,0
2021-10-29,1148.713134765625,1175.8428779756357,1133.0648156155328,1175.8428779756357,14233025.0,-2.3993644205134057,-0.02428618050534447,1182.4392787388392,0.9714774833857128,1.03775429416795,1201.2240513392858,1167.5544555664062,1,1.7145182995271677,1.3954488757027501,4,10,4,0,1,13260463.285714285,1.0733429664809278,1
2021-11-01,1149.4150390625,1157.6581394917466,1129.6224692481337,1148.7130092033958,15481114.0,0.061103531911665954,0.0006108487130474521,1176.958949497768,0.976597390718664,1.0248186195006135,1197.508501325335,1169.7775268554688,1,1.486617240469561,1.3961171763469145,0,11,4,1,0,12496098.285714285,1.238875819158547,0
2021-11-02,1132.656982421875,1154.0347494893902,1130.1433322293192,1152.6759743257276,10569130.0,-1.4579639269635236,-0.01468696668431324,1168.767578125,0.9691036983066765,1.0211401656575214,1192.1058349609375,1171.3846232096355,0,1.4975712106438728,1.403297971944047,1,11,4,0,0,12430620.42857143,0.8502495962073746,0
2021-11-03,1124.866943359375,1141.353145207229,1114.6309640383438,1135.0348760961226,11989430.0,-0.6877668335070974,-0.006901428501634291,1161.1197509765625,0.9687777185887183,1.0239740165409277,1185.2683977399554,1172.5757975260417,0,1.4925197901731342,1.3384759390101622,2,11,4,0,0,11686479.42857143,1.0259231681602852,1
2021-11-04,1131.77392578125,1134.514118637374,1127.7656464746356,1129.1016597099565,1705656.0,0.6140266155610918,0.0061214915362893365,1150.6250174386162,0.9836166506275604,1.0059839313104046,1178.7479945591517,1173.6076944986978,0,0.999259505839675,1.361162293915051,3,11,4,0,0,10537262.0,0.1618689940517755,1
2021-11-08,1133.1781005859375,1141.3532756603024,1112.5476437566415,1141.081448693073,20337183.0,0.12406848865318398,0.0012399158730412292,1142.508091517857,0.9918337638033492,1.0258915940052649,1172.0949532645088,1173.789619954427,0,1.0491251418408887,1.3551519523204212,0,11,4,1,0,12028817.0,1.6907051624444864,1
2021-11-09,1142.1231689453125,1145.38413396809,1126.4295651226153,1134.5594552172415,15682497.0,0.7893788588704487,0.007862795633943513,1137.532470703125,1.0040356634737204,1.0168271230020596,1165.2963344029017,1174.37841796875,0,1.163772036558596,1.3466804633349767,1,11,4,0,0,12856862.142857144,1.219776398451366,1
2021-11-10,1154.8955078125,1158.5641535733516,1133.9480592535028,1139.858648545967,10253470.0,1.118297852146899,0.011120911319283592,1138.4156668526787,1.01447611925913,1.0217083085234557,1160.4274727957588,1174.7626505533854,0,0.8966198649773222,1.4055640860978635,2,11,4,0,0,12288354.285714285,0.8344054672902846,1
2021-11-11,1157.00146484375,1164.2254244154967,1148.3959679290283,1150.4341308509872,10722478.0,0.18235043923922056,0.0018218438266504905,1139.4994419642858,1.0153593957442348,1.0137839707979945,1158.2291957310267,1174.8607869466146,0,0.8973611185693404,1.2144471688471568,3,11,4,0,0,11608549.142857144,0.923670810886617,1
2021-11-12,1174.4615478515625,1177.0206028987552,1158.111197547698,1160.783463915503,8712341.0,1.5090804582663653,0.014978071135225441,1145.4715227399554,1.02530837697498,1.0163277977029304,1157.1195504324776,1175.8458821614583,0,0.7242356245409004,1.2940184561141006,4,11,4,0,1,11343293.57142857,0.768060964404959,0
2021-11-15,1167.531982421875,1178.5832047502895,1163.9991900791144,1177.5867054893083,4803269.0,-0.5900206305062716,-0.005917681293545828,1151.5665283203125,1.0138641178854424,1.0125292309440386,1156.3431396484375,1176.729833984375,0,0.6974859726042655,1.2776968909337119,0,11,4,1,0,10316699.142857144,0.4655819592573449,0
2021-11-16,1140.402099609375,1166.2636363626991,1130.0302662731583,1164.9275032865714,11337581.0,-2.323695043986973,-0.023511184951785568,1152.7991245814733,0.9892461533776762,1.032064070468695,1151.7120710100446,1176.6422729492188,0,1.2815197250072934,1.2211305904380112,1,11,4,0,0,11692688.42857143,0.9696299588635481,0
2021-11-17,1115.9898681640625,1131.819326460902,1114.631092727357,1131.819326460902,10202029.0,-2.1406687565442506,-0.021639133959418567,1150.3436628069196,0.9701360595502118,1.015420558286677,1146.4258771623884,1175.2510620117187,0,1.5390409933569664,1.2900555101304194,2,11,4,0,0,10244809.285714285,0.9958241989166221,1
2021-11-18,1120.201904296875,1127.3127730233773,1109.6715745881545,1114.1781038166205,8505625.0,0.37742601908579143,0.0037671555417819525,1147.2120535714287,0.9764558355271221,1.0158976753475641,1142.3722621372767,1173.199344889323,0,1.5019811160560075,1.293374513357237,3,11,4,0,0,9219541.857142856,0.922564822829049,0
2021-11-22,1070.5845947265625,1109.1958761849858,1064.809860242095,1103.3532149230834,24124307.0,-4.429318445182984,-0.04530409126303453,1135.1676374162946,0.943107043787183,1.0416844524080564,1136.7916521344866,1170.2387654622396,0,2.0226944199409256,1.6152006249151625,0,11,4,1,0,11201090.0,2.153746376468719,1
2021-11-23,1080.59423828125,1087.5692534410966,1045.7875684738456,1056.6801744196864,25326999.0,0.9349698850508847,0.009306260960428374,1124.2523193359375,0.9611670082384397,1.0399523633927152,1131.8758806501116,1167.4223714192708,0,2.1174748640649668,1.654523906413027,1,11,4,0,0,13287450.142857144,1.9060842168890384,0
2021-11-24,1064.9912109375,1091.4868494573443,1061.4357769402943,1077.9446209027212,16820296.0,-1.443930273824845,-0.014544563964556105,1108.6136997767858,0.9606513171828303,1.0283117200021987,1127.0426112583705,1162.5935099283854,0,1.8185626327450684,1.6538554446689526,2,11,4,0,0,14445729.42857143,1.1643784471507574,1
2021-11-25,1129.1015625,1133.2005303004803,1067.5953616356612,1074.774155951259,42401936.0,6.019800999678138,0.05845569256243241,1103.1236397879463,1.0235494207313403,1.0614513429173253,1127.3450840541295,1160.182470703125,0,3.3578286792923704,2.383048635991193,3,11,4,0,0,19816967.57142857,2.1396783260186423,0
2021-11-26,1092.7098388671875,1122.149452357917,1087.68241798512,1117.7108501017365,15763138.0,-3.2230691056910565,-0.032761537315170536,1096.3104596819196,0.9967156923634781,1.0316885092586543,1124.5547921316963,1156.3296549479167,0,3.4581030296511126,2.529701347339025,4,11,4,0,1,20449190.0,0.7708441263443686,1
2021-11-29,1105.7991943359375,1132.2949564813318,1086.5954393266577,1104.712245845007,24325354.0,1.1978802609043715,0.01190762460740812,1094.8546491350446,1.0099963453683458,1.0420575271169858,1122.599155970982,1152.5032592773437,0,3.4335527566526904,2.5571024221302676,0,11,4,1,0,22466807.85714286,1.0827240858903886,0
2021-11-30,1089.4486083984375,1121.3793456985663,1081.9528225027632,1117.8012696969345,32172299.0,-1.478621617853404,-0.01489662194703829,1090.4613211495537,0.9990712987875181,1.0364401500470253,1118.8366873604912,1148.049560546875,0,3.463792989415661,2.565223956543653,1,11,4,0,0,25847761.285714287,1.2446841583058568,1
2021-12-01,1117.3485107421875,1120.518906517298,1098.3711810133602,1101.9492572911422,10104610.0,2.560919544866347,0.025286773065158637,1097.141880580357,1.0184175178429444,1.0201641538732875,1116.1547589983259,1144.4171549479167,0,3.0763601098405204,2.6542846017538233,2,12,4,0,0,23844947.42857143,0.42376314857765135,1
2021-12-02,1124.527099609375,1130.573541300242,1114.9025819148403,1118.5712269565358,12720411.0,0.6424664102715028,0.006404113920015996,1103.418003627232,1.0191306430679503,1.0140559001652742,1113.835161481585,1140.6579305013022,0,3.073870403893417,2.6622643070892376,3,12,4,0,0,22044006.285714287,0.5770462426443562,0
2021-12-03,1090.739501953125,1131.6153710496726,1087.002929980319,1131.5700865288095,19222481.0,-3.0046050173434424,-0.030506683017256307,1107.0963309151787,0.9852254690894583,1.04104169348482,1107.855015345982,1136.2472615559896,0,3.296293018371906,2.715985849868676,4,12,4,0,1,22387175.57142857,0.8586380599316207,0
2021-12-06,1070.063720703125,1098.32581299639,1067.595355014471,1094.2496072811668,10332254.0,-1.8955746273951801,-0.01913770960238353,1098.662353515625,0.9739695888177229,1.0287847430560453,1100.8929966517858,1132.3234741210938,0,2.2262668736986697,2.7418672688446257,0,12,4,1,0,17805792.42857143,0.5802748763610609,1
2021-12-07,1078.7825927734375,1088.8146726752468,1068.8863664494722,1076.2010153934032,11235122.0,0.8147993340605453,0.008114977662636285,1096.6727469308037,0.983686879967215,1.018643989530871,1096.4916033063616,1128.6163411458333,0,1.9867866481262948,2.7170664032808864,1,12,4,0,0,17158933.0,0.6547681024222194,1
2021-12-08,1095.2008056640625,1101.405743762558,1089.8563933091182,1097.9183562650253,8744178.0,1.5219204500153793,0.015104554201443809,1095.15869140625,1.0000384549363877,1.0105971305250343,1095.0066702706474,1125.8429768880208,0,2.0272272119372956,2.708944024610063,2,12,4,0,0,14933050.714285715,0.5855587158513348,1
2021-12-09,1112.5701904296875,1120.9265028973475,1098.3259314492311,1102.8551026436394,13213547.0,1.5859543451571145,0.015735094965339546,1098.4617745535713,1.012843793205139,1.020577290220486,1094.4615478515625,1122.754081217448,0,2.015751535453978,2.7443640821532154,3,12,4,0,0,12224657.57142857,1.0808930166586146,1
2021-12-10,1113.7025146484375,1116.8955527047665,1100.7489847314073,1105.2328712872277,8364414.0,0.10177553097237002,0.001017237747926209,1097.94091796875,1.0143555963911495,1.0146687103030116,1097.5413992745537,1120.2109456380208,0,1.757441022875623,2.433138036987597,4,12,4,0,1,11976058.142857144,0.6984279718939717,0
2021-12-13,1091.3736572265625,1120.5642045309762,1088.8146024741634,1120.2924973928066,12901733.0,-2.0049211641515963,-0.02025292453911359,1093.2047119140625,0.9983250578162126,1.0291597871526215,1098.3113577706474,1117.3583170572917,0,1.8690845557246034,2.5009348381632432,0,12,4,1,0,12001961.285714285,1.074968723266646,0
2021-12-14,1078.012451171875,1089.7204159270498,1074.9552669933066,1077.944524394601,12991523.0,-1.22425586930891,-0.01231811612558389,1091.3865618024554,0.9877457620437504,1.0137355938308408,1099.241446358817,1115.0016276041667,0,1.5515858371483582,2.4911755825862945,1,12,4,0,0,11111824.42857143,1.169162011469095,0
2021-12-15,1074.8648681640625,1089.2676234327396,1069.38448219365,1079.7563157042175,9366969.0,-0.2919802089846768,-0.0029240730275231844,1092.0724400111608,0.984243195582408,1.0185930706590234,1095.367396763393,1112.516621907552,0,1.358511858943754,1.8215547094643423,2,12,4,0,0,10973926.57142857,0.8535658534828906,1
2021-12-16,1088.7691650390625,1094.023007574745,1072.8038571070083,1089.5844061394005,9761279.0,1.2935855740405122,0.01285290217619817,1093.4990931919642,0.9956745019887535,1.0197791519178143,1095.0859200613838,1111.0536946614584,0,1.4131050943566479,1.6639552259201515,3,12,4,0,0,10763377.57142857,0.906897387480985,0
2021-12-17,1060.0316162109375,1090.6262198818429,1050.7693748912868,1086.1196915464664,21049821.0,-2.63945285657442,-0.026749117527716842,1088.4749232700892,0.9738686611413151,1.0379311064282586,1091.8168073381696,1108.8925170898438,0,1.5982000517723343,1.7623122057348117,4,12,4,0,1,12521326.57142857,1.681117482234824,0
2021-12-20,1031.4527587890625,1049.7958677716224,1017.7519129116022,1049.7958677716224,14325846.0,-2.696038211013896,-0.027330480369290203,1076.88671875,0.9578098985066181,1.0314850352561347,1087.6742466517858,1105.548478190104,0,1.503875364414054,1.8533196049655538,0,12,4,1,0,12680226.42857143,1.1297784058272506,1
2021-12-21,1046.806396484375,1062.5452825090044,1038.1783778851348,1046.851681002988,12836561.0,1.4885449250567673,0.01477574824360667,1067.3301304408483,0.9807709598266506,1.0234708265389878,1082.6355242047991,1102.6694213867188,0,1.7538924123891313,1.7414756353019165,1,12,4,0,0,13319104.57142857,0.9637705696474749,1
2021-12-22,1071.6490478515625,1074.276029474332,1051.6754577350616,1052.988828746117,17658543.0,2.3731849032084362,0.023454626144776013,1064.5123291015625,1.006704214272486,1.0214900629020516,1078.8585205078125,1100.3202840169272,0,2.038357524845919,1.8808844875678088,2,12,4,0,0,13998648.857142856,1.2614462424342954,0
2021-12-23,1071.26416015625,1077.944705915956,1068.0031950967275,1075.2271551661324,9072401.0,-0.03591546095096376,-0.00035921912097325906,1063.5482875279017,1.0072548399718484,1.0093085028817055,1077.4674246651787,1097.5325724283855,0,1.9919059279977607,1.7158917769028041,3,12,4,0,0,13438774.285714285,0.6750914039566959,1
2021-12-24,1074.6837158203125,1083.3796623765666,1058.718285237532,1073.4155095265614,7886494.0,0.3192075112046888,0.00318699125611346,1063.5224086216517,1.0104946610510315,1.0232936159532766,1077.7974243164062,1094.7886474609375,0,1.9940801551324376,1.6394863043639698,4,12,4,0,1,13227277.857142856,0.5962295557087143,0
2021-12-27,1073.52880859375,1077.038958550713,1063.4967281365457,1069.5884556164642,4017223.0,-0.10746484845366444,-0.0010752263332458917,1061.34521484375,1.0114793882137525,1.0127336831942078,1077.422154017857,1091.4242228190103,0,1.9129896419641357,1.624563626343703,0,12,4,1,0,12406698.42857143,0.32379468422870045,1
2021-12-28,1086.2783203125,1089.1996512774408,1074.7968966086662,1075.9517717574065,6374613.0,1.1876264164210948,0.011806294777417887,1065.0947440011162,1.019888912634951,1.0134004431108985,1076.7848336356026,1088.7157674153646,0,1.6190422400661333,1.602422179426735,1,12,4,0,0,10310240.142857144,0.6182797792945961,1
2021-12-29,1088.13525390625,1095.60839765478,1078.8956544896844,1082.9266955421135,15425312.0,0.17094455067609982,0.0017079860677749338,1073.1922433035713,1.0139238898677465,1.0154906019831924,1075.0394810267858,1086.9735392252603,0,0.9347406674279809,1.5347354512202869,2,12,4,0,0,10467306.714285715,1.4736658073607063,0
2021-12-30,1068.478759765625,1089.245070757408,1062.364389937375,1087.003127167027,29333171.0,-1.8064384983448534,-0.018229537933421212,1076.288295200893,0.9927440115533263,1.025302693759923,1071.8092128208705,1085.3898356119792,0,1.2792543593370793,1.5944657058854532,3,12,4,0,0,12823965.285714285,2.287371366536428,1
2021-12-31,1072.57763671875,1079.7110276415224,1068.8863489128844,1074.7742955921874,9477290.0,0.38361800977906313,0.0038288407230399747,1076.4209507533483,0.9964295436354073,1.0101270623763203,1070.4666399274554,1083.8023600260417,0,0.9094884008848586,1.5222935847622805,4,12,4,0,1,11655214.857142856,0.813137305160177,1
2022-01-03,1088.74658203125,1090.6036067166367,1070.4940456132024,1071.150790940942,5421611.0,1.5074848438910493,0.014962352079265905,1078.9184395926338,1.0091092543031583,1.0187853086954026,1071.233363560268,1084.4077596028646,0,1.0680773362780327,1.5438480712854916,0,1,1,1,0,11133673.42857143,0.4869561726219638,1
2022-01-04,1113.3175048828125,1114.6309956772857,1088.81462402871,1094.2044407783767,10847728.0,2.256808265310095,0.022317191219980437,1084.4375523158483,1.0266312730551337,1.0237105298540652,1073.97998046875,1085.49853515625,0,1.315516439916461,1.6434338844070577,1,1,1,0,0,11556706.857142856,0.9386521726382064,1
2022-01-05,1118.5260009765625,1121.8776545605729,1101.9265882823174,1115.0838981501056,11643813.0,0.4678356417559648,0.004667446920619115,1090.86572265625,1.0253562631457152,1.0181056219991524,1076.10546875,1087.283028157552,1,1.2879585391473238,1.61826441157658,2,1,1,0,0,12646219.714285715,0.9207346751097996,0
2022-01-06,1094.47607421875,1111.4605249543165,1091.0791361515087,1110.1923187691705,14447422.0,-2.150144631131956,-0.02173597023735866,1092.036830357143,1.0022336644642373,1.0186800279901764,1078.5657871791295,1086.1288452148438,1,1.6098059482740792,1.5561993291481973,3,1,1,0,0,13799478.142857144,1.0469542290248304,1
2022-01-07,1103.30810546875,1113.2949007403674,1092.2342419850618,1101.020877531252,13112115.0,0.8069643053919107,0.00803725759381882,1094.204380580357,1.0083199492251753,1.0192821813725867,1083.6983119419642,1086.4821207682292,1,1.6310622593925885,1.3099569115926375,4,1,1,0,1,13469021.42857143,0.9735016808411683,1
2022-01-10,1104.2138671875,1112.8193642531028,1094.2723568788356,1110.5547786779955,9246731.0,0.08209508425256473,0.000820614046698666,1099.3093959263392,1.0044614112090144,1.0169491692426265,1087.7988455636162,1086.4292765299479,1,1.378713220365258,1.2811139146998205,0,1,1,1,0,10599530.0,0.8723717938436893,1
2022-01-11,1112.16259765625,1120.9491128479206,1102.8550708538112,1103.3080358803263,16205164.0,0.7198542515134188,0.007172756680962678,1104.964390345982,1.0065144246938256,1.0164065455854514,1090.692670549665,1087.1864095052083,1,1.3806824161320461,1.154117310363829,1,1,1,0,0,11560654.857142856,1.401751388675659,1
2022-01-12,1141.8514404296875,1143.595254204983,1116.4427463358454,1119.2961508769274,14800442.0,2.66946962935124,0.02634460952928193,1112.5507986886162,1.0263364529292582,1.0243205555844683,1095.734619140625,1088.003173828125,1,1.574431759486953,1.314072306274403,2,1,1,0,0,12900487.857142856,1.1472776970837704,1
2022-01-13,1148.2828369140625,1150.8645340891296,1136.0993826537383,1141.9194026287705,11856712.0,0.5632428402380318,0.005616625588569474,1117.5458461216517,1.027504008805617,1.0129963554780765,1100.99169921875,1088.7950317382813,1,1.4163054077166017,1.3136102726385628,3,1,1,0,0,13044628.42857143,0.9089344372608149,1
2022-01-14,1149.95849609375,1162.776052313962,1144.0026230998735,1148.146875628832,19930176.0,0.1459273905191072,0.001458210199725229,1122.0362025669642,1.0248853766597779,1.016410302594603,1106.450962611607,1090.7689982096354,1,1.4208988622168497,1.306586393132585,4,1,1,0,1,14228394.57142857,1.4007325914352229,1
2022-01-17,1155.959716796875,1161.7344520199854,1149.0527486713804,1149.5057137125311,8036453.0,0.5218641127928025,0.005205071210860687,1130.819580078125,1.022231784063213,1.0110366589899973,1111.4282052176338,1093.632198079427,1,0.8733869266297287,1.2916797343949697,0,1,1,1,0,13312541.857142856,0.6036753225822185,0
2022-01-18,1142.16845703125,1160.5342073047743,1139.4282640408564,1157.0921041700744,6215029.0,-1.193057125194652,-0.012002311691031543,1136.371058872768,1.005101677056289,1.0185232751635176,1115.2877197265625,1095.7450602213542,1,1.1493370414293387,1.3639943813108244,1,1,1,0,0,12327243.857142856,0.5041701999266271,0
2022-01-19,1142.0777587890625,1151.3172385374578,1136.370950826631,1145.882257497244,9755485.0,-0.007940881367296537,-7.941196671973076e-05,1141.7801862444196,1.0002606215699203,1.0131526485255138,1120.5447910853795,1097.3076253255208,1,1.1552991585152326,1.2220316227954071,2,1,1,0,0,12399923.0,0.7867375466767011,0
2022-01-20,1122.08154296875,1136.8014098425183,1111.913489734347,1132.3175229917704,16494486.0,-1.7508629045989266,-0.017663718021298704,1143.1971784319196,0.9815293145735952,1.0223829644463773,1124.0807843889509,1097.6246704101563,1,1.4199387489285453,1.360774665380258,3,1,1,0,0,12441254.714285715,1.3257895910659354,1
2022-01-21,1122.2626953125,1133.3139167394952,1110.5548482538704,1110.5548482538704,13338594.0,0.016144311871557626,0.00016143008817772755,1140.3987862723213,0.9840967114502956,1.0204934213932872,1126.4747924804688,1097.910009765625,1,0.8836453710241822,1.3193685526054613,4,1,1,0,1,12232419.285714285,1.0904297578793403,0
2022-01-24,1076.9935302734375,1134.4461715764585,1066.666981959244,1120.9717499530957,21868937.0,-4.03374051620392,-0.04117352000855806,1130.214599609375,0.952910651345035,1.0635429714836757,1123.8802228655134,1097.4306722005208,1,1.6010897809732092,1.6126910685612996,0,1,1,1,0,13662737.142857144,1.6006263438532917,0
2022-01-25,1074.887451171875,1081.8623458947789,1043.9757327083191,1064.1532222498895,24510205.0,-0.19555169482102785,-0.001957431467801812,1119.4901646205358,0.9601580122289155,1.0362907029344186,1120.76318359375,1097.326505533854,1,1.5687783698272846,1.6004849961590548,1,1,1,0,0,14317027.0,1.711961917792011,0
2022-01-27,1058.96728515625,1067.1198169153088,1046.7159051568356,1058.016190394451,20020431.0,-1.4811007420607925,-0.014921785575888304,1105.6341029575892,0.9577918068224336,1.0194932661842144,1118.226841517857,1096.7965861002604,1,1.4325313589579678,1.5492550816726838,3,1,1,0,0,16029023.857142856,1.2490112422584294,0
2022-01-28,1057.9483642578125,1076.0876922422228,1054.5741878483832,1071.1509600753575,14667727.0,-0.0962183546857287,-0.000962646742589586,1093.6026611328125,0.9673973938230295,1.0204001810794678,1114.98686000279,1095.7692260742188,0,1.4964638134858743,1.5215774054833722,4,1,1,0,1,17236552.14285714,0.8509664159301332,1
2022-01-31,1080.9339599609375,1089.9017336429354,1067.1651879580827,1068.9769283849405,12143683.0,2.1726576154073696,0.02149391797712231,1084.8678327287946,0.9963738691025964,1.0213055541367095,1113.324009486607,1096.4659708658853,0,1.9227117464640582,1.6572826132418483,0,1,1,1,0,17577723.285714287,0.6908564210855098,0
2022-02-01,1077.35595703125,1096.3331695818497,1063.0437697429202,1090.6264803582178,13200509.0,-0.3310103172090906,-0.003315593683049051,1078.4784633091517,0.9989591759909071,1.031315173266083,1110.8378208705358,1097.9960774739584,0,1.8759394653089805,1.6390774600533013,1,2,1,0,0,17107155.14285714,0.7716367151502506,1
2022-02-02,1079.552490234375,1090.1733881906252,1075.725349000261,1090.1733881906252,10017691.0,0.20388184506612284,0.002036742880984889,1072.3770054408483,1.006691196059894,1.013430973997026,1106.387895856585,1099.0876139322916,0,1.8869277182735102,1.4237007002441444,2,2,1,0,0,16632740.42857143,0.6022874608679509,0
2022-02-03,1065.6025390625,1087.6596951339798,1063.0888887078768,1083.3795890325775,9572839.0,-1.2921975816892806,-0.013006190815837412,1070.749720982143,0.9951929178044318,1.0231126547244487,1100.4821602957588,1098.8860636393229,0,1.1995842936758814,1.4144274268195267,3,2,1,0,0,14876155.0,0.6435022356247296,0
2022-02-04,1055.887451171875,1063.655064440526,1051.2677111603737,1060.280768575064,11061241.0,-0.9116990185826901,-0.009158804280677545,1068.035435267857,0.9886258604397938,1.0117832528752162,1093.7627999441963,1098.3735066731772,0,1.2345776117398934,1.4041616549511613,4,2,1,0,1,12954874.42857143,0.8538284999200687,0
2022-02-07,1049.4560546875,1067.4368843783152,1043.9756693517943,1060.7336971993543,10714467.0,-0.6090986759277328,-0.006109612490364157,1066.6766880580358,0.9838558078906859,1.0224729519233795,1086.1553955078125,1097.5325846354167,0,1.1288815406252528,1.3667837207826423,0,2,1,1,0,11625451.0,0.9216388250227884,1
2022-02-08,1067.09716796875,1068.8862659765236,1046.240291320876,1055.5931024543218,12060849.0,1.6809768453337481,0.01667004790177635,1067.9836600167412,0.9991699385663099,1.0216450989734465,1080.7931605747767,1097.3181966145833,0,1.3197232188894177,1.4936290149850397,1,2,1,0,0,11253039.857142856,1.071785859919832,1
2022-02-09,1079.52978515625,1081.2055520274612,1067.9804353407576,1073.936188431649,11486225.0,1.1650876378170638,0.011583527528630727,1067.7830636160713,1.011001037514491,1.0123832949079108,1076.325448172433,1097.0932454427084,0,1.0958219901748183,1.5534856787053997,2,2,1,0,0,11159117.285714285,1.0293130456388762,0
2022-02-10,1078.42041015625,1085.0555521861236,1071.1963296372755,1085.0555521861236,12464491.0,-0.10276464950333963,-0.001028174885723018,1067.9351283482142,1.0098182759698648,1.01293807882402,1073.206795828683,1096.7694173177083,0,1.0881666034764181,1.5041049971133185,3,2,1,0,0,11053971.857142856,1.1276029250920965,0
2022-02-11,1076.314208984375,1079.982854527415,1061.6849113374171,1074.887506839841,15943370.0,-0.19530427577588716,-0.001954952432621897,1067.4725167410713,1.0082828289296824,1.0172348151458117,1069.92476109096,1097.0305989583333,0,1.087332780841945,1.5020441215739737,4,2,1,0,1,11900497.42857143,1.3397229902106613,0
2022-02-14,1059.171142578125,1066.599001885618,1047.5990308751595,1059.9410992209632,10719633.0,-1.5927566748771604,-0.016055773611371244,1066.553745814732,0.9930780766880457,1.0181366825001603,1068.6517333984375,1096.5837158203126,0,1.1492891274138561,1.129122503322061,0,2,1,1,0,12064325.142857144,0.8885397958912532,1
2022-02-15,1095.1328125,1097.8277206759533,1057.8803043046898,1064.9004831978962,11212671.0,3.3952652669842154,0.0333889845831244,1072.1602260044642,1.0214264490869485,1.0377617545280982,1070.0978306361608,1096.7965901692708,0,1.6667226946016662,1.4664355310989696,1,2,1,0,0,12085958.0,0.9277436674858542,0
2022-02-16,1092.8682861328125,1101.9492706042658,1085.16871921443,1100.59049531271,10392840.0,-0.20678098047468563,-0.002069950675225589,1078.3619733537946,1.01345217388731,1.0154635413762974,1072.519330705915,1096.1149495442708,0,1.6271833988248376,1.3956968335664375,2,2,1,0,0,12040011.285714285,0.8631918819155355,1
2022-02-17,1106.7049560546875,1111.8682307103677,1091.5322435754686,1096.106699582626,12853252.0,1.2660876061137305,0.012581397313813811,1084.020228794643,1.0209264796518314,1.0186306792626536,1076.001944405692,1095.7209147135416,0,1.5879890404725694,1.4181900019574143,3,2,1,0,0,12153211.714285715,1.0576012581835805,0
2022-02-18,1098.05419921875,1112.547522749666,1096.129247594958,1107.112541400613,6775458.0,-0.7816678500091601,-0.007847388871560996,1086.6665736607142,1.0104794109196473,1.0149784117071337,1077.224818638393,1095.840185546875,0,1.6287243983583952,1.3408618040062104,4,2,1,0,1,11480245.0,0.5901840945032096,0
2022-02-21,1086.957763671875,1103.9875007758346,1080.0281530233087,1092.4380298945582,11107193.0,-1.0105544475646044,-0.01015695211827407,1087.886195591518,0.9991465725703614,1.0221840029683085,1077.9106619698662,1095.2951741536458,0,1.6966441241842805,1.3704399108762113,0,2,1,1,0,11286345.285714285,0.9841266343374194,0
2022-02-22,1082.0208740234375,1085.146105195485,1063.066305633856,1065.6705251768456,13494914.0,-0.45419332870488827,-0.004552279204905911,1088.7014334542412,0.9938637359835124,1.0207699175908542,1078.0869750976562,1094.5554077148438,0,1.7075738333607375,1.3768405955464094,1,2,1,0,0,10936565.857142856,1.2339260949255149,0
2022-02-23,1075.2496337890625,1089.9694984432017,1072.5095609936732,1087.501132761311,7310110.0,-0.6257957121655666,-0.006277620212098878,1090.9983607700892,0.9855648481727228,1.0162795168309289,1078.7760532924108,1093.3249755859374,0,1.58356160899018,1.3387921374776626,2,2,1,0,0,10449491.142857144,0.6995661224132336,0
2022-02-24,1021.66943359375,1059.7825863000533,1016.0759568434702,1043.975653416375,24846650.0,-4.9830475186028895,-0.05111486313475221,1080.5035923549108,0.9455493168394431,1.0430151202399884,1076.3319091796875,1089.3189086914062,0,1.9195825568382026,1.8954947931888273,3,2,1,0,0,12397202.42857143,2.0042142687560487,1
2022-02-25,1034.4420166015625,1045.311980485072,1030.954508957098,1032.698202879161,14570089.0,1.2501678711170472,0.012424177983523903,1072.156982421875,0.9648232801365347,1.0139263870551358,1075.259477887835,1085.5242146809896,0,2.087848180556533,1.9308033874788877,4,2,1,0,1,12993952.285714285,1.121297714477414,1
2022-02-28,1068.6824951171875,1072.2152872381166,1015.894992677199,1015.894992677199,21297446.0,3.3100432857623874,0.03256440986226005,1066.7252022879463,1.0018348613354622,1.055439090621459,1075.3727155412946,1082.8150146484375,0,2.5175767822329167,2.0881227242718516,0,2,1,1,0,14200265.714285715,1.4997920763253323,1
2022-03-02,1086.34619140625,1087.4559017749605,1054.9363443782538,1057.314141139364,21471786.0,1.6528479103726346,0.016393370519896096,1065.0526297433037,1.0199929666086816,1.0308260849765989,1075.8596017020088,1080.4945638020833,0,2.632974215068216,2.112428275401398,2,3,1,0,0,16299741.142857144,1.3173084045822006,0
2022-03-03,1077.1748046875,1093.728935330815,1073.4382321141,1087.0031046986949,10186748.0,-0.8442416230941885,-0.00847825528152564,1063.655064174107,1.0127106436745925,1.018902534500521,1075.7706298828125,1078.3281087239584,0,2.624366025706284,2.126230316829326,3,3,1,0,0,16168249.0,0.6300464571024358,0
2022-03-04,1053.2833251953125,1070.833834303542,1050.928170459011,1065.7158442994964,10805667.0,-2.2179760785547398,-0.02242943032563389,1059.5497000558037,0.9940858131901117,1.018941031750854,1074.1255667550224,1075.3682942708333,0,2.7459863640989917,2.208588076649684,4,3,1,0,1,15784070.857142856,0.6845931634366713,0
2022-03-07,1014.3323974609376,1047.1915918601796,1006.3836454479082,1032.0640445664155,17983310.0,-3.6980484550206083,-0.03768160212476569,1050.8472377232142,0.965251999575704,1.0405490953642327,1070.9227992466517,1071.7766560872396,0,3.0282172130376424,2.380693534773412,0,3,1,1,0,17308813.714285713,1.0389683716543552,0
2022-03-08,1012.4979248046876,1017.253638152396,987.361002125067,1001.62790256755,21289374.0,-0.18085517734048873,-0.0018101891776815297,1049.5370221819196,0.9647091083073658,1.0302752852938206,1065.020307268415,1068.117830403646,0,2.398468966390664,2.1349590635402365,1,3,1,0,0,16800631.42857143,1.2671770159658964,1
2022-03-09,1066.2139892578125,1072.05665089973,1011.8864606126764,1012.7244638561708,20414228.0,5.3053011899739655,0.05169357556910081,1054.0758754185267,1.0115154080672477,1.0594633811491279,1063.1164289202009,1067.7585123697916,0,3.151549966460815,2.6473878191388396,2,3,1,0,0,17635508.42857143,1.1575639048164184,1
2022-03-10,1083.4927978515625,1089.267532756051,1068.8862634347242,1087.0029472759036,17980493.0,1.6205760539474534,0.016075848867857775,1056.1916329520088,1.025848685075499,1.0190677624164,1061.4584176199776,1068.0453572591146,0,2.9569612736031243,2.6635547269367668,3,3,1,0,0,17161658.0,1.0477130473058023,1
2022-03-11,1086.6177978515625,1091.9849715125902,1076.1553972318245,1076.1553972318245,12257423.0,0.2884190837443956,0.0028800395392258706,1056.230433872768,1.028769634924622,1.0147093759149317,1060.6415318080358,1068.967041015625,0,2.8920997317696404,2.6584056960697473,4,3,1,0,1,15845320.42857143,0.7735673794199879,1
2022-03-14,1095.5404052734375,1098.0541754406872,1075.2270625884605,1081.0697243173254,8340678.0,0.821135770048742,0.008177827927763986,1058.8540910993304,1.0346471855588888,1.0212300393530587,1061.2545776367188,1070.220109049479,0,2.8757831046131828,2.6521349765116007,0,3,1,1,0,15581596.142857144,0.535290346606981,0
2022-03-15,1070.448974609375,1099.6621674892272,1060.2129940392667,1099.6621674892272,15925769.0,-2.2903245323754096,-0.02316959942079011,1061.3063267299108,1.0086145231109989,1.0372087247296078,1060.428013392857,1069.8706095377604,0,2.886354777254357,2.7254433017707616,1,3,1,0,0,16313039.285714285,0.9762600776635518,1
2022-03-16,1088.5203857421875,1090.581191192119,1076.6312801930274,1078.850581492875,11149828.0,1.6882085518748813,0.016741166901737495,1071.9046107700892,1.0155011694185745,1.0129569995371028,1061.3759242466517,1070.2427571614583,1,2.3146005076223326,2.757313667912811,2,3,1,0,0,15336827.57142857,0.7269970238676572,1
2022-03-17,1124.00634765625,1131.1170954708805,1093.8419456429745,1101.8359811947334,21422098.0,3.260018129092468,0.03208006903082285,1087.8343854631696,1.033251350275786,1.0340772722936633,1068.6857038225446,1071.7245524088542,1,2.377601988420057,2.445586341239489,3,3,1,0,0,15355788.142857144,1.3950503745367602,0
2022-03-21,1117.5296630859375,1125.0480919172617,1104.6668219311773,1106.9314074851866,11999466.0,-0.5762142343606391,-0.005778807534771121,1095.1651960100446,1.0204210900395412,1.0184501512867508,1074.6205357142858,1073.4554565429687,1,1.7856574277170922,2.4633076638585476,0,3,1,1,0,14153679.285714285,0.8477983538959658,1
2022-03-22,1146.4033203125,1148.1243719419283,1111.2795389519592,1114.2233926126817,22557065.0,2.5837038765334386,0.025508902520766874,1104.1524135044642,1.0382654661542021,1.033155323839326,1080.1720232282366,1076.4726521809896,1,1.902807745697733,2.4084541780600857,1,3,1,0,0,14807475.285714285,1.523356586099606,1
2022-03-23,1150.049072265625,1161.6664689349448,1142.7119015169374,1142.7119015169374,15462187.0,0.31801652075913456,0.003175119177526702,1113.2140241350446,1.033088918511605,1.0165873545141566,1084.7222290039062,1079.825752766927,1,1.9014491130982634,2.3868861150777962,2,3,1,0,0,15265298.714285715,1.0128977682912965,1
2022-03-24,1167.9166259765625,1170.407753742212,1136.823891628139,1136.823891628139,13168266.0,1.5536340267409576,0.015416886988766252,1123.5534842354912,1.0394846728380338,1.0295418334901236,1091.2037876674108,1083.1864013671875,1,1.920985481610815,2.374096079462088,3,3,1,0,0,15954954.142857144,0.8253402599652903,1
2022-03-25,1175.7069091796875,1184.8331776508987,1167.169339474114,1169.6604672992412,14222488.0,0.6670239150514012,0.006648091537385434,1138.59033203125,1.0325987109711545,1.0151339120891776,1099.9483293805804,1086.3923055013022,1,1.3271217197727643,2.2310768296930146,4,3,1,0,1,15711628.285714285,0.9052204991975098,1
2022-03-28,1187.5281982421875,1191.0608703717303,1171.472198621402,1182.115739135411,9891424.0,1.0054622432003946,0.010004411006655712,1152.7343052455358,1.0301837924301562,1.0167214141089993,1112.3194580078125,1090.0292317708333,1,1.3237510550300757,1.815145699978104,0,3,1,1,0,15531856.285714285,0.6368475099204866,1
2022-03-29,1187.7998046875,1194.7973413665754,1180.9381215710694,1194.7973413665754,8684065.0,0.02287157860458855,0.00022868963457791858,1161.84765625,1.0223369632824872,1.0117357713688406,1124.841020856585,1093.7454182942708,1,1.0439963686451394,1.8044629264712355,1,3,1,0,0,13712137.285714285,0.633312285244352,1
2022-03-30,1210.626953125,1217.4433519238278,1185.3314742474283,1195.6580225208536,15811550.0,1.921800992677003,0.019035676329922313,1175.1472691127233,1.030191691666922,1.0270910529029758,1135.1562325613838,1098.7939453125,1,0.9156785870995154,1.3845764702190522,2,3,1,0,0,14256720.714285715,1.1090593914879945,0
2022-03-31,1193.325439453125,1209.1550162306944,1190.5400818204482,1207.0036419353132,13223718.0,-1.429136665693298,-0.014394471758182863,1181.8504289899554,1.0097093593078241,1.0156357057561491,1143.00142124721,1102.067032877604,1,1.106996081865978,1.5009448433884174,3,3,1,0,0,12923385.42857143,1.0232394656252057,1
2022-04-01,1202.8819580078125,1207.094137293246,1187.5507515318518,1193.891542920345,7922880.0,0.800830874691405,0.007976412419683372,1189.397984095982,1.011336805755627,1.0164568846730841,1151.3060041155134,1105.7341552734374,1,1.102989623698944,1.4963118664374158,4,4,2,0,1,11846341.57142857,0.6688039469593452,1
2022-04-04,1206.4375,1211.555489970758,1196.45070474843,1202.7009276541294,7929162.0,0.295585279047339,0.002951492847068215,1194.9009660993304,1.0096548033920583,1.0126246615613836,1159.2272251674108,1109.058573404948,1,1.031162240953307,1.5006808340139945,0,4,2,1,0,11097898.142857144,0.7144742092540637,0
2022-04-05,1189.385009765625,1209.245506901818,1186.9619284827404,1200.7305793203725,13149870.0,-1.4134582383567351,-0.01423542698518048,1196.85498046875,0.9937586668184316,1.0187736252396589,1167.72265625,1112.1029337565103,1,1.242760378389525,1.3796212310972258,1,4,2,0,0,10944667.0,1.201486532207878,0
2022-04-06,1186.21484375,1193.2123818265245,1171.7441602323938,1171.7441602323938,12257215.0,-0.26653825208792226,-0.0026689409773754807,1196.6673583984375,0.9912653131423033,1.0183215946985158,1174.7008318219866,1115.411503092448,1,1.1925616627873326,1.3778239130258958,2,4,2,0,0,11282637.142857144,1.0863785518228641,0
2022-04-07,1165.2899169921875,1180.3041331292436,1162.640293061963,1175.3672812713685,15496499.0,-1.76400817002611,-0.01779752219791696,1193.45166015625,0.9764031136708331,1.015192867624397,1177.649658203125,1118.187137858073,1,1.3634238917132733,1.2900719279659765,3,4,2,0,0,12255842.0,1.2644173284871003,1
2022-04-08,1184.6746826171875,1188.909504082465,1159.4697737682463,1159.4697737682463,15152495.0,1.6635144046414974,0.016498295614533802,1189.7441929408483,0.9957389913279343,1.0253906837248032,1182.4457310267858,1121.8346394856771,1,1.2962183968069927,1.3162457476170337,4,4,2,0,1,12161691.285714285,1.245920048784568,0
2022-04-11,1182.2064208984375,1195.0466201854251,1169.8869936426172,1177.5865608022991,9254209.0,-0.20834932618777335,-0.0020856667534586712,1188.15576171875,0.9949927938642436,1.0215060315052051,1185.0030953543526,1127.1858723958333,1,1.1976538031707429,1.1671975256268206,0,4,2,1,0,11594618.57142857,0.7981469112579691,0
2022-04-12,1159.9454345703125,1178.7641486995603,1157.3863798447203,1171.698565177911,13217742.0,-1.8830033346636244,-0.019009575858185867,1182.02197265625,0.9813230730082564,1.0184707278633331,1185.7099783761162,1131.3693196614583,1,1.2778435678027957,1.2951081218456904,1,4,2,0,0,12351027.42857143,1.07017347961058,0
2022-04-13,1155.68798828125,1174.2349955581562,1152.9025109003892,1166.0371790472568,10354235.0,-0.36703849699961655,-0.0036771373605556357,1174.7720424107142,0.9837551001892227,1.018503285799167,1184.8365042550224,1134.2695027669272,1,1.231859463398122,1.2256088324922785,2,4,2,0,0,12697466.42857143,0.8154567730694081,0
2022-04-18,1152.1551513671875,1159.3792305452218,1142.1683569783831,1147.2410619855225,9974224.0,-0.30569123759056627,-0.0030615942764169717,1169.4534912109375,0.985208184871176,1.015068596027621,1183.1542358398438,1136.463134765625,1,1.1808732013125358,1.208172003978253,0,4,2,1,0,12243802.714285715,0.8146344916487722,1
2022-04-19,1196.065673828125,1208.385101413979,1155.4163428280708,1158.564096562945,26141820.0,3.81116400936381,0.03740333203700206,1170.8607526506696,1.0215268306845156,1.0458438717045135,1183.7640555245537,1140.426163736979,1,2.0038815424258365,1.5859964478561106,1,4,2,0,0,14227317.714285715,1.837438407223512,1
2022-04-20,1231.234619140625,1238.2775602010167,1199.824772027751,1203.4481327307994,25072240.0,2.940385806737389,0.028979856109204217,1180.2814243861608,1.0431703775910597,1.0320486699972689,1186.8665422712054,1146.3578735351562,1,2.049123924069051,1.76223609884677,2,4,2,0,0,15595280.714285715,1.6076812248100878,1
2022-04-21,1260.06298828125,1263.1880996959114,1237.3717275306717,1245.9319403276972,21708633.0,2.3414196362303796,0.02314428905569083,1191.0511823381696,1.0579419314353917,1.020863877516225,1190.3976876395088,1154.5488932291667,1,2.111407318649792,1.7957210242910762,3,4,2,0,0,16531871.857142856,1.3131382330803902,0
2022-04-22,1249.5098876953125,1269.075915209395,1242.8972695502075,1249.5551722154648,15054154.0,-0.8375057980499978,-0.008410325830159559,1200.6659633091517,1.0406806937805935,1.0210625980928103,1194.4108625139509,1162.4492919921875,1,2.1789667965394144,1.75844470003297,4,4,2,0,1,17360435.42857143,0.8671530194008958,0
2022-04-25,1220.6138916015625,1249.3288344946673,1206.41491600151,1242.0822318802027,17063215.0,-2.312586429151664,-0.023397462558179982,1209.3328857421875,1.0093282883417594,1.0355714422326519,1195.6774291992188,1167.5959554036458,1,2.271671294890014,1.8882260335382577,0,4,2,1,0,17909788.714285713,0.9527312282801838,1
2022-04-26,1257.1414794921875,1265.9054714118893,1226.36573740708,1227.4074011312523,12227666.0,2.9925587560450717,0.02948655454480136,1223.8262416294642,1.0272221960352523,1.0322413883548383,1199.2991420200892,1173.3842447916666,1,2.3492014580870055,2.038967173296018,1,4,2,0,0,18177421.714285713,0.6726842889049675,1
2022-04-27,1258.3646240234375,1280.851985416539,1247.811532355269,1248.173928367214,19338945.0,0.09729569433538643,0.0009724839275382051,1238.9990234375,1.0156300370053637,1.0264787207078503,1204.2262573242188,1179.1091389973958,1,2.30982262080215,1.9796457176425704,2,4,2,0,0,19515239.0,0.9909663417393966,1
2022-04-28,1277.1605224609375,1291.2689267231667,1261.874481071713,1272.676636154816,25614076.0,1.493676640193753,0.014826311441688816,1250.5840018136162,1.0212512878853237,1.0232942706207109,1210.722377232143,1185.1631429036458,1,2.0384413378163466,1.9884602256088904,3,4,2,0,0,19439847.0,1.3176068721116991,0
2022-04-29,1263.7542724609375,1293.6015662528664,1257.8889681093667,1293.6015662528664,18214862.0,-1.0496918566013758,-0.010552399811989343,1255.2296665736608,1.006791271839954,1.028390898599879,1217.7555454799108,1191.6066528320312,1,1.9480153065751953,1.932982782638539,4,4,2,0,1,18460221.57142857,0.9867087417949348,0
2022-05-02,1259.3157958984375,1270.6613674733935,1249.1703841481765,1250.9594824534263,9467006.0,-0.3512135752353873,-0.0035183177801169,1255.1229248046875,1.003340605936588,1.0172042049650993,1223.0870535714287,1197.2998331705728,1,1.7545402524989708,1.92254705633836,0,5,2,1,0,16711417.714285715,0.5664992738412106,0
2022-05-04,1220.0023193359375,1263.6410258882418,1212.1442565160846,1261.3764403153348,19247660.0,-3.121812391343226,-0.031715794508491706,1250.9075578962054,0.9752937470357563,1.0424840270416063,1225.7867606026787,1200.4996988932292,1,2.1130768328707767,2.1446554732485956,2,5,2,0,0,17310490.0,1.111907288586285,0
2022-05-05,1196.1109619140625,1236.4659436174286,1192.0800401164388,1233.5219702392728,17210669.0,-1.9583042624770841,-0.019777331093397608,1247.4071393694196,0.95887775864319,1.0372339960466532,1228.3700125558037,1203.1190755208333,1,2.061045983339094,2.1504928222906274,3,5,2,0,0,17331554.85714286,0.9930251002786956,0
2022-05-06,1186.9393310546875,1204.3087009820067,1174.6651887519583,1183.112189870724,19649948.0,-0.7667876268517948,-0.007697425582325753,1237.3782610212054,0.959237258682005,1.0252357118555149,1230.602251325335,1204.4702758789062,1,1.4755208391009875,2.161809890709132,4,5,2,0,1,18391880.85714286,1.068403397816083,0
2022-05-09,1140.583251953125,1176.2732081933118,1135.4652620079833,1166.2410086662385,18083752.0,-3.905513777218217,-0.03983824707117745,1220.5523507254463,0.9344812217806218,1.0359394052383097,1229.7756870814733,1204.1547485351562,1,1.8049985167164395,2.426096931532248,0,5,2,1,0,18212567.57142857,0.9929271053670294,0
2022-05-10,1120.813232421875,1144.3423749690376,1113.272161583261,1130.0301899582084,19511677.0,-1.7333254277928423,-0.017485233891153446,1198.2170235770088,0.9354008584153961,1.0279089107389423,1224.4005126953125,1202.5846354166667,0,1.2863135955043328,2.189210883559091,1,5,2,0,0,17340796.285714287,1.125189217295294,0
2022-05-11,1109.3319091796875,1125.478478168712,1096.9445548183617,1119.9075231154202,16643899.0,-1.0243743480239265,-0.010296571702655216,1176.1566859654017,0.943183780202836,1.02601218377448,1215.6931762695312,1200.3721354166667,0,1.2889421221759503,1.9629176220543196,2,5,2,0,0,17116373.0,0.9723963715911075,0
2022-05-12,1086.7313232421875,1102.787203178042,1073.4155164726255,1099.458311385817,20490321.0,-2.037315049759303,-0.020583545641099123,1151.5017613002233,0.9437513339233629,1.0273628303808533,1203.3123430524554,1197.0122395833334,0,1.1100704495975795,1.776945646862026,3,5,2,0,0,18691132.285714287,1.0962589471190485,1
2022-05-13,1099.0506591796875,1122.3306194635952,1093.955311378371,1098.7789520224087,19308778.0,1.1336137713180205,0.011272365207431875,1134.2229527064733,0.968989964942203,1.0259382698635757,1192.5652553013392,1194.053934733073,0,1.5293380385397661,1.8696222702098793,4,5,2,0,1,18699863.42857143,1.0325625143603034,1
2022-05-16,1099.322265625,1123.6891694506164,1094.5439104656627,1102.6058723181322,13437911.0,0.024712823111827653,0.0002470976999669381,1120.39599609375,0.981190819547532,1.0266277658724117,1183.901567731585,1190.3437784830728,0,1.6056331096259255,1.837474147202912,0,5,2,1,0,18160898.0,0.7399364833170694,1
2022-05-17,1145.4971923828125,1150.3661168047677,1101.4962137094635,1102.9002734069516,16551828.0,4.2003085174992405,0.041144904147322095,1114.4756905691963,1.0278350636771383,1.0443668371139716,1175.9269757952009,1188.7495035807292,0,2.6073699482280897,2.0425478431431148,1,5,2,0,0,17718309.42857143,0.9341651959926586,1
2022-05-18,1149.6641845703125,1163.9990123371506,1136.0313867118257,1150.2530031709175,17276788.0,0.3637714885037724,0.003631114402517934,1115.7729666573662,1.030374654096951,1.0246187085607517,1168.1626586914062,1186.9755777994792,0,2.126897569530994,2.0511980844102413,2,5,2,0,0,17603028.85714286,0.981466777121684,0
2022-05-19,1123.16845703125,1137.956250241304,1116.918234266966,1125.0481241931686,14699118.0,-2.30464929626083,-0.023316215546196412,1116.1094273158483,1.006324675289571,1.0188357708996891,1157.1632254464287,1184.1999430338542,0,2.219380693993558,2.0001522313900346,3,5,2,0,0,16915520.42857143,0.8689722590605147,1
2022-05-20,1188.660400390625,1197.6961004424857,1133.2006360812218,1137.956229855782,21793091.0,5.830999165742501,0.05667328830648488,1127.4420689174108,1.0542984275298484,1.0569144265434751,1151.7993774414062,1184.1757893880208,0,3.0302352736891858,2.6867468872101146,4,5,2,0,1,17651119.285714287,1.2346577374069396,0
2022-05-23,1180.7117919921875,1201.84037705705,1174.4161648907582,1191.8534622113486,15252755.0,-0.6687030539442085,-0.0067094889039981155,1140.8678501674108,1.034924239313896,1.0233513578798898,1146.184805733817,1183.9923543294271,0,2.837339603422559,2.6876107965927822,0,5,2,1,0,16902895.57142857,0.9023752726593277,1
2022-05-24,1184.7652587890625,1194.7973375363194,1176.5448004718992,1180.7569797022973,13527818.0,0.34330704786438293,0.0034271909449145317,1153.11279296875,1.027449583434784,1.0155136778957328,1143.6678728376116,1184.641532389323,0,2.8572691464877433,2.5775768059395525,1,5,2,0,0,16077044.142857144,0.8414368885097739,0
2022-05-25,1183.0216064453125,1203.2670225299605,1178.2658929997126,1193.438723782862,12714544.0,-0.14717281172914598,-0.0014728121728710072,1165.0698416573662,1.0154083164339822,1.021218580355066,1142.732918875558,1184.5864298502604,0,2.8688936941893632,2.5263313373454226,2,5,2,0,0,15973706.0,0.7959670723875849,0
2022-05-26,1171.743896484375,1193.393371125466,1154.0347740615534,1188.6376579513867,17882023.0,-0.9532970403494323,-0.009578700023989032,1168.819370814732,1.0025021194400674,1.034105208914453,1141.6475306919642,1184.2376790364583,0,2.584319383364747,2.5308931694094734,3,5,2,0,0,16163733.857142856,1.1063052112861795,0
2022-05-27,1166.3089599609375,1179.9191164627784,1150.4568600156867,1174.4388502012214,16521973.0,-0.4638331413326813,-0.004649121851825685,1171.1971958705358,0.9958262913138509,1.0256091796842257,1143.4850812639509,1184.449796549479,0,2.6025595911392525,2.2840246228868013,4,5,2,0,1,16055903.142857144,1.0290279439901953,1
2022-05-30,1206.9356689453125,1211.1024440039564,1174.959644745959,1184.3802630005096,13853398.0,3.4833573589056366,0.03424061532319339,1183.1639404296875,1.0200916607608848,1.030760885635193,1149.636683872768,1186.1580525716147,0,2.5810157069966957,2.3711840944143976,0,5,2,1,0,15935086.0,0.8693644954285155,0
2022-05-31,1192.374267578125,1213.2764285050257,1184.6973432373502,1196.337262181718,70620653.0,-1.2064770096580246,-0.01213814016112395,1183.6944928850446,1.0073327828635283,1.0241235328422187,1155.5682809012276,1187.498689778646,0,1.5957521427508945,2.3809980195412406,1,5,2,0,0,22910452.0,3.0824644140587014,1
2022-06-01,1192.7593994140625,1202.587698682473,1184.9238588339676,1193.121675611818,9776989.0,0.03229957626642577,0.00032294361076250146,1185.4155796595983,1.0061951436107943,1.0149071518113304,1163.1417149135045,1187.3884806315104,0,1.5644317946690651,2.270154310886591,2,6,2,0,0,22128199.714285713,0.441833909953736,1
2022-06-02,1233.88427734375,1237.5755649319342,1192.98576447725,1192.98576447725,22126569.0,3.4478770781340984,0.03389769675688078,1192.432582310268,1.0347622965427294,1.0373766408471963,1172.7726876395088,1187.4768025716146,1,2.0046832179909178,2.3861881251350354,3,6,2,0,0,23356592.714285713,0.9473371938564743,1
2022-06-03,1258.8853759765625,1276.0283243723425,1241.9009234208313,1242.8068535360608,23939791.0,2.026210973903786,0.020059564617349056,1203.270263671875,1.0462199673537793,1.0274799706706932,1184.1700526646205,1187.437548828125,1,2.0378926736010787,2.392508508888572,4,6,2,0,1,24960199.42857143,0.9591185787000007,0
2022-06-06,1253.4730224609375,1274.5110388345445,1246.3395117355965,1259.1119042533817,11093152.0,-0.42993219390021764,-0.0043085905990787,1214.9458530970983,1.0317110176273512,1.0226034133024617,1191.882611955915,1187.5696533203125,1,1.966512527958129,2.230454274051649,0,6,2,1,0,23990360.714285713,0.4624003837255469,1
2022-06-07,1255.8282470703125,1264.1392757142603,1246.452912224144,1254.537398429056,12358255.0,0.1878959153625015,0.0018771961179770461,1227.7343226841517,1.022882739259696,1.0141893555036565,1199.4657592773438,1188.7434651692708,1,1.9008608382862142,2.232794405887532,1,6,2,0,0,23395543.85714286,0.5282311484384202,0
2022-06-08,1233.771240234375,1259.5648526706225,1230.261090240729,1255.8282800323343,12479250.0,-1.7563712941951803,-0.01771978511949681,1231.5679757254463,1.0017889913933746,1.02381914104441,1207.365958077567,1187.9644571940105,1,1.825664338409908,2.181088635516026,2,6,2,0,0,23199237.0,0.5379163978539466,1
2022-06-09,1267.60400390625,1269.5288357275542,1227.4075206691546,1227.4075206691546,17278305.0,2.742223401596555,0.027052979868029927,1242.3150809151787,1.020356287530891,1.034317302402902,1213.0047869001116,1188.2724365234376,1,1.8814217110062441,1.7314376972701622,3,6,2,0,0,15578901.57142857,1.1090836488554563,0
2022-06-10,1229.33251953125,1263.5957731905055,1223.5577842447772,1255.4432409626409,18093057.0,-3.0191987605799997,-0.030657152441323002,1247.5398123604912,0.985405441454577,1.0327225975440475,1216.4776960100446,1186.6781697591146,1,2.396944262802154,1.9508360354504926,4,6,2,0,1,16766911.285714285,1.0790930238544063,0
2022-06-13,1206.0750732421875,1210.558959942895,1184.9691305419672,1200.2325310142617,17620803.0,-1.8918759505305083,-0.019100008885726986,1243.5670689174108,0.9698512475825997,1.0215953553061958,1217.9998256138392,1184.7555297851563,1,2.1201490947237325,2.037121371501331,0,6,2,1,0,16123230.42857143,1.0928829106588203,0
2022-06-14,1190.3134765625,1210.1286894158018,1183.6782159302647,1200.2551062805885,14714312.0,-1.3068503801605735,-0.013154648038023178,1233.7710832868304,0.9647766045800352,1.0223460000611309,1218.5206734793526,1182.4554524739583,1,1.8684463541401226,2.0732409595596324,1,6,2,0,0,14805304.857142856,0.9938540369130625,0
2022-06-15,1175.91064453125,1194.4802922065517,1170.520948203621,1185.535162159316,11195535.0,-1.2100032734942978,-0.012173834067596524,1222.6907435825892,0.9617400399104442,1.0204689578940904,1218.8182983398438,1180.9857299804687,1,1.867209649569326,2.0840346117085384,2,6,2,0,0,14819931.0,0.7554377277465057,0
2022-06-16,1159.469970703125,1204.3314838613276,1156.7524198124486,1188.00377585387,17111475.0,-1.3981227149005626,-0.01407988515811755,1208.9252755301338,0.9590915122480818,1.0411315880857144,1218.329799107143,1179.7643636067708,1,1.8094590506467905,2.116304035191788,3,6,2,0,0,15498962.42857143,1.1040400335738603,1
2022-06-17,1173.0574951171875,1188.8416691150956,1157.7036439406018,1159.469980153735,24457187.0,1.1718737662367307,0.01165060502524945,1200.2518833705358,0.977342765606015,1.0268963696689302,1215.9099295479912,1179.3016357421875,1,1.969254941594819,1.9010685928084154,4,6,2,0,1,17210096.285714287,1.4210953032436755,0
2022-06-20,1151.79296875,1185.331550638825,1141.8513382748356,1179.851164692969,12066797.0,-1.8127437449315442,-0.018293752418938516,1183.7074497767858,0.9730385400270954,1.038078698081382,1213.011265345982,1179.67529296875,1,1.2700110878801911,1.9327324672132988,0,6,2,1,0,16465595.142857144,0.7328491254222679,1
2022-06-21,1170.3851318359375,1174.597191210546,1145.1122963870148,1159.4697654774316,11720049.0,1.6141931397718912,0.016013035657273942,1175.2863943917412,0.9958297291798904,1.025748474552723,1211.4131033761162,1181.3276896158854,0,1.451050370136902,1.9944861651438937,1,6,2,0,0,15555165.42857143,0.7534506176625315,0
2022-06-22,1134.8310546875,1158.6998308652678,1132.747607320494,1158.6092618232658,10617206.0,-3.037810049130174,-0.030849077795191995,1165.108677455357,0.9740130484359754,1.0229108614991151,1204.3378731863838,1182.1776611328125,0,1.6589273045966209,1.8508796233625184,2,6,2,0,0,14554651.57142857,0.729471670819111,0
2022-06-23,1116.419921875,1143.6177098347453,1107.3842221697334,1139.1111811125647,19446323.0,-1.6223677292273142,-0.0163567220911157,1154.552455357143,0.9669720216650121,1.0327198879482122,1194.1617693219866,1183.1672810872396,0,1.677458434809801,1.7069514474232488,3,6,2,0,0,15230653.142857144,1.276788514425589,1
2022-06-24,1132.3175048828125,1137.2768791745684,1117.8014186070498,1123.2365200121849,14240234.0,1.423978800119663,0.014139354531371906,1148.3248639787946,0.9860602521132228,1.0174230057712648,1185.507803780692,1184.2761759440104,0,1.8794092923610393,1.810062365580078,4,6,2,0,1,15665610.142857144,0.9090124080799333,0
2022-06-27,1128.9659423828125,1152.6535844959913,1123.938521096388,1152.6535844959913,15474529.0,-0.2959914057273916,-0.0029643032661475634,1143.9671456473213,0.9868866834842357,1.0255486068504815,1176.4462105887276,1185.264298502604,0,1.8396213727722266,1.7962013772380487,0,6,2,1,0,15431760.714285715,1.0027714456247818,1
2022-06-28,1144.8404541015625,1147.6712157735933,1124.1874785863165,1124.1874785863165,13572847.0,1.4061107711756948,0.013963167368727984,1139.9361397879463,1.0043022711031238,1.0208895203287693,1170.0940115792412,1185.2424072265626,0,1.8740559327975903,1.856764436901522,1,6,2,0,0,13876855.0,0.9780924424158067,1
2022-06-29,1168.59619140625,1176.2279518820312,1132.7477384681235,1135.555858296585,19205146.0,2.0750260195277814,0.02053790612349436,1142.3366001674108,1.022987612613472,1.0383847276293912,1163.0220249720983,1185.8734741210938,0,1.9371428944975715,1.7733684662937108,2,6,2,0,0,14896619.142857144,1.2892285031807889,1
2022-06-30,1175.616455078125,1184.7880089664673,1162.187437050855,1168.5282289340553,23112959.0,0.6007433297747555,0.005989460614212977,1143.0839320591517,1.0284603099619896,1.0194465808139892,1159.1851632254463,1187.6217407226563,0,1.8518594693764907,1.647364231811455,3,6,2,0,0,16524177.714285715,1.3987358039618552,0
2022-07-01,1090.9434814453125,1173.9633211779058,1071.1510274067675,1166.218468693317,81997149.0,-7.20243181924377,-0.07474975148803968,1136.8142787388392,0.9596496999101604,1.095983004394856,1150.9614780970983,1184.3645100911458,0,3.198942055304051,2.454367820190781,4,7,3,0,1,26721312.42857143,3.0686048531181265,1
2022-07-04,1093.2078857421875,1106.0254419629423,1071.648979247077,1077.4689986763794,41857728.0,0.2075638505007582,0.002073487343580531,1133.4982735770088,0.9644548308770899,1.0320780996217789,1144.0253644670759,1181.4477132161458,0,3.168123292994135,2.4582370715396173,0,7,3,1,0,29922941.714285713,1.3988507012335762,1
2022-07-05,1102.0625,1116.3973279805082,1094.7478514073186,1097.42011751126,17647327.0,0.8099661897152277,0.00806703569148321,1129.1761300223213,0.9759881303709588,1.0197757653009858,1138.750497000558,1178.6909545898438,0,3.122054758978371,2.4774395731731014,1,7,3,0,0,30409669.285714287,0.5803195961848319,0
2022-07-06,1092.3699951171875,1106.0027924376789,1081.5679595799388,1096.106567126978,23943726.0,-0.8794877679634827,-0.008833780883578793,1123.9481375558037,0.9719042708613872,1.0225920457806739,1133.9576416015625,1175.6692342122396,0,3.128382377196155,2.4657456047962247,2,7,3,0,0,31619554.57142857,0.7572442535808379,0
2022-07-07,1081.6131591796875,1102.0623535548807,1075.6799289511744,1098.733462298577,23301033.0,-0.9847245883338296,-0.009896050668535638,1114.9156668526787,0.9701300208947627,1.024526277653456,1127.4259033203125,1172.6648763020833,0,3.023774359740045,2.427339259194273,3,7,3,0,0,33009295.42857143,0.705893073374466,1
2022-07-08,1083.10791015625,1095.155510044553,1079.0995110804106,1095.155510044553,19010108.0,0.1381964488760712,0.0013810104546962629,1102.7030552455358,0.9822298986149788,1.014879071669736,1122.5198277064733,1169.8915079752603,0,2.8006913258113424,2.4051602460873607,4,7,3,0,1,32981432.85714286,0.576388178231709,1
2022-07-11,1097.827880859375,1100.04706229237,1073.4155672927277,1076.3595407614398,13847467.0,1.3590493214107768,0.013498970752420826,1091.5904017857142,1.00571412048279,1.0248100510288012,1117.337166922433,1166.2545817057292,0,2.888223821974339,2.389554462174928,0,7,3,1,0,31657791.14285714,0.4374110290106063,0
2022-07-12,1096.2650146484375,1104.9837222205626,1088.8145132177926,1088.8145132177926,10778989.0,-0.1423598578780938,-0.0014246128579695843,1092.350620814732,1.0035834591559858,1.0148502879108259,1114.5824497767858,1163.0509399414063,0,0.8457534148949365,2.26860645228159,1,7,3,0,0,21483768.285714287,0.5017271112148203,0
2022-07-13,1076.8349609375,1102.4022679488555,1074.7742754785731,1099.3677256155834,14224132.0,-1.7723865535532513,-0.01788281416352486,1090.0116315569196,0.9879114403572018,1.02570585573234,1111.7549525669642,1159.1867919921874,0,1.0891530442702149,2.2760722993222404,2,7,3,0,0,17536111.714285713,0.8111337468506418,1
2022-07-14,1085.7120361328125,1102.379494520794,1076.563125697215,1081.567903645538,16970315.0,0.8243672909341804,0.008209879432376391,1087.6758510044642,0.9981944851769595,1.0239803576839581,1108.425990513393,1154.2477172851563,0,1.0914125669271002,2.2479697206155382,3,7,3,0,0,17439395.714285713,0.9731022380608372,1
2022-07-15,1087.8182373046875,1093.796752824721,1079.3487135847497,1093.796752824721,9603210.0,0.19399261514840838,0.0019380469247290727,1087.025599888393,1.0007291800822133,1.0133858863758554,1105.4868687220983,1148.545479329427,0,1.0562181317735468,2.2514370093917497,4,7,3,0,1,15390750.57142857,0.62395982284499,1
2022-07-18,1097.080322265625,1098.3257662865883,1083.5153331838935,1096.5141460013815,15160908.0,0.8514368157576113,0.008478325368227678,1089.2351946149554,1.0072024184395207,1.0136688726491525,1102.075430733817,1143.3323893229167,0,1.01395133247386,2.224957466730331,0,7,3,1,0,14227875.57142857,1.0655777753950195,1
2022-07-19,1103.8062744140625,1108.290160910551,1087.1388148491112,1087.1388148491112,16439888.0,0.6130774576785347,0.006112057838110997,1092.192103794643,1.0106338166876212,1.0194559754214787,1097.4475795200892,1138.264990234375,0,1.024376687835682,2.1385512964179916,1,7,3,0,0,13860701.285714285,1.1860790923287545,1
2022-07-20,1133.6533203125,1151.5435797812088,1126.0669656922796,1150.4113470529703,23924246.0,2.7040112554425733,0.02668098817240782,1097.310023716518,1.0331203541483105,1.022624421872874,1094.4502127511162,1134.9277262369792,0,1.3392637419948024,2.2821453606174464,2,7,3,0,0,15300241.142857144,1.5636515644832787,0
2022-07-21,1126.08984375,1132.2949020971544,1117.484465892399,1129.577351299841,16523230.0,-0.667177207262537,-0.006694127834432986,1101.5707135881696,1.0222583351748376,1.0132533709924354,1096.9606672014509,1130.210587565104,0,1.3927147235618262,1.119334853337599,3,7,3,0,0,16120847.0,1.0249604130601822,1
2022-07-22,1133.698974609375,1139.6774905895736,1130.0303289124045,1132.29491466853,10969995.0,0.6757125909275352,0.006734398856261766,1109.6941441127233,1.0216319340099296,1.0085370820856234,1099.8528878348213,1127.022802734375,0,1.0145077791054873,1.1255071548569247,4,7,3,0,1,15655970.285714285,0.7006908418834871,0
2022-07-25,1096.2425537109375,1117.5523977830069,1088.3618480432954,1117.5523977830069,23110452.0,-3.3039123909716306,-0.033597243405984335,1111.1985037667412,0.9865407035690689,1.026820629363471,1099.4371773856026,1123.36171875,0,1.8305274434881933,1.4599075149106584,0,7,3,1,0,16533132.714285715,1.3978265583044072,1
2022-07-26,1096.74072265625,1106.886133119494,1092.143624721455,1096.5595845623452,11303288.0,0.04544331394782386,0.00045432991601003644,1112.47314453125,0.9858581558104677,1.0134986901578984,1099.7493722098213,1120.242626953125,0,1.8308265974886215,1.4391853378865789,1,7,3,0,0,16776001.0,0.673777260742891,0
2022-07-27,1095.69921875,1099.2318912980984,1087.908961771392,1096.0388527256464,8655086.0,-0.09496354833323783,-0.0009500866727742657,1112.275844029018,0.9850966598186902,1.0104079752300872,1100.7555193219866,1117.5689127604167,0,1.803518022927548,1.4098861558767122,2,7,3,0,0,15846597.857142856,0.5461794435642044,1
2022-07-28,1112.86474609375,1117.7788361232904,1096.5143960795697,1103.3081533989875,12496073.0,1.5666276885122565,0.015544827566228075,1113.5699114118304,0.9993667525398685,1.0193927595659014,1102.8810076032366,1116.0154052734374,0,1.891745407912764,1.4633976139727851,3,7,3,0,0,15283195.714285715,0.8176348215131147,1
2022-07-29,1136.57470703125,1140.039571763476,1115.9896583759382,1120.8358207488034,15130683.0,2.130533923437139,0.021081553468767285,1113.9872523716517,1.0202762236385652,1.0215503013016598,1105.648638044085,1114.7993123372396,0,1.7703296836447022,1.5235369688668436,4,7,3,0,1,14026972.42857143,1.0786848749471005,1
2022-08-01,1166.19580078125,1172.038463313215,1135.7370437974075,1140.968245399228,15700044.0,2.6061721738794175,0.02572790257932979,1119.7166748046875,1.0415097202912245,1.0319628735489965,1110.6436941964287,1115.2794067382813,1,1.9702483095843246,1.6404571595385786,0,8,3,1,0,13909374.42857143,1.1287383254095407,1
2022-08-02,1170.6341552734375,1181.119198519279,1160.1717542868648,1165.1312476689257,13917913.0,0.3805839884875484,0.0037986159990946976,1124.993129185268,1.0405700487444074,1.0180554682140923,1117.3436366489955,1115.2877075195313,1,1.9694671340831673,1.5114076083192682,1,8,3,0,0,14330505.57142857,0.9712087916666962,1
2022-08-03,1180.4625244140625,1182.11564904104,1162.8440902328596,1177.586478112168,14250977.0,0.8395764890636759,0.008360716492023744,1137.0245535714287,1.0382031950903732,1.0165727795927666,1124.111528669085,1116.8087565104167,1,1.054071900181328,1.511579779545136,2,8,3,0,0,13064866.285714285,1.0907862880757273,0
2022-08-04,1164.8594970703125,1185.6258045890304,1148.1468730281574,1182.115655170841,14467127.0,-1.321772357957296,-0.01330585514851878,1146.7558070591517,1.0157868745025915,1.0326429766446386,1129.6144757952009,1118.423409016927,1,1.3579374032326381,1.5956230545006262,3,8,3,0,0,13516843.285714285,1.0703036718114542,0
2022-08-05,1147.6939697265625,1167.9846710602349,1144.5009315875282,1166.716584589606,13942438.0,-1.473613546262209,-0.014845790905169388,1154.183628627232,0.9943772734773684,1.020518759596056,1133.229736328125,1118.9359578450521,1,1.6000213410745745,1.6754356030599697,4,8,3,0,1,14272179.285714285,0.976896220323946,1
2022-08-08,1162.708251953125,1170.1361123075012,1146.3352600049257,1146.3352600049257,10165178.0,1.3082130448188733,0.012997298434311301,1161.3041294642858,1.001209091101301,1.0207625579819235,1137.437020438058,1120.060701497396,1,1.5788739839260342,1.6944791907775214,0,8,3,1,0,13939194.285714285,0.7292514754900775,1
2022-08-10,1169.6605224609375,1173.0120563323646,1158.1336946618562,1167.1241099957583,10724688.0,0.5979376594372754,0.005961571064203328,1166.0306745256696,1.003112995236377,1.0128468429328037,1140.0089634486608,1120.888037109375,1,1.4374208995979791,1.5610330981399025,2,8,3,0,0,13309766.42857143,0.8057758231562827,1
2022-08-11,1173.5555419921875,1182.070349687536,1168.6186906335156,1178.9905230785732,8198226.0,0.3330042740140593,0.003324510426307127,1167.082066127232,1.0055467186523022,1.0115107341358096,1143.39937046596,1121.053348795573,1,1.071231595445922,1.5393063908777236,3,8,3,0,0,12238078.142857144,0.6698948890749618,1
2022-08-12,1192.5328369140625,1196.31469366612,1169.5247047340197,1173.193230375856,12650587.0,1.617076844071641,0.016041414206501847,1170.21044921875,1.019075532704579,1.0229067319601368,1147.6017892020088,1121.6172281901042,1,1.2180821191779185,1.5767841213883538,4,8,3,0,1,12057031.57142857,1.0492289851822212,1
2022-08-16,1200.8212890625,1203.5388398516432,1189.9513255065965,1198.511418811862,6607378.0,0.695029259729707,0.0069262506484724425,1173.1188441685267,1.0236143550431227,1.0114185463336176,1155.0716988699776,1125.2798217773438,1,1.208030241287562,1.1687568387982992,1,8,3,0,0,10965088.857142856,0.6025831697383679,1
2022-08-17,1207.09423828125,1212.4160085847718,1202.746205068067,1207.0263114935751,6595965.0,0.5223882417713765,0.005210285276644084,1179.152378627232,1.0236965638712003,1.008039770548399,1162.954092843192,1129.076033528646,1,0.9891753165046206,1.156373758716969,2,8,3,0,0,9840637.142857144,0.6702782456304368,1
2022-08-18,1209.2833251953125,1212.7820913718715,1199.6955520359063,1208.6925853891362,7410035.0,0.1813517822087718,0.0018118753840694756,1187.9508579799108,1.0179573650476395,1.0109082169336687,1171.0672433035713,1132.6500610351563,1,0.522592665658012,1.1441778381296233,3,8,3,0,0,8907436.714285715,0.831893084136743,0
2022-08-19,1187.72216796875,1209.464997552082,1183.6779742626552,1204.148579928399,9460724.0,-1.7829698613499145,-0.017990562663191313,1191.5242745535713,0.9968090397602299,1.0217855057288618,1176.4142020089287,1135.828466796875,1,1.0313673133247292,1.2925573841723332,4,8,3,0,1,8806800.42857143,1.0742521165015937,0
2022-08-22,1184.4278564453125,1195.651432697685,1175.0673642837935,1189.1536549981986,9471680.0,-0.27736381556904277,-0.00277749181742473,1193.6338936941963,0.9922873861931049,1.0175173518042837,1179.832284109933,1139.2556233723958,1,1.0435039531826666,1.2128988144755652,0,8,3,1,0,8627799.285714285,1.0978094976876656,1
2022-08-23,1202.694580078125,1205.602726680644,1177.4982950302235,1178.7024907985583,9678484.0,1.542240292087893,0.015304686436162892,1197.7966134207588,1.004089147191173,1.0238679170653908,1182.4393397739955,1143.241845703125,1,1.1652571809169132,1.0838810696511814,1,8,3,0,0,8839264.714285715,1.0949422053576434,0
2022-08-24,1199.490966796875,1213.2365143204822,1197.491706212183,1199.65009995872,10369622.0,-0.2663696448222064,-0.002667250400108442,1198.7906319754463,1.0005842011129789,1.0131481562892004,1184.5005405970983,1146.630615234375,1,1.0360424238646428,1.0905466993251542,2,8,3,0,0,8513412.57142857,1.2180335339087123,0
2022-08-25,1195.9920654296875,1210.010084840808,1191.6979945608696,1203.6713213411974,7871946.0,-0.29169885093265346,-0.0029212512118292917,1198.1007428850446,0.9982399831834847,1.0153663850770231,1185.6097935267858,1149.9548502604166,1,1.0063483721659927,1.079743237460283,3,8,3,0,0,8694065.142857144,0.9054390403857764,0
2022-08-26,1189.60791015625,1204.148643044039,1184.6096383933834,1196.4238336256965,10742038.0,-0.5337957882809108,-0.005352255683391226,1195.6026960100446,0.9949859716159889,1.0164940449726168,1187.3775373186384,1153.7139485677083,1,0.9846086783441986,1.018813923936749,4,8,3,0,1,9286361.285714285,1.1567542624606972,0
2022-08-29,1180.3609619140625,1206.4205794013706,1171.4547933496003,1174.6128173581192,19838975.0,-0.7773105880720776,-0.007803473940026306,1191.4709298270088,0.9906754183968556,1.0298481736130771,1189.71089390346,1156.8689127604166,1,0.9887246053148032,0.9477021194791465,0,8,3,1,0,11061924.142857144,1.7934470299916434,1
2022-08-30,1198.673095703125,1201.9902529871206,1170.795945790086,1187.790382333822,23139054.0,1.5514011713304798,0.015394899789794152,1193.0353480747767,1.0047255495299834,1.0266436754493404,1192.2798113141741,1160.5640747070313,1,0.9814384612435609,0.9714138201961146,1,8,3,0,0,13015971.285714285,1.777743165843976,0
2022-09-01,1163.4346923828125,1183.6780172121637,1159.0270403092493,1173.5450568236956,19909939.0,-2.939784287027991,-0.029838619543142594,1190.0363246372767,0.9776463695235753,1.021268681441925,1191.8351091657366,1162.7758870442708,1,1.5303889692446913,1.2779324317376441,3,9,3,0,0,14507151.142857144,1.3724223869965686,0
2022-09-02,1149.8482666015625,1170.2278880627014,1147.6671567250864,1163.4346809089884,12999345.0,-1.167785855983361,-0.011746580289114971,1182.486851283482,0.9723983529740788,1.01965790447641,1190.1417323521205,1164.3106201171875,1,1.3329431645043777,1.3076958506006355,4,9,3,0,1,14981559.857142856,0.8676896881203072,1
2022-09-05,1167.7060546875,1173.022472536249,1150.0754462865928,1150.0754462865928,11327815.0,1.5530560513620673,0.01541119564124176,1177.9461495535713,0.9913068225827197,1.0199526268678707,1188.3683907645088,1165.445711263021,1,1.5721008470032307,1.3011832807556492,0,9,3,1,0,15118444.57142857,0.7492711929775996,1
2022-09-06,1179.9974365234375,1184.1552111927028,1168.7057123414318,1169.1601553219334,10899618.0,1.0526092407071586,0.010471078811768895,1175.6612025669642,1.0036883363566012,1.013219323468796,1186.8809727260045,1167.2426310221354,1,1.6630614375218729,1.3222224225391588,1,9,3,0,0,15550969.142857144,0.7008963814326905,0
2022-09-07,1173.1361083984375,1179.1114147484411,1167.796974159679,1170.068948733432,7488501.0,-0.5814697483763287,-0.005831668657314645,1173.3080880301338,0.9998534232965316,1.009688705176603,1184.4553920200892,1168.5572021484375,1,1.6648473379195694,1.3140671575008769,2,9,3,0,0,15086178.142857144,0.49638158379732394,1
2022-09-08,1174.7945556640625,1180.519984126391,1168.2513462113554,1176.0896159479148,7057077.0,0.14136869999585855,0.0014126886852505848,1172.5128871372767,1.0019459645619389,1.010501710915911,1181.991908482143,1171.1756022135417,1,1.646671720793176,1.313228154373363,3,9,3,0,0,13260192.714285715,0.5322001838176258,0
2022-09-09,1167.4788818359375,1185.9727033347192,1165.0704903678632,1185.9727033347192,8314850.0,-0.6227194187148566,-0.006246664031288642,1168.0565708705358,0.9995054271779253,1.0179407281702382,1180.5459594726562,1173.5335408528647,0,1.490649099676113,1.2401135552675482,4,9,3,0,1,11142449.285714285,0.7462318011768252,1
2022-09-12,1180.542724609375,1186.881609136413,1168.046804859231,1168.046804859231,7435419.0,1.1189789362950897,0.011127646814925236,1170.5005754743304,1.0085793628345507,1.016125042420241,1180.2684500558037,1176.3616577148437,0,1.0458489505022381,1.2815571722972248,0,9,3,1,0,9360375.0,0.7943505468530908,1
2022-09-13,1190.403076171875,1194.9243089400052,1181.8832020191865,1189.607891122723,8888657.0,0.8352388572605562,0.008317700394090645,1176.2941196986608,1.011994412143137,1.0110341757108814,1179.3904854910713,1178.946268717448,0,0.8629904327176742,1.2282608122336205,1,9,3,0,0,8773133.857142856,1.013167830873011,0
2022-09-14,1176.135009765625,1185.9726599528265,1169.046493026583,1170.0688394223357,8678219.0,-1.1985911908203084,-0.012058322133707096,1177.498256138393,0.9988422518966281,1.014478608872452,1177.722202845982,1180.2649454752604,0,0.9274372207647565,1.2646705465179107,2,9,3,0,0,8394620.142857144,1.0337834055998552,0
2022-09-15,1164.479736328125,1183.0417041001508,1161.7760353689523,1173.7039298739198,10365600.0,-0.9909809112665258,-0.009959238096629368,1175.2814418247767,0.9908092605632565,1.0183044477453393,1175.4713221958705,1180.207743326823,0,0.901251200919133,1.2850698254379074,3,9,3,0,0,8318331.857142857,1.2461152281510837,0
2022-09-16,1135.625732421875,1160.0722649582217,1131.899684568862,1155.8690579820689,20217708.0,-2.47784508446951,-0.025090603894217214,1169.922816685268,0.9706843188505662,1.0248896441738038,1171.6154523577009,1179.0407958984374,0,1.2555214078402641,1.4234891432206036,4,9,3,0,1,10136790.0,1.9944881959673624,1
2022-09-19,1137.1024169921875,1146.3038949822844,1127.5146444730449,1135.6256276709717,7580254.0,0.1300326796191298,0.0012994821034746085,1164.5382254464287,0.976440611519022,1.016664307289792,1168.5255562918526,1177.595458984375,0,1.2546289194915592,1.4218043285217774,0,9,3,1,0,10211529.57142857,0.742323071874485,1
2022-09-20,1137.2841796875,1153.119972213298,1133.5808482063046,1146.1903481529216,8411448.0,0.015984725086881646,0.00015983447665827478,1160.2246965680804,0.9802275223511119,1.0172366391315721,1164.140633719308,1176.6762817382812,0,1.2638428856742518,1.3276932540571562,1,9,3,0,0,10225329.285714285,0.8226090099368788,1
2022-09-21,1140.4195556640625,1150.9842421176709,1133.7172134827065,1134.512398474311,9207309.0,0.2756897556971172,0.0027531042850766794,1154.4928152901787,0.9878100067495189,1.0152304546756603,1162.4966953822545,1176.4338012695312,0,1.131927327130084,1.108308302400746,2,9,3,0,0,10478456.42857143,0.8786894389229493,0
2022-09-22,1129.673095703125,1137.352352488463,1123.3116153435435,1129.6276634257686,10308170.0,-0.9423251212734463,-0.009467930951574529,1145.817103794643,0.9859104842840509,1.0124994141902695,1161.0556117466517,1175.3326293945313,0,0.9742026239493475,1.0937185168338348,3,9,3,0,0,10681244.0,0.9650720459152511,0
2022-09-23,1108.498291015625,1134.1488981287762,1106.9533532004175,1129.1733426023927,9528051.0,-1.8744187825700531,-0.01892208666810628,1136.1547154017858,0.9756578712289369,1.0245679231647216,1156.8264857700892,1173.2938883463542,0,1.0570575577947245,1.0736438863638174,4,9,3,0,1,10802648.57142857,0.8820106418346613,0
2022-09-26,1080.257568359375,1098.637929447728,1079.257938059937,1087.845960638479,12479523.0,-2.547655949056571,-0.025806706440348978,1124.1229771205358,0.9609781050170125,1.0179567744691582,1149.7022094726562,1170.183955891927,0,1.242210276492748,1.1371158256397171,0,9,3,1,0,11104637.57142857,1.1238118236392434,1
2022-09-27,1088.8455810546875,1102.363845481466,1072.4191704410875,1087.8231145473603,16154822.0,0.7949967625179744,0.007918533124824568,1117.4400983537946,0.9744106933863995,1.0279225473263987,1143.6814575195312,1166.727714029948,0,1.2355522390078633,1.198795291764482,1,9,3,0,0,10524225.285714285,1.5350129402806263,0
2022-09-28,1059.8551025390625,1080.5528678614462,1057.4241154049128,1072.5327497220442,16997059.0,-2.6624967782432507,-0.02698583198616377,1106.4047677176338,0.9579270927450927,1.0218727302693271,1135.4714965820312,1162.0288411458334,0,1.4028650051434906,1.3082235697390523,2,9,3,0,0,11869483.142857144,1.4319965575104714,0
2022-09-29,1056.6063232421875,1075.7817488504493,1051.017191660742,1072.3738473223364,14671827.0,-0.30653051432143474,-0.0030700128137841837,1094.879359654018,0.9650436040515691,1.023562466329001,1127.5520281110491,1157.012577311198,0,1.3691545399600535,1.3128411485989218,3,9,3,0,0,12763823.0,1.1494853070275262,1
2022-09-30,1080.4393310546875,1091.458340177691,1050.108360317172,1050.108360317172,18613024.0,2.255618510721069,0.022305556185300196,1086.310756138393,0.9945950778352071,1.039376869495668,1120.4017857142858,1152.7177775065104,0,1.8169473666490843,1.460920350259105,4,9,3,0,1,14107496.57142857,1.3193711517673745,0
2022-10-03,1076.6905517578125,1098.251530811662,1073.7369732258553,1086.687214378407,11852723.0,-0.34696805171055,-0.0034757138183453854,1078.7418212890625,0.9980984611046239,1.0228310640287974,1112.2794625418526,1149.0167236328125,0,1.8206307443579859,1.4033065616875533,0,10,4,1,0,14328147.0,0.8272334866469474,1
2022-10-04,1096.5477294921875,1098.7288394831442,1086.0739063841288,1089.5500767240444,8948850.0,1.8442789993797337,0.018274784261522625,1077.0345982142858,1.0181174600242688,1.0116519999464377,1106.5946568080358,1146.0873860677084,0,1.9485429358161657,1.549111835690271,1,10,4,0,0,14245404.0,0.6281920821620783,1
2022-10-06,1100.591796875,1113.269446039468,1098.796981461761,1103.7272251000825,13352162.0,0.3687999413108267,0.0036812154177372236,1079.939488002232,1.0191235797025742,1.013171190694803,1102.0312325613838,1142.6839599609375,0,1.6339378322538847,1.5577568254649565,3,10,4,0,0,14370066.714285715,0.9291649277262028,1
2022-10-07,1105.2493896484375,1110.4976589700225,1097.206554532043,1097.206554532043,7714340.0,0.4231898499209352,0.004222969199817203,1082.2828892299108,1.0212204227259551,1.0121135846145652,1099.8614937918526,1139.5425740559897,0,1.6203262698291236,1.447869539471488,4,10,4,0,1,13164283.57142857,0.5860053042873529,0
2022-10-10,1093.1851806640625,1098.547030597458,1085.0969133921378,1092.8216022630288,6329527.0,-1.0915372672779755,-0.010975382438589145,1087.0443289620537,1.0056491272144092,1.012395314224306,1096.7245483398438,1136.1156778971354,0,1.210744715235411,1.46422445154376,0,10,4,1,0,11640350.42857143,0.5437574271358767,0
2022-10-11,1071.419677734375,1096.9112750805286,1068.3298017155955,1096.9112750805286,9215177.0,-1.9910170129150417,-0.020111048384807786,1089.1605224609375,0.9837114508277647,1.0267534176422253,1092.0199410574776,1132.1760701497396,0,1.5151881349026612,1.5307100336628359,1,10,4,0,0,10860829.0,0.8484782331072518,1
2022-10-12,1079.303466796875,1082.2343297318655,1064.6945844036286,1068.738778622885,7417103.0,0.7358264204341491,0.007331324251764578,1088.998256138393,0.9910975161926376,1.016473968765476,1087.654506138393,1128.8074869791667,0,1.2605175292939224,1.551464441988885,2,10,4,0,0,9261411.714285715,0.800860951744444,1
2022-10-13,1082.7340087890625,1087.8231445652352,1072.419200033899,1077.5538882747444,7328492.0,0.3178477692069803,0.0031734370101559627,1089.861607142857,0.9934600885955785,1.0143637343781697,1084.30171421596,1124.942850748698,0,1.2557756663780972,1.5529757850162165,3,10,4,0,0,8615093.0,0.8506573289458396,0
2022-10-14,1077.23583984375,1097.9790399185752,1076.5088032110611,1097.365583979867,9106089.0,-0.507804216056873,-0.005090979231907248,1087.1027657645088,0.9909236493259955,1.0199443206070138,1082.0686819893974,1122.0695556640626,0,0.9946680322055121,1.4873856787254554,4,10,4,0,1,8637555.714285715,1.0542437352895304,1
2022-10-17,1094.525634765625,1096.9111900194368,1064.9218171343564,1070.1019383497958,16729355.0,1.6050148242730877,0.015922706444824023,1086.2361711774554,1.0076313639778576,1.0300391750552749,1083.0878295898438,1120.225467936198,0,1.209280881366622,1.3929380609313795,0,10,4,1,0,9120011.857142856,1.8343567159835932,1
2022-10-18,1113.83740234375,1119.176536172448,1099.7056807153497,1100.5462980220425,12415820.0,1.7643960967858252,0.017490113307253172,1087.4630301339287,1.0242531207765042,1.017705515028742,1084.8729596819196,1118.4298461914063,0,1.3932001188146517,1.4528018652007229,1,10,4,0,0,9791651.857142856,1.2680005561005372,1
2022-10-19,1133.2174072265625,1148.6441893082867,1109.497912475689,1115.3142054707246,19247142.0,1.7399312361061625,0.017249677527649318,1093.181919642857,1.0366228958459036,1.0352828756074433,1090.1131243024554,1116.8705118815103,0,1.3942119590278055,1.2550665312998315,2,10,4,0,0,11637025.42857143,1.65395720050109,1
2022-10-20,1136.2618408203125,1144.6227018334394,1129.173323936751,1129.173323936751,8717053.0,0.26865397357431764,0.002682937438235222,1102.4450857979912,1.0306743215221859,1.013682025220739,1095.8028041294642,1115.6413696289062,0,0.8827858118512322,1.2363849416839177,3,10,4,0,0,11565864.857142856,0.7536879522344163,0
2022-10-21,1123.084228515625,1143.6229813098248,1120.994103570685,1139.4879233106462,8243452.0,-1.1597337718543876,-0.011665111344947658,1108.6994803292412,1.012974433957624,1.0201864377939727,1098.848868233817,1113.9176920572916,0,1.1672187901207274,1.2057617232495934,4,10,4,0,1,11683914.714285715,0.7055385289590378,1
2022-10-24,1126.8331298828125,1137.1252236758137,1115.6778227953112,1117.8133802746593,3370033.0,0.33380411477619276,0.003332482255515553,1114.9993547712054,1.0106132573628577,1.019223650808767,1102.4304809570312,1112.562833658854,1,1.1666472592910302,1.192023216383619,0,10,4,1,0,11118420.57142857,0.30310357288157475,0
2022-10-25,1109.4296875,1135.5347355693707,1107.8166013928017,1135.5347355693707,12233241.0,-1.5444560442256838,-0.015565070088498226,1119.5984758649554,0.9909174685530905,1.025020508035103,1103.350620814732,1110.1923990885416,1,1.3746640882118195,1.2053587621151127,1,10,4,0,0,11565156.57142857,1.0577670024997254,1
2022-10-27,1113.7919921875,1121.6530982836084,1105.453847178534,1116.904583955269,12513059.0,0.3932024477666607,0.003924314273951242,1122.3508126395088,0.9923742021161098,1.0146539370652334,1104.293491908482,1107.6386962890624,1,1.2746431417264021,1.2058101747474337,3,10,4,0,0,10962828.57142857,1.141407887432597,1
2022-10-28,1147.8717041015625,1151.893061521459,1117.5634478847232,1120.0852998000876,17609592.0,3.0597914290198425,0.03013913312786877,1127.212855747768,1.018327371133547,1.0307182681231328,1107.3379429408483,1106.6965861002604,1,1.5860407425048628,1.4439136073937409,4,10,4,0,1,11704796.0,1.5044766265042124,1
2022-10-31,1158.5272216796875,1163.6846262416873,1150.62068370947,1154.6194450652783,12419943.0,0.9282847150993367,0.00924002632087266,1130.8285435267858,1.0244941448564042,1.0113538220867893,1112.0052315848213,1106.4981689453125,1,1.502788402153217,1.3964280337511128,0,10,4,1,0,10729481.857142856,1.1575529149836594,0
2022-11-01,1149.5528564453125,1181.428644108962,1139.6243422706675,1181.428644108962,13963166.0,-0.7746356810989341,-0.00777651568144914,1132.727260044643,1.0148540579839196,1.0366825279942693,1117.586172921317,1106.9624064127604,1,1.5600279729896447,1.2663556665494233,1,11,4,0,0,11478926.57142857,1.216417398709979,1
2022-11-02,1156.7322998046875,1158.7998289194838,1142.8051438822936,1150.666129478395,8981896.0,0.6245422573760928,0.006226000745269169,1137.5341273716517,1.0168770078814202,1.0139959862123598,1123.1168038504463,1107.6167358398438,1,1.446959626274997,1.2651875644812556,2,11,4,0,0,11584418.57142857,0.7753428404385053,1
2022-11-03,1161.0491943359375,1163.04857522189,1147.371914666693,1149.5530246719463,6693449.0,0.37319737090240057,0.003725027172638097,1142.4221365792412,1.016304881672261,1.0136631029178982,1128.7107456752233,1108.4089029947916,1,1.4465928710292777,1.2646492040910364,3,11,4,0,0,12059192.285714285,0.5550495291404615,1
2022-11-04,1178.1343994140625,1181.428720196316,1159.2088516372305,1160.4810755593053,12575815.0,1.4715315390143147,0.014608095704459992,1152.237095424107,1.0224756728392113,1.0191681322375195,1135.9177856445312,1109.666064453125,1,1.183189210239382,1.253005364131185,4,11,4,0,1,12108131.42857143,1.0386255777109408,1
2022-11-07,1184.4278564453125,1186.1092114125374,1169.614649236392,1177.3393389028124,11789748.0,0.5341883773515077,0.005327666521188339,1162.3279331752233,1.0190135009572703,1.0141025612041659,1142.3393729073662,1111.4912231445312,1,1.174931318006973,1.2224573448591176,0,11,4,1,0,12004801.285714285,0.9820860603523526,0
2022-11-09,1183.2464599609375,1191.4028762322173,1176.9075752515669,1186.109174333478,11254205.0,-0.09974406443973294,-0.0009979384193450477,1167.3814697265625,1.0135902364786475,1.0123164310311725,1147.297162737165,1113.9828287760417,1,0.7207009855326496,1.1835309825628617,2,11,4,0,0,11096888.857142856,1.0141765989442961,0
2022-11-10,1168.93310546875,1179.861252270893,1164.6163174113194,1176.8849569522006,5966242.0,-1.2096680595739984,-0.012170440876355661,1168.8680245535713,1.000055678582878,1.0130900921030024,1149.8482840401787,1116.9386800130208,1,0.9067007983342861,1.1966304119317754,3,11,4,0,0,10174931.57142857,0.5863667935372988,1
2022-11-11,1195.878662109375,1197.787058206641,1175.9760787775724,1181.428793587036,12310132.0,2.3051410311302423,0.022789740165527567,1175.4859967912946,1.017348284346854,1.0185471284855905,1154.1066284179688,1120.5064493815105,1,1.1167083752225604,1.3193710587074043,4,11,4,0,1,9938783.857142856,1.2385954033151543,0
2022-11-14,1190.0849609375,1200.5133505404451,1183.7687931045675,1195.4013783558953,9043112.0,-0.4844723261184125,-0.004856496975239377,1180.2506626674108,1.0083323810620561,1.014145124903963,1158.8923950195312,1124.8474446614584,1,1.1845091922178814,1.2704250937630075,0,11,4,1,0,9947529.0,0.909081240175324,0
2022-11-15,1184.7459716796875,1193.4248592098502,1176.8848651845096,1191.561895358841,7086433.0,-0.4486225297399504,-0.0044963186046552235,1183.6359165736608,1.000937834929207,1.0140540459943357,1163.0290265764509,1129.1187662760417,1,1.2289903254303625,1.2916453027899442,1,11,4,0,0,10003669.57142857,0.7083833536684903,0
2022-11-16,1177.9527587890625,1188.6764594316192,1172.954366703904,1185.9727580356148,9716161.0,-0.5733898281159666,-0.005750400186306502,1183.6099679129463,0.9952203772549676,1.0134038400589236,1167.9235316685267,1132.3692138671875,1,1.1428729261257422,1.2042610509918756,2,11,4,0,0,9595147.57142857,1.0126119403240623,1
2022-11-17,1180.9970703125,1187.3358341262497,1172.340779737592,1174.5900378958909,6661451.0,0.25844088404420873,0.002581074998686178,1183.1198556082588,0.9982057732479965,1.0127906958862372,1172.7238943917412,1135.8460978190103,1,1.1261563963465906,1.205164835832867,3,11,4,0,0,8862533.714285715,0.7516418232928422,0
2022-11-18,1180.3609619140625,1185.518366679259,1168.2967693410817,1184.495900066872,5303197.0,-0.05386197937554682,-0.0005387649015041907,1182.7076416015625,0.9980158412739075,1.0147407728841793,1175.0445556640625,1138.639872233073,1,1.1258573406350585,0.9398310713522533,4,11,4,0,1,8012389.714285715,0.6618745703974744,0
2022-11-21,1159.117919921875,1175.9759375856167,1155.5736016352212,1175.9759375856167,6390268.0,-1.7997072656266044,-0.018160989630348602,1181.3054722377233,0.9812177689536824,1.017655591925538,1175.0867483956474,1140.5907430013021,1,1.2447517670863486,1.0539078879448747,0,11,4,1,0,8072964.857142857,0.7915639561277134,1
2022-11-22,1165.547607421875,1167.1152613187112,1152.5746494360667,1156.4369938334312,6611488.0,0.5547052107030881,0.005531723871713157,1176.9724644252233,0.990293012497172,1.0126157658332664,1176.2292306082588,1142.60068359375,1,0.7587721821389394,1.0376545123619725,1,11,4,0,0,7258872.857142857,0.9108146857117329,0
2022-11-23,1161.912353515625,1171.3865449235016,1159.731243837616,1170.0687686238546,6413408.0,-0.31189235712910657,-0.0031237975504302116,1172.9478062220983,0.9905916932979167,1.0100500017981042,1176.5992344447545,1144.8915893554688,1,0.7570011320102481,1.0316647399473602,2,11,4,0,0,6883200.857142857,0.9317479081472188,1
2022-11-24,1171.9320068359375,1178.7024981272689,1157.8911489931052,1165.9794167577484,9389439.0,0.8623415776582322,0.008586446508965775,1171.1172398158483,1.0006957177235452,1.0179734935812068,1177.3765781947545,1148.2420003255208,1,0.8779225487731103,1.0520141188263954,3,11,4,0,0,7212201.714285715,1.3018824725051268,1
2022-11-25,1189.42626953125,1192.7433068604937,1173.295165319625,1176.4305937132758,7349922.0,1.4927711329042692,0.01481738959198482,1172.756312779018,1.01421433981688,1.0165756598302957,1178.183140345982,1151.9127604166667,1,1.0441866810102451,1.0542010162143616,4,11,4,0,1,6874167.571428572,1.0692090240204253,1
2022-11-28,1230.299072265625,1236.4333911015242,1136.8980043426527,1185.472920181286,31527484.0,3.436346058716433,0.03378622359324588,1179.7994559151787,1.042803559619608,1.0875499705150966,1181.4596557617188,1156.8315958658854,1,1.6294374746042364,1.3851813821540981,0,11,4,1,0,10426458.0,3.023796192340678,1
2022-11-29,1232.4119873046875,1241.2500078770877,1224.1419904117938,1228.6632233258863,11058913.0,0.17173995223547234,0.0017159264780908907,1187.235316685268,1.038051993555542,1.0139755172188307,1184.971479143415,1162.0041341145834,1,1.6165932838494572,1.3813422080958484,1,11,4,0,0,11248703.142857144,0.9831278201187432,1
2022-11-30,1241.1136474609375,1247.5206802015884,1226.0504438987869,1232.54834119291,26164986.0,0.7060674714208792,0.007035864864893114,1198.9489920479912,1.0351680143964446,1.0175117071321529,1190.127232142857,1166.890401204427,1,1.2171148325367132,1.3135115663078187,2,11,4,0,0,14073662.857142856,1.8591454311213935,0
2022-12-01,1237.4556884765625,1251.860003139314,1234.1386516701657,1245.8619813701127,9485801.0,-0.2947319926630776,-0.002951671827071167,1209.2215750558037,1.0233489990611984,1.0143592873014438,1193.0970197405134,1171.0110107421874,1,1.3065118210460196,1.2086497964250513,3,12,4,0,0,14484279.0,0.6549032230047488,0
2022-12-02,1236.93310546875,1248.6792715763747,1227.1408877532265,1240.5001400003844,11589592.0,-0.042230442082002995,-0.00042239361644464036,1219.9388253348213,1.0139304363309074,1.0175516797118405,1196.44331577846,1174.4682006835938,1,1.2694390683369288,1.1936315449341102,4,12,4,0,1,15223733.857142856,0.7612844594338631,0
2022-12-05,1218.8936767578125,1234.479471928364,1216.871700030192,1232.3210781772725,14828536.0,-1.4583997009362304,-0.014691388908103396,1226.6476353236608,0.9936787400533306,1.014469702843558,1198.8824375697545,1177.2225952148438,1,1.5535710569788848,1.2693311444915603,0,12,4,1,0,16000747.714285715,0.9267401914449819,1
2022-12-06,1222.415283203125,1225.5051588426245,1209.146894711336,1211.009978665276,8594245.0,0.2889182635420484,0.0028850169689221233,1231.3603515625,0.9927356209349891,1.0135287649522466,1202.0583321707588,1180.5336303710938,1,1.5005208956527176,1.24912357533801,1,12,4,0,0,16178508.142857144,0.5312136894275004,0
2022-12-07,1204.3758544921875,1224.5964643493226,1200.5816581384124,1220.052515180835,8462111.0,-1.4757201549107202,-0.014867172295937148,1227.6570347377233,0.9810360877779603,1.020002642925719,1203.7282453264509,1183.118387858073,1,0.8536405367576306,1.3337102939443755,2,12,4,0,0,12883454.857142856,0.6568200140281805,0
2022-12-08,1203.8076171875,1210.9644019630948,1199.6499633297894,1208.6924277820035,7757008.0,-0.04718106084309337,-0.0004719219460776135,1223.5706961495537,0.983848028541182,1.009431449988879,1205.4030064174108,1186.2643188476563,1,0.8373044745751614,1.333633584153698,3,12,4,0,0,12411754.142857144,0.6249727404134967,0
2022-12-09,1185.5638427734375,1208.6925984914808,1182.269401621288,1202.3309977712286,12655763.0,-1.5155058128545562,-0.015271069621628736,1215.635009765625,0.9752629969105733,1.0223495565680358,1207.292000906808,1188.6567138671876,1,0.7984336485445946,1.3035157185324144,4,12,4,0,1,10481865.142857144,1.2073960910119377,1
2022-12-12,1187.38134765625,1191.8798642806923,1174.6128344148897,1174.8401159938364,9479842.0,0.15330299535458725,0.0015318560627133658,1208.4815325055804,0.9825399194925364,1.0147001883172884,1208.851553780692,1189.973701985677,1,0.8480096773483872,1.2987873469479618,0,12,4,1,0,10481013.857142856,0.9044775752814644,1
2022-12-13,1192.7886962890625,1196.4237590933476,1184.473147579326,1187.381293975718,8333348.0,0.4554011770090405,0.004543673633271422,1202.1751883370537,0.9921920763803358,1.0100893899861256,1211.0570068359375,1191.1157511393228,1,0.9190066860282389,1.2944143680842608,1,12,4,0,0,10015836.142857144,0.8320172056671453,0
2022-12-14,1188.4718017578125,1199.1273520766265,1186.4269889714612,1198.5366123572992,7268947.0,-0.36191611680094216,-0.003625726176458366,1197.8292061941963,0.9921880311583697,1.010704715269648,1212.2384207589287,1192.4130493164062,1,0.8192777014818523,1.2872125504786953,2,12,4,0,0,8935894.857142856,0.8134548488100897,0
2022-12-15,1171.5911865234375,1188.2447615787812,1168.251433132731,1182.5648851623062,8688551.0,-1.4203631259410376,-0.014305468283692262,1190.5686209542412,0.9840601926702945,1.0171138916495372,1210.9644862583705,1192.9083455403645,0,0.8486893418249556,1.281547704622843,3,12,4,0,0,8949367.142857144,0.9708564707767843,0
2022-12-16,1165.797607421875,1189.9715469866571,1162.4124217557498,1168.2514313366491,15837349.0,-0.4945051796398592,-0.004957319023123647,1185.0574428013392,0.983747762189539,1.0237085605032343,1206.3572387695312,1193.0666259765626,0,0.7562741681146213,0.7792770475408676,4,12,4,0,1,10002972.57142857,1.5832642633886773,1
2022-12-19,1181.1107177734375,1183.2463953663826,1166.297391645052,1172.7952889779006,7729933.0,1.3135307753313175,0.013049787672765246,1181.8150285993304,0.9994040430957054,1.014532317265517,1202.692862374442,1193.1658365885417,0,1.0121245297336123,0.8930294705316846,0,12,4,1,0,9999104.714285715,0.7730625111822511,1
2022-12-20,1191.334716796875,1193.2431129001116,1165.9794185762812,1174.1131186326063,7467588.0,0.8656257935506062,0.008619007347559075,1182.639439174107,1.0073524333239219,1.0233826548646294,1199.1372244698662,1193.396065266927,0,0.9184406229261898,0.9077471069239001,1,12,4,0,0,9257936.857142856,0.8066147042511386,0
2022-12-21,1174.3856201171875,1196.4237592798247,1170.5687080191292,1190.9710448813423,8527550.0,-1.4226981251128423,-0.014329154989184146,1180.7829066685267,0.9945821653453736,1.0220875981764865,1194.6322195870537,1193.100703938802,0,1.0752574959345116,0.9570946412682314,2,12,4,0,0,9121895.142857144,0.9348441158828116,0
2022-12-22,1171.3411865234375,1183.541675654874,1166.3200787009305,1180.519948544436,7451122.0,-0.25923627994067777,-0.002595728790353569,1177.7189767020088,0.9945846247664012,1.0147657553603342,1189.9470825195312,1193.1809733072917,0,1.041352373763236,0.9531498417662695,3,12,4,0,0,8995862.857142856,0.8282831917656117,0
2022-12-23,1136.9888916015625,1177.112082738486,1132.4676588679465,1164.7524600759673,10257115.0,-2.932731753745743,-0.02976596076097003,1170.3642752511162,0.9714829097612429,1.0394222506231812,1184.0967407226562,1191.2179809570312,0,1.456316292434312,1.143418940622849,4,12,4,0,1,9422744.0,1.0885486223545922,1
2022-12-26,1146.9173583984375,1155.0737739248264,1132.5357596211306,1142.6915558359974,5990242.0,0.8732246084559137,0.008694340530966821,1166.8394426618304,0.9829264562586726,1.0199004880086395,1178.7040318080358,1189.7790608723958,0,1.5038603559585653,1.1839631159280755,0,12,4,1,0,9037271.285714285,0.6628374661574127,1
2022-12-27,1156.30078125,1158.1637450751375,1142.918811616,1149.6211545027727,5763271.0,0.8181428925851719,0.008148142466839507,1165.4827532087054,0.9921217436007299,1.0133385970238624,1175.2700980050224,1188.8308878580729,0,1.5556152205703464,1.1894730755499605,1,12,4,0,0,7598117.285714285,0.7585130346481885,0
2022-12-28,1156.1871337890625,1158.6181211536698,1145.75874366298,1153.2562711921107,7459393.0,-0.009828537935829829,-9.829020968269885e-05,1161.9222412109375,0.995064121144718,1.0112234600537096,1171.8686349051338,1188.1053670247395,0,1.4296165480331213,1.1900866765193496,2,12,4,0,0,7559468.714285715,0.9867615413108869,0
2022-12-29,1155.6644287109375,1158.2089965163484,1147.5761621923448,1148.2577664634932,6930648.0,-0.04520938374500405,-0.00045219606268039617,1156.8264857700892,0.9989954785151913,1.009265471586383,1169.7329624720983,1187.2609456380208,0,1.3453001993721883,1.1364556670420916,3,12,4,0,0,7482763.0,0.9262150892658233,1
2022-12-30,1157.4366455078125,1170.97762738263,1154.6649160603042,1156.4824475075625,7289476.0,0.1533504668696839,0.0015323300511134127,1154.4052036830358,1.0026259772695976,1.014127658245636,1167.5940551757812,1186.4968017578126,0,1.2809331825644985,1.1364567259758203,4,12,4,0,1,7305895.285714285,0.997752597721132,1
2023-01-02,1170.4779052734375,1171.8865462707408,1157.8911210447166,1158.7090222381169,5316175.0,1.1267363804524422,0.011204359878032729,1154.2818777901787,1.0140312585642126,1.0120869958942227,1166.0004272460938,1186.875467936198,0,1.3740419842604181,1.1785424868278622,0,1,1,1,0,7000902.857142857,0.7593556300493487,0
2023-01-03,1161.912353515625,1169.160002972484,1157.7092673063355,1165.5475363123066,7658932.0,-0.7317995255802345,-0.0073449031379564005,1157.8423723493304,1.0035151427029194,1.0098908560115367,1164.1033238002233,1186.7542928059895,0,0.6558465623078865,1.1882887154520192,1,1,1,0,0,6629733.857142857,1.1552397373762278,0
2023-01-04,1144.418212890625,1163.7300547153022,1142.3506838068283,1161.8896870062515,9264891.0,-1.505633413059737,-0.01517083145633233,1157.4853515625,0.9887107524477649,1.018715243236191,1162.162397112165,1186.1711547851562,0,0.8908443647663344,1.1954719049271918,2,1,1,0,0,7097540.857142857,1.3053663496245964,0
2023-01-05,1142.37353515625,1152.5293324862785,1137.806869836127,1146.6676067944138,13637099.0,-0.17866525640224395,-0.0017882505313399615,1155.4957449776787,0.9886436537058108,1.012939333590306,1160.489249093192,1185.1858723958333,0,0.8090033591185162,1.1916638995076911,3,1,1,0,0,8222373.428571428,1.6585355941890536,1
2023-01-06,1152.7562255859375,1157.7773327318898,1144.304501308931,1148.0986967891931,6349597.0,0.9088700070653655,0.00904764639834973,1155.005615234375,0.9980524859630392,1.0117738166786443,1158.4639282226562,1183.9635375976563,0,0.9078295721230427,1.158179317893284,4,1,1,0,1,8063831.142857143,0.7874169098424645,1
2023-01-09,1179.974609375,1182.3375684218504,1155.687212453628,1156.5732620005954,10722753.0,2.3611569545180844,0.023337128038742116,1158.4784981863838,1.0185554684202327,1.0230601807141582,1157.6524919782366,1182.2860555013021,0,1.2830930871306971,1.3186190467639356,0,1,1,1,0,8605560.42857143,1.246026111721818,0
2023-01-10,1162.52587890625,1184.155127696438,1156.891435377878,1184.155127696438,8047142.0,-1.4787377906370525,-0.014897801110931952,1159.205531529018,1.0028643301700368,1.0235663360319154,1156.8053676060267,1179.9565185546876,0,1.4523372438420061,1.323150154427563,1,1,1,0,0,8713798.42857143,0.9234941645671366,0
2023-01-11,1147.8717041015625,1162.344167776754,1145.5768933771294,1159.8450319996036,11509553.0,-1.2605461151948494,-0.012685584013208982,1155.97607421875,0.992989154102809,1.0146365333453917,1155.1289760044642,1176.8484537760417,0,1.443568365329955,1.3610179484864104,2,1,1,0,0,9598566.714285715,1.1990907958028911,0
2023-01-12,1123.084228515625,1150.7569299071174,1120.0852177263123,1147.280880250268,17688773.0,-2.1594290979877973,-0.021830859568837308,1150.42919921875,0.9762306357299564,1.0273833737785294,1154.13578578404,1173.0360717773438,0,1.6109394253671987,1.2499351836261632,3,1,1,0,0,11031401.142857144,1.603492862867517,0
2023-01-13,1121.266845703125,1123.675117069892,1106.2717897707075,1117.0863548772086,20618583.0,-0.16182070465916576,-0.0016195177578067369,1147.121861049107,0.977460968861376,1.0157315114243233,1152.3036063058037,1169.1805297851563,0,1.5461803322675145,1.2194163461967356,4,1,1,0,1,12653357.142857144,1.6294950634219036,0
2023-01-16,1110.5885009765625,1126.7421991055548,1102.8182596793808,1123.584175159578,13623855.0,-0.9523464256063208,-0.00956910242858297,1142.5811418805804,0.9719996771070797,1.0216934560306694,1149.0384434291295,1165.5703572591146,0,1.5651561915951644,1.2024720961387225,0,1,1,1,0,12651465.142857144,1.0768598613807079,1
2023-01-17,1126.3560791015625,1128.2644751675343,1113.5421334042796,1116.9046027544262,10751000.0,1.4197498093249994,0.014097657498643636,1138.8096923828125,0.9890643595988435,1.013221180700407,1146.9076538085938,1162.3683837890626,0,1.645752369496244,1.2851287488134462,1,1,1,0,0,13280237.0,0.8095488054919502,0
2023-01-18,1124.492919921875,1131.9450149571076,1117.9724269094495,1123.947732620178,13448286.0,-0.16541475775349035,-0.001655517190208407,1130.8837367466517,0.9943488294887307,1.0124981508589477,1144.681117466518,1159.7056193033854,0,1.1676297639943864,1.2845684108199604,2,1,1,0,0,13669598.857142856,0.9838098499117834,0
2023-01-19,1123.2889404296875,1127.423878776926,1116.2911675478767,1123.6751148013898,11940054.0,-0.10706865920251385,-0.0010712601863773826,1125.2784598214287,0.9982319759394871,1.00997294572661,1142.2419956752233,1157.0216634114583,0,1.125542191745281,1.281134459416214,3,1,1,0,0,14225729.142857144,0.8393280850560269,0
2023-01-20,1109.9296875,1124.6293134044963,1107.475983857866,1124.6293134044963,14930286.0,-1.189298002397965,-0.011964267286650876,1119.8581717354912,0.9911341592300884,1.0154886695482797,1137.9171229771205,1154.5005249023438,0,1.117642212348528,1.244810842620198,4,1,1,0,1,14714405.285714285,1.0146713856315557,0
2023-01-23,1104.3177490234375,1120.6305800710877,1101.9094778576764,1112.8150268033935,10954118.0,-0.5056120707252032,-0.005068946135093869,1117.17724609375,0.9884892955748282,1.0169896916122445,1133.80322265625,1151.73173828125,0,0.8429335449535741,1.2412375291733329,0,1,1,1,0,13752311.714285715,0.7965292110577316,0
2023-01-24,1097.7972412109375,1110.3839043654414,1084.8014472016189,1108.7253859560433,16488755.0,-0.590455764952269,-0.005922058473795627,1113.8244454520088,0.9856106549766313,1.0235826171045546,1130.473153250558,1148.5653564453125,0,0.8520475072104963,1.199390934268879,1,1,1,0,0,13162336.285714285,1.25272251385159,0
2023-01-25,1082.620361328125,1097.2292417944516,1081.4617181061994,1096.2068953996695,12385018.0,-1.3824847898207038,-0.013921301106977587,1109.8289969308037,0.9754839388068582,1.0145798260116534,1126.205069405692,1145.0369750976563,0,0.9198614090924359,1.2334654844156536,2,1,1,0,0,12985359.57142857,0.9537678130415818,0
2023-01-27,1062.081787109375,1084.8015319770325,1050.403768536496,1083.461159577074,25830975.0,-1.8971169352065331,-0.019153430808934578,1100.6469552176338,0.9649613639274246,1.032747182055965,1119.7283238002233,1141.3866617838542,0,0.6708051924040049,1.2366025508035852,4,1,1,0,1,15139641.714285715,1.7061813936868784,1
2023-01-30,1072.26025390625,1077.781116815708,1045.564464693845,1059.5144571522903,21772103.0,0.9583505639972678,0.00953787515151604,1093.1851457868304,0.9808587850271973,1.0308126884661257,1112.0344412667412,1138.26875,0,0.9385102334453385,1.01773156823815,0,1,1,1,0,16328758.42857143,1.3333593668642938,0
2023-01-31,1069.5792236328125,1084.9378563899695,1063.7402148448057,1082.370452122445,22691594.0,-0.25003540545968095,-0.002503485160133211,1085.5123291015625,0.9853220409924435,1.0199274609057216,1105.3953944614955,1134.5510335286458,0,0.9255988948963165,0.9959832519673815,1,1,1,0,0,17864692.714285713,1.2701922368837835,0
2023-02-01,1063.240478515625,1081.438989315294,1047.3819702702858,1081.438989315294,19347800.0,-0.5926391404330045,-0.005944022154195784,1078.8424421037946,0.9855382371148237,1.0325163312064838,1099.350306919643,1130.2812255859376,0,0.8994689793140725,0.9771510101487111,2,2,1,0,0,18495766.14285714,1.0460664268007034,0
2023-02-02,1057.35595703125,1066.920892525141,1050.1083077780725,1053.2890475640809,13662663.0,-0.5534516041554638,-0.005549888220077393,1072.1336146763392,0.9862165895716735,1.016010334003206,1094.6554303850446,1126.3802368164063,0,0.8987377608417121,0.8597719536658007,3,2,1,0,0,18882701.14285714,0.7235544796602497,1
2023-02-03,1058.28759765625,1067.375495661173,1041.9293331709027,1067.375495661173,24699575.0,0.08811040584817409,0.0008807161141636223,1066.4893798828125,0.9923095509610572,1.0244221577031813,1090.1569126674108,1122.6117838541666,0,0.9376308443340199,0.8682413726557793,4,2,1,0,1,20055675.42857143,1.2315503951970046,0
2023-02-06,1050.31298828125,1054.6524923509014,1047.7457037797196,1051.9260746714672,14837879.0,-0.753538961683109,-0.007563924101185188,1061.8740408761162,0.9891125951385651,1.0065920466638667,1085.85151890346,1119.722587076823,0,0.868632152992619,0.860252202624078,0,2,1,1,0,20406084.14285714,0.7271301488381732,0
2023-02-07,1047.7911376953125,1057.5606408068884,1041.9294117901225,1050.5629876609778,15135435.0,-0.24010467489926635,-0.0024039338840948637,1059.83251953125,0.9886384106790163,1.0150021957724662,1080.239737374442,1116.4183797200521,0,0.5793581718622175,0.6881680393526084,1,2,1,0,0,18878149.85714286,0.8017435561500885,1
2023-02-08,1068.7159423828125,1072.3284093286718,1048.290888887822,1051.017186057536,21160332.0,1.9970396708570703,0.019773604040274492,1059.3261893136162,1.008863892126825,1.0229302006682062,1076.2556675502233,1113.498885091146,0,0.942354628786029,0.960831524408194,2,2,1,0,0,18790754.0,1.1261034017049023,1
2023-02-09,1070.578857421875,1077.3039157739506,1060.559478401166,1069.3974980927496,13172763.0,0.1743133947182285,0.0017416164524118828,1059.468994140625,1.0104862561742656,1.0157883058082018,1072.4906616210938,1110.6452758789062,0,0.9405024575339777,0.9693992148710776,3,2,1,0,0,17430921.0,0.7557123917892806,0
2023-02-10,1061.763671875,1070.0563840638993,1054.7886158361223,1070.0563840638993,10790445.0,-0.8234036648270271,-0.00826812357231372,1059.258021763393,1.0023654766450916,1.0144747184398406,1069.0502319335938,1107.5152506510417,0,0.9690483543529235,0.9494190897215083,4,2,1,0,1,16208441.714285715,0.6657299443221351,0
2023-02-13,1055.7200927734375,1067.8297155368534,1051.2670092584597,1063.3766320218756,10352493.0,-0.5692019101472878,-0.00570828037788794,1059.0243268694196,0.9968799261620838,1.0157549948134268,1065.5789707728795,1104.1246988932292,0,0.97052179322772,0.9505669054381637,0,2,1,1,0,15735560.285714285,0.6579043143064078,1
2023-02-14,1080.5985107421875,1082.325177803188,1055.8566674193971,1058.7193818882065,14321920.0,2.35653542440335,0.023291977763142433,1062.2116001674108,1.0173100261491015,1.0250682798153674,1064.3504900251116,1101.1287190755208,0,1.3256467721763237,1.1831430464128518,1,2,1,0,0,14253038.142857144,1.0048327841722207,1
2023-02-15,1105.0675048828125,1107.4531801088635,1078.2809718116707,1079.6440602664363,33503591.0,2.2643927321183366,0.02239135924534631,1070.0336739676338,1.032740867663795,1.0270543662179064,1065.953857421875,1099.2338907877604,0,1.411612332484718,1.278190295616455,2,2,1,0,0,16919568.42857143,1.9801681787239778,0
2023-02-16,1104.2041015625,1119.5400175721072,1101.9321273600988,1113.0194047366483,17264487.0,-0.07813127401696818,-0.000781618124045894,1078.0926688058037,1.0242200262669625,1.0159791059492853,1068.9625941685267,1097.8934204101563,0,1.3941441446392357,1.1384415465141386,3,2,1,0,0,17223718.714285713,1.002366985108766,1
2023-02-17,1108.816162109375,1112.1333188549268,1095.3660464251936,1099.6374010548332,11809520.0,0.4176818887331457,0.004168120192824865,1083.8212716238838,1.023061819452982,1.0153074604461716,1071.57373046875,1096.7748413085938,0,1.284075549058163,1.12287589768629,4,2,1,0,1,15887888.42857143,0.7433033063577387,0
2023-02-20,1097.093017578125,1113.155852121636,1095.1390690194628,1110.9974583087271,8836937.0,-1.0572667437448113,-0.01062895517839899,1087.6090087890625,1.0087200535416876,1.0164515937855314,1073.5390014648438,1094.9194010416666,0,1.4189576240877873,1.1700171078266415,0,2,1,1,0,15268484.714285715,0.578769744697184,1
2023-02-21,1106.044677734375,1111.8154187780797,1096.1614739086865,1101.4552961916092,13311592.0,0.8159435902719725,0.008126327679948564,1093.9348667689733,1.011069956112807,1.0142806924362835,1076.596444266183,1092.4550699869792,1,1.3234148869949494,1.1582396866770936,1,2,1,0,0,15628648.57142857,0.8517429987091472,0
2023-02-22,1080.9617919921875,1104.181409716533,1079.2124090771258,1102.34116225432,11024335.0,-2.2678004105193383,-0.022939105091473927,1097.5408238002233,0.9848943825609775,1.0231363172155878,1078.2825753348213,1089.7362670898438,1,1.679749138628459,1.3317308146560287,2,2,1,0,0,15724626.0,0.7010872627431648,0
2023-02-23,1075.78173828125,1088.1640768500556,1072.9872927091903,1080.5529686414245,9851910.0,-0.4792078452089177,-0.00480359727416719,1096.8527134486608,0.9807896038282472,1.0141444211352637,1079.5321568080358,1087.3332682291666,1,1.4400847852277083,1.342869309093141,3,2,1,0,0,15086053.142857144,0.6530475470759312,1
2023-02-24,1083.1429443359375,1088.800224148405,1076.0089953829322,1077.8265267799054,9434053.0,0.6842657569599897,0.0068193528387539715,1093.7206333705358,0.9903287103563175,1.0118876596946298,1081.877153669085,1086.0018920898438,1,1.0995140380991073,1.325335046254398,4,2,1,0,1,11647547.714285715,0.8099604510251661,0
2023-02-27,1075.9407958984375,1085.8467152410444,1068.6024012348664,1082.3705449963545,11199715.0,-0.6649305592730914,-0.006671510712317438,1089.6830182756696,0.9873887890820048,1.0161372592708482,1083.8878435407366,1084.4910237630208,1,1.1038613899657403,1.3416455466248955,0,2,1,1,0,10781151.714285715,1.0388236152135455,0
2023-02-28,1055.3565673828125,1075.5544571553608,1051.3124942776465,1070.601498241021,21994038.0,-1.9131376553518153,-0.019316749438534283,1082.045933314732,0.975334350317126,1.023058760368268,1082.933602469308,1082.6499593098958,0,1.1776778507226193,1.3452889202419178,1,2,1,0,0,12236082.857142856,1.797473771368008,1
2023-03-01,1065.0579833984375,1065.7850199744744,1055.6746563210354,1065.1034156724895,11551145.0,0.9192548106924381,0.009150553796866304,1077.4694998604912,0.9884808651533424,1.0095771586377502,1082.5392543247767,1080.606689453125,0,1.306886688571998,1.3706749849011497,2,3,1,0,0,12623826.857142856,0.9150272045646833,0
2023-03-02,1056.947021484375,1068.5796069332716,1054.9249246750653,1061.9226969308686,9333535.0,-0.7615512057082219,-0.0076446581382081736,1070.4555489676338,0.9873805806357053,1.0129437478808383,1082.1952078683037,1078.3551595052083,0,1.1900152654456992,1.3680118240660062,3,3,1,0,0,12055533.0,0.7742117250228588,1
2023-03-03,1083.91552734375,1087.573426851757,1063.9903475271667,1067.44368158329,14643807.0,2.5515475526389553,0.025195389129637463,1070.8775111607142,1.012175077025293,1.022164749313187,1084.2091674804688,1077.0427124023438,0,1.4559831472793885,1.5183040940587007,4,3,1,0,1,12572600.42857143,1.1647397118198175,1
2023-03-06,1094.5028076171875,1101.727741256493,1090.5495987349282,1090.5495987349282,10171916.0,0.9767624880679282,0.009720230006433567,1073.5519496372767,1.019515457996224,1.010250008376081,1085.2023315429688,1076.5284830729167,0,1.4720188713610733,1.408285956431497,0,3,1,1,0,12618315.57142857,0.8061231265314119,1
2023-03-08,1098.4334716796875,1099.1832244435238,1083.7337262043,1094.5028585607813,15782657.0,0.3591278190557823,0.0035848449488099813,1075.7363106863838,1.0210991864528784,1.0142558064454952,1084.72847202846,1076.3323404947917,0,1.461345193992233,1.2681874957538641,2,3,1,0,0,13525259.0,1.166902386120665,0
2023-03-09,1072.032958984375,1098.2288726400263,1070.147279158801,1097.819982158377,16235128.0,-2.403469429508709,-0.024328240634360423,1075.1780482700892,0.9970748200349007,1.0262408679890296,1082.4305332728795,1075.4735310872395,0,1.753313797736473,1.417662769305868,3,3,1,0,0,14244603.714285715,1.1397388320264759,0
2023-03-10,1055.4248046875,1065.1034417835135,1051.9486346812796,1063.967514713159,13334091.0,-1.5492204934267395,-0.015613463142801499,1075.1877964564733,0.9816190326619156,1.012505180071097,1078.6168648856026,1074.567012532552,1,1.6928255818081253,1.448689289961953,4,3,1,0,1,13007468.42857143,1.025110387407217,0
2023-03-13,1038.06689453125,1065.10342470485,1033.750107312473,1058.287501818403,12771592.0,-1.6446373137297576,-0.016583116088751158,1071.3319266183037,0.9689498359373496,1.0303296871947991,1074.4007132393974,1073.7665161132813,0,1.740804419002168,1.4791780904184093,0,3,1,1,0,13181818.0,0.9688794064673022,0
2023-03-14,1034.181884765625,1047.359288248378,1031.0465769110588,1036.0221323528851,16027522.0,-0.3742542784180847,-0.0037495636200865633,1068.0797642299108,0.9682627828000034,1.0158215076822146,1069.2676565987724,1072.4972371419271,0,1.731788966430285,1.4385475954833402,1,3,1,0,0,14138101.857142856,1.1336402978241786,0
2023-03-15,1016.505859375,1044.3375763114452,1012.1209234658596,1037.885231401589,21728555.0,-1.7091795602889426,-0.017239546311304157,1058.4498116629463,0.9603722804560307,1.031830833745897,1064.6636614118304,1070.728125,0,1.243310440108207,1.3918062927164758,2,3,1,0,0,15150208.714285715,1.434208294405298,0
2023-03-16,1011.4392700195312,1024.2077825786946,1000.670138139256,1019.2095111682804,18363159.0,-0.4984318888809902,-0.0049967820369865535,1046.5835920061384,0.9664199570344487,1.0235218815295186,1060.0677708217077,1069.0014180501303,0,0.9647233459735289,1.3918689199261187,3,3,1,0,0,16320386.285714285,1.1251669340739694,0
2023-03-17,1010.1671142578124,1023.2763697645564,1005.4413760837782,1020.0047649704466,34014213.0,-0.1257767816049249,-0.001258559469869548,1033.974112374442,0.976975247415084,1.017738471983564,1054.855211530413,1067.4284566243489,0,0.8518586554634772,1.358394801902758,4,3,1,0,1,18924894.285714287,1.7973264466621666,0
2023-03-20,1000.238525390625,1008.7584596340856,990.5826039210764,1006.4864851819102,19524589.0,-0.9828659760402259,-0.009877279879461716,1023.7177647181919,0.9770647339171356,1.0183486522386551,1049.4479064941406,1065.4934875488282,0,0.6615529695354285,1.3642178254647355,0,3,1,1,0,19394817.285714287,1.0066910511387648,1
2023-03-21,1031.341796875,1033.2957451749278,1007.3951430408976,1008.2811925498517,21400360.0,3.1095854333573314,0.030622172908688593,1020.2773350306919,1.0108445630069547,1.0257104695341763,1047.7325657435827,1064.8611145019531,0,1.6308691828106896,1.6061457680204123,1,3,1,0,0,20547141.42857143,1.0415249281460701,1
2023-03-22,1034.477294921875,1041.2250703817986,1031.4782836063534,1038.2942074878824,10920094.0,0.3040212329584291,0.003035600229557604,1019.7645350864956,1.0144276049314966,1.009449337839055,1045.5482308523995,1064.4173197428386,0,1.5298495388111077,1.5828172995116434,2,3,1,0,0,20282641.714285713,0.538396041000351,0
2023-03-23,1021.3906860351562,1031.4327819622354,1019.232292255806,1030.5694484887376,16249370.0,-1.265045540483034,-0.012731153718434968,1017.9372209821429,1.0033926110390985,1.0119702739003948,1043.0084926060267,1062.8398111979166,0,1.5978672455647276,1.602249094698064,3,3,1,0,0,20314334.285714287,0.7998967513017198,0
2023-03-24,1001.1699829101562,1022.3902814688944,998.7617116838696,1020.231887763167,12375945.0,-1.9797226860852724,-0.019995817354247096,1015.7463814871652,0.9856495687873704,1.023657865042892,1037.0980965750557,1060.526182047526,0,1.6439976147240023,1.446772040502337,4,3,1,0,1,18978247.14285714,0.6521121211480242,1
2023-03-27,1016.73291015625,1024.2077208751948,999.7613122149304,1007.6223573447278,14054323.0,1.554474016575691,0.015425158345757662,1016.5026157924107,1.0002265556037548,1.0244522451124902,1031.5431038992745,1059.0251566569011,0,1.7619049011798718,1.5010705944117624,0,3,1,1,0,18362699.14285714,0.7653734829864026,1
2023-03-28,1021.4815673828124,1025.3439120336418,1016.4831753805086,1020.1183586375284,12576424.0,0.46705060681400123,0.004659633096383573,1018.1189662388391,1.003302758572896,1.0087170519569262,1026.0465393066406,1057.8838724772136,0,1.764173608712993,1.5061716392561801,1,3,1,0,0,15300157.857142856,0.8219800159858295,0
2023-03-29,1015.4380493164062,1020.0274303318192,1004.7142894261992,1017.3918775634876,18804065.0,-0.5916424005467436,-0.005933995382731286,1020.2903267996651,0.9952442188700554,1.0152412890577733,1022.0040457589286,1055.7118570963542,0,1.7272825188149787,1.4051318261948023,2,3,1,0,0,15197225.857142856,1.2373353648068532,1
2023-03-31,1059.218994140625,1064.8535577563764,1024.5259234682055,1024.6622202928695,28171201.0,4.311532826024411,0.04221174350145791,1024.2727835518974,1.0341180700589776,1.0393622390262753,1022.2750592912946,1054.183573404948,0,2.084283182654112,1.836139806800473,4,3,1,0,1,16164488.857142856,1.7427832855693144,1
2023-04-03,1059.4007568359375,1067.3754434349298,1051.9259454677697,1065.5579119993613,10293043.0,0.017160067589228056,0.0001715859541804436,1027.8332781110491,1.0307126451314197,1.014686868437578,1023.7989065987723,1052.6901285807292,0,2.089300997096536,1.7713532257967963,0,4,2,1,0,16074910.142857144,0.6403172962415404,0
2023-04-05,1056.856201171875,1066.9210129823457,1048.995215362799,1066.9210129823457,16262928.0,-0.24018820523238338,-0.002404771198206064,1032.8997802734375,1.0231933643088738,1.0170885408789467,1025.41850062779,1050.9581298828125,0,1.9900708005717573,1.7686043533087765,2,4,2,0,0,16076847.0,1.011574471039004,1
2023-04-06,1063.9447021484375,1069.6474143387793,1053.3572991214214,1053.3572991214214,18435046.0,0.6707157481502746,0.0066847645735033795,1041.8675973074776,1.0211899332487298,1.0154649473933917,1028.8069893973213,1049.8531860351563,0,1.6638101133015073,1.6866307646628464,3,4,2,0,0,16942432.85714286,1.0880991033249314,0
2023-04-10,1056.401611328125,1068.0114795112463,1054.9021060177815,1067.8297504290697,12961408.0,-0.7089739537290418,-0.007114991163058977,1047.5345546177455,1.0084646913758517,1.01242709955614,1032.0185852050781,1048.198417154948,0,1.730435543121231,1.6955902239602592,0,4,2,1,0,16786302.14285714,0.7721419458373863,1
2023-04-11,1061.6273193359375,1063.7402807994256,1056.0383079017138,1060.559540630498,10542367.0,0.4946705828328568,0.004934511078411799,1053.2696620396205,1.007934964423197,1.0072932703672608,1035.6943141392298,1047.553934733073,1,1.7302176044485418,1.6910235843965564,1,4,2,0,0,16495722.57142857,0.6390970116252994,1
2023-04-12,1066.3076171875,1075.9179854968688,1058.7646577412916,1061.6272515959452,18179087.0,0.44086072073674654,0.004398917766135524,1060.5367431640625,1.0054414654283645,1.0162012659094337,1040.413534981864,1047.2381306966147,1,1.6576952361101067,1.6456981236677715,2,4,2,0,0,16406440.0,1.1080458039647845,1
2023-04-13,1070.3291015625,1075.0093475188144,1064.1947822733791,1069.1930541875877,12378208.0,0.377141109205148,0.003764317151754576,1062.1239013671875,1.0077252759162567,1.0101622047256544,1043.1983424595423,1046.8110026041666,1,0.48885325086288417,1.4601858114504167,3,4,2,0,0,14150298.142857144,0.8747665861901526,1
2023-04-17,1075.759033203125,1101.8867990924884,1067.3981721567704,1101.8867990924884,17929479.0,0.5073142113671603,0.00506031708539153,1064.4607979910713,1.0106140453771304,1.0323109293564094,1046.1470380510602,1046.8049438476562,1,0.5015602836769576,1.461505279188265,0,4,2,1,0,15241217.57142857,1.176381015228789,0
2023-04-18,1063.4449462890625,1080.0985197030036,1056.9243329412964,1080.0985197030036,10405576.0,-1.1446882186428642,-0.011512902040196818,1065.4020472935267,0.9981630399439949,1.0219260603994387,1049.150913783482,1047.0745564778647,1,0.712214945209981,1.451979518857575,1,4,2,0,0,14404453.0,0.7223860565895838,1
2023-04-19,1068.7386474609375,1071.4195123263064,1059.741614492453,1062.8542061722762,12273475.0,0.49778798520296874,0.004965531171330426,1066.0868966238838,1.0024873683800555,1.0110195708785545,1053.9772469656807,1047.197245279948,1,0.6914522000748407,1.2955346239304153,2,4,2,0,0,13524228.57142857,0.9075175663570988,0
2023-04-20,1066.0347900390625,1071.91923046536,1059.6960269180329,1069.692688687604,7007330.0,-0.25299519469036413,-0.0025331576833780936,1067.4630650111608,0.9986619912023997,1.011534631853699,1057.4988098144531,1047.5001708984375,1,0.6244774605139235,1.2695098785763306,3,4,2,0,0,12673646.0,0.5529056121655915,1
2023-04-21,1067.3753662109375,1072.828080314349,1061.6499382780762,1068.1251189073266,7647317.0,0.12575351052341865,0.001256745070225548,1068.284214564732,0.9991492447970273,1.0105290281035604,1060.7769383021764,1046.9488321940105,1,0.6039435435325848,1.2702858381829414,4,4,2,0,1,12260067.42857143,0.6237581517845765,1
2023-04-24,1071.465087890625,1081.8706418346944,1066.9210188410907,1079.1897769115358,12936186.0,0.3831568358379389,0.003824246596930416,1069.02099609375,1.00228628979768,1.014011930339363,1064.7788696289062,1046.180908203125,1,0.5985467459350654,1.2427871241530601,0,4,2,1,0,11511081.57142857,1.123802825974985,1
2023-04-25,1079.666748046875,1081.7342770992536,1068.0569991057368,1075.1000833366595,9236126.0,0.7654621927436267,0.007625473958966235,1070.354945591518,1.0086997331994492,1.0128057566262554,1066.2394234793526,1045.555350748698,1,0.6476823204101007,0.5514228999665358,1,4,2,0,0,11062212.714285715,0.8349257276595747,0
2023-04-26,1073.328125,1084.2336751201349,1069.6702254865136,1081.0073822687018,8617834.0,-0.5870906979715373,-0.005888208504426594,1070.0076729910713,1.0031032039234324,1.013614896709869,1067.2342354910713,1045.5985229492187,1,0.6719230779409574,0.5842845544572497,2,4,2,0,0,9731977.714285715,0.8855172353456743,1
2023-04-27,1080.121337890625,1083.2793621459462,1074.191463763707,1079.1898559504257,9167125.0,0.6329111044793612,0.006309166332116231,1072.3900146484375,1.0072094323301977,1.0084602221194325,1068.896030970982,1046.4217407226563,1,0.4925653878067622,0.592305187668025,3,4,2,0,0,9555056.142857144,0.9594004329166459,1
2023-04-28,1099.86474609375,1101.4098041424304,1082.256973708253,1082.3705544049471,15565210.0,1.8278879891107325,0.018113829423689397,1076.8366001674108,1.0213849955719922,1.0176971189832595,1071.4617483956474,1048.481669108073,1,0.7854540398019714,0.7333999683285806,4,4,2,0,1,10025304.0,1.552592320392479,1
2023-05-02,1109.20263671875,1111.361030519598,1103.3181951274971,1106.9988106394346,12981805.0,0.8490035395865014,0.008454197744441222,1083.0034354073662,1.0241912448795965,1.007289678922744,1075.2332502092634,1050.9823608398438,1,0.738625465406343,0.695563730930211,1,5,2,0,0,10878800.42857143,1.1933121749255888,0
2023-05-03,1099.6829833984375,1110.9974233118685,1096.4795270846323,1110.9974233118685,7061872.0,-0.8582429400342595,-0.008619470535105516,1087.6188092912946,1.0110922816009444,1.0132404626521727,1077.9515119280134,1053.754931640625,1,0.9110066662374522,0.7646525456241776,2,5,2,0,0,10795165.42857143,0.6541698732387585,1
2023-05-04,1112.360595703125,1114.564421653396,1097.1838117593734,1100.1601065895743,8635233.0,1.1528424551509264,0.011462478616401716,1093.4610246930804,1.0172841743630958,1.0158411104025973,1081.241010393415,1057.1189758300782,1,0.9499645493645532,0.8008153415967105,3,5,2,0,0,10180743.57142857,0.8481927611097169,0
2023-05-05,1109.5206298828125,1118.4267984938415,1106.9079133744922,1109.1798878043744,8746585.0,-0.25530981871192404,-0.0025563629002350588,1097.725864955357,1.0107447271709635,1.0104063626071957,1084.0404052734375,1060.4307596842448,1,0.987271970764525,0.8141868819518097,4,5,2,0,1,10110809.142857144,0.8650727035213686,1
2023-05-08,1123.220703125,1128.5598368262858,1110.6112034431017,1113.269352129285,9153782.0,1.2347740883046576,0.012272129315676476,1104.8533761160713,1.0166242212821903,1.0161610411704294,1087.4305245535713,1064.530165608724,1,0.9234306154526991,0.8534333287083501,0,5,2,1,0,10187373.142857144,0.8985419373215122,1
2023-05-09,1126.6968994140625,1129.9913407668837,1119.2902356444074,1124.6293700397016,6464721.0,0.3094847058455308,0.0030900678773152683,1111.5070277622767,1.0136660149440229,1.0095606168817468,1091.948521205357,1067.7086690266926,1,0.9327548121604422,0.7439435265470689,1,5,2,0,0,9801315.42857143,0.6595768748707899,1
2023-05-10,1134.4442138671875,1135.9210031175069,1127.4464419348942,1131.4452030936898,10872255.0,0.6876130090669452,0.006852597322817736,1116.4469517299108,1.0161201229573786,1.0075165975672147,1096.6417759486608,1071.0408996582032,1,0.7696428360860817,0.7472692586219857,2,5,2,0,0,9130893.285714285,1.1907109917723118,0
2023-05-11,1127.03759765625,1140.3058651251242,1125.3335267806174,1135.51203899488,10557860.0,-0.6528850092759719,-0.006550256257154812,1118.9948032924108,1.0071875171718179,1.0133048007441314,1100.9991193498884,1074.5624633789062,1,0.844216709995023,0.7821966802404849,3,5,2,0,0,8784615.42857143,1.201857962462557,1
2023-05-12,1128.8779296875,1130.2638545526538,1116.2229969798393,1122.2664514997994,6955341.0,0.1632893201679364,0.0016315614810832278,1123.1655099051338,1.0050859999990995,1.0125789001040157,1105.3921595982142,1078.819394938151,1,0.7005828119660392,0.7812440378438457,4,5,2,0,1,8769396.714285715,0.793137912060639,1
2023-05-15,1131.1043701171875,1138.056589765274,1123.7885720856236,1131.3998000896129,6833343.0,0.19722596847153717,0.0019703173340440416,1125.8431919642858,1.004673100295364,1.0126963541310716,1109.652108328683,1082.631776936849,1,0.6116981974723195,0.7831994802656753,0,5,2,1,0,8511983.857142856,0.8027908786816812,0
2023-05-16,1114.99609375,1135.8073202110538,1113.337455190809,1133.2627523170945,8717229.0,-1.4241193644684236,-0.014343572604335055,1126.6254010881696,0.9896777515162207,1.020182438770457,1112.1756330217634,1085.7489278157552,1,0.8732363316971321,0.9107903158637205,1,5,2,0,0,8507790.142857144,1.0246173040973154,0
2023-05-17,1108.4073486328125,1120.0852459817609,1103.7271032383842,1119.1764803056624,8798967.0,-0.5909209148014072,-0.005926737611407296,1124.5092075892858,0.9856809896728259,1.0148208218275887,1114.6812918526787,1088.8479044596354,1,0.7294338220669304,0.9110564993072139,2,5,2,0,0,8457102.285714285,1.0404233864905703,0
2023-05-18,1106.0218505859375,1116.4502407386783,1102.8864225456616,1113.0649351771951,10525531.0,-0.2152185340360102,-0.0021545046195062863,1121.555629185268,0.9861497921323665,1.0122984723682689,1116.5313284737724,1090.4079996744792,1,0.6960859857242504,0.910676075320616,3,5,2,0,0,9037218.0,1.1646870751596343,1
2023-05-19,1109.6114501953125,1111.4291017814717,1099.1149119209986,1106.0218196807168,8050447.0,0.32455051475459573,0.003240249863345872,1118.008091517857,0.9924896417241981,1.0112037328644288,1117.2275216238838,1092.081689453125,1,0.6232381659475599,0.7797889450487728,4,5,2,0,1,8634102.57142857,0.9324011306791783,1
2023-05-22,1115.541259765625,1120.539651102296,1105.2492875108546,1106.4533629289124,7434906.0,0.5344041438350988,0.005329812718969759,1116.365757533482,0.9992614447708619,1.0138343120997408,1117.6802804129463,1094.0378580729166,1,0.6750491975838658,0.7597607328185012,0,5,2,1,0,8187966.285714285,0.9080284090778237,0
2023-05-23,1115.3369140625,1121.4485168171575,1113.9282731003457,1118.1087637100431,6092034.0,-0.01831807665885199,-0.0001831975462343141,1114.4313267299108,1.0008126003916693,1.0067511022912463,1118.7984183175224,1095.7509318033854,1,0.6646629997801163,0.71492573332823,1,5,2,0,0,8064636.714285715,0.7554009208137743,0
2023-05-24,1108.839111328125,1119.6310808484725,1105.7492354797112,1111.4065159491756,8112254.0,-0.5825865397664831,-0.005842901952153777,1111.2505754743304,0.997829954648009,1.0125542436958945,1118.546883719308,1097.498848470052,1,0.6581068502075286,0.6678682285131302,2,5,2,0,0,8247338.285714285,0.9836208627517713,0
2023-05-25,1108.7027587890625,1112.8151011277312,1097.84276158454,1105.9537453747698,11487863.0,-0.012296873159456378,-0.000122976292868912,1110.351527622768,0.9985150929298622,1.0136379635291133,1118.4884643554688,1099.0680297851563,1,0.42455062237771574,0.6644472724900362,3,5,2,0,0,8643143.142857144,1.3291302492767099,1
2023-05-26,1138.9427490234375,1140.078676055061,1113.6101699812016,1116.9044905832286,12626260.0,2.7275110479028086,0.02690977285257037,1114.7137276785713,1.0217356445365788,1.02376819715494,1119.6114676339287,1101.4892008463542,1,1.0900888497685375,0.9407221864912216,4,5,2,0,1,9189899.285714285,1.3739280058952923,1
2023-05-29,1145.349609375,1149.6209640491695,1139.260723455887,1145.5313384612557,10010304.0,0.5625269889163453,0.0056095071440031945,1120.3319789341517,1.0223305510431375,1.0090938275848351,1120.94380405971,1103.989884440104,1,1.0567713083802357,0.947393398997529,0,5,2,1,0,9116295.42857143,1.0980670907863137,0
2023-05-30,1145.0543212890625,1153.1198717474913,1142.50963326853,1145.3496310598186,11342504.0,-0.02578148047727158,-0.00025784804472278605,1125.3952462332588,1.0174685961413141,1.0092867825093144,1121.701668875558,1106.2997273763021,1,1.0748880975052082,0.9336873983639911,1,5,2,0,0,9586589.285714285,1.1831636530942593,0
2023-05-31,1122.3118896484375,1140.4650896335454,1118.2678159183406,1135.9892890678166,27107927.0,-1.9861443442283466,-0.02006133306876161,1126.3624790736608,0.9964038313593733,1.0198496937846468,1121.3641183035713,1108.2619588216146,1,1.4129120622233258,1.0710397791449402,2,5,2,0,0,12397020.857142856,2.1866484950197598,0
2023-06-01,1119.2901611328125,1129.1279320638168,1116.9046059479208,1126.969538270473,14592692.0,-0.26924142419729735,-0.002696045308218913,1126.9272286551338,0.9932231049812903,1.01094393026119,1120.6792776925224,1109.9470092773438,1,1.4194337342126857,1.071438046791094,3,6,2,0,0,13611400.57142857,1.072093347295299,0
2023-06-02,1115.6322021484375,1128.1962696801756,1113.7238061790024,1122.8117036497752,15800644.0,-0.3268106083120448,-0.0032734580054201027,1127.897670200893,0.9891253715859961,1.0129946611726168,1119.5741228376116,1111.6002563476563,1,1.403362107720409,1.0710796707510113,4,6,2,0,1,14709742.0,1.0741618717717822,1
2023-06-05,1125.6517333984375,1128.6053121788443,1117.1090229973545,1121.085068396339,10908682.0,0.8981034458045212,0.008940944820234305,1130.3189522879463,0.9958708832758563,1.0102911076222836,1120.335239955357,1113.5428019205729,1,1.433548664891561,1.0280344372653014,0,6,2,1,0,14627001.857142856,0.7457907031489796,1
2023-06-06,1126.6058349609375,1130.40003073524,1118.7221336360576,1128.4689187387337,7493309.0,0.08475992477881,0.0008472402383954129,1128.5565359933037,0.9982715079217106,1.0104386037855773,1121.6351318359375,1115.3808268229166,1,0.9213795754374742,1.0101813997260058,1,6,2,0,0,13893723.142857144,0.5393305252273117,1
2023-06-07,1135.148681640625,1135.9892989888378,1123.5388113588674,1130.0821412207565,10312545.0,0.7582817711913936,0.007554212663259495,1127.0992606026787,1.0071417144162105,1.0110814931394423,1123.715619768415,1117.230224609375,1,0.9492236072804409,1.018719153778699,2,6,2,0,0,13936900.42857143,0.7399453739985616,1
2023-06-08,1135.830078125,1143.6457515710592,1131.899585359948,1138.7155083681228,12071109.0,0.06002706917564993,0.0006000906013698585,1125.7815115792412,1.0089258585634993,1.0103773924498576,1125.58837890625,1119.313623046875,1,0.9512527997215283,1.0184974941856135,3,6,2,0,0,14040986.857142856,0.8597051704994119,0
2023-06-09,1127.7874755859375,1139.8743850627466,1125.9925399615922,1139.170064535181,5877018.0,-0.7080814898245191,-0.007106002839247765,1126.5637381417412,1.0010862567316563,1.0123285409170009,1126.4631086077009,1120.9024943033853,1,0.5827737637387398,1.0384043773484606,4,6,2,0,1,11007999.857142856,0.5338860897773838,1
2023-06-12,1128.7869873046875,1131.0816777652867,1120.0852643496842,1124.8564945620458,6391969.0,0.08862589276679156,0.0008858664321091564,1127.9204275948662,1.0007682808898755,1.0098174788702243,1127.423828125,1121.8665690104167,1,0.5633232455630599,1.0379950201109243,0,6,2,1,0,9836468.0,0.6498235952173077,1
2023-06-13,1145.46337890625,1146.6448585440896,1129.741286337972,1133.7173319025069,11248016.0,1.477372771755836,0.01466565928444552,1132.1820242745537,1.0117307591420261,1.0149623390864204,1130.0398472377233,1123.0752604166667,1,0.715789161001477,1.0803613605732505,1,6,2,0,0,9186092.57142857,1.2244614249789527,1
2023-06-14,1159.549560546875,1160.9809175855808,1143.7138887627082,1145.5314201372407,13277380.0,1.2297365328322707,0.01222236696021011,1137.0245710100446,1.019810468578371,1.0150973324644614,1133.6717616489955,1125.0708129882812,1,0.7650839294811725,1.1088667428973127,2,6,2,0,0,9524478.0,1.394027053241133,1
2023-06-15,1159.8677978515625,1164.4117468363468,1152.1202722852718,1159.5269355725368,11813494.0,0.027444907532658824,0.0002744114210684078,1141.7762799944196,1.0158450636732717,1.0106685689391564,1135.1664079938616,1126.654386393229,1,0.7696531076991361,0.8677294447066982,3,6,2,0,0,10141647.285714285,1.1648496212879251,1
2023-06-16,1171.1595458984375,1173.431520437393,1163.3438717544047,1163.3438717544047,24171579.0,0.9735375072737362,0.009688291645415629,1146.920689174107,1.0211338560313048,1.0086712526948505,1137.009974888393,1128.7090169270834,1,0.7895094272611888,0.8900230183971901,4,6,2,0,1,12121509.285714285,1.9941063798455556,0
2023-06-19,1159.52685546875,1174.1584519189826,1155.3692013285906,1174.1584519189826,6798554.0,-0.9932626575454018,-0.009982284204879547,1150.305943080357,1.0080160521154056,1.016262551025928,1138.0437273297991,1129.9192220052084,1,0.9584699841582338,0.941858047002654,0,6,2,1,0,11368287.142857144,0.5980279979356106,1
2023-06-20,1161.9351806640625,1165.070488566,1151.893084884151,1157.5957972211602,6921096.0,0.2076989578942534,0.0020748356180742195,1155.1841866629463,1.0058440845010337,1.0114397801799238,1140.8739624023438,1131.0938313802083,1,0.8549544145551791,0.7272137458627643,1,6,2,0,0,11517441.142857144,0.6009230621762115,1
2023-06-21,1165.206787109375,1167.7286388194625,1157.8001247424693,1161.889630244124,6961603.0,0.28156531446468236,0.002811696618395069,1160.3870152064733,1.0041535900003535,1.0085753264875503,1144.1537214006696,1132.1192504882813,1,0.8451624424478481,0.7116604260565784,2,6,2,0,0,11598817.42857143,0.6001993774685552,0
2023-06-22,1152.1202392578125,1169.296404389101,1150.52986917785,1161.4354185434336,7619166.0,-1.1231094769047267,-0.011294639748346378,1161.3379952566963,0.9920628137230226,1.0163112107855672,1146.760009765625,1132.9553385416666,1,0.8924773060694828,0.7920277900902991,3,6,2,0,0,11080410.285714285,0.6876248986757478,0
2023-06-23,1142.6915283203125,1151.165969570004,1141.441900396204,1149.1211566554268,6628570.0,-0.8183790733139018,-0.008217461778882022,1158.9297049386162,0.985988644048809,1.0085191100575728,1147.9771379743304,1133.415791829427,1,0.784277962787854,0.81371704188869,4,6,2,0,1,10130580.285714285,0.6543129626392012,0
2023-06-26,1133.96728515625,1142.9870354453749,1130.8546930683367,1139.170122793876,12641159.0,-0.7634819150962424,-0.007664113583078021,1155.2296316964287,0.9815947012119527,1.0107284715281322,1148.5029558454241,1133.5112223307292,1,0.8017593847620456,0.8466882866841554,0,6,2,1,0,10248818.142857144,1.23342602276636,1
2023-06-27,1134.3760986328125,1140.3058517527372,1129.9230146151945,1134.4215309070005,9689466.0,0.03605161118085398,0.0003604511414898651,1149.974853515625,0.9864355687125461,1.0091889774818674,1148.4477713448662,1134.1572224934896,1,0.6036157172204937,0.8218421180946399,1,6,2,0,0,8179944.857142857,1.1845392810367181,1
2023-06-28,1149.3939208984375,1153.1881169201986,1135.0122016455275,1141.896393407388,11354006.0,1.323883876231613,0.013151971180456619,1148.5272914341517,1.0007545571365601,1.0160138501139635,1149.4166172572545,1135.5234415690104,1,0.8451616669015176,0.8952810965891327,2,6,2,0,0,8830723.714285715,1.2857390138514129,1
2023-06-30,1158.8226318359375,1161.7307784588777,1151.1888070463274,1157.0732487107562,11151555.0,0.8203202371324547,0.008169738986804715,1148.0826416015625,1.0093547187677996,1.0091574651768882,1151.6334141322545,1137.283467610677,1,0.9139429636225115,0.8837810526608822,4,6,2,0,1,9435075.0,1.1819254218964874,1
2023-07-03,1188.5628662109375,1191.425580555085,1161.1400387375704,1162.3669506539804,12154387.0,2.5664181521793505,0.02534038471318228,1151.419224330357,1.0322590079231848,1.0260825919416592,1155.903119768415,1139.9151814778645,1,1.3498093663793564,1.0853648807298921,0,7,3,1,0,10176901.285714285,1.1943111816424503,0
2023-07-04,1176.3167724609375,1192.788615416969,1169.2735683249591,1192.788615416969,8061643.0,-1.030327810008047,-0.010356724300881305,1154.8758719308037,1.0185655454852367,1.0201108172877766,1158.10693359375,1141.9410319010417,1,1.3339639589364343,1.0962611894282714,1,7,3,0,0,10240112.285714285,0.787261191583474,0
2023-07-05,1174.3856201171875,1185.5183304828597,1170.432411192628,1185.5183304828597,10248062.0,-0.1641694132873628,-0.0016430431893808583,1159.403599330357,1.0129221789508707,1.012889184497941,1159.1666521344866,1143.9093221028645,1,1.2631873203413768,1.0577335369839636,2,7,3,0,0,10757182.57142857,0.9526715691541007,1
2023-07-06,1199.0367431640625,1201.626743759331,1170.5461356600115,1170.5461356600115,19117987.0,2.0990654708813006,0.020773386064060005,1168.6992361886162,1.025958352701918,1.0265522281885924,1161.9644339425224,1146.915909830729,1,1.287480485048476,1.1846899804508488,3,7,3,0,0,11682443.714285715,1.6364715694390066,0
2023-07-07,1196.6966552734375,1210.9419594439871,1194.151966693268,1197.33282741848,13375267.0,-0.1951639850877207,-0.0019535467814293496,1177.6021728515625,1.0162147139858257,1.0140601809644147,1163.7885131835938,1149.8490397135417,1,1.3132731445635484,1.1704181150126804,4,7,3,0,1,12208986.714285715,1.0955263784790283,1
2023-07-10,1242.7950439453125,1252.3146696470571,1215.508631328038,1221.8246801466166,33240016.0,3.8521365016552123,0.037797937080090944,1190.9451904296875,1.0435367252265555,1.0302803594893486,1169.7362409319196,1153.3107828776042,1,1.7609682308623438,1.4787823763050787,0,7,3,1,0,15335559.57142857,2.167512430516649,1
2023-07-11,1256.2677001953125,1258.6759714064597,1243.9536302912918,1250.9058502676546,20069348.0,1.0840609894315678,0.010782271718453454,1204.8659144810267,1.0426618307452296,1.0118351205034228,1176.4742780412946,1157.0080525716146,1,1.7559158087713993,1.4836963459786925,1,7,3,0,0,16609530.0,1.2083031849787442,1
2023-07-12,1257.653564453125,1273.2166423107678,1254.8817149747802,1256.9946762890331,18733835.0,0.11031599854052221,0.0011025519515598433,1214.7360142299108,1.035330762997442,1.014610880943752,1183.0776192801338,1160.7613606770833,1,1.674617567799284,1.4869525059117263,2,7,3,0,0,17549451.14285714,1.0674883702915643,0
2023-07-13,1246.4072265625,1271.8533855353082,1243.7945103332902,1264.9920307015198,14682934.0,-0.8942317827815627,-0.008982540319631915,1224.7489362444196,1.0176838613018058,1.0225590923331052,1189.8124040876116,1164.8978719075521,1,1.6501351771613855,1.468199767558511,3,7,3,0,0,18495349.85714286,0.7938716549516628,0
2023-07-14,1245.3623046875,1254.5410670168455,1238.2736675009803,1249.5881074417618,15124144.0,-0.08383470929335113,-0.0008386987023852024,1234.888462611607,1.0084816097914966,1.0131371601793773,1197.146030970982,1169.1002766927083,1,1.642233909207495,1.4271925533494945,4,7,3,0,1,19191933.0,0.7880469361788622,1
2023-07-17,1270.8084716796875,1279.1466167196916,1239.5914489485467,1248.225023984058,22220040.0,2.0432742260151127,0.02022679444237043,1245.141566685268,1.0206136440073623,1.0319098423958124,1206.920401436942,1174.2728190104167,1,1.6353003638404167,1.414102261670111,0,7,3,1,0,19635083.42857143,1.1316498898938798,1
2023-07-18,1281.600341796875,1289.3250310279557,1269.127138140066,1280.0326878114854,25867313.0,0.8492129504710899,0.008456274221747098,1257.2706647600446,1.019351184847277,1.0159147907888015,1217.4364188058037,1179.4711059570313,1,1.5709359230296724,1.3957285359802696,1,7,3,0,0,21419661.42857143,1.20764341146382,1
2023-07-19,1291.3243408203125,1297.7540895736324,1270.944719940005,1285.9397747939042,39122156.0,0.7587387976039306,0.007558748522426604,1264.2034214564733,1.0214529710199594,1.0210940485553872,1227.5743059430804,1184.9617228190104,1,0.9424276541260623,1.390200191710227,2,7,3,0,0,22259967.14285714,1.757511848464415,0
2023-07-20,1289.7606201171875,1295.2251136644825,1270.1422890108254,1270.1422890108254,38717624.0,-0.12109434118864337,-0.001211677196300581,1268.9881243024554,1.0163693382285595,1.019748043089874,1236.9270193917412,1190.1154541015626,1,0.9392123015113887,1.4139974056914721,3,7,3,0,0,24924006.57142857,1.5534269696583867,0
2023-07-21,1249.8345947265625,1287.3234307026405,1242.3762502436682,1284.4188902576473,30249238.0,-3.0956151682625666,-0.03144541701364953,1267.871128627232,0.9857741583561427,1.0361783963997675,1241.3035714285713,1193.9156046549479,1,1.6244889426338749,1.6523729081947633,4,7,3,0,1,26569064.14285714,1.138513492133378,0
2023-07-24,1224.554931640625,1238.1179088392782,1215.6443158350814,1221.4042392370138,23727866.0,-2.0226406912242756,-0.0204337614699466,1264.7493722098213,0.9682194421658681,1.018486980699415,1244.7491542271205,1197.1411865234375,1,1.7686184800797684,1.7363187461204033,0,7,3,1,0,27861197.285714287,0.8516455971605486,0
2023-07-25,1223.767333984375,1233.3179681079685,1220.9119513502328,1227.8041962368873,12026020.0,-0.06431705396791054,-0.0006433774625798939,1261.6643763950892,0.969962659547386,1.0101612706338206,1248.2764195033483,1200.307198079427,1,1.7689189545862938,1.7344631549042147,1,7,3,0,0,27418608.14285714,0.43860796789325407,1
2023-07-26,1243.65625,1253.8961800235134,1223.3733833366434,1223.3733833366434,12911012.0,1.6252203718226443,0.01612155035795177,1257.7854875837054,0.9887665760790032,1.0249496981891348,1251.4635271344866,1203.5802937825522,1,1.6841652814085004,1.7011390552422485,2,7,3,0,0,26088747.0,0.49488816001780384,0
2023-07-27,1232.0872802734375,1249.2932542715916,1226.0074074454076,1247.521034743089,17226898.0,-0.9302385387089496,-0.009345922785489468,1250.712193080357,0.9851085542221759,1.0189932350202549,1253.9914289202009,1205.9982177734375,1,1.6154275714096757,1.7278911117147373,3,7,3,0,0,24854402.0,0.6931125520541592,1
2023-07-28,1244.4686279296875,1251.853175548335,1231.0287272255082,1236.690213733138,20827852.0,1.0049083254477065,0.009998926954018907,1244.018519810268,1.0003618178606282,1.016916297615378,1254.1109706333705,1208.8182454427083,1,1.6509552424029614,1.4052133435449963,4,7,3,0,1,22240930.0,0.936464976959147,1
2023-07-31,1255.00390625,1257.2930680054526,1239.594792375287,1244.468666067682,8551174.0,0.8465684135275486,0.00843005119491125,1239.0532749720983,1.012873240884869,1.0142774685236073,1254.0206996372767,1211.613057454427,1,1.7281261881714105,1.3927429718812805,0,7,3,1,0,17931437.14285714,0.47688168727771485,0
2023-08-01,1237.25634765625,1259.803857697837,1233.36720054875,1257.8346449464532,9536632.0,-1.414143693526848,-0.014242379836358756,1237.256382533482,0.9999999718108287,1.021434538827792,1252.563755580357,1214.2040405273438,1,1.366139719236197,1.4423240748769028,1,8,3,0,0,14972493.42857143,0.6369434754134949,0
2023-08-02,1224.0379638671875,1236.665491369381,1212.8380673987745,1235.2870185350291,12748214.0,-1.06836257612275,-0.010741105451841985,1237.1825299944196,0.9893754027327791,1.0196460060176955,1250.9659511021205,1216.2741333007812,1,1.181703675606373,1.4503632723019857,2,8,3,0,0,13403971.714285715,0.9510773576471503,0
2023-08-03,1218.8934326171875,1231.201012494138,1210.1058926997707,1218.5981228148664,10168350.0,-0.4202918048184179,-0.004211775134026228,1236.4862583705358,0.9857719197166555,1.0174324577060803,1249.0753173828125,1218.0636881510416,1,1.19254002775988,1.4525136654963022,3,8,3,0,0,13138590.285714285,0.773930062425049,1
2023-08-04,1235.4593505859375,1238.6346817533065,1216.77647074002,1230.1670919099247,22885610.0,1.3590948581271745,0.013499420013798806,1235.3152727399554,1.0001166324493524,1.0179640316351555,1246.5503801618304,1220.841658528646,1,1.132953055887917,1.3831330859109685,4,8,3,0,1,14563532.857142856,1.5714325792024757,1
2023-08-07,1242.4993896484375,1244.739272893678,1233.219426922262,1241.0962775533026,5982870.0,0.5698317034195544,0.005682143039628467,1236.8027169363838,1.00460596717168,1.0093412783807387,1243.7574550083705,1224.1685872395833,1,1.0882849450727115,1.3688915399169204,0,8,3,1,0,12957243.142857144,0.46173942512594884,0
2023-08-08,1235.0162353515625,1247.7176805176769,1230.5363488514104,1244.5423492739476,9844072.0,-0.6022662352367258,-0.006040871732718288,1235.4523751395088,0.999646979683942,1.0139624739100992,1239.7354474748884,1227.536885579427,1,1.0402769749978595,1.3427025797486345,1,8,3,0,0,11388131.714285715,0.8644150109057146,1
2023-08-09,1243.1640625,1245.034838767312,1221.453562693164,1233.145764124846,11486586.0,0.6597344160514718,0.006575676930767405,1233.7609688895088,1.0076214873444689,1.0193059128847715,1236.4071219308037,1231.1631510416667,1,1.0138784097683888,1.367126706039295,2,8,3,0,0,11807476.285714285,0.972823126809704,1
2023-08-10,1248.7025146484375,1255.3732475116944,1234.9180240875248,1243.041027453777,15470598.0,0.44551256873526235,0.004445230992096791,1235.3961356026787,1.0107709411275334,1.0165640334218005,1236.3262590680804,1234.4734375,1,0.8523734156673836,1.1029525183836275,3,8,3,0,0,12655185.714285715,1.2224710367178673,1
2023-08-11,1253.969970703125,1259.7300139419374,1236.837916549459,1246.733138146324,22179330.0,0.42183434348015414,0.004209471166233892,1239.6721365792412,1.0115335609327618,1.0185085669562453,1238.4273332868304,1237.6450154622396,1,0.6679493444374858,0.9396637387280458,4,8,3,0,1,14002488.0,1.5839563654687652,1
2023-08-14,1268.788330078125,1271.274485095857,1243.065489745762,1249.9577340453427,9575812.0,1.181715648795878,0.011747879134350839,1246.7999790736608,1.0176358288205947,1.022693088644802,1241.6431187220983,1240.319197591146,1,0.634597265625877,0.9737673904846059,0,8,3,1,0,13917839.714285715,0.6880243052498357,0
2023-08-16,1267.7545166015625,1271.5207081344915,1255.8654425931288,1255.8654425931288,10203112.0,-0.08148037399577923,-0.0008151358729528435,1251.41357421875,1.0130579871590526,1.012465718866376,1243.3644234793526,1243.3671223958333,1,0.5686655048703221,0.8936166215713034,2,8,3,0,0,12106054.285714285,0.8428106928316151,0
2023-08-17,1249.4654541015625,1269.2068594315797,1246.930140835009,1263.791524524126,13673744.0,-1.442634379172003,-0.014531415244880257,1252.408726283482,0.9976499108317028,1.0178652499182135,1244.605721609933,1245.869783528646,1,0.8765677685766566,0.9496005272043105,3,8,3,0,0,13204750.57142857,1.0355170229103912,1
2023-08-18,1258.720703125,1268.9606325625684,1234.9670764174216,1246.1423337524884,18639978.0,0.7407366880817445,0.00738006706902142,1255.7950788225446,1.0023296988113686,1.0275258804823855,1245.6237269810267,1247.859248860677,1,0.8480414154883877,0.9328038746124312,4,8,3,0,1,14461308.57142857,1.288955139013304,0
2023-08-21,1244.986328125,1262.5000997685252,1242.8371963360953,1254.8424457661688,9221746.0,-1.0911376102658799,-0.01097134177115166,1256.0554024832588,0.9911874314330602,1.0158209808093903,1244.9081856863838,1249.468904622396,1,0.9657147864111432,0.9546783261559199,0,8,3,1,0,14137760.0,0.6522777299940019,0
2023-08-22,1244.68994140625,1253.8544488619668,1234.6115281978846,1243.4548358358238,7713044.0,-0.023806423577066305,-0.00023809257755903963,1255.482177734375,0.9914039111669426,1.015586214954732,1245.4391566685267,1249.5320678710937,1,0.9477741486021827,0.8708252787037094,1,8,3,0,0,13029538.0,0.5919660390107462,1
2023-08-23,1246.0732421875,1256.2752862282496,1243.4795205761563,1247.061326610869,9517952.0,0.1111361741774175,0.001110744636489452,1254.3540736607142,0.9933983301468879,1.0102902906242994,1247.0131051199776,1249.1922526041667,1,0.9295253619168056,0.8095909577881206,2,8,3,0,0,11220769.714285715,0.8482441260586808,0
2023-08-24,1225.1258544921875,1254.8177179260883,1220.7782590700383,1254.8177179260883,14140020.0,-1.6810719455414236,-0.016953623409166473,1248.1165771484375,0.981579667254499,1.0278834084758197,1247.4582781110491,1248.1079956054687,1,0.90807710779314,0.9358560462687489,3,8,3,0,0,11872799.42857143,1.1909592244919587,0
2023-08-25,1219.4691162109375,1237.5757146480018,1206.747529523438,1213.3676467766436,22222400.0,-0.46172711648426734,-0.0046279636875609,1241.2186628069196,0.9824772642825099,1.0255465077577066,1246.316118512835,1247.21005859375,0,0.8903860113511992,0.8621316516636484,4,8,3,0,1,13589840.57142857,1.6352215379715798,0
2023-08-28,1207.315673828125,1227.2008731617648,1201.0660879981488,1221.272366528133,12580826.0,-0.9966174806111505,-0.010016169574661763,1235.197265625,0.977427417811869,1.0217596562127365,1243.8029959542412,1245.9418375651042,0,0.8297374330936723,0.8715705775079119,0,8,3,1,0,13433709.42857143,0.9365116959610964,0
2023-08-29,1195.755126953125,1212.107851949824,1189.7277154191993,1211.4162410930337,16876644.0,-0.9575413560518165,-0.0096215526027841,1226.202183314732,0.9751696279978062,1.0188111416087664,1240.9986310686384,1243.440059407552,0,0.637180738114377,0.8891341880574947,1,8,3,0,0,13181804.57142857,1.2802984529584027,0
2023-08-30,1194.61865234375,1206.9449799395882,1193.1117996537475,1201.510516255865,12168946.0,-0.09504241995356155,-0.0009508761389939704,1219.006801060268,0.9799934268657848,1.0115942028985507,1237.5311017717634,1240.5406697591145,0,0.6537551528674992,0.8534087219451365,2,8,3,0,0,13602833.142857144,0.8945890809805251,0
2023-08-31,1189.1595458984375,1198.0523052778192,1185.6517981191516,1197.0642209023324,21638600.0,-0.45697482075992557,-0.004580221425766462,1211.0738874162946,0.981905033420703,1.0104588102327674,1233.278032575335,1237.1351765950521,0,0.6107134056383116,0.8280399842214559,3,8,3,0,0,15592198.285714285,1.3877837879874504,1
2023-09-01,1191.950927734375,1198.3734766692594,1186.5164632510111,1188.9373425267036,18112842.0,0.23473568753371588,0.0023446061369891196,1203.3421282087054,0.9905336976016228,1.0099931301296574,1228.84810093471,1233.874853515625,0,0.6375267683105466,0.8161325847467416,4,9,3,0,1,16820039.714285713,1.076860834318737,0
2023-09-04,1190.9874267578125,1197.3852486913688,1188.3196473047951,1191.9507848594153,9347626.0,-0.08083394661170251,-0.0008086663486298281,1198.4652099609375,0.9937605337718826,1.0076289249337376,1223.2908935546875,1231.91328125,0,0.46036011836190416,0.6933634820938709,0,9,3,1,0,16135412.0,0.5793236640006465,1
2023-09-05,1197.3607177734375,1202.4739821466742,1191.852074903386,1195.582117616625,8675876.0,0.5351266413428757,0.005336999262897709,1195.3068673270088,1.0017182620652232,1.0089121019856002,1218.2627650669642,1231.0068074544272,0,0.5779660353511867,0.7367149308307834,1,9,3,0,0,14200194.285714285,0.6109688237665963,1
2023-09-06,1199.88037109375,1203.560961679848,1194.2236115362405,1196.125722417537,8200370.0,0.2104339388215415,0.002102128367367192,1194.2446812220983,1.0047190412151423,1.0078187619583205,1214.7209734235491,1230.210575358073,0,0.4956222533512207,0.6884539237023066,2,9,3,0,0,13574414.857142856,0.6041048609682771,1
2023-09-07,1201.5107421875,1204.5985062247828,1191.1358550222296,1196.4220829309013,13652572.0,0.13587780357335877,0.00135785573223435,1195.0669119698662,1.0053920246248071,1.0113023641642471,1210.6345476422991,1228.8057250976562,0,0.31496777291090644,0.6360039273876968,3,9,3,0,0,13113833.142857144,1.0410817227330895,1
2023-09-08,1209.5140380859375,1213.3675912039566,1197.039473070506,1205.4629163426932,23109288.0,0.666102733619045,0.006638940719060637,1197.19482421875,1.0102900660928154,1.0136404174639018,1208.1008126395088,1228.0532836914062,0,0.37461460067368874,0.6474920481176244,4,9,3,0,1,14676739.142857144,1.5745519338501561,1
2023-09-11,1222.5570068359375,1223.6686019045655,1211.3916036780722,1211.3916036780722,13271074.0,1.0783643958891531,0.010725915117734356,1201.9658900669642,1.0171311989293024,1.0101346238402324,1206.5198887416295,1227.3228963216145,0,0.3901707492594613,0.7325444467411266,0,9,3,1,0,13481378.285714285,0.9844003868701513,0
2023-09-12,1204.89501953125,1226.70693716321,1203.4622246012573,1226.70693716321,16255666.0,-1.4446759706034484,-0.014552130211888633,1203.8150460379463,1.0008971257643424,1.0193148667958019,1203.5785871233259,1225.6526000976562,0,0.8037733569454282,0.8079975480117754,1,9,3,0,0,13216067.42857143,1.2299926652051845,1
2023-09-13,1210.9222412109375,1216.653058753229,1198.6699696902265,1205.4630504045967,12803338.0,0.5002279519781272,0.004989809687353597,1206.662876674107,1.0035298712002896,1.0150025357418857,1202.5640433175224,1224.774796549479,0,0.805096798272751,0.7127511463107123,2,9,3,0,0,13709740.57142857,0.9338862346295935,1
2023-09-14,1212.0338134765625,1218.2093412827492,1207.9332388900991,1215.3438722575231,9209636.0,0.0917955115361746,0.0009175340522231761,1208.759033203125,1.0027092085217015,1.008507177434816,1202.032950265067,1224.374658203125,0,0.795409441724542,0.7053144287276549,3,9,3,0,0,13785992.0,0.6680430396303726,1
2023-09-15,1214.28173828125,1219.296218648912,1210.156437431325,1219.296218648912,25468592.0,0.18546716928957707,0.0018529539129688156,1210.816371372768,1.002862008633525,1.0075525617472953,1202.530526297433,1224.2209350585938,0,0.7952898490623528,0.6508108230314671,4,9,3,0,1,16252880.857142856,1.567020162385981,0
2023-09-18,1203.709228515625,1210.8975674516837,1201.535490839137,1205.487828880595,7516300.0,-0.8706801257334029,-0.008744926914399624,1211.1304408482142,0.9938724912839348,1.00779176036324,1203.09867640904,1223.16259765625,0,0.8886966021873399,0.6408760655945869,0,9,3,1,0,15376270.57142857,0.48882464477221277,0
2023-09-20,1176.8826904296875,1199.3370070481767,1163.4694916701224,1197.089090701199,57081884.0,-2.22865601180271,-0.02253865813769104,1206.4688197544642,0.9754770874801406,1.030828066945329,1201.831821986607,1220.9753743489584,0,1.1715865155758425,0.8850201138895722,2,9,3,0,0,20229498.57142857,2.821715219408376,0
2023-09-21,1168.31103515625,1180.8103271156433,1165.9396084396587,1173.3255153106452,12226182.0,-0.7283355718578854,-0.0073100088488482606,1198.7193952287946,0.9746326286255336,1.0127542786679025,1200.3426426478795,1218.7518676757813,0,0.9788902562593901,0.8962661431322929,3,9,3,0,0,20080228.285714287,0.6088666834877616,0
2023-09-22,1163.4447021484375,1177.0308632017377,1160.9992172819989,1173.8443150051187,19176786.0,-0.41652717995269706,-0.004173970708057742,1192.7979213169642,0.9753912891329338,1.0138084898603725,1198.3064836774554,1216.0945556640625,0,0.9133404802402156,0.8931940547658671,4,9,3,0,1,20497531.14285714,0.9355656477039974,0
2023-09-25,1156.2811279296875,1166.2854832156668,1153.638074334712,1161.1968240581607,14254884.0,-0.6157210742823938,-0.006176244535157568,1184.9920479910713,0.9757712128869913,1.0109630647274261,1195.8274623325892,1213.0138427734375,0,0.8011230867542302,0.9005412735633846,0,9,3,1,0,20704894.85714286,0.6884789369061824,1
2023-09-26,1157.2938232421875,1161.0979239595738,1153.8849803976211,1155.3423807263628,10087782.0,0.08758210162205238,0.000875437708783776,1177.1720493861608,0.983113576172371,1.0062510074093063,1192.965541294643,1209.7913045247396,0,0.8004700833990767,0.8798682081943032,1,9,3,0,0,20830344.285714287,0.48428301816011404,1
2023-09-27,1170.3365478515625,1171.7693426359383,1155.3177128519037,1157.7879239120955,11722778.0,1.1270020065289543,0.011206986539756074,1170.8941650390625,0.9995237680704632,1.0142399182502133,1190.855268205915,1206.5095784505208,0,1.0155066328924438,0.947405682465464,2,9,3,0,0,18866656.57142857,0.6213489897172787,0
2023-09-28,1153.14404296875,1177.3026603074284,1148.6482103293206,1177.3026603074284,14518346.0,-1.4690223008393177,-0.01479919284532566,1163.6705671037946,0.9909540342149896,1.0249462365591397,1187.4005039760045,1202.689229329427,0,1.0734005270958435,1.002553054504585,3,9,3,0,0,19866948.85714286,0.7307788480454134,1
2023-09-29,1158.529052734375,1170.435518964013,1153.1440405649926,1156.9481416896208,12342014.0,0.46698500490549577,0.00465898012678282,1161.048618861607,0.9978299219461606,1.0149950724200494,1183.7587193080358,1199.6580159505208,0,0.8558271035321827,0.9892957127211778,4,9,3,0,1,13475538.857142856,0.915882780706612,0
2023-10-03,1145.263916015625,1153.885049186791,1144.2017734963838,1151.0936382939,8859056.0,-1.1449981929621433,-0.011516037681566794,1157.7561732700892,0.98920994114056,1.0084629091780009,1178.237784249442,1195.876123046875,0,0.9097709332979671,0.9270598581262974,1,10,4,0,0,12994520.857142856,0.6817531863924274,0
2023-10-04,1143.2877197265625,1145.683872665596,1133.8763122199225,1140.7434506187417,10286386.0,-0.17255378969222024,-0.0017270283522439257,1154.8766043526787,0.9899652615851441,1.010413446615316,1173.8372628348213,1192.4861694335937,0,0.9083710908152137,0.8846433390381949,2,10,4,0,0,11724463.714285715,0.8773438385473031,0
2023-10-05,1143.2630615234375,1150.821810414835,1140.743398149127,1145.8073305142325,10953682.0,-0.002156780196227448,-2.1568034550659508e-05,1153.016880580357,0.9915406103577511,1.0088349512099395,1169.0044642857142,1189.1052734375,0,0.8962505803869314,0.8563415195456613,3,10,4,0,0,11252863.42857143,0.9734128623820496,1
2023-10-06,1145.18994140625,1148.5494528467332,1142.2504141267464,1144.7206253894865,5431026.0,0.1685421271500509,0.0016840025429491216,1151.2877546037946,0.9947034847081796,1.005514586505799,1164.2299019949776,1185.7424967447917,0,0.9004628741187806,0.8600139418996195,4,10,4,0,1,10587612.57142857,0.512960401918749,0
2023-10-09,1135.4324951171875,1142.200849187487,1133.826857954507,1140.2988590719287,7576878.0,-0.8520373726895181,-0.008556879621602242,1146.3014613560267,0.9905182304958577,1.0073855996391612,1158.5978131975446,1182.7527180989584,0,0.7281329108793071,0.850242197724918,0,10,4,1,0,9995341.142857144,0.758040960454319,1
2023-10-10,1140.447021484375,1145.1404226117538,1138.1497733893898,1139.5331157395624,10236032.0,0.44164020219183975,0.004406678337131165,1144.4876011439733,0.9964695295470571,1.0061421171323928,1154.0790841238838,1180.1186482747396,0,0.6241177752065893,0.8752412785814674,1,10,4,0,0,9383582.0,1.090844839422728,1
2023-10-11,1158.5537109375,1160.8509589721596,1142.7196339530417,1143.4359710357803,9814118.0,1.587683523392247,0.01575211664446401,1144.4911237444196,1.012287196380407,1.0158668184919477,1152.7698713030134,1178.4932495117187,0,0.895438629280646,0.8495473923925775,2,10,4,0,0,9022454.0,1.0877437557453882,1
2023-10-12,1160.70263671875,1165.618452848462,1155.1446622546923,1157.9607991424273,12554450.0,0.18548348349867183,0.0018531167530316253,1146.6966552734375,1.0122141992661282,1.0090670813241056,1152.2264142717634,1177.324833170573,0,0.7384029090132183,0.8332265140632162,3,10,4,0,0,9550367.42857143,1.314551517928136,0
2023-10-13,1160.6534423828125,1164.7045645712087,1150.6984190160554,1156.058825491677,10150316.0,-0.004238323786065479,-4.238413605545959e-05,1149.1774727957588,1.0099862465621907,1.0121718647768108,1152.0270385742188,1176.1926595052084,0,0.7271393712234878,0.8262827333230447,4,10,4,0,1,9530928.857142856,1.064987070215402,0
2023-10-16,1158.0596923828125,1163.2471357038708,1154.0826283801794,1158.5290083696575,5929036.0,-0.2234732526769645,-0.0022372332678556924,1151.2912772042412,1.005878977208103,1.007940945559985,1152.1540788922991,1175.1559977213542,0,0.7429394145939776,0.8108149389926128,0,10,4,1,0,8813122.285714285,0.6727509057273298,1
2023-10-17,1163.593017578125,1165.7914814830851,1156.7011522648252,1163.963549268257,7928180.0,0.47781001546882695,0.004766721266061448,1153.9202880859375,1.008382493654074,1.0078588399436286,1152.6040213448662,1174.2107340494792,0,0.7508658260875479,0.8201911233485311,1,10,4,0,0,9169858.57142857,0.8645913062064675,0
2023-10-18,1148.154052734375,1169.397866963109,1146.6719261602773,1163.5928712145596,8918320.0,-1.3268354665692539,-0.013357165742857703,1155.7376534598213,0.9934383026262543,1.019819043515726,1151.0195574079241,1172.7829549153646,0,0.8759673776398481,0.8325676100542471,2,10,4,0,0,9361493.142857144,0.9526599938605642,0
2023-10-19,1139.33544921875,1147.0672825471008,1136.7911799610206,1142.2256445327594,12032556.0,-0.7680679691565051,-0.007710328022283892,1155.578857421875,0.9859434878902471,1.009039569242992,1150.0332292829241,1170.848779296875,0,0.9294345395222258,0.7643485303089655,3,10,4,0,0,9618139.42857143,1.2510274039339,0
2023-10-20,1135.8525390625,1143.559525479833,1134.4691966955595,1136.2971288231192,8913312.0,-0.30569663733699404,-0.003061648439454371,1152.3358328683037,0.9856957552341536,1.0080128476037529,1148.4134783063616,1168.7145182291667,0,0.6062070912011644,0.749305941169048,4,10,4,0,1,9489452.857142856,0.9392861879587519,0
2023-10-23,1118.1163330078125,1139.3848747937852,1114.188721465012,1131.356688684127,7853962.0,-1.561488436635139,-0.01573808082167686,1146.2520751953125,0.975454140676076,1.0226139008979052,1146.474365234375,1165.9347045898437,0,0.729379640590227,0.798963046322458,0,10,4,1,0,8817954.57142857,0.8906784375424155,0
2023-10-25,1115.522705078125,1127.009187707913,1108.1367973597628,1111.6198194416302,11620688.0,-0.23196404999383802,-0.0023223350336690446,1139.8048270089287,0.978696245747156,1.0170307406027084,1144.4911499023438,1162.80166015625,0,0.7067331103444137,0.799145463395184,2,10,4,0,0,9028007.714285715,1.2871818863880329,0
2023-10-26,1099.985107421875,1115.5474388316163,1096.922069489782,1112.089142962785,15222534.0,-1.3928535551557264,-0.014026447849353163,1131.5084577287946,0.972140420081177,1.0169796650645362,1141.399867466518,1158.7159301757813,0,0.7500319624394061,0.8604281370284597,3,10,4,0,0,10355650.285714285,1.4699737418711045,1
2023-10-27,1119.40087890625,1123.204979852311,1104.6536704890177,1106.654565590137,11771084.0,1.7650940320347974,0.017496971627868365,1125.1952950613838,0.9948503018270995,1.0167937787732881,1139.5577915736608,1155.8661254882813,0,1.1478179168508487,1.0151699071628597,4,10,4,0,1,10904636.57142857,1.0794567909618944,1
2023-10-30,1142.4725341796875,1148.6480613914696,1121.451015427628,1123.4519103673986,16813304.0,2.0610717490217256,0.020401190758790835,1124.3836495535713,1.0160878225446432,1.0242516575309095,1140.0606515066963,1153.5844685872396,0,1.4406104502015853,1.1513394017764067,0,10,4,1,0,12032491.42857143,1.397325242225099,0
2023-10-31,1130.319091796875,1150.130232099537,1127.84888081728,1150.130232099537,12808438.0,-1.0637842065532754,-0.010694828408897943,1123.0955984933037,1.0064317706464723,1.0197556176729201,1139.3372279575892,1150.86064453125,0,1.4688263959076346,1.1818734046563495,1,10,4,0,0,12143331.714285715,1.0547713182315392,1
2023-11-01,1135.0125732421875,1144.942870331504,1124.0448598372486,1130.9367248364767,10309190.0,0.4152350853289688,0.004143753635378368,1122.9756033761162,1.0107188168913763,1.0185917940119233,1137.65571812221,1148.2183390299479,0,1.477594577266581,1.0946727523314765,2,11,4,0,0,12342742.857142856,0.8352430346577283,1
2023-11-02,1146.2767333984375,1148.302354744411,1140.2247162104195,1143.1889695269997,10562104.0,0.9924260243279637,0.009875338183149122,1126.9985177176338,1.0171058039364997,1.007084251392864,1136.6252964564733,1146.3039225260416,0,1.3367208330810412,1.1337320217228044,3,11,4,0,0,12729620.285714285,0.8297265560900694,0
2023-11-03,1146.0296630859375,1153.5638066087804,1144.078220526126,1149.7349795725816,8850156.0,-0.021554159244552284,-0.0002155648248729894,1131.356654575893,1.012969392499437,1.0082910293304004,1135.5807407924108,1145.27548828125,0,1.3233956687987298,1.1336485294296694,4,11,4,0,1,12333830.0,0.7175513202306177,1
2023-11-06,1155.564697265625,1156.0587394619763,1148.9445800808262,1152.2546386732256,10647304.0,0.8320058796743801,0.008285637898362393,1139.296595982143,1.0142790747737274,1.006191908212535,1135.4025268554688,1144.8506103515624,0,1.0647081526848514,1.1585244350532529,0,11,4,1,0,11680225.714285715,0.911566630683996,0
2023-11-07,1148.0552978515625,1155.614167696399,1145.955618484429,1153.1192304428853,6960204.0,-0.6498467313714062,-0.006519674277529036,1143.3900844029017,1.0040801590920714,1.0084283798221994,1134.292689732143,1144.3376302083334,0,1.0576457545769642,1.1612585157076356,1,11,4,0,0,10992957.142857144,0.6331511994042939,1
2023-11-08,1154.033203125,1156.552866758098,1147.042553778562,1152.1064866637696,7884494.0,0.5206983744271199,0.005193474279830027,1145.0416085379463,1.007852635677174,1.0082911596855821,1134.7126290457588,1144.2626993815104,1,0.7664800804377949,1.1138694677467986,2,11,4,0,0,9717412.857142856,0.8113778961449029,0
2023-11-09,1141.50927734375,1154.0331752710283,1138.3720609954937,1154.0085696526105,14513610.0,-1.0852309749265876,-0.010911625595699779,1146.6402064732142,0.9955252492451441,1.013757465429922,1134.8679024832588,1143.7365478515626,1,0.7721459218600074,1.134649057134451,3,11,4,0,0,9961008.857142856,1.4570421739553576,1
2023-11-10,1143.658203125,1144.3746607841822,1135.333664696756,1139.0389810755562,7734954.0,0.1882530281532624,0.0018807605421127943,1147.8752964564733,0.9963261746772567,1.007963294288328,1135.4254499162946,1142.8472696940105,1,0.7635453483120922,1.1314316636163826,4,11,4,0,1,9593260.857142856,0.8062903860516608,0
2023-11-13,1143.5101318359375,1148.4505538682092,1142.077337077115,1147.610585630105,3854810.0,-0.01294716276750707,-0.00012948000984976745,1147.4800676618304,0.9965403008402732,1.0055803723479926,1137.239292689732,1142.5261393229166,1,0.6572660793416187,1.0326409493745698,0,11,4,1,0,8635076.0,0.44641297887824033,1
2023-11-15,1164.185791015625,1166.9030232858888,1149.6362714370953,1156.0588204395372,12220648.0,1.8080870998923526,0.017919356032903403,1150.0738002232142,1.0122705088922743,1.0150193172204016,1140.7152273995537,1142.714697265625,1,0.9576005534027715,1.113051023688748,2,11,4,0,0,9116574.857142856,1.3404867717863465,1
2023-11-16,1166.285400390625,1172.9302438744137,1159.492320123304,1161.542667627995,13134910.0,0.18035002584666504,0.0018018759045973479,1151.6053292410713,1.012747484556387,1.011589489225492,1145.450962611607,1143.4154134114583,1,0.9201186387618665,1.0016158453691282,3,11,4,0,0,9471947.142857144,1.3867169866868525,0
2023-11-17,1163.7412109375,1172.4857343750468,1162.012063114762,1162.4319266451018,7758634.0,-0.21814467130196746,-0.0021838295338623636,1153.8461739676338,1.008575698557669,1.009013392883556,1148.618129185268,1144.0971964518228,1,0.8719016176274711,0.9353393853367351,4,11,4,0,1,9586008.57142857,0.8093706512139867,0
2023-11-20,1160.6781005859375,1165.1490860409533,1154.2801575494675,1160.2828426994563,4490186.0,-0.2632123295775446,-0.0026355934228365512,1154.795445033482,1.0050941104571856,1.0094161962504498,1149.9185267857142,1144.6776977539062,1,0.8737814376992035,0.7902774781859135,0,11,4,1,0,9101107.42857143,0.49336699245014953,1
2023-11-21,1175.2769775390625,1179.7728099438689,1166.0384122376151,1168.9038812090423,8214450.0,1.257788610447208,0.012499441587642608,1159.6194022042412,1.0135023399100247,1.0117786837569935,1153.1298043387276,1145.6805989583333,1,0.7959549057521764,0.7669301629480143,1,11,4,0,0,8201227.428571428,1.0016122673762842,1
2023-11-22,1179.87158203125,1182.9593458443585,1171.9669066696931,1173.3502489811203,8534814.0,0.39093801546323803,0.00390175838583882,1164.7927420479912,1.0129455133423535,1.0093794791577366,1156.334019252232,1147.1619018554688,1,0.7897810200054644,0.7666321906910067,2,11,4,0,0,8315493.142857143,1.02637496698933,1
2023-11-23,1183.4781494140625,1185.7013394254852,1179.8716170501546,1179.8716170501546,8531542.0,0.3056745698208463,0.0030520833497362024,1170.5024588448662,1.0110855730982415,1.0049409802652138,1158.9912632533483,1148.5962727864583,1,0.7675916131756103,0.7390121475558993,3,11,4,0,0,8983597.714285715,0.9496798800811332,0
2023-11-24,1182.6876220703125,1186.9858858764198,1181.2796741129466,1181.5514214570694,6749486.0,-0.06679695304399047,-0.0006681927214821142,1173.1455775669642,1.0081337258442706,1.0048305341135733,1161.6096888950892,1149.4007364908855,1,0.5200231520024291,0.740298913028268,4,11,4,0,1,8202003.142857143,0.8229070243502536,1
2023-11-28,1182.9346923828125,1185.5531403805655,1173.4738317237427,1182.6876712625676,13792174.0,0.02089058073233563,0.0002088839895437106,1175.5240478515625,1.0063041198900133,1.010293632742606,1163.564688546317,1150.1418050130208,1,0.5258496937828983,0.7208500391912975,1,11,4,0,0,8295898.0,1.6625293608961924,1
2023-11-29,1186.047119140625,1191.605094048659,1184.7379555197092,1189.6536514263266,12531306.0,0.26311061615269526,0.0026276508612245856,1178.7106061662946,1.006224185084914,1.0057963353811328,1166.2783900669642,1150.988260904948,1,0.491837918816915,0.6812073137766345,2,11,4,0,0,8977708.285714285,1.3958245914428242,0
2023-11-30,1174.5606689453125,1186.0471507278282,1170.8306260067593,1183.0828973645985,28439984.0,-0.9684649125605738,-0.009731850338635736,1180.6938302176338,0.994805460047851,1.012996350098021,1167.744637625558,1151.5382934570312,1,0.662515276404128,0.7463115890120384,3,11,4,0,0,12399108.0,2.2937120960636848,1
2023-12-01,1182.88525390625,1183.9226701483003,1174.6347733568996,1174.8323419889748,14342842.0,0.7087403129556913,0.007062405530540998,1181.780726841518,1.000934629444909,1.0079070507719243,1170.7000645228795,1152.1813680013022,1,0.532214323619797,0.6721993656277921,4,12,4,0,1,13274592.57142857,1.0804732365851035,1
2023-12-04,1195.680908203125,1210.403389884879,1185.009669053603,1210.403389884879,15590990.0,1.081732505720212,0.01075923633080253,1184.0392020089287,1.0098321965813666,1.0214291254277752,1174.41597202846,1153.7655965169272,1,0.6480169889168225,0.7067252794188292,0,12,4,1,0,14282617.714285715,1.0916059164984602,1
2023-12-05,1204.3514404296875,1205.8830195816831,1196.3973123183705,1204.9689932142376,12693624.0,0.7251543590833576,0.007225377568496379,1187.0211007254463,1.0145998581606088,1.0079285594890977,1178.7617797851562,1155.9327962239583,1,0.6789260983819152,0.7074631638950247,1,12,4,0,0,14877200.857142856,0.8532266332819943,1
2023-12-06,1215.8873291015625,1221.7416569101222,1202.9927791973269,1208.9707381739393,16422442.0,0.9578506974475154,0.009532923923762837,1191.763916015625,1.0202417716812473,1.0155851955531314,1182.4547467912946,1158.6006225585938,1,0.7085365409218024,0.6037039859872158,2,12,4,0,0,16259051.714285715,1.010049189127723,0
2023-12-07,1213.886474609375,1215.813191043024,1206.4511149904754,1215.3438750518303,8142096.0,-0.16455920250981748,-0.0016469474988967242,1196.1855991908483,1.0147977666931456,1.0077600127648956,1185.8548235212054,1161.7929606119792,1,0.7282000800482504,0.6164173920716319,3,12,4,0,0,15451897.714285715,0.5269317821378279,0
2023-12-08,1213.2442626953125,1223.594423771572,1207.9333084760417,1217.2460531905654,10204894.0,-0.05290543452748375,-0.0005291943439050647,1200.0709054129463,1.010977149119229,1.012965215203221,1189.3907557896205,1165.0503458658854,1,0.7456578689579327,0.6074998988614277,4,12,4,0,1,15119553.142857144,0.6749467992591466,1
2023-12-11,1215.022705078125,1219.098553135076,1211.5890153738967,1213.367615499601,7066138.0,0.14658568249574788,0.0014647835056021499,1205.8511962890625,1.0076058379485688,1.0061980900007266,1193.2725132533483,1168.8849324544271,1,0.5021946376579218,0.587844809510956,0,12,4,1,0,12066146.57142857,0.5856167881079705,0
2023-12-12,1197.5831298828125,1217.7894094868202,1195.6562927549994,1215.3439244936176,9197124.0,-1.4353291607164809,-0.014457296505138597,1207.950892857143,0.9914170658462715,1.018511270225344,1194.8658098493304,1171.4910074869792,1,0.8659038616025534,0.6919507278932564,1,12,4,0,0,11331044.0,0.8116748995061709,1
2023-12-13,1202.4739990234375,1204.647857091804,1188.813780320958,1196.570218805253,10031182.0,0.4083949596971781,0.004075632910412862,1208.9213344029017,0.9946668693851378,1.0133192237783206,1196.480268205915,1173.491056315104,1,0.7823818077300734,0.6924598228557446,2,12,4,0,0,10536785.714285715,0.9520153747076568,1
2023-12-14,1217.39404296875,1222.7297228698085,1206.7721356331074,1212.379562868232,16972354.0,1.240778923904351,0.012331443494718049,1210.7845633370537,1.0054588403518128,1.013223364018369,1198.90283203125,1176.3935546875,1,0.8719918554798062,0.7523968144332724,3,12,4,0,0,11148032.857142856,1.522452814545244,1
2023-12-15,1232.9317626953125,1235.1055001292314,1220.308960360837,1224.236571728094,15932152.0,1.2763098206618473,0.012682336323983192,1213.219482421875,1.0162479094335735,1.0121252406144907,1202.49169921875,1179.6575276692708,1,0.9272772062642181,0.7992888862359924,4,12,4,0,1,11077991.42857143,1.4381805675448642,1
2023-12-18,1245.4803466796875,1252.3474847954778,1230.634354917611,1232.9317234441762,14165188.0,1.0177841437828183,0.010126395984306256,1217.7328927176338,1.0227861578906103,1.0176438515559891,1206.9592459542412,1182.9643147786458,1,0.9564438432632838,0.8166706031070319,0,12,4,1,0,11938433.142857144,1.1865198582173357,1
2023-12-19,1263.8094482421875,1271.615218807123,1247.5553868731267,1262.2778691174958,16820604.0,1.4716492003557846,0.014609255254054525,1224.9564906529017,1.0317178266213987,1.0192855821770765,1212.5136980329241,1186.8903076171875,1,1.0154138506968917,0.8666421946666917,1,12,4,0,0,12883534.57142857,1.3055892314910653,0
2023-12-20,1248.518798828125,1283.9417239360823,1244.9864450577063,1270.207325538083,17736722.0,-1.2098856702907224,-0.012172643631950478,1229.7416469029017,1.0152691843628403,1.0312897212921626,1217.796421595982,1189.9887776692708,1,1.222362582325457,0.8990092719301924,2,12,4,0,0,14407903.714285715,1.231041125185595,1
2023-12-21,1266.0079345703125,1271.4176728398502,1244.121839762562,1248.44470925444,13765454.0,1.4007907416855092,0.013910703380059744,1239.5166190011162,1.021372295589344,1.0219398391740293,1223.7337559291295,1193.9205322265625,1,0.9551299453237364,0.9332450216596772,3,12,4,0,0,15060522.285714285,0.9140090721194492,1
2023-12-22,1267.242919921875,1275.07341611771,1258.6465136069178,1264.5504141598008,16541784.0,0.09754957436201028,0.000975020256845618,1248.769321986607,1.014793443120367,1.0130512438029304,1228.8453281947545,1197.694189453125,1,0.9832289405182555,0.9222712955462418,4,12,4,0,1,15990608.285714285,1.0344687146628515,1
2023-12-26,1273.66552734375,1280.5326657287192,1266.0819312708138,1268.7003790735205,7465664.0,0.5068173844893886,0.00505537388190799,1256.80810546875,1.0134128844345038,1.0114137435350654,1233.7963344029017,1202.0993977864584,1,0.9618717361948731,0.9185529889262342,1,12,4,0,0,14632509.714285715,0.5102107666951538,1
2023-12-27,1278.01318359375,1284.460338165659,1271.2201029702012,1275.6170305456778,9204156.0,0.3413499193204217,0.0034076864289879025,1263.2483084542412,1.0116880228856793,1.0104153758774914,1238.233895438058,1206.5778971354166,1,0.9248646957612964,0.9046527029986707,2,12,4,0,0,13671367.42857143,0.6732432617357996,1
2023-12-28,1287.251708984375,1290.438257127097,1278.0131437475463,1279.4705441490948,12302636.0,0.7228818535851333,0.0072028158643363885,1269.2156459263392,1.0142104008218966,1.009722210949346,1243.4742693219866,1211.3692830403645,1,0.9048039720100352,0.8960917719862731,3,12,4,0,0,13405288.57142857,0.917744958226508,0
2023-12-29,1277.074462890625,1291.4264140714613,1274.2831724837226,1289.9937398232034,10864584.0,-0.7906181846734306,-0.007937601417898196,1271.1106480189733,1.0046918141083518,1.0134532433276384,1248.0335693359375,1215.1322387695313,1,0.8938079804532786,0.9465480405100091,4,12,4,0,1,12554428.57142857,0.8653985275543065,1
2024-01-01,1279.69287109375,1287.8940202608817,1271.2447008145452,1274.9006856426909,4030540.0,0.2050317565037041,0.0020482185326106445,1275.5640869140625,1.0032368300597707,1.0130968643846998,1252.652866908482,1218.9124877929687,1,0.6650140590781561,0.9456101953952767,0,1,1,1,0,10596402.57142857,0.38036871219555946,1
2024-01-02,1290.2900390625,1291.920402508132,1271.1706293129728,1277.099135940161,7448800.0,0.8281024461512132,0.008246924901964043,1279.032958984375,1.0088012431572237,1.0163233579479205,1259.2747889927455,1223.1307820638021,1,0.5379840244741346,0.7934957587498115,1,1,1,0,0,9694023.42857143,0.7683909632450415,0
2024-01-03,1276.2593994140625,1301.3073179716814,1273.2456933698636,1289.4503036849237,9037536.0,-1.0874019967349269,-0.010933574245586176,1280.3210274832588,0.996827648705278,1.0220394419929653,1264.545174734933,1226.9834920247397,1,0.7478773605650548,0.905001583888451,2,1,1,0,0,8621988.0,1.0481963092502564,1
2024-01-04,1282.8546142578125,1289.376067708453,1274.184270249419,1278.581197527839,9612778.0,0.516761314101033,0.005154306849713372,1281.633754185268,1.0009525810853201,1.011922763303349,1269.2209298270088,1230.5694132486979,1,0.7487794989757997,0.8753110334802877,3,1,1,0,0,8928718.57142857,1.0766133934112767,1
2024-01-05,1288.3138427734375,1294.3165279752034,1283.521657474919,1285.9424160498672,8086406.0,0.42555317297459094,0.0042465025614723,1283.1052769252233,1.004059344109858,1.0084103532164164,1273.176792689732,1234.1841552734375,1,0.7538653683936757,0.8368634906114377,4,1,1,0,1,8769040.0,0.9221540784396012,0
2024-01-08,1278.26025390625,1300.2944657165135,1269.1698042070248,1289.450262535967,7734652.0,-0.780367992130282,-0.007834287972401772,1281.8207833426338,0.9972222876375129,1.024523638528365,1275.5182146344866,1237.3435587565104,1,0.7665718474614576,0.8588337319542017,0,1,1,1,0,8116470.857142857,0.9529575274940044,0
2024-01-09,1274.8758544921875,1287.8691880410895,1273.2454911635218,1284.509677070214,5403074.0,-0.2647660680773045,-0.0026511719334197425,1281.5066964285713,0.9948257453863774,1.0114853710294345,1276.3086722237724,1240.4164998372396,1,0.7110933614135203,0.7812532676868175,1,1,1,0,0,7336255.142857143,0.736489379770364,1
2024-01-10,1309.26123046875,1313.6581576278163,1272.1833407081513,1273.146698836737,11102740.0,2.6971548527961575,0.026614227084543796,1285.730747767857,1.0183012522192099,1.0326012891322554,1280.64741734096,1244.6273844401042,1,1.2577188990533532,0.9666032518203556,2,1,1,0,0,8346569.428571428,1.3302159761582801,1
2024-01-11,1343.6961669921875,1346.2651626289091,1312.6702888458758,1313.6583733689065,23725852.0,2.6301043460294604,0.025961118389559064,1293.3601946149554,1.038918757966119,1.0255927738050432,1286.196576799665,1249.8823527018228,1,1.530617404217619,1.1144922323681552,3,1,1,0,0,10671862.57142857,2.223215660921314,1
2024-01-12,1354.3919677734375,1356.9609630954171,1329.714583957277,1343.6960023683716,15012164.0,0.7959984588772118,0.007928471032598132,1304.5219900948662,1.0382285450588262,1.0204903965609327,1292.4215087890625,1255.876729329427,1,1.3400849610719843,1.11400130142728,4,1,1,0,1,11525380.857142856,1.3025308392039998,1
2024-01-15,1377.51318359375,1379.8104316098677,1349.723309451493,1358.616069177015,8610594.0,1.707128834965177,0.016927211315419254,1318.044642857143,1.0451187606268755,1.0222913258944915,1299.8391985212054,1262.364326985677,1,1.3645638322515536,1.1612539561459232,0,1,1,1,0,11382211.714285715,0.7564956808168415,0
2024-01-16,1358.24560546875,1379.6623844587446,1354.1697570573224,1373.4126778584214,9069024.0,-1.3987218673823132,-0.014085961658064859,1328.0348946707588,1.0227484314751238,1.0188252818884531,1305.5700857979912,1267.7831502278646,1,1.6447155236859232,1.2748974260296404,1,1,1,0,0,11522585.714285715,0.7870650064903587,0
2024-01-17,1345.35107421875,1369.7568331827044,1338.8791932605309,1343.30084717423,12197382.0,-0.9493519580024645,-0.009538870290501515,1337.6192975725446,1.005780252019567,1.0230623047079985,1309.7200404575892,1272.4831380208334,1,1.6722648459829246,1.3240802602163677,2,1,1,0,0,12160118.57142857,1.0030643968109805,1
2024-01-18,1351.6500244140625,1354.663730119792,1335.1490629645289,1335.2972997496222,10279438.0,0.4682012239050959,0.00467108571189652,1348.5870361328125,1.0022712573969519,1.0146160962072155,1315.046866280692,1277.0085611979166,1,1.6206236614569995,1.2847308652012734,3,1,1,0,0,12856742.0,0.799536772224254,0
2024-01-19,1351.156005859375,1359.6041759840746,1342.8067406703178,1359.6041759840746,10422704.0,-0.036549294992371806,-0.00036555975875120623,1354.5720040457588,0.9974781715728798,1.0125091979396614,1320.151375906808,1281.5842122395834,1,1.4180576562270266,1.2893648884378448,4,1,1,0,1,12759594.0,0.8168523230441345,0
2024-01-23,1312.7442626953125,1355.4048574857818,1306.791150318716,1355.4048574857818,20055420.0,-2.842879948539434,-0.028840723591696652,1350.1503034319196,0.972294906247456,1.0372008236780677,1321.7552490234375,1284.90087890625,1,1.5264839752691888,1.5431528504754,1,1,1,0,0,12235246.57142857,1.6391512735699905,1
2024-01-24,1327.862060546875,1333.4200358723897,1308.1498229720294,1319.3151054787045,21919128.0,1.151617895516277,0.01145037251026306,1346.360316685268,0.9862605456287248,1.0193175219356359,1325.441153390067,1288.6621907552083,1,1.575050454224352,1.5226811061822974,2,1,1,0,0,13221955.714285715,1.6577825908399761,1
2024-01-25,1336.9522705078125,1347.895377764627,1319.290261603849,1326.9479158139593,11808872.0,0.6845748689584319,0.006822422946298729,1340.5659005301338,0.9973043995667111,1.0216822006447641,1329.3052716936384,1293.3078287760416,1,1.398476598811033,1.525225639654252,3,1,1,0,0,13678852.57142857,0.8632940473870991,1
2024-01-29,1430.7957763671875,1435.192704047216,1343.9678528779282,1348.241269998228,23893438.0,7.019211375715795,0.0678381779248758,1350.930210658482,1.0591189426948833,1.0678772568658856,1339.4825526646205,1300.9185546875,1,3.053814000688973,2.356432314827922,0,1,1,1,0,15796626.0,1.5125659112268657,0
2024-01-30,1390.852294921875,1442.5784888178382,1387.690473107798,1442.5537625848374,14093978.0,-2.7916969077676157,-0.028314055410421708,1357.430385044643,1.024621454068993,1.039553500419381,1347.5248413085938,1306.7004964192708,1,3.297839709582119,2.514699225019827,1,1,1,0,0,16067568.285714285,0.8771693232840336,1
2024-01-31,1409.6258544921875,1417.159997760743,1385.7883192326594,1387.2704457772934,15130226.0,1.3497881578695692,0.013407596704176898,1365.712646484375,1.0321540611935125,1.022638146167558,1357.1498413085938,1312.5902994791666,1,3.3122543821829207,2.5073432114264316,2,1,1,0,0,16760538.0,0.9027291367377348,1
2024-02-01,1409.650634765625,1426.1515960154993,1401.1531330404457,1417.9011153905622,13349362.0,0.001757932671186957,1.7579172197316585e-05,1374.0690220424108,1.0258950694269535,1.0178413496609096,1364.320513044085,1318.0626424153645,1,3.3109668063651445,2.4490435499445717,3,2,1,0,0,17178632.0,0.7770910978243204,1
2024-02-02,1440.3306884765625,1457.3258137867138,1416.0980132616144,1416.0980132616144,19652588.0,2.1764296027886765,0.021530835072599303,1392.295654296875,1.034500599087157,1.029113663135606,1371.2229788643974,1323.9466837565103,1,2.9516558021580654,2.422349522528446,4,2,1,0,1,17121084.57142857,1.1478588238969374,0
2024-02-05,1421.878173828125,1452.9781061073709,1414.4675408489986,1443.3442832345067,8814432.0,-1.2811304234553789,-0.012894076701430595,1405.726527622768,1.0114898921575246,1.0272261922923005,1376.043422154018,1329.7253295898438,1,3.1200998124364694,2.467594507509845,0,2,1,1,0,15248985.142857144,0.5780340079961855,0
2024-02-06,1410.7869873046875,1424.6695010773788,1402.9069175392074,1424.6695010773788,9047984.0,-0.7800377506025469,-0.007830959588981404,1416.2743443080358,0.9961254985480731,1.0155124928575763,1378.420122419085,1334.5512980143228,1,3.1947677240998047,2.4538503466359916,1,2,1,0,0,14854572.57142857,0.6091042981204979,1
2024-02-07,1424.9659423828125,1432.2283386037336,1412.2196294925052,1418.8151411125152,9296568.0,1.0050386915755327,0.010000217644202745,1415.4415108816963,1.0067289474188046,1.0141682700717158,1383.1858607700892,1339.808732096354,1,1.7125804362604649,2.4173619108312234,2,2,1,0,0,12769305.42857143,0.7280402252105937,1
2024-02-08,1432.845947265625,1442.0845126481563,1410.515263064875,1432.7224367107362,14694634.0,0.552996015444096,0.005514726061598355,1421.4406040736608,1.0080237916092154,1.0223813597838602,1389.4354945591517,1345.11474609375,1,1.2122529034422855,2.3874666463982943,3,2,1,0,0,12855113.42857143,1.1430964091954336,1
2024-02-09,1443.3443603515625,1454.4355841797649,1433.661084495157,1436.6747903139974,12556798.0,0.7326965683905007,0.007300253869181053,1426.257533482143,1.0119801834299187,1.0144905235339658,1395.9850899832588,1350.6257853190104,1,1.1555066810330807,2.38843838282087,4,2,1,0,1,12487480.857142856,1.005550930860286,0
2024-02-12,1435.04443359375,1443.591388249664,1425.163589047209,1443.3443671360003,6674430.0,-0.5750482688546277,-0.005767080374511493,1429.885219029018,1.003608131964771,1.01293030452369,1401.9771205357142,1355.5522094726562,1,1.203545026840538,2.4019695053981867,0,2,1,1,0,11533919.142857144,0.5786784108100339,1
2024-02-13,1447.642333984375,1461.3767303535824,1436.674621997369,1438.1567484987418,7715594.0,0.8778752835601367,0.008740443626390202,1430.9297398158483,1.0116795351326457,1.0171939477303988,1411.6126970563616,1361.2378051757812,1,0.9276637219269737,2.206619251034767,1,2,1,0,0,9828634.285714285,0.7850118109709764,1
2024-02-14,1463.7235107421875,1465.9714268487612,1440.1329959711338,1440.1329959711338,7117888.0,1.1108528937221696,0.011047282384971857,1436.9076450892858,1.0186622054274306,1.017941697711192,1421.3170863560267,1367.372159830729,1,0.771885313880033,2.2060371830301087,2,2,1,0,0,9586270.857142856,0.7425085422759955,0
2024-02-15,1453.076904296875,1467.0335965408117,1449.0505085860837,1465.674980481667,10006782.0,-0.7273645854000144,-0.007300227792845666,1442.9490618024554,1.007018849634074,1.0124102561285286,1429.6117030552455,1372.798388671875,1,0.7584013158762688,2.2398090435136244,3,2,1,0,0,9723242.0,1.0291610555409398,0
2024-02-16,1443.17138671875,1459.4007219371786,1441.170612214809,1458.8819534815811,9767498.0,-0.6816925896236836,-0.006840267273681467,1445.549839564732,0.9983546379509832,1.0126495153091926,1430.4956752232142,1378.3621215820312,1,0.8097229727096477,1.2924837878584525,4,2,1,0,1,9790517.714285715,0.9976487745635632,1
2024-02-19,1456.4364013671875,1461.8708655513933,1436.2053974591388,1444.628841067812,6729828.0,0.9191572650700364,0.009149587225425334,1448.9199044363838,1.005187655237387,1.0178703325705785,1435.1802542550224,1384.1481811523438,1,0.8484112839327362,1.010327344682017,0,2,1,1,0,8652688.285714285,0.7777730778896824,0
2024-02-20,1453.4969482421875,1457.9186020207894,1444.3818933388152,1457.449286031468,7117496.0,-0.2018250245764741,-0.002020289657282546,1450.3702741350446,1.00215577646819,1.009371973398727,1438.3139038085938,1389.6542846679688,1,0.83068518574555,0.9748528395743216,1,2,1,0,0,7875645.142857143,0.9037349792804276,0
2024-02-21,1450.2115478515625,1470.7884795851646,1440.18258683898,1456.4365283424868,12720292.0,-0.22603421318484473,-0.00226290056113569,1452.5370047433037,0.9983990377634805,1.0212513975838027,1441.2111118861608,1395.3859944661458,1,0.7928056248371487,0.9807227638956311,2,2,1,0,0,8739339.714285715,1.4555209450442628,1
2024-02-22,1464.0941162109375,1467.2559381666686,1440.6271108051608,1450.6561919754165,18493728.0,0.9572788452789194,0.009527259641250748,1454.8872593470983,1.0063282270187526,1.0184841914759086,1442.9084995814733,1401.693269856771,1,0.8053741196742198,0.8358507163488602,3,2,1,0,0,10279073.142857144,1.7991629929057527,1
2024-02-23,1475.82763671875,1479.7059164315408,1465.6750448712426,1471.7517883622584,14438584.0,0.8014184592298523,0.007982241566336153,1456.616420200893,1.0131889330996335,1.009572975680657,1446.7620326450892,1407.2454833984375,1,0.751450592953035,0.7479695474478631,4,2,1,0,1,11324886.857142856,1.2749428918924048,0
2024-02-26,1469.6026611328125,1476.7169415654328,1464.8352018923576,1475.753583346703,7513106.0,-0.4217955695542952,-0.004226876364161459,1458.9772426060267,1.007282785650451,1.0081113149504637,1450.9631522042412,1411.4423665364584,1,0.7012088177658095,0.7147106115371494,0,2,1,1,0,10968647.42857143,0.6849619380079315,0
2024-02-27,1467.94775390625,1482.0772898132236,1460.4383358684995,1465.3540321072526,10826044.0,-0.11260916098824181,-0.0011267261274339974,1462.5167236328125,1.003713482509757,1.014816752897585,1454.0332815987724,1415.227559407552,1,0.614472280307631,0.691279936594878,1,2,1,0,0,11119868.285714285,0.9735766397438572,0
2024-02-28,1438.2803955078125,1473.5056294891751,1432.8953836215212,1465.3292067243185,8647950.0,-2.0210091482814607,-0.02041710936409225,1459.9230085100446,0.98517551071113,1.0283413892820388,1454.4214564732142,1417.2531331380208,1,0.9756470403129024,0.9039666146227603,2,2,1,0,0,11393885.714285715,0.7589991875341662,1
2024-02-29,1443.3939208984375,1461.3522847525776,1437.193666387211,1447.5438276529026,23628976.0,0.3555304936781578,0.0035489997802682334,1458.4797188895088,0.9896564910737616,1.016809577533205,1454.4249965122767,1420.0914103190105,1,0.9956254713227473,0.8869000101892073,3,2,1,0,0,13752668.57142857,1.7181375292566596,1
2024-03-01,1474.345458984375,1482.1266237591103,1445.0734581651325,1446.061542580972,12132926.0,2.144358351368969,0.02121690468887061,1461.9274204799108,1.0084942920766804,1.0256410256410258,1457.232212611607,1424.3912231445313,1,1.3002563792589128,1.0356637820146644,4,3,1,0,1,13668759.142857144,0.8876391685005496,1
2024-03-04,1489.4384765625,1494.4282305064353,1469.503825173054,1472.7150995331629,10024420.0,1.0237097069856427,0.010185052877913468,1465.5480433872767,1.016301364723606,1.0169611027248915,1460.2176513671875,1428.9841715494792,1,1.3065630244590194,1.0437283573150098,0,3,1,1,0,12458858.0,0.8046018342933197,0
2024-03-05,1482.32421875,1489.4384990399917,1468.3429205099196,1487.832861835706,7107668.0,-0.4776469739736444,-0.004787913526466285,1466.4761265345983,1.0108069213870206,1.0143669290295936,1461.5462733677455,1433.3564453125,1,1.3064900720900614,1.0242571734995505,1,3,1,0,0,11411584.285714285,0.6228467338139727,1
2024-03-06,1485.0908203125,1491.019326581213,1460.8827530485903,1475.6545662551582,7805676.0,0.18663943606298528,0.0018646548107961807,1468.688720703125,1.011167852914076,1.020629015894488,1463.8329816545759,1439.1013305664062,1,1.2884267872864301,0.9965550565108765,2,3,1,0,0,11453380.0,0.6815172464372963,0
2024-03-07,1461.3028564453125,1485.1897258668157,1457.968071396935,1485.0662153094684,8315726.0,-1.6017851259885862,-0.01614752361871732,1467.7394496372767,0.9956146213869533,1.0186709537773337,1465.1280866350446,1443.5493570963542,1,1.4528179220050654,1.0829545463433259,3,3,1,0,0,11094763.142857144,0.7495181188571565,0
2024-03-11,1449.1246337890625,1471.2577496463198,1446.0615961097308,1471.2577496463198,11277130.0,-0.8333811572690752,-0.008368731928808444,1469.2886265345983,0.9862763568836072,1.0174239836009566,1464.6058175223213,1447.288435872396,1,1.2386172399934263,1.0816082617722713,0,3,1,1,0,11470360.285714285,0.9831539480102518,1
2024-03-12,1457.8446044921875,1470.269718687064,1447.5685016900354,1449.1246865128974,9432678.0,0.6017405611499882,0.005999373328568744,1471.3530099051338,0.9908190588376767,1.0156823093142224,1464.9163643973213,1448.1900634765625,1,1.2500646938388116,1.093078367671003,1,3,1,0,0,9442317.714285715,0.9989790944789826,0
2024-03-13,1415.10986328125,1465.4279903850718,1410.7622676768488,1462.142657909758,13522134.0,-2.931364637853384,-0.02975187664909818,1462.8907819475446,0.9673380137082525,1.0387490677633753,1462.4091012137276,1448.9986490885417,1,1.366483257863335,1.3501331574782485,2,3,1,0,0,9640776.0,1.402598089614363,0
2024-03-14,1414.4180908203125,1431.264978068201,1408.514310659922,1422.545060878272,18571102.0,-0.04888471763835334,-0.000488966701118936,1452.173583984375,0.9740007024088184,1.0161522444153368,1458.8608136858259,1449.1583902994792,1,1.2081707974391467,1.3119602563846462,3,3,1,0,0,10861730.57142857,1.7097737674372702,0
2024-03-15,1401.3260498046875,1416.1473166057365,1396.0645483366263,1408.9589780840722,19223818.0,-0.925613232791167,-0.009299236512289123,1440.6024169921875,0.9727361507073516,1.0143852720084026,1453.539271763393,1448.8809041341146,0,1.2044815921153842,1.287655357013137,4,3,1,0,1,12592609.142857144,1.5265953053823045,1
2024-03-18,1422.3228759765625,1424.5460660460144,1399.6463855144648,1403.0799549430176,9169392.0,1.498354089314291,0.014872396493447314,1431.6355678013392,0.9934950681344982,1.0177899795185748,1450.162144252232,1448.280643717448,0,1.4577427869373791,1.3797185689680531,0,3,1,1,0,12787425.714285715,0.7170631685278328,0
2024-03-19,1408.267333984375,1420.4701525728194,1400.3626585436627,1411.7256294896863,8275764.0,-0.9882103585331814,-0.00993125565628594,1424.0590645926338,0.9889107614979606,1.0143587762116335,1445.8992571149554,1447.8269490559896,0,1.4053832277074174,1.3940313554647852,1,3,1,0,0,12781716.857142856,0.6474688879823858,1
2024-03-20,1426.546875,1427.7819805194806,1407.056934025752,1410.935092987457,8488806.0,1.2980164045918174,0.012896643678893618,1420.8336704799108,1.0040210227550137,1.0147293588429516,1445.0611485072545,1448.3522786458334,0,1.549242336784249,1.35821246247302,2,3,1,0,0,12383384.857142856,0.6854996511800708,1
2024-03-21,1433.685791015625,1440.5283239841642,1427.460931435626,1435.2173701383908,13006936.0,0.5004333289521323,0.004991853232610577,1417.3824114118304,1.011502456551267,1.009154290853618,1444.367710658482,1448.642940266927,0,1.5408053118832312,1.3620862399300195,3,3,1,0,0,12893993.142857144,1.0087593390109273,1
2024-03-22,1437.6876220703125,1442.6033181580033,1430.1040255590262,1432.6977472783171,19527608.0,0.2791288774545597,0.002787400362141478,1420.6078055245537,1.0120228936370317,1.0087401282533213,1441.7492937360491,1448.8043294270833,0,0.9765741643021507,1.2153580757412061,4,3,1,0,1,13751918.0,1.4199915968085324,0
2024-03-26,1424.3978271484375,1435.0939139473653,1421.853557874578,1427.7820647176966,11415906.0,-0.924386822134371,-0.009286857903587112,1422.033482142857,1.0016626507288826,1.009312039203657,1437.1035330636162,1448.1727783203125,0,1.0699159498097666,1.1788032382027391,1,3,1,0,0,12729747.142857144,0.8967896904696682,1
2024-03-27,1475.061767578125,1482.1265951381042,1429.7581221098912,1430.74620650665,16326644.0,3.556867292553645,0.03495071826923379,1432.5671561104912,1.0296632596150042,1.0366275051831375,1436.5847865513392,1449.506689453125,0,1.5730905144429665,1.5650493548714706,2,3,1,0,0,12315865.142857144,1.3256595302579288,0
2024-03-28,1468.1451416015625,1488.0056133770977,1461.0309823617722,1475.086458445527,21854364.0,-0.46890415903863003,-0.004700069633377263,1439.1131940569196,1.0201734982797293,1.018462737163671,1435.3743809291295,1450.190116373698,0,1.5918414777898002,1.5680743044155359,3,3,1,0,0,14128004.0,1.546882631120433,0
2024-04-01,1467.0830078125,1476.1733358521226,1464.8350917273362,1474.6912092837645,5013880.0,-0.07234528514693528,-0.0007237146697665806,1447.5154331752233,1.0135180421491976,1.0077402870731451,1435.7872488839287,1450.302099609375,0,1.4866844193442064,1.505207424584297,0,4,2,1,0,13662020.57142857,0.3669940309184971,1
2024-04-02,1469.2320556640625,1476.198098955644,1457.424495287533,1466.317254919796,8910166.0,0.14648440750240077,0.0014637722375308022,1453.613316127232,1.0107447691649127,1.0128813559322036,1437.2234933035713,1450.8406046549478,1,1.459459870191807,1.4841729580985272,1,4,2,0,0,13722214.857142856,0.6493241865661337,0
2024-04-03,1454.0650634765625,1466.7619246317818,1451.397283687729,1464.4152240453116,7008292.0,-1.0323074649119857,-0.010376727142757615,1456.5246407645088,0.9983113383604308,1.0105861028656566,1436.9535260881696,1451.2037272135417,1,1.5589042377264855,1.5064981158313775,2,4,2,0,0,12865265.714285715,0.5447452198533238,0
2024-04-04,1445.493408203125,1462.117879861305,1432.7223691832353,1462.117879861305,14490272.0,-0.5894959922180698,-0.005912403786125151,1457.6397530691963,0.9916671147034127,1.0205172413793102,1439.123779296875,1450.8389607747397,1,1.5869956040700672,1.268086323831046,3,4,2,0,0,12145646.285714285,1.193042482806655,0
2024-04-05,1442.7020263671875,1453.274601948929,1438.6509043996564,1443.467815909923,7442298.0,-0.19310927466680283,-0.0019329597101731177,1460.254638671875,0.9879797592557885,1.0101648687006353,1441.1440604073662,1450.479130045573,1,1.5323755391278056,1.2704905703243154,4,4,2,0,1,11577988.0,0.6427971768497255,1
2024-04-08,1468.2686767578125,1473.2090987059642,1443.5912932499484,1445.5427357963142,8357118.0,1.7721365828398783,0.017566173225891647,1459.2841971261162,1.0061567716894284,1.020516752625556,1445.9256766183037,1451.081034342448,1,0.8953711726612481,1.2992380367053376,0,4,2,1,0,10439484.285714285,0.8005297743908806,0
2024-04-09,1446.2098388671875,1472.0482715276005,1445.0735176190665,1471.2577557160955,7071414.0,-1.5023706655197921,-0.015137705769930891,1456.1505824497767,0.9931732722546693,1.0186667000534189,1447.6318882533483,1450.4848917643228,1,1.0460727547945206,1.3405895759129005,1,4,2,0,0,8327634.285714285,0.849150401829091,1
2024-04-10,1461.945068359375,1469.281643980642,1448.8776750369068,1448.8776750369068,9138330.0,1.0880322529483566,0.01082155768966352,1455.4165910993304,1.0044856416368824,1.0140826028969046,1451.4660121372767,1450.0221394856771,1,1.1575497488998727,1.3224148479847184,2,4,2,0,0,8916841.42857143,1.0248393529483293,0
2024-04-12,1449.6680908203125,1468.7627741208264,1445.6415744118667,1458.2891033204971,15551012.0,-0.8397700983963752,-0.008433160332425606,1452.6217389787946,0.9979666777115985,1.0159937290945482,1453.1175275530134,1449.3576538085938,1,1.1900137445840895,1.318692921063092,4,4,2,0,1,9865533.714285715,1.5762970813714285,0
2024-04-15,1447.3707275390625,1464.4646364315845,1429.0911655763507,1443.591352839028,12902062.0,-0.15847512239508532,-0.0015860082704179151,1451.6654052734375,0.9970415512288343,1.0247524242730643,1454.0950230189733,1448.6717529296875,1,1.1307045855464244,1.3159370123380714,0,4,2,1,0,10707500.857142856,1.2049554954173247,1
2024-04-16,1448.2847900390625,1453.6451964542034,1433.6364862387566,1436.0325186728678,9366184.0,0.06315330845154676,0.0006313337514162649,1452.064174107143,0.9973972334449995,1.013956613414563,1454.8519635881696,1449.005232747396,1,1.1064565740172505,1.3146355778545031,1,4,2,0,0,9975488.285714285,0.9389198535186635,0
2024-04-18,1446.876708984375,1468.2934876101954,1441.9610129858208,1446.0615875622616,19005692.0,-0.09722404490967174,-0.0009727133814029409,1452.6605573381696,0.9960184446913098,1.0182615718367092,1456.4575980050224,1449.1213256835938,1,1.103784007426991,1.2852311028744365,3,4,2,0,0,11627401.714285715,1.6345605378585255,1
2024-04-19,1452.607666015625,1456.4364932961696,1425.8306012864564,1439.4167626045175,15741778.0,0.3960915947892163,0.003953092173057183,1450.4232700892858,1.0015060403203575,1.0214653072967428,1454.8537336077009,1448.3967325846354,1,0.8350569353477341,0.8330158492413628,4,4,2,0,1,12682353.142857144,1.2412347947325502,1
2024-04-22,1462.2166748046875,1465.156201770705,1450.3103301575063,1454.9048261235944,10350362.0,0.6615006249704791,0.006593223106844586,1452.7099609375,1.0065441238256894,1.0102363413570847,1454.4302716936384,1447.4893391927083,1,0.6251652752269456,0.8497804369083448,0,4,2,1,0,13150774.285714285,0.7870534293363716,0
2024-04-23,1441.936279296875,1475.7041133303053,1438.20635702296,1461.3768889290402,14605554.0,-1.3869624014868687,-0.013966705955295153,1449.8515625,0.9945406251178731,1.0260725841769776,1452.634076799665,1446.1430745442708,1,0.7067556397937231,0.9246811596330096,1,4,2,0,0,13931806.285714285,1.048360399252506,0
2024-04-24,1432.8953857421875,1451.051437133562,1432.2283805059903,1446.0615625184662,10462776.0,-0.626996746284525,-0.006289706259835894,1447.4554617745537,0.9899409160303172,1.0131424966044325,1450.0386003766741,1444.4032267252603,1,0.6783859469193994,0.9306575511830252,2,4,2,0,0,13204915.42857143,0.7923394933194141,1
2024-04-25,1442.5784912109375,1450.483166375014,1424.3236561270523,1425.311740522562,15943926.0,0.6757719764541203,0.006734988725531543,1446.7708565848213,0.9971022602820601,1.0183662681830992,1449.2181309291295,1443.7790812174478,1,0.7491356066425894,0.9214963258062074,3,4,2,0,0,13639467.42857143,1.168955172443264,0
2024-04-26,1435.2420654296875,1447.5436681516292,1432.7224019248206,1446.5061312694434,9413848.0,-0.5085633694074887,-0.0050986095414096684,1444.9076102120537,0.9933106139700187,1.010344827586207,1448.4858921595983,1443.3163289388021,1,0.7663527398518396,0.9181173832667818,4,4,2,0,1,13646276.57142857,0.6898473697733728,1
2024-04-29,1447.5684814453125,1450.4092243096331,1432.7224880920985,1432.7224880920985,7247974.0,0.8588388197732222,0.008551717801960781,1445.0064348493304,1.0017730347313292,1.0123448444234915,1448.83349609375,1442.9737915039063,1,0.852787215541168,0.947798457735819,0,4,2,1,0,11966602.57142857,0.605683522682139,1
2024-04-30,1449.5198974609375,1465.403306850403,1445.4440490785064,1450.5079819172845,11474262.0,0.13480647310561977,0.001347156907574929,1444.5653250558037,1.0034298015598169,1.0138083918119285,1447.4942975725446,1444.1207926432292,1,0.8386705202723813,0.8065515678868161,1,4,2,0,0,11356957.42857143,1.0103288730424806,0
2024-05-02,1449.0753173828125,1459.7218309784546,1446.6791643138515,1454.460329459568,14512646.0,-0.03067085032111283,-0.00030675554788367926,1442.68798828125,1.004427380801286,1.0090155903163154,1447.698974609375,1445.276033528646,0,0.7828613824797933,0.6965355652994187,3,5,2,0,0,11951569.42857143,1.2142878880246522,0
2024-05-03,1416.9130859375,1457.3750954799905,1399.275802819383,1453.4722101911177,17226958.0,-2.2195003295895632,-0.022445018701227115,1439.113246372768,0.9845737224007752,1.041520972880074,1444.4824044363838,1445.7956013997396,0,1.0304133137423448,0.8492763305526623,4,5,2,0,1,12326055.714285715,1.397605073294794,0
2024-05-06,1402.610595703125,1422.841600588335,1401.1037428015688,1418.3952205864964,7394208.0,-1.0094119657954703,-0.010145410734545121,1434.7868477957588,0.9775741935869668,1.0155148095909732,1441.1211547851562,1445.138525390625,0,1.0636320260508902,0.8599446698608189,0,5,2,1,0,11887688.857142856,0.6220055124976714,0
2024-05-07,1384.775634765625,1403.8209867220144,1375.4135586957902,1399.1028593353728,14517472.0,-1.2715546989404691,-0.012797081464717926,1426.529296875,0.9707305961392858,1.0206537356321839,1436.6500767299108,1444.35546875,0,1.0196933560401642,0.9030031812749372,1,5,2,0,0,11683909.714285715,1.2425183311926604,1
2024-05-08,1401.6470947265625,1415.8754127905866,1380.847871034619,1380.847871034619,9439002.0,1.2183533229044086,0.01210991136778669,1421.730015345982,0.9858743077780964,1.0253666913573345,1433.318812779018,1443.5254760742187,0,1.2271039200019194,0.9885930690591065,2,5,2,0,0,11687503.142857144,0.8076149272112647,0
2024-05-09,1377.51318359375,1406.7851843569276,1373.437335386219,1396.163276906998,11009612.0,-1.7218250744864272,-0.017368208659009947,1411.7221156529017,0.9757679420901254,1.0242805755395683,1428.3642752511162,1441.653055826823,0,1.1972469180749974,1.0643835593214888,3,5,2,0,0,12224880.0,0.900590598844324,1
2024-05-10,1390.65478515625,1393.1990543318575,1371.535254832905,1380.106935558881,10505096.0,0.9540091317467692,0.00949487201631709,1403.3128138950892,0.9909798951356361,1.01579529175252,1423.9390694754463,1440.085294596354,0,1.3256023127132945,1.1039734086416542,4,5,2,0,1,12086427.714285715,0.8691646736598078,0
2024-05-13,1385.986083984375,1390.2101693574684,1367.5089520262873,1383.2195197456997,8456620.0,-0.3357196352184899,-0.003362844380427884,1394.3000662667412,0.9940371642492803,1.0166004158857929,1418.4940272739955,1438.8049031575522,0,1.309335093534907,1.0684035111492491,0,5,2,1,0,11221281.142857144,0.7536233957905086,1
2024-05-14,1403.1539306640625,1410.070521585227,1383.342910466477,1384.2815424166113,7188300.0,1.2386738134003483,0.012310650170006631,1392.33447265625,1.0077707319758962,1.0193210309002394,1415.7238595145088,1436.4079752604166,0,1.2595698363132177,1.1071117742772256,1,5,2,0,0,9787187.142857144,0.7344602586092516,0
2024-05-15,1399.3994140625,1412.9361236084007,1396.188139403763,1403.574046995701,5046534.0,-0.26757695784564994,-0.0026793558486586607,1391.875732421875,1.005405426264264,1.0119955067171607,1413.331290108817,1434.1164510091146,0,1.2034496196517714,1.1003162689484185,2,5,2,0,0,9451805.142857144,0.5339227717589728,1
2024-05-16,1408.3660888671875,1410.4904944706304,1381.3667306256436,1401.6471872524828,14711774.0,0.6407516477841657,0.006387075614449121,1395.2457972935267,1.0094035700369866,1.0210832961293315,1410.8875470842634,1432.1592203776042,0,1.084932372492417,1.0983002748940196,3,5,2,0,0,9479562.57142857,1.5519465048251624,1
2024-05-17,1418.5927734375,1420.0749000882806,1396.4103261437938,1406.0936018418706,10916476.0,0.7261382286290585,0.007235145384161105,1397.6666085379463,1.0149722149557854,1.0169467193857245,1409.6983119419642,1430.4712443033854,0,1.0257986047568515,1.1180436614999594,4,5,2,0,1,9690630.285714285,1.126498037603687,1
2024-05-21,1419.0126953125,1424.6447280920645,1408.613082979292,1408.613082979292,11176128.0,0.029601298051340486,0.0002959691773150856,1403.5951102120537,1.0109843536702812,1.011381155908949,1407.6586129324776,1429.30283203125,0,0.618308064918051,1.0861343469486906,1,5,2,0,0,9714418.285714285,1.1504680642005356,1
2024-05-22,1443.2454833984375,1451.2736690394956,1419.1609264752628,1419.1609264752628,10281604.0,1.7077217255340171,0.016933040688910994,1411.1080671037946,1.0227745961091435,1.0226279782406287,1407.210440499442,1429.227901204427,0,0.7719948659196152,1.1925224355687296,2,5,2,0,0,9682490.857142856,1.0618759316891244,1
2024-05-23,1468.343017578125,1474.444366988288,1437.6629456463684,1441.1706938631594,14608260.0,1.7389650248958333,0.017240180609510967,1422.8733433314733,1.031956234516412,1.0255841756604382,1408.586704799107,1430.0826009114583,0,0.78054895063513,1.2822158759034723,3,5,2,0,0,10561296.57142857,1.383188124791388,0
2024-05-24,1462.6119384765625,1470.7636348065282,1458.5113640783345,1465.9467233388211,7094776.0,-0.39030928284150557,-0.003910729773509367,1431.3673444475446,1.0218284943765272,1.0084005315487796,1411.8509085518974,1429.89404296875,1,0.8756508366533369,1.1089445316509563,4,5,2,0,1,10547936.0,0.6726222077949657,0
2024-05-27,1448.77880859375,1467.2066075031105,1444.134859977049,1462.587264504762,6629010.0,-0.9457826453420637,-0.00950283571201057,1438.4215436662946,1.0072004378501287,1.0159761724236946,1415.148638044085,1429.9796752929688,1,1.0139675756218405,1.1035796138217213,0,5,2,1,0,10774004.0,0.6152782196850864,0
2024-05-28,1438.8486328125,1460.8829659012893,1435.4397894576246,1450.5080784194065,7820162.0,-0.6854169678868094,-0.006877767390155285,1442.7761928013392,0.9972777759929533,1.0177250043021855,1419.010995047433,1429.2097941080729,1,1.1034508430895205,1.0518420091830225,1,5,2,0,0,9789488.0,0.7988325845028872,0
2024-05-29,1423.607421875,1440.6271526936466,1421.310053120064,1429.264181324664,7383556.0,-1.0592643722160067,-0.010649145126377251,1443.4925711495537,0.9862242801438751,1.0135910525160767,1420.57958984375,1428.3411051432292,1,1.1942588527995648,1.0713533625111873,2,5,2,0,0,9284785.142857144,0.7952317567283963,0
2024-05-30,1407.8720703125,1423.2368313836507,1403.178669288835,1418.395193572925,13206858.0,-1.1053153643843294,-0.011114693640781296,1441.9010532924108,0.976399918078838,1.0142948026034218,1422.748081752232,1427.024483235677,1,1.2729634925165856,1.0002965045399232,3,5,2,0,0,9574889.42857143,1.3793222468544433,1
2024-05-31,1413.35595703125,1425.0647331073133,1405.3030450073677,1414.245257118902,31069832.0,0.3895159819125249,0.0038875933262184697,1437.6311209542412,0.9831144696513816,1.0140622253471614,1424.369594029018,1425.8601888020833,1,1.0353185005378116,0.9769536112006932,4,5,2,0,1,12544636.285714285,2.4767423536529343,1
2024-06-03,1492.32861328125,1496.453914146619,1441.6152266357983,1465.3292536675044,21527942.0,5.587598499664725,0.05437073993749036,1441.0576346261162,1.0355787148433075,1.0380397532556547,1431.9654889787946,1427.3752522786458,1,2.4074582709008454,1.7450336738530314,0,6,2,1,0,13533162.285714285,1.5907547360697114,0
2024-06-04,1380.625732421875,1480.199967601411,1343.1032493273078,1480.199967601411,36709098.0,-7.485139657931561,-0.07780090202623234,1429.3453194754463,0.965914753845872,1.1020745935524823,1430.3563319614955,1424.9758544921874,1,3.8098499388464013,2.7473338786362547,1,6,2,0,0,17763779.714285713,2.0665139171073132,1
2024-06-05,1403.821044921875,1414.097147783154,1367.6077240917773,1405.0561505394378,17464890.0,1.6800579588873044,0.016661010905605133,1422.9227818080358,0.986575703804609,1.0339932444606879,1430.672162737165,1423.0293334960938,0,3.9160343661540526,2.7861362984718747,2,6,2,0,0,19311762.57142857,0.9043654060784183,1
2024-06-06,1414.5416259765625,1426.4974232883103,1404.4137607114592,1417.9011371144834,17855722.0,0.7636714874355022,0.0076077027784379305,1419.4503522600446,0.9965418119234206,1.0157244703766388,1431.113272530692,1422.1161783854166,0,3.935609096958316,2.7883026822888946,3,6,2,0,0,20745414.0,0.8607069494973685,1
2024-06-07,1452.4345703125,1454.4601915157414,1409.5023527154926,1411.478521453965,18558696.0,2.678814369268001,0.026435623096488312,1423.5685163225446,1.020277249502907,1.0318962495618647,1433.5305437360491,1422.7674845377603,1,4.0477238407817335,2.8713579596883765,4,6,2,0,1,22341862.57142857,0.8306691503748396,1
2024-06-10,1453.867431640625,1475.5558362929214,1450.5819785928986,1452.4346368701142,9251760.0,0.0986523838947706,0.0009860375441066564,1430.1392822265625,1.0165914954640785,1.0172164400692805,1436.0201677594866,1423.1437825520834,1,4.000462478996332,2.871088201443514,0,6,2,1,0,21776848.57142857,0.42484384136915,0
2024-06-11,1439.3179931640625,1456.1154291491666,1437.3418242246385,1451.4960860069511,11774902.0,-1.0007403811325588,-0.010057814478764863,1433.84814453125,1.0038148032995506,1.0130613362862766,1435.7396327427455,1423.279646809896,1,4.042910958369691,2.853779162338243,1,6,2,0,0,19020430.0,0.6190660253211941,1
2024-06-12,1445.8885498046875,1458.41256776401,1437.835758473946,1440.1330064471847,10081742.0,0.45650486354171793,0.0045546604040849524,1427.2138497488838,1.0130847245204981,1.0143109594881012,1434.1357421875,1423.2236490885416,1,3.334221762421807,2.8146354675271184,2,6,2,0,0,17385258.57142857,0.5799017574906031,1
2024-06-13,1447.790771484375,1454.7073627830548,1442.7021123343332,1454.4603416652449,9181160.0,0.13156074027589337,0.0013147427496194668,1436.8088553292412,1.0076432687023058,1.0083213647128422,1433.0770874023438,1423.1660115559896,1,1.1913317734265536,2.813560455961408,3,6,2,0,0,13452696.0,0.6824773264779045,1
2024-06-14,1459.9442138671875,1462.0438933040557,1439.8613252368543,1452.48412809224,8157998.0,0.8394474272240382,0.008359436618320157,1444.826450892857,1.0104633763902842,1.015406044789454,1433.8746163504463,1423.5283081054688,1,1.1144238385522884,2.8095773865113847,4,6,2,0,1,12123140.0,0.6729278058324824,1
2024-06-18,1463.3778076171875,1469.6768460329972,1453.8180422457062,1469.627393563817,7196766.0,0.23518664051587201,0.002349105096004218,1451.8030482700892,1.0079726787740875,1.0109083828419092,1435.626700265067,1425.0771321614584,1,1.1167661252046726,2.8007383490369353,1,6,2,0,0,10600432.0,0.6789125197916462,0
2024-06-19,1441.26953125,1469.775745964541,1438.6510831088217,1469.775745964541,8725874.0,-1.5107702366476627,-0.015222986292412744,1450.208042689732,0.9938363936920708,1.0216346153846152,1436.8882795061384,1426.3657633463542,1,0.8365543262790112,2.8183760423002404,2,6,2,0,0,9195743.142857144,0.94890362469268,1
2024-06-20,1456.139892578125,1465.1808887163045,1432.8211254931246,1441.6151005379977,16113776.0,1.031754366945381,0.010264681112674251,1450.532679966518,1.0038656230838843,1.0225846497147666,1440.33598109654,1428.7445719401042,1,0.942455442344053,2.8044156515426506,3,6,2,0,0,10176031.142857144,1.5835030154473078,0
2024-06-21,1436.8724365234375,1457.1281688420868,1423.4097851653107,1456.0660262473004,31170360.0,-1.3231871575590248,-0.013320192756499604,1450.183314732143,0.9908212444085637,1.0236884585368087,1442.0157296316963,1429.91875,1,1.0067006774512814,2.836364940011451,4,6,2,0,1,12946810.857142856,2.407570508593865,0
2024-06-24,1424.298828125,1432.228228955547,1420.3712170566394,1428.3006178871865,8878386.0,-0.8750678264007772,-0.008789190284519233,1447.0990687779017,0.9842441743313698,1.0083478260869565,1437.156459263393,1431.478271484375,1,1.0272659992371642,2.372301127688809,0,6,2,1,0,12774902.857142856,0.6949865763586461,1
2024-06-25,1436.822998046875,1438.576872033328,1423.8296636688654,1425.8058325289194,7045386.0,0.8793217879960125,0.008754782687964174,1445.5322440011162,0.9939750593662756,1.0103574245857911,1441.1705496651787,1433.0172119140625,1,1.104684165044621,1.1774611542186484,1,6,2,0,0,12469792.285714285,0.5649962596467124,1
2024-06-26,1495.9844970703125,1500.875466568816,1427.905458276952,1428.819484586685,22014882.0,4.117521720062789,0.040350091704236805,1450.6808558872767,1.0312292266070657,1.0511028288805033,1447.753653390067,1436.6838256835938,1,1.9456625744087606,1.526884780954974,2,6,2,0,0,14449347.142857144,1.523590082122346,1
2024-06-27,1512.312744140625,1519.1798830077462,1488.0552219900264,1495.7128766848623,28383030.0,1.0914716764972576,0.010855581153787095,1457.6715611049108,1.037485250102771,1.0209163346613546,1454.7373046875,1440.3224527994792,1,1.9629840933164033,1.5342975418829672,3,6,2,0,0,17475956.285714287,1.6241188485463136,1
2024-06-28,1546.7474365234375,1562.1615299634889,1512.782033239127,1512.782033239127,28957336.0,2.276955776259104,0.022514200365229227,1472.7398332868304,1.0502516476867734,1.032641514533744,1461.4739379882812,1445.2340535481771,1,1.8385197875308803,1.4933987259526624,4,6,2,0,1,20366165.14285714,1.4218354705896101,0
2024-07-01,1541.5599365234375,1560.5805616644209,1537.138282854078,1543.9066370278445,7724306.0,-0.3353811926567474,-0.00335944856012136,1484.9426967075892,1.0381275586872005,1.0152505985127223,1467.7376883370537,1449.673848470052,1,1.9093540723129492,1.5059434518625727,0,7,3,1,0,19167669.42857143,0.40298618612892545,1
2024-07-02,1546.5250244140625,1554.750778666898,1538.4473863262538,1550.798441129772,7749246.0,0.32208205292505454,0.0032156447972346023,1500.6073521205358,1.030599391792023,1.010597302504817,1475.3953334263392,1453.9382568359374,1,1.6881297340690797,1.4497457794982003,1,7,3,0,0,15821796.0,0.489782955108257,0
2024-07-03,1533.927001953125,1556.2329594590622,1524.391963189475,1547.661278880494,9049620.0,-0.8146019147482364,-0.008179379253017231,1516.268519810268,1.0116460125051379,1.0208876699946425,1481.683794294085,1457.7687337239583,1,1.6766450362026395,1.4934488357695015,2,7,3,0,0,15846258.0,0.571088770610702,1
2024-07-04,1535.5079345703125,1548.822348177101,1532.321386398175,1538.447461634288,6837176.0,0.10306439714371507,0.0010301132225833216,1530.3663678850446,1.0033596966015226,1.0107686037181225,1487.9493059430804,1460.844148763021,1,1.7170644325450355,1.4939110744171402,3,7,3,0,0,15816513.714285715,0.4322808504774702,1
2024-07-05,1569.6956787109375,1579.453012774842,1529.5547474353805,1535.3102911811948,12269710.0,2.226477856019149,0.022020537052408206,1540.8965366908483,1.018689860957139,1.0326227390180878,1495.7886962890625,1464.2225708007813,1,1.2134821464129237,1.567255188584363,4,7,3,0,1,14424346.285714285,0.8506250305535015,1
2024-07-08,1581.824462890625,1589.6303543798022,1563.6684106310508,1570.0662334946016,9500806.0,0.7726837975146728,0.007697138851373114,1550.8267822265625,1.0199878419816546,1.0166032283905215,1504.2491716657366,1468.1963216145834,1,1.2020830673921814,1.5660515904353067,0,7,3,1,0,11726885.714285715,0.810172984667711,0
2024-07-09,1571.3260498046875,1581.429189356112,1561.6675000170792,1578.5637202787966,6960002.0,-0.6636901459187605,-0.006659023625765263,1554.3380126953125,1.0109294355350138,1.012654223347042,1513.5389229910713,1472.281229654948,1,1.0419974694502803,1.4942453938737719,1,7,3,0,0,8584409.42857143,0.8107723726264819,0
2024-07-10,1565.3480224609375,1578.4648673124634,1544.5241914718106,1575.9946562525065,7134578.0,-0.38044474248314364,-0.0038117027424310374,1557.7363106863838,1.0048863929808503,1.0219748424971642,1521.3395036969866,1476.4978759765625,1,1.0462040367591954,1.5125374754896894,2,7,3,0,0,8500162.57142857,0.8393460642719136,0
2024-07-11,1561.815673828125,1585.1344421846698,1551.786592769845,1568.5840280306456,11940946.0,-0.22565899609079398,-0.0022591398968626053,1559.920689174107,1.0012147955131112,1.021489971346705,1530.2640206473213,1481.1048177083333,1,1.0580320033672896,1.435678776618722,3,7,3,0,0,9098976.857142856,1.3123394187585111,1
2024-07-12,1577.6990966796875,1586.023756297877,1555.7389442164904,1565.619788574804,12924784.0,1.0169844699170483,0.010118479783829858,1566.1738455636162,1.0073588581170079,1.019466512806645,1541.221182686942,1486.7657185872397,1,1.0062625737600313,1.3731490103160868,4,7,3,0,1,9652571.714285715,1.338999013171945,1
2024-07-15,1578.1932373046875,1586.7154660951303,1566.607970695329,1585.332123675554,5329688.0,0.03132033389889877,0.00031315430106217183,1572.2717459542412,1.0037662009545636,1.0128350524036187,1551.319056919643,1492.2602945963542,1,1.0102324641281848,1.385271237637023,0,7,3,1,0,9437216.285714285,0.5647521301453997,0
2024-07-16,1557.468017578125,1580.9350218080888,1550.427916309136,1574.5124732819936,9386838.0,-1.3132244668566662,-0.013219235018622832,1570.524937220982,0.9916862704097134,1.0196765713375289,1555.710736955915,1494.4316080729166,1,0.8072614509420626,1.0745665363510148,1,7,3,0,0,9025377.42857143,1.040049357967491,1
2024-07-18,1567.76904296875,1574.9079294522828,1539.262708275014,1557.2211925457696,12298374.0,0.661395628954442,0.006592180045990696,1568.5170200892858,0.9995231310142282,1.0231573343430214,1559.6719011579241,1500.6697184244792,1,0.7878695920290433,1.0559840349458292,3,7,3,0,0,9425030.0,1.3048631144940652,0
2024-07-19,1536.61962890625,1571.029623251694,1534.2976544625544,1567.1020115011324,13140390.0,-1.986862427358238,-0.020068659438646375,1563.5589599609375,0.9827705051459265,1.023940575469371,1558.948486328125,1505.096337890625,1,1.0528769611808757,1.0451776371801949,4,7,3,0,1,10307942.57142857,1.2747830043623227,0
2024-07-22,1482.7935791015625,1519.179738244426,1481.4102368427714,1518.9327171487766,19674376.0,-3.502887038023872,-0.03565709558316359,1551.7654680524554,0.9555526331969121,1.0254956395347654,1554.7508893694196,1507.3714029947917,1,1.6033519777118117,1.3971712992868042,0,7,3,1,0,12099342.285714285,1.6260698751559057,0
2024-07-23,1470.1707763671875,1487.8080584659276,1445.5674511277782,1483.1146576505776,18052044.0,-0.8512852302761664,-0.008549293590174702,1538.67333984375,0.9554794629225728,1.0292207792207793,1549.2970145089287,1507.9626098632812,1,1.5859546774320463,1.3942352129487616,1,7,3,0,0,12972356.285714285,1.3915778754766153,1
2024-07-24,1477.8778076171875,1491.5134207568017,1458.8078508242754,1467.3053526491226,11913362.0,0.5242269383863185,0.005228576523311883,1524.4131556919642,0.9694732704837795,1.0224193816300389,1545.29350062779,1508.7629557291666,1,1.4978017795321443,1.4059240227492238,2,7,3,0,0,12827867.42857143,0.9287094730543787,0
2024-07-25,1474.6171875,1482.595920809754,1459.474721651074,1463.3530011800513,12519876.0,-0.2206285323713364,-0.002208722756953563,1509.6165771484375,0.9768157092481398,1.0158421374592383,1540.9441615513392,1509.9395955403645,0,1.473979645262911,1.4022166557261584,3,7,3,0,0,13855037.142857144,0.903633521217554,1
2024-07-26,1491.044189453125,1494.4037007697482,1472.59166375446,1474.6172851615388,9859940.0,1.1139841643223125,0.011078250594870767,1500.1274588448662,0.9939450015809087,1.014812006309799,1535.3261980329241,1511.4447835286458,0,1.6507273264903235,1.275039785587969,4,7,3,0,1,13922623.142857144,0.7081955676620134,1
2024-07-29,1501.987060546875,1509.2989091727318,1493.7613062276428,1493.9341486268256,7538550.0,0.7339065583135795,0.007312265685574586,1490.7300327845983,1.0075513523674364,1.0104016638269522,1529.623526436942,1513.251326497396,0,1.6602272205237576,1.2724320636724022,0,7,3,1,0,13242648.285714285,0.5692630233283722,0
2024-07-30,1495.1199951171875,1506.8287716127938,1492.0075050067665,1498.9488223237445,8228208.0,-0.45719870763648585,-0.004582470575095957,1484.801513671875,1.0069494012164597,1.009933774834437,1524.1802368164062,1514.4238525390624,0,1.5436048168544703,1.269855604846012,1,7,3,0,0,12540908.0,0.6561094300348906,0
2024-07-31,1487.487060546875,1492.4520883459395,1483.2629754591517,1486.0789919790418,10057346.0,-0.5105232085210853,-0.005118308306280678,1485.4720110212054,1.001356504539109,1.0061952014166222,1518.6187395368304,1515.2274943033854,0,0.7395527360681493,1.2705957198562825,2,7,3,0,0,11167046.57142857,0.9006272102179825,1
2024-08-01,1497.244384765625,1499.9121644798522,1486.37545603751,1493.9836579008804,10764222.0,0.6559602753897442,0.006538182182352937,1489.3396693638392,1.005307530286333,1.0091071931976254,1514.0065046037946,1517.0933227539062,0,0.6480104145976547,1.2990896427181071,3,8,3,0,0,10125929.142857144,1.0630354852515544,0
2024-08-02,1481.4595947265625,1491.3404387261814,1475.481756476256,1487.0670219426547,10268248.0,-1.0542560853573302,-0.010598527349242335,1489.851353236607,0.9943673853825659,1.0107481384844765,1507.1322544642858,1517.9373128255208,0,0.7989483791305734,1.2556157921579898,4,8,3,0,1,9890912.857142856,1.038149678225569,0
2024-08-05,1430.079345703125,1466.2186085334113,1416.1721046606897,1462.3650548737628,17046704.0,-3.4682180470079538,-0.03529788520272832,1483.488804408482,0.9639973968481323,1.0353392809447497,1496.55269077846,1517.7108764648438,0,1.5569994475113502,1.4822171767170262,0,8,3,1,0,10537602.57142857,1.61770230794432,1
2024-08-06,1438.7003173828125,1459.8946792000177,1434.0315221699125,1437.8110173129378,10236186.0,0.6028317034009634,0.0060102194265346616,1476.0111083984375,0.9747218765473185,1.01803527790726,1488.0692836216517,1518.1909261067708,0,1.4829288191281056,1.5085812269275523,1,8,3,0,0,10591352.0,0.9664664152414159,1
2024-08-07,1447.3707275390625,1454.954323788822,1444.0853950542364,1451.4960282823629,8174568.0,0.6026557477948336,0.006008470412545442,1468.208775111607,0.9858071631733978,1.007526513855628,1479.4694039481026,1518.5425170898438,0,1.4654592269493865,1.505017629406593,2,8,3,0,0,10682211.714285715,0.7652505135306249,0
2024-08-08,1431.8577880859375,1447.5436277380477,1428.6959662921352,1440.1577210643811,12387192.0,-1.0718013814954852,-0.010775865466222516,1459.1713169642858,0.9812814790416986,1.0131922129624453,1471.9864153180804,1516.404960123698,0,1.4795257512199271,1.457325576225422,3,8,3,0,0,11276352.285714285,1.0985105543122315,1
2024-08-09,1456.7330322265625,1458.9067698886504,1438.6510375603625,1442.6033755756382,6249776.0,1.7372705828472945,0.017223525671468527,1454.7778843470983,1.0013439494100789,1.0140796703296702,1470.1249476841517,1514.5523030598958,0,1.7269844063904187,1.2879204022040465,4,8,3,0,1,10732413.714285715,0.582327160169109,0
2024-08-12,1443.220703125,1455.4482469512195,1440.3799606199186,1452.483993902439,8184584.0,-0.9275775864647895,-0.009319063767462282,1447.0602155412946,0.997346680963889,1.0104613273880982,1468.199942452567,1511.1014119466147,0,1.6864099443102145,1.2914148082752774,0,8,3,1,0,10363894.0,0.7897209292183035,1
2024-08-13,1446.1851806640625,1452.5582774619256,1440.627205334839,1443.344437718015,6265064.0,0.20540708241252315,0.00205196410505681,1442.0210135323662,1.002887729854571,1.0082818595143173,1465.9361833844866,1507.9222534179687,0,1.6860238333969537,1.281875901207941,1,8,3,0,0,9792010.57142857,0.6398138517415817,0
2024-08-14,1444.43115234375,1454.460233101401,1436.3782403810735,1446.1109681889411,6267466.0,-0.12128656438776808,-0.0012136017606801143,1444.0712716238838,1.0002492125748486,1.0125886011163259,1463.780038016183,1504.5191243489583,0,0.9712490044749348,1.2817120012248597,2,8,3,0,0,8252119.428571428,0.7594977331884055,1
2024-08-16,1460.58642578125,1462.7602840003062,1440.676620060605,1451.1502913945535,9416902.0,1.118452299459638,0.01112243871044888,1447.1978585379463,1.0092513730339745,1.0153286751740112,1461.604483468192,1502.0744384765626,0,1.029411254469813,1.282048758396342,4,8,3,0,1,8135078.857142857,1.1575673899868422,1
2024-08-19,1475.65625,1485.47150978375,1467.823866090739,1469.8067419652286,13797742.0,1.031765320610134,0.010264789530708045,1451.2386474609375,1.016825353005712,1.0120229981952888,1459.7237112862724,1500.0793823242188,0,1.0680180361411609,1.3000053892346661,0,8,3,1,0,8938389.42857143,1.5436496821111556,1
2024-08-20,1483.1416015625,1491.0484162933285,1477.2674041310693,1484.4057091952604,8411808.0,0.5072557760318563,0.0050597356814136235,1458.564906529018,1.016849915230696,1.009328718770699,1458.8681117466517,1497.194246419271,0,0.8856760815002221,1.3062056868955063,1,8,3,0,0,8370477.428571428,1.004937659981914,1
2024-08-21,1485.8433837890625,1494.964564922092,1477.2426107826689,1480.464784262564,7769996.0,0.1821661683359288,0.001820004469997808,1462.7235281808037,1.0158060324885956,1.0119966442953021,1458.7507062639509,1493.9948771158854,0,0.7016672543339174,1.3005032842281348,2,8,3,0,0,8587651.714285715,0.9047870428972417,0
2024-08-22,1485.2979736328125,1493.6012664349316,1477.8869991875908,1490.1312336221058,10445782.0,-0.03670710938989963,-0.0003671384809840563,1468.7345668247767,1.0112773316446442,1.0106329288071274,1457.8973911830358,1491.1272745768229,0,0.495562489994594,1.2867331659281944,3,8,3,0,0,8910680.0,1.1722766388199328,1
2024-08-23,1487.1322021484375,1498.3849993365056,1485.5955458508122,1490.8749048344312,9249654.0,0.12349229233368231,0.0012341610332094125,1474.5841413225446,1.0085095590507562,1.0086089740383335,1458.3025774274554,1488.5200805664062,0,0.5021888803155112,1.2540709571584148,4,8,3,0,1,9337050.0,0.9906398701945476,1
2024-08-26,1499.649169921875,1509.9601498448217,1490.1313888488291,1494.0723308917522,8816114.0,0.8416849393318548,0.00838162522943765,1482.4724295479912,1.011586549625831,1.0133067198935464,1463.2718505859375,1486.4478637695313,0,0.46594362940507134,0.7595071553770556,0,8,3,1,0,9701142.57142857,0.9087706870698795,0
2024-08-27,1487.6031494140625,1500.516654009415,1486.6117113802566,1497.5671500638723,6251156.0,-0.8032559047420396,-0.00806499385628889,1486.3319614955358,1.0008552516876834,1.0093534461774476,1466.7649100167412,1483.4446655273437,1,0.6107721353556363,0.8134896699583082,1,8,3,0,0,9248893.142857144,0.6758815247884796,0
2024-08-28,1485.4716796875,1494.568051187052,1480.2170096090344,1492.1142662167426,9610286.0,-0.14328214668017925,-0.0014338489370512202,1487.734165736607,0.9984792403769346,1.0096952281218605,1469.4864065987724,1480.3539469401042,1,0.5191155975906818,0.8124861254491181,2,8,3,0,0,8650685.142857144,1.1109277289944135,1
2024-08-29,1507.90283203125,1523.8401488737277,1481.2083164719252,1490.2303777286736,38335358.0,1.5100356775882062,0.014987481276891203,1491.271484375,1.011152461393185,1.028781793842035,1474.9181954520088,1478.7017740885417,1,0.7420449426953754,0.7972071445511874,3,8,3,0,0,12925478.0,2.965875459306031,0
2024-08-30,1496.6995849609375,1526.5418444404818,1490.4534771750382,1520.865886117465,41620730.0,-0.742968766443719,-0.007457425267049782,1492.8223702566963,1.0025972378103998,1.024213011555278,1477.77294921875,1476.3327921549478,1,0.8309481201872569,0.7446204531905287,4,8,3,0,1,17761297.14285714,2.343338420906839,1
2024-09-02,1503.2679443359375,1513.7276641806195,1493.725353098191,1497.9389648135596,11240852.0,0.43885623013462105,0.004378960643210244,1495.3895089285713,1.0052684838032675,1.0133908894569816,1482.0620378766741,1475.2210693359375,1,0.8366617189515136,0.6720193298181807,0,9,3,1,0,17874878.57142857,0.6288631251441069,0
2024-09-03,1496.203857421875,1509.9600595401412,1494.5927706873033,1508.2250430567562,10923800.0,-0.46991535611989876,-0.004710229294631301,1496.6854596819196,0.9996782207932006,1.0102819237147596,1485.634800502232,1475.6680786132813,1,0.8720570409176484,0.7023941993304511,1,9,3,0,0,18114042.285714287,0.6030570000719883,1
2024-09-04,1501.5823974609375,1504.50709100704,1486.661207884716,1487.850885016148,11983304.0,0.35947909186186955,0.0035883451007041557,1496.961635044643,1.0030867607479845,1.0120040013337779,1489.717032296317,1476.7151326497396,1,0.8203079924085661,0.6947964104796147,2,9,3,0,0,18566498.0,0.6454261864569183,0
2024-09-05,1480.192138671875,1512.7113538076746,1474.3179410781215,1506.0439573959177,16264168.0,-1.4245144871990911,-0.014347580922800073,1495.9029192243304,0.9894974597946491,1.0260414742707922,1491.117440359933,1476.7922770182292,1,0.9480465891402254,0.7852015786477667,3,9,3,0,0,19996928.285714287,0.8133333163783483,0
2024-09-06,1452.2830810546875,1484.182646260627,1449.110527949692,1479.721175380084,19394228.0,-1.885502353919355,-0.01903504597209021,1491.1616908482142,0.973927301088716,1.02420251432481,1489.4479282924108,1476.0478068033854,1,1.173216347255767,0.8974487797592076,4,9,3,0,1,21394634.285714287,0.9064996270092821,0
2024-09-09,1449.928466796875,1457.3395627288749,1443.1371406451965,1453.943839140462,9010298.0,-0.16213190723826099,-0.001622634832520166,1482.879638671875,0.9777789302545739,1.009841353038235,1487.0755615234375,1474.6772827148438,1,0.8705583221214392,0.8796760632620974,0,9,3,1,0,17205340.0,0.5236919468025625,0
2024-09-10,1449.011474609375,1459.446383962114,1445.0952218200862,1447.995226435091,10768260.0,-0.0632439605469437,-0.0006326396797577702,1476.0670514787946,0.9816704960372132,1.0099309456742598,1484.4447108677455,1472.9114298502604,1,0.8839351868310924,0.8748069567207195,1,9,3,0,0,12797844.285714285,0.8414120190554414,0
2024-09-11,1439.072265625,1456.1745712275017,1435.1561339115874,1450.5234230036904,9760202.0,-0.6859303158420094,-0.006882936311639482,1466.896240234375,0.9810320772211336,1.0146454011652568,1481.1428745814733,1471.0431722005208,0,0.7910543641942421,0.8840384865616728,2,9,3,0,0,12586322.857142856,0.7754609595495155,1
2024-09-12,1467.1298828125,1473.2767495080643,1433.495302957586,1444.5250498204912,22349376.0,1.949701752838262,0.019309385602279742,1462.7428152901787,1.00299920633789,1.0277513616322294,1479.7141374860491,1470.364599609375,0,1.257867436629072,1.0567842898652993,3,9,3,0,0,14218548.0,1.5718465767390595,0
2024-09-13,1460.016357421875,1470.451266381587,1456.918113729867,1463.7590600068495,8711328.0,-0.48485996188615266,-0.004860392211809669,1456.8048095703125,1.0022045148605117,1.009288890380444,1476.8832223074776,1469.1236653645833,0,1.227199940845491,1.0256898380782895,4,9,3,0,1,13751122.857142856,0.6334993942312868,0
2024-09-16,1458.7523193359375,1468.2206009201684,1452.2088525514882,1464.8993077290231,5481774.0,-0.0865769811079109,-0.0008661448062172663,1453.741978236607,1.0034465133251556,1.0110257889838283,1474.8224487304688,1468.3667561848958,0,1.1410785208661285,1.0102958192301799,0,9,3,1,0,12210780.857142856,0.44892902952994723,1
2024-09-17,1459.6942138671875,1464.824832895271,1454.0677548146175,1461.3796100548857,5935328.0,0.06456850273792725,0.000645476662489217,1454.8007114955358,1.0033636925889466,1.0073979207949804,1472.981201171875,1469.3539184570313,0,0.8668446198138158,1.0116919505669622,1,9,3,0,0,10288080.857142856,0.5769130397025596,0
2024-09-18,1450.9197998046875,1469.3110219373734,1448.0447266088618,1457.413766699014,8574714.0,-0.6011131632325806,-0.0060292712135477985,1454.9423304966517,0.99723526451348,1.0146862144088011,1468.9109845842634,1469.7612345377604,0,0.9020998162183164,0.9013222013694718,2,9,3,0,0,10225854.57142857,0.8385327544123382,1
2024-09-19,1457.0916748046875,1463.858190669141,1443.0876132109174,1453.6959512825115,16955902.0,0.42537671626170503,0.004244745470151057,1456.096644810268,1.0006833543624774,1.0143931506778083,1466.0818481445312,1470.0852661132812,0,0.9140225111724791,0.9083235336344879,3,9,3,0,0,11109803.42857143,1.5262108019295801,1
2024-09-20,1473.2025146484375,1482.1997658201983,1458.7770437683578,1461.3795684407844,30897320.0,1.1056847089535138,0.010996167032775136,1460.9723946707588,1.0083712190745635,1.0160564098207456,1463.934317452567,1471.4634236653646,0,0.9136568392871001,0.9597271752509311,4,9,3,0,1,14129391.714285715,2.1867409882026867,1
2024-09-23,1480.5887451171875,1488.64417898616,1476.2015834923338,1478.2340798324108,8832314.0,0.5013723772059109,0.005001196912389834,1462.8950892857142,1.0120949587985237,1.0084287915911796,1462.8189522879463,1472.258614095052,0,0.5973359970320337,0.969098633304835,0,9,3,1,0,12198382.857142856,0.7240561395257545,0
2024-09-24,1476.6229248046875,1487.6526722077606,1475.1357678514642,1475.7554165819738,17137444.0,-0.2678542792911798,-0.0026821365073716346,1465.2674560546875,1.0077497583823878,1.008485255817861,1461.0361328125,1473.372021484375,0,0.5647231774355326,0.9621639249144941,1,9,3,0,0,13402113.714285715,1.2787120274716581,1
2024-09-25,1481.15869140625,1483.6869066134093,1467.5264194610884,1471.1948125268714,7069002.0,0.30717162285438526,0.0030670081470458316,1468.4683663504463,1.008641878399698,1.0110120587527518,1461.1051722935267,1474.5378051757812,0,0.5552432797431527,0.8894821456812974,2,9,3,0,0,13628860.57142857,0.5186788699577275,1
2024-09-26,1485.12451171875,1491.122760061236,1475.309372285805,1477.8870868947113,18818998.0,0.267751209611089,0.002673933946201842,1472.1012660435267,1.0088467050301675,1.0107186926840506,1463.4509887695312,1475.8942504882812,0,0.5511007920793294,0.7035529025863798,3,9,3,0,0,15469384.857142856,1.21653176088062,1
2024-09-27,1513.10791015625,1520.345334807694,1479.225468721031,1486.1655345930462,20597478.0,1.8842459481807738,0.018667139228251462,1480.9852818080358,1.0216900388834371,1.0277982410093414,1467.9638061523438,1477.6449666341146,1,0.694556642506919,0.8318754338095189,4,9,3,0,1,17186922.57142857,1.1984389825692887,0
2024-09-30,1463.9324951171875,1511.9181178232873,1461.7761901136828,1506.3908994638518,27008814.0,-3.2499608725186313,-0.03303944965986988,1481.9625418526787,0.9878336690528285,1.0343020553000695,1469.0295933314733,1477.2541748046874,1,1.6217977438471365,1.264730651658355,0,9,3,1,0,18623052.85714286,1.4502892843178925,0
2024-10-01,1452.2830810546875,1475.2100841908111,1450.3002051077794,1467.9726595996829,16431642.0,-0.7957616967555259,-0.00798944777885037,1478.9740513392858,0.9819530503186122,1.0171756709371633,1469.9732230050224,1476.2255574544272,1,1.5797415963396988,1.2701806354915184,1,10,4,0,0,16556527.42857143,0.9924570276520718,0
2024-10-03,1394.928466796875,1436.9902726871703,1390.070396353704,1424.275007622252,37757294.0,-3.949272356471989,-0.0402937211278013,1466.7368687220983,0.9510420693332767,1.033753597268557,1464.8159790039062,1473.1950602213542,0,2.0723816054258535,1.5477742558960907,3,10,4,0,0,20688667.42857143,1.8250230050030427,0
2024-10-04,1374.653564453125,1405.2145916660445,1369.9442340651565,1391.9046094477658,37072876.0,-1.453472549048096,-0.014641389428729272,1452.1698172433037,0.9466203939306974,1.0257458345557813,1458.7186366489955,1469.5069132486979,0,2.067310293945724,1.5757340317322723,4,10,4,0,1,23536586.285714287,1.5751169498399888,0
2024-10-07,1358.98876953125,1384.5431070803495,1349.7188488374588,1381.568793209071,22181340.0,-1.1395449244047784,-0.011460874887066768,1434.7169712611608,0.9472173235231591,1.0258011201909831,1451.5926688058037,1465.2354654947917,0,1.985733752148891,1.5838222094578447,0,10,4,1,0,25695491.714285713,0.8632385885679713,1
2024-10-08,1385.3857421875,1389.004514771482,1353.411869524131,1361.2194430814652,17020808.0,1.9423981454500971,0.019237743715272523,1420.4685756138392,0.9753019292164358,1.0262984580295322,1446.284920828683,1461.4266845703125,0,2.2728763460797436,1.7092169513622373,1,10,4,0,0,25438607.42857143,0.6690935440468743,0
2024-10-09,1362.8306884765625,1388.979866453412,1360.74869282372,1385.5594536683957,14310610.0,-1.6280702929224233,-0.016414689830808536,1399.0004010881696,0.9741460312781371,1.0207467945981332,1439.9928414481026,1457.2676025390624,0,1.8951047649715063,1.7421367504804324,2,10,4,0,0,24540483.42857143,0.5831429540356475,0
2024-10-10,1359.31103515625,1374.132983939481,1357.699948504806,1368.209166456891,22358646.0,-0.25826049780599547,-0.002585945655302342,1384.054478236607,0.9821224933921082,1.0121035840450405,1433.008510044643,1453.0622477213542,0,1.7585992621007493,1.7257561237572627,3,10,4,0,0,23876173.714285713,0.9364417543428352,1
2024-10-11,1360.35205078125,1371.4314188021033,1357.1050671377104,1358.2700551936466,7980122.0,0.07658406340240731,0.0007655475277246413,1370.9214739118304,0.9922902782313117,1.01055655307117,1424.947762625558,1448.143888346354,0,1.809001469580122,1.6741195761305785,4,10,4,0,1,22668813.714285713,0.3520308605726019,1
2024-10-14,1360.7734375,1368.2587216327886,1356.5350159311083,1367.6390728953818,12221432.0,0.03097629900348231,0.00030971502338509834,1366.0421840122767,0.9961430572394173,1.008642390770601,1416.3895263671875,1443.613016764323,0,1.2291635463273791,1.6559200408234063,0,10,4,1,0,19020833.42857143,0.6425287328178815,0
2024-10-15,1332.5174560546875,1359.9554295521657,1329.2208521541709,1346.8933067731043,33762794.0,-2.0764648005787145,-0.020983264940504304,1360.022739955357,0.9797758647024002,1.0231222504132294,1406.0962785993304,1437.9213338216146,0,1.3401685304356508,1.6990050263403524,1,10,4,0,0,18547964.57142857,1.8202964465442462,1
2024-10-16,1342.4814453125,1352.3215164873243,1326.1723376036346,1328.527003000744,20034438.0,0.7477567526442686,0.00744974910838244,1357.66455078125,0.988816747509528,1.0197177833847302,1396.1907610212054,1432.7972534179687,0,1.3646719247122614,1.7233461671959036,2,10,4,0,0,18241264.285714287,1.0983031486304402,1
2024-10-17,1344.811279296875,1356.7332239102464,1340.4737382347969,1354.0067695283683,15543660.0,0.17354682945600608,0.0017339641095181937,1351.868198939732,0.9947798759905797,1.0121296562638078,1386.1683872767858,1427.5715494791666,0,1.0324237583197258,1.7195162722023023,3,10,4,0,0,18030243.14285714,0.8620882079539661,1
2024-10-18,1347.66162109375,1356.70849216764,1329.840427555484,1340.5976258716714,12082452.0,0.21195106263276475,0.002117267632487116,1349.7011893136162,0.9984888742515643,1.0202039763985407,1374.350795200893,1423.1538655598958,0,0.8989310862113172,1.579097992439913,4,10,4,0,1,17711934.85714286,0.6821644330476632,1
2024-10-21,1357.4769287109375,1362.2358797577067,1346.1002013000875,1355.4197431686716,14067408.0,0.7283213726322124,0.007256819205704301,1349.439174107143,1.0059563667322113,1.011986981683856,1366.746826171875,1419.9936604817708,0,0.9558171921365295,1.4600943560148905,0,10,4,1,0,16527472.285714285,0.8511530230886746,0
2024-10-22,1331.84814453125,1364.2186177698431,1328.749900940748,1357.4767913068545,15831960.0,-1.8879719896252367,-0.019060217244911255,1345.3671875,0.9899514102214195,1.0266932978162282,1358.144330705915,1416.0576497395834,0,1.185221087691954,1.504030990469316,1,10,4,0,0,17649163.42857143,0.8970374184631527,0
2024-10-23,1327.064453125,1345.8521531156357,1323.5696102860716,1326.048205061888,17214742.0,-0.3591769396453004,-0.0035982352874543416,1340.5516183035713,0.9899390929864835,1.016835187704822,1353.2969011579241,1411.9927490234375,0,1.1764239041744105,1.1558870549871683,2,10,4,0,0,18362493.42857143,0.9374947943188605,1
2024-10-24,1328.3287353515625,1332.1952468902052,1311.796457612685,1323.8424540123256,22155934.0,0.0952690898761821,0.0009522373768088308,1339.9532296316963,0.9913247014723574,1.0155502701346242,1349.9879847935267,1408.3012980143228,0,0.8995477541766291,1.1154978572979701,3,10,4,0,0,16704370.57142857,1.326355513083257,0
2024-10-25,1316.4808349609375,1332.8395608533488,1310.6809472586556,1331.996862815434,18597496.0,-0.8919403815719762,-0.008959419821584842,1336.2388567243304,0.9852137051216817,1.016906184255626,1346.95170375279,1403.2796630859375,0,0.8728731130979319,1.101998698647195,4,10,4,0,1,16499093.142857144,1.1271829208413982,1
2024-10-28,1322.9251708984375,1341.4155124030335,1310.7800563182918,1325.552505604476,10824350.0,0.48951232455207716,0.0048831810860980335,1333.112269810268,0.9923584088583325,1.0233719272253732,1342.490234375,1398.7099568684896,0,0.907461578935979,0.9389335018288224,0,10,4,1,0,15824906.0,0.6840072225389522,1
2024-10-29,1328.52685546875,1331.6994085045892,1308.995576227512,1316.728719636798,12008361.0,0.4234317022260736,0.0042253775281552095,1330.3787318638392,0.9986080081177374,1.0173444683002741,1340.0399605887276,1394.3691080729166,0,0.9279391174758618,0.8780088053702504,1,10,4,0,0,15814321.57142857,0.7593345655557728,1
2024-10-30,1332.3935546875,1338.4413022928309,1314.0023313459362,1323.569732267355,11984423.0,0.29105164135998507,0.002906289061235514,1326.7953927176338,1.0042193106793955,1.01859887944176,1338.1172834123884,1390.125752766927,0,0.8677694604995388,0.8863953782610272,2,10,4,0,0,15516752.285714285,0.7723538263244446,0
2024-10-31,1320.64501953125,1331.501217083263,1314.7955112005386,1328.526903121052,9331650.0,-0.8817616322833066,-0.00885672154793472,1325.1949462890625,0.9965665981668934,1.0127059346798883,1335.2810668945312,1385.7832600911458,0,0.5937872853927753,0.9052630972997626,3,10,4,0,0,14588136.57142857,0.6396738853046109,1
2024-11-01,1327.1884765625,1330.4601492824747,1321.5868277686543,1321.636448077728,2127335.0,0.49547432765637556,0.0049425089314794795,1325.2126639229912,1.001490940053093,1.0067141419143848,1332.8821411132812,1381.4531534830728,0,0.6233239910549025,0.9230151392207242,4,11,4,0,1,12432792.714285715,0.17110676972484368,0
2024-11-04,1291.0009765625,1328.52687951389,1274.0969107675833,1326.3952636738204,19796890.0,-2.726628556460031,-0.027644909035671465,1319.880126953125,0.9781198687661954,1.0427204306723539,1329.9166782924108,1375.3797688802083,0,1.1997220879282413,1.035572019646705,0,11,4,1,0,12095786.42857143,1.636676549880032,1
2024-11-05,1294.1240234375,1298.337634786513,1275.1379622128013,1281.9292880644173,16267479.0,0.24190894752966763,0.0024161681886392837,1316.6862967354912,0.982864351703264,1.0181938529486272,1326.4625767299108,1369.1642781575522,0,1.1987952209545514,1.0076264943077542,1,11,4,0,0,11762926.857142856,1.382944839967429,1
2024-11-06,1314.0023193359375,1316.9271340293028,1289.0676296160968,1298.7837703539942,21625209.0,1.5360425692149793,0.015243648665038238,1315.4116036551338,0.9989286362418575,1.0216121356033918,1324.2619367327009,1363.7435913085938,0,1.3591942664403847,1.1127196127081915,2,11,4,0,0,13305906.714285715,1.6252337750709145,0
2024-11-07,1294.4710693359375,1312.66393271805,1291.4471349781516,1312.66393271805,9611974.0,-1.4863938756113138,-0.014975514107041309,1310.5464913504463,0.9877338025620563,1.0164287001498187,1320.462611607143,1357.5206705729167,0,1.429154195290447,1.1606417618382523,3,11,4,0,0,12963565.714285715,0.7414606607353179,0
2024-11-08,1272.7584228515625,1290.505185727704,1264.0833410989228,1286.5394340693545,19814406.0,-1.6773373309542983,-0.0169156394346285,1302.0271868024554,0.9775206199628045,1.020901979932598,1314.4112897600446,1350.4418009440103,0,1.4723617887559444,1.1776838256543385,4,11,4,0,1,14082134.714285715,1.4070598245235606,0
2024-11-11,1261.802978515625,1274.9891511168566,1256.151830843746,1267.9994654475693,9056552.0,-0.8607638448302146,-0.008644898134142764,1293.6211809430804,0.9754037712924125,1.0149960536700868,1309.4080636160713,1342.0649698893228,0,1.471814785960577,1.1115289979694456,0,11,4,1,0,14042835.0,0.6449233363491061,1
2024-11-12,1263.33984375,1278.2610337323058,1256.6476373969983,1264.6287615317467,10671091.0,0.12179914460044294,0.0012172502961715537,1284.4999476841517,0.9835265824865921,1.0171992495685402,1304.8563058035713,1335.3785481770833,0,1.4299630984728862,1.1196051828031544,1,11,4,0,0,15263371.57142857,0.6991306573427828,0
2024-11-13,1241.3299560546875,1264.5295076822267,1238.8017408266169,1259.374078659472,14633633.0,-1.7421984911027644,-0.017575533720394963,1277.404087611607,0.9717598120228593,1.020768268244798,1298.6421072823662,1328.34677734375,0,1.2312325004632194,1.1705613436782996,2,11,4,0,0,14525763.42857143,1.0074260862060025,1
2024-11-14,1256.746826171875,1261.7040163358736,1240.38809863068,1242.866693712679,12612633.0,1.2419639147505102,0.012343148105486947,1272.064488002232,0.987958423511678,1.017184877643316,1294.3753923688616,1323.74072265625,0,1.3869381116231176,1.2486016746418624,3,11,4,0,0,14003642.57142857,0.9006680180293499,0
2024-11-18,1249.9554443359375,1262.0014401044657,1233.24973843027,1256.7467703539512,13620611.0,-0.5403937924891689,-0.005418592014476392,1262.9149344308037,0.9897384299278186,1.0233137707458928,1289.1632690429688,1319.5841186523437,0,1.0922003765057244,1.2271495474609693,0,11,4,1,0,12860128.57142857,1.0591349008952367,0
2024-11-19,1231.0189208984375,1270.5276979121372,1224.5745744010292,1249.9553610165642,14183746.0,-1.5149758756049403,-0.015265688715444268,1253.850341796875,0.9817909521277332,1.0375257860743883,1282.1984165736608,1315.31845703125,0,1.0956512387656565,1.2367269159381447,1,11,4,0,0,13513238.857142856,1.049618537046929,0
2024-11-21,1212.5286865234375,1233.299264427905,1206.827917964558,1231.0190296194417,19433843.0,-1.5020268219358646,-0.01513421489420024,1245.24609375,0.9737261514886302,1.0219346487343395,1273.6366402762276,1309.5565551757813,0,1.0716015848980476,1.2373487182767933,3,11,4,0,0,13458872.714285715,1.4439428481534151,1
2024-11-22,1254.5655517578125,1257.985964127004,1211.983221035894,1218.8737871048172,20471957.0,3.4668759346967004,0.034081336215540506,1244.2121756417412,1.008321230348619,1.0379565841281129,1268.9166782924108,1305.9477172851562,0,1.8896048331173256,1.6541074525414299,4,11,4,0,1,15089644.857142856,1.356689119844286,1
2024-11-25,1275.9805908203125,1293.2811339485756,1271.4694999174592,1278.9549045518283,28923341.0,1.706968522489305,0.01692563509746824,1246.0179966517858,1.0240466784982563,1.0171546655523647,1265.2589721679688,1303.1700358072917,0,2.0073187683379543,1.731794513534108,0,11,4,1,0,17697109.14285714,1.6343539934415763,1
2024-11-26,1284.606201171875,1286.737817131633,1273.2046638791437,1283.8626226527838,9247557.0,0.6759985546502145,0.006737239296216833,1252.2003173828125,1.0258791531508258,1.0106292049003787,1264.80220249721,1300.645174153646,0,1.8253356327281873,1.5932444210145849,1,11,4,0,0,16927669.714285713,0.5462982889012621,0
2024-11-27,1282.1275634765625,1292.6864023015985,1274.9892583407009,1282.4250432843671,9572746.0,-0.19294922389845315,-0.0019313561070665826,1255.826136997768,1.0209435253049215,1.013880229849096,1263.9453125,1298.0236450195312,0,1.8092695232162619,1.5919051390469532,2,11,4,0,0,16493400.142857144,0.5803985786487879,0
2024-11-28,1259.91943359375,1285.4984608667178,1258.184417128475,1278.905374093644,15027412.0,-1.732131069906484,-0.01747307971341869,1257.2495640345983,1.0021235796261356,1.021709093966194,1260.0822492327009,1295.6037109375,0,1.9519635383779315,1.5802568057374287,3,11,4,0,0,16694371.714285715,0.9001484007415946,1
2024-11-29,1281.1361083984375,1288.3736540571424,1264.3312830599236,1269.040613461441,13202307.0,1.6839707555085237,0.016699491620670012,1264.4091622488838,1.0132290611686197,1.0190158792393649,1259.1297520228795,1293.5588663736978,0,1.8757221940036044,1.6219632404504594,4,11,4,0,1,16554166.142857144,0.7975217166523717,1
2024-12-02,1297.941162109375,1300.1222774340952,1266.1160245478172,1276.9722229086012,11024152.0,1.3117305492189812,0.013032018653240083,1276.6109444754463,1.016708471540398,1.0268587177059252,1260.9285191127233,1291.9965291341146,0,1.6402243016826161,1.5893488373947995,0,12,4,1,0,15352781.714285715,0.7180556725913755,1
2024-12-03,1311.9698486328125,1315.4398813546288,1295.8093621182986,1305.7237413234882,16869482.0,1.0808414844197145,0.010750421432150253,1284.811558314732,1.021137956101285,1.0151492339924444,1264.5118669782366,1290.8068033854167,0,1.237978379209766,1.5788826311338553,1,12,4,0,0,14838142.42857143,1.1368998566503274,0
2024-12-04,1297.74267578125,1317.0262168141671,1292.884726573221,1314.6467414933138,19608540.0,-1.0844130958031162,-0.010903357106067496,1287.9204275948662,1.0076264402488952,1.0186725774887393,1266.9692121233259,1288.8156616210938,0,1.2884755350585815,1.6211357101502337,2,12,4,0,0,13507456.57142857,1.4516826240608944,1
2024-12-05,1310.7305908203125,1318.5628538088615,1294.966703202915,1303.096445986659,16858723.0,1.0008081942164404,0.009958332744087922,1291.6524832589287,1.014770309977842,1.0182214342249765,1271.9264003208705,1288.1117431640625,1,1.3120484592828325,1.5310517987380752,3,12,4,0,0,14594766.0,1.1551211578178096,0
2024-12-06,1300.3204345703125,1312.5646685095264,1298.783657405313,1312.5646685095264,9037514.0,-0.7942254741674204,-0.007973962445562683,1294.25146484375,1.0046891735427128,1.0106107056595899,1275.0388009207588,1287.2202758789062,1,1.3678442876079806,1.541611002014698,4,12,4,0,1,14518304.285714285,0.6224910170048391,0
2024-12-09,1284.0609130859375,1303.7409326166044,1282.0284168341586,1291.8436769577456,14650002.0,-1.2504242071492144,-0.012583077984686598,1297.7002476283483,0.989489610896401,1.016936064362803,1277.4749058314733,1285.7446818033854,1,1.2618951005366643,1.580958351896045,0,12,4,1,0,14464388.57142857,1.012832442080412,0
2024-12-10,1273.8489990234375,1283.812998621138,1269.238788448007,1278.2113501165884,16043729.0,-0.7952826815636138,-0.00798461921463146,1296.6592320033483,0.9824084598197255,1.0114826384962217,1280.5341971261162,1284.3236206054687,1,1.1440409833381195,1.5316975719023744,1,12,4,0,0,14870306.0,1.0789104810620576,0
2024-12-11,1267.2559814453125,1278.9549980546296,1265.1244866020038,1273.9978081396894,11724373.0,-0.5175666490439101,-0.0051891066468175385,1292.275634765625,0.9806390737028403,1.0109321348207978,1284.4432896205358,1282.4679809570312,1,0.9699362174011564,1.465997941675143,2,12,4,0,0,14970337.57142857,0.7831735887089406,0
2024-12-12,1252.0870361328125,1267.25596445406,1249.8066803924569,1259.1262215126185,20906813.0,-1.1969914156727657,-0.012042130439526576,1283.720947265625,0.9753576420169867,1.013961586488019,1284.2662527901787,1279.9199869791667,1,0.7780241237470248,1.2037483158766686,3,12,4,0,0,15547099.142857144,1.3447404437248531,1
2024-12-13,1261.951904296875,1264.281759521455,1228.986588963027,1249.2119494931856,28630222.0,0.7878739959269243,0.007847864753377972,1278.6079799107142,0.9869732741578835,1.0287189224645719,1283.26420375279,1277.571931966146,1,0.91806335155336,1.1255830821004256,4,12,4,0,1,16835910.85714286,1.7005448795099345,0
2024-12-16,1257.44091796875,1270.0321327010022,1255.7059013940218,1264.0835044447913,9486781.0,-0.35746103419356245,-0.0035810145276845913,1270.9951695033483,0.9893357175071761,1.0114089065688678,1281.3238263811384,1275.4651285807292,0,0.6887549678493452,1.106404540364679,0,12,4,1,0,15782776.285714285,0.6010844244549624,0
2024-12-17,1234.6376953125,1253.078416496042,1232.1591005022085,1250.2528426173371,17462791.0,-1.8134627504476253,-0.0183010752444872,1261.6119210379463,0.9786192368067874,1.0169777717709565,1277.9316929408483,1272.3801025390626,0,0.8321429987110857,1.192977076132349,1,12,4,0,0,16986387.285714287,1.028046205839565,1
2024-12-18,1242.5196533203125,1249.162239402372,1230.027558928225,1230.027558928225,12670179.0,0.6384025076941802,0.006363733504333956,1255.677455357143,0.9895213520154441,1.015556302243195,1276.6888514927455,1270.7640584309895,0,0.9367290661012302,1.1351900889652728,2,12,4,0,0,16703555.42857143,0.7585318619248966,0
2024-12-19,1219.914794921875,1234.2411461229626,1218.4772582835096,1228.3916379278016,14244653.0,-1.819275722362368,-0.018360280346918553,1247.9725690569196,0.9775173150189931,1.0129373673019222,1272.3159005301338,1268.2904174804687,0,1.0677155827830638,1.0988179645101392,3,12,4,0,0,16446544.57142857,0.866118286314454,0
2024-12-20,1194.980224609375,1228.8873545167637,1191.2127119418244,1213.5200660980383,20312896.0,-2.0439599893611327,-0.02065137927574231,1237.6474609375,0.9655255331790482,1.0316271327507285,1264.9615478515625,1264.3230143229166,0,1.1938214902660942,1.0757266316761458,4,12,4,0,1,17673476.42857143,1.1493435421206444,1
2024-12-23,1211.834716796875,1216.6926661807136,1202.8125341694108,1204.5971709809228,10052824.0,1.4104410968817094,0.014005869265262441,1231.8971296037946,0.9837142141784418,1.0115397301050637,1257.80903843471,1261.5684692382813,0,1.4411274621943697,1.117733563040719,0,12,4,1,0,16122906.57142857,0.6235118931852291,1
2024-12-24,1212.28076171875,1222.9883400626134,1210.5457452942906,1211.834663048231,6734917.0,0.03680740580316311,0.0003680063353929878,1224.8012520926338,0.9897775330058718,1.0102785002687344,1251.7046160016741,1259.5525472005208,0,1.3586128437926774,1.117412116975326,1,12,4,0,0,12995005.857142856,0.5182696394321419,0
2024-12-26,1206.1339111328125,1217.1883476811242,1203.8535553911518,1213.767935093776,10016178.0,-0.5070484313569934,-0.005083382838810189,1217.4716796875,0.9906874478118475,1.0110767561637841,1244.2334245954241,1257.6969116210937,0,1.3559953252940837,1.033243160935907,3,12,4,0,0,13070634.0,0.7663115652997399,1
2024-12-27,1210.595458984375,1217.3867853075249,1206.5800865394056,1207.86900439277,7000397.0,0.3699048513918557,0.00369222385860747,1214.037074497768,0.9971651479302502,1.008956470348449,1237.824497767857,1255.9387654622396,0,1.2751457635838641,1.0617585981741857,4,12,4,0,1,11576006.285714285,0.6047333447493932,0
2024-12-30,1200.333984375,1212.7269598518426,1197.756269680847,1205.9852538075309,8818766.0,-0.8476386172787898,-0.008512515040420547,1208.0105503627233,0.993645282331832,1.0124989453613835,1231.844002859933,1254.5722330729166,0,1.2205516732243384,1.0453109521750745,0,12,4,1,0,11025804.42857143,0.7998297137529233,1
2024-12-31,1205.043212890625,1208.6619856280877,1195.8229125326573,1197.6570485426987,6405475.0,0.39232651719653955,0.003915589237095826,1205.8860386439733,0.9993010734627162,1.0107366006796428,1226.9293038504463,1252.848779296875,0,1.0979369599126496,1.0653492426612283,1,12,4,0,0,9905921.857142856,0.6466308832611282,1
2025-01-01,1210.7935791015625,1215.800389087432,1201.2261788160188,1204.4483521073844,5892590.0,0.4771917014613658,0.00476056751022377,1208.1450892857142,1.0021921951587902,1.0121327777636167,1222.896275111607,1251.5433837890625,0,0.7338591081268249,1.0891334050912158,2,1,1,0,0,7845878.142857143,0.7510427631819124,1
2025-01-02,1231.167724609375,1233.7949384205442,1209.554328364606,1210.793625832193,15486276.0,1.6827100720942623,0.016687093489283423,1210.906947544643,1.0167319025675878,1.020040943583504,1221.4020385742188,1251.5483439127604,0,0.8123276839906166,1.1788920750017882,3,1,1,0,0,8622085.57142857,1.7961171774167535,1
2025-01-03,1240.437744140625,1251.244443122699,1224.921714407087,1233.2498182568115,15521102.0,0.752945301111696,0.007501248169335488,1214.9293736049108,1.0209957641076917,1.0214893151178672,1219.8653128487724,1252.4786458333333,0,0.8289870344022227,1.176872294054047,4,1,1,0,1,9877254.857142856,1.5713983515142091,0
2025-01-06,1207.5714111328125,1251.1946805005002,1204.5970973122885,1243.213556672038,14816766.0,-2.6495753747466266,-0.026853092338066528,1215.134730747768,0.9937757357899719,1.0386831275720163,1216.3032052176338,1250.9121744791667,0,1.3935041517439777,1.358433804066451,0,1,1,1,0,10563053.142857144,1.4026972883327076,1
2025-01-07,1230.2257080078125,1233.844480589015,1210.7935491517349,1211.5371275851955,10070505.0,1.876021299125341,0.018586410544774452,1217.9390520368304,1.0100880712794573,1.019037871033777,1215.9880632672991,1249.38701171875,0,1.5616847494789916,1.3954372462099829,1,1,1,0,0,11001640.0,0.9153639820972146,1
2025-01-08,1254.664794921875,1260.167324257905,1234.6872949225542,1238.3060678446636,19346579.0,1.9865530979382928,0.0196707862323746,1225.7005964006696,1.0236307289123137,1.0206368279969618,1216.8555733816963,1248.38896484375,0,1.5994739505629971,1.4875803799297416,2,1,1,0,0,12505613.285714285,1.5470316055671138,0
2025-01-09,1244.0067138671875,1258.878282472892,1237.364128300027,1256.1518282285128,12794704.0,-0.8494763778998937,-0.008531049925791599,1231.266810825893,1.0103469881014246,1.0173870841095276,1218.576424734933,1247.118269856771,0,1.6980550916328079,1.4130572017775207,3,1,1,0,0,13418360.285714285,0.9535221686975975,0
2025-01-10,1231.266845703125,1245.9896754309789,1225.4173374439545,1243.114481097643,8120332.0,-1.0240996308177985,-0.010293796101863952,1234.1915631975446,0.9976302564515656,1.0167880258899678,1221.1683262416295,1246.16318359375,0,1.7890779625227915,1.314127923930612,4,1,1,0,1,13736609.142857144,0.5911453048966212,0
2025-01-13,1229.234375,1234.5881643828388,1215.899582365329,1219.4687349455062,13764861.0,-0.16507150421680716,-0.001652078973424508,1233.9153703962054,0.996206388615856,1.0153701689584878,1222.4111589704241,1244.433125813802,0,1.6758037416368796,1.271281514149569,0,1,1,1,0,13490692.714285715,1.0203227730051223,0
2025-01-14,1228.143798828125,1242.6187691440975,1216.742262047884,1233.4479678208604,13095266.0,-0.08871995398558319,-0.0008875933343009875,1232.1590924944196,0.9967412538764244,1.0212670406078121,1223.544233049665,1242.1065470377605,0,1.641755679781604,1.2722751389288507,1,1,1,0,0,13144144.714285715,0.9962813316995368,1
2025-01-15,1241.478515625,1246.2374660533972,1231.2171573529768,1234.2905907014622,9578856.0,1.0857618472363662,0.010799097748975453,1237.002964564732,1.0036180600923965,1.0121995609066339,1226.06884765625,1239.7568359375,0,1.2458865706862148,1.2849281045996788,2,1,1,0,0,12395871.857142856,0.7727456455174945,1
2025-01-16,1255.6065673828125,1264.0834104275011,1240.586378973141,1248.1212833322295,14117603.0,1.1380021144143493,0.011315755804553483,1240.6288016183037,1.0120727213046896,1.0189402623248283,1229.283926827567,1238.3522989908854,1,1.125908487099076,1.3082738123212667,3,1,1,0,0,12974028.714285715,1.0881433447465008,1
2025-01-17,1291.19921875,1314.6467509950228,1273.997794139219,1310.9288585996749,29366277.0,2.8346977701285025,0.02795263703034306,1245.8480050223213,1.0364018833315596,1.031906614785992,1235.7743007114955,1237.7012532552083,1,1.3593882532658816,1.4309070710820624,4,1,1,0,1,14405414.142857144,2.0385583301373624,1
2025-01-20,1294.272705078125,1304.7324245206253,1289.1172758229052,1304.7324245206253,14040244.0,0.23803347179069956,0.002377506208865318,1253.0288609095983,1.03291531859736,1.0121130551816957,1242.1478358677455,1237.4996622721353,1,1.247863059589691,1.4326594610695045,0,1,1,1,0,14583348.42857143,0.9627585920180451,0
2025-01-21,1262.7945556640625,1301.7581181984158,1259.324522599558,1299.2795231523412,14562976.0,-2.4321110451110406,-0.024621753313337536,1257.5328194754463,1.0041841740486828,1.0336955207631982,1245.8621913364955,1236.7907836914062,1,1.6094918334881518,1.6360704955461076,1,1,1,0,0,15503726.142857144,0.939321029397145,1
2025-01-22,1266.1654052734375,1271.9157939003728,1257.83730213362,1267.3552034506358,10273590.0,0.266935709712679,0.002665800690943687,1262.8086809430804,1.0026581416338145,1.0111926174735573,1248.362025669643,1236.5346638997396,1,1.5936280031131425,1.5879602965499806,2,1,1,0,0,15004973.142857144,0.6846789995682574,0
2025-01-23,1252.83056640625,1266.4132176584087,1250.7980702365203,1259.126173066555,8720682.0,-1.053167209564354,-0.010587522633339222,1266.3353620256696,0.9893355298885306,1.012484147356364,1249.2472272600446,1236.053816731771,1,1.6854632983930629,1.6137997528672035,3,1,1,0,0,14380032.57142857,0.6064438280429884,0
2025-01-24,1235.6292724609375,1262.100619607451,1232.8531975505623,1255.1605533566642,14235970.0,-1.3729944340881262,-0.013825071759743405,1265.499755859375,0.9763962946178895,1.0237233614796941,1251.2513602120537,1235.505224609375,1,1.7486766296557195,1.477856227321458,4,1,1,0,1,15045334.57142857,0.9462049469497625,0
2025-01-27,1218.82421875,1229.8291557820492,1209.5542981292017,1228.4907387555406,9536019.0,-1.3600401095603454,-0.013693733757798334,1260.2451346261162,0.9671326516262213,1.0167622550589142,1250.43696812221,1234.0676350911458,1,1.7194366279168711,1.4439044619972836,0,1,1,1,0,14390822.57142857,0.6626458600728452,1
2025-01-28,1223.8311767578125,1234.0925365684338,1208.0672872533737,1227.400329601704,10568025.0,0.4108023069107958,0.004099608180172925,1250.621128627232,0.9785786828191315,1.0215428805908902,1248.2345668247767,1232.9473103841146,1,1.0831370281210555,1.3292297681749623,1,1,1,0,0,11705358.0,0.9028365471607105,1
2025-01-29,1224.921630859375,1232.109556252925,1217.53546627882,1225.4173498520336,5928156.0,0.08910167695281856,0.0008906200497249043,1240.713832310268,0.9872716809955386,1.0119701564165913,1246.871346609933,1232.6234415690103,1,1.061570535399191,1.3158924535559053,2,1,1,0,0,10546488.285714285,0.5620976233415976,1
2025-01-30,1242.3214111328125,1246.237542749693,1221.8481926097395,1224.971246456504,9269259.0,1.420481101409754,0.014104868021738333,1237.789097377232,1.0036616203561528,1.0199610314010126,1247.6609584263392,1232.6168334960937,1,1.0602279598493851,1.3460190403067362,3,1,1,0,0,9790243.0,0.9467853862258577,1
2025-01-31,1254.2681884765625,1256.1519448799122,1238.306060895825,1245.09738698474,6584612.0,0.96164947627011,0.009570550590031075,1236.0894949776787,1.0147066159632818,1.0144115292233786,1249.4490879603795,1233.7619466145834,1,1.1435638428288728,1.3642967082506787,4,1,1,0,1,9263246.142857144,0.7108320235101786,0
2025-02-01,1253.7724609375,1259.6715896071485,1230.374548522757,1254.2681799336815,7118453.0,-0.03952324898430781,-0.0003953106147892814,1236.2240513392858,1.0141951692164561,1.023811481730963,1251.2797066824776,1235.7216878255208,1,1.0687926720993095,1.3636901425233219,5,2,1,0,0,9034356.285714285,0.7879314004093643,0
2025-02-03,1235.232666015625,1245.2461659154887,1226.9541826685895,1240.2889757645512,9252345.0,-1.4787208604033264,-0.0148976292674954,1236.1673932756696,0.9992438505778998,1.0149084485022208,1250.8335745675224,1236.501619466146,0,1.0921781356072702,1.4009581942897722,0,2,1,1,0,8322409.857142857,1.1117386861281542,1
2025-02-04,1274.196044921875,1277.7653184740125,1235.9265630557768,1237.3642207434832,16691069.0,3.1543352097326283,0.03105608085475968,1244.0776541573662,1.0242094138286797,1.0338521370677487,1252.1613943917412,1238.5654622395834,1,1.434168371386747,1.6169254715888262,1,2,1,0,0,9344559.857142856,1.7861803290008968,0
2025-02-05,1267.2559814453125,1279.4507170461238,1265.7688244708304,1271.667953084696,10112028.0,-0.5446621423933262,-0.005461508346629045,1250.2811976841517,1.0135767728032723,1.010809155914401,1250.451163155692,1240.6028645833333,1,1.5039901477746247,1.4203123774448578,2,2,1,0,0,9279417.42857143,1.0897265995239047,1
2025-02-06,1270.577392578125,1276.9721191435924,1259.473214579181,1262.7945076095025,9956001.0,0.26209472919784815,0.0026175185992667314,1256.8034493582588,1.0109595046281097,1.0138938282782441,1248.7586408342634,1242.6022623697916,1,1.4973480621729462,1.4207989933352667,3,2,1,0,0,9854823.857142856,1.0102667631937237,0
2025-02-07,1255.8544921875,1272.7089385364054,1251.1947819010977,1265.2236540965398,8764283.0,-1.158756678390982,-0.011655225812753585,1258.7367466517858,0.9977102007453484,1.0171948899935617,1248.2629220145088,1244.4529459635417,1,1.5588351746429685,1.2969361613387995,4,2,1,0,1,9782684.42857143,0.8958975487753573,0
2025-02-10,1242.916259765625,1255.656213725916,1234.8856362555491,1253.673337746878,6970972.0,-1.0302333990412138,-0.010355770362975752,1257.1150425502233,0.9887052637952736,1.016819838906984,1246.6022687639509,1245.715380859375,1,1.570973244430976,1.3200963925364415,0,2,1,1,0,9837878.714285715,0.7085848689999968,0
2025-02-11,1224.2772216796875,1253.7230036544372,1219.567891058193,1253.7230036544372,8859714.0,-1.499621389573924,-0.015109794056764578,1252.9014369419642,0.9771536575677161,1.0280059132801607,1244.562744140625,1246.1648356119792,1,1.6533781753187133,1.3493309405241394,1,2,1,0,0,10086630.285714285,0.8783621238252413,0
2025-02-12,1206.1339111328125,1216.39526992,1183.1324776076383,1209.0089844264594,21131654.0,-1.4819609664862288,-0.014930517181575044,1248.7444719587054,0.965877277711543,1.0281141739762067,1242.4559326171875,1245.3303751627604,1,1.6537544487572173,1.3571814187021574,2,2,1,0,0,11783674.42857143,1.7932992062953537,0
2025-02-13,1205.687744140625,1217.4858807075602,1201.622872489872,1206.629682868639,8511216.0,-0.03699149721845263,-0.0003699834076052276,1238.9575718470983,0.9731469192630439,1.0132013201320134,1241.517613002232,1244.1720418294271,0,0.6964140034941776,1.3128256673117165,3,2,1,0,0,10615124.0,0.8018009021844681,1
2025-02-14,1206.827880859375,1213.5200872227356,1195.1288642881832,1208.56289732395,10298145.0,0.09456318389988727,0.0009451850108791528,1230.324986049107,0.9809017085272832,1.0153884852789545,1240.3030918666295,1244.1472574869792,0,0.7709909193680278,1.3066331954884784,4,2,1,0,1,10641712.142857144,0.9677150501493549,1
2025-02-17,1214.412353515625,1216.99006794739,1194.1869953911455,1200.7304615718228,8166683.0,0.6284634931411404,0.006264968965901905,1222.3014090401787,0.9935457363738551,1.0190950601909505,1239.5524291992188,1243.6201456705728,0,0.8545405020290964,1.3202646389493007,0,2,1,1,0,10386095.285714285,0.7863092697823589,1
2025-02-18,1214.908203125,1219.3696743222742,1205.6877809072391,1214.362863790828,6673250.0,0.04083041546305566,0.0004082208211720389,1216.451939174107,0.9987309518778398,1.0113477913865396,1237.5943429129463,1242.2949259440104,0,0.8536041952802071,1.2514798810838312,1,2,1,0,0,10087376.285714285,0.6615446684040763,1
2025-02-19,1216.9405517578125,1222.1952216847485,1207.125412159616,1209.058667892558,6217338.0,0.16728413122777397,0.0016714436717198587,1212.7411237444196,1.0034627571632326,1.0124840462915712,1234.9280831473213,1241.3927205403645,0,0.8423695260055751,1.214566039992069,2,2,1,0,0,9979714.285714285,0.6229975951215323,1
2025-02-20,1222.4429931640625,1228.738599945727,1211.5371757068,1213.4704313005311,7795582.0,0.4521536732671194,0.004511345294552412,1212.4790910993304,1.0082177928987608,1.0141980160277722,1232.6902640206474,1241.0985921223958,0,0.6871378180741082,1.2268826997144686,3,2,1,0,0,9827695.42857143,0.7932258439080645,0
2025-02-21,1217.634521484375,1229.3830367840983,1211.6858938870323,1218.1797397323817,6904025.0,-0.3933493591583903,-0.003941250124364096,1214.122035435268,1.0028930255333417,1.014605388233327,1231.4332536969866,1240.7119303385416,0,0.33275693474789425,1.171096355556056,4,2,1,0,1,7795177.0,0.8856790551388378,0
2025-02-24,1204.1510009765625,1212.7764626626977,1200.135628901039,1206.1338768607443,7172498.0,-1.1073536656446947,-0.01113530468043122,1213.9025006975446,0.9919668179978387,1.010532837670384,1226.4300362723213,1239.9121704101562,0,0.5797972672136558,0.7332127516256827,0,2,1,1,0,7603931.571428572,0.9432617761777784,0
2025-02-25,1193.6912841796875,1210.5457292220915,1191.2126893205104,1200.6313497853837,11552182.0,-0.8686383010429899,-0.008724329540535244,1212.025844029018,0.9848727979360715,1.0162297128589262,1221.1754150390625,1238.3192626953125,0,0.6579934185915985,0.7431565113275799,1,2,1,0,0,7783079.714285715,1.4842687501704706,1
2025-02-27,1196.7647705078125,1204.597154814102,1190.370043898487,1202.416039651657,11509215.0,0.2574774875932162,0.002571465821930302,1209.5047607421875,0.9894667713200588,1.0119518388324196,1215.903084891183,1236.3578694661458,0,0.5964979062583566,0.7428297158667962,3,2,1,0,0,8260584.285714285,1.3932688780748648,0
2025-02-28,1189.82470703125,1206.9270123506617,1183.0830013175257,1191.7084634163882,23007298.0,-0.5799020532345489,-0.005815900140341695,1205.9214041573662,0.9866519517187244,1.0201541320487086,1211.1866716657366,1232.9787190755208,0,0.599581810806729,0.7143508686932802,4,2,1,0,1,10594019.714285715,2.1717250505939076,0
2025-03-03,1161.2216796875,1196.1202465389174,1146.1022512006402,1193.6912720117396,17944938.0,-2.4039698599903736,-0.024333368191269807,1197.9615652901787,0.9693313319331917,1.0436418262732483,1205.3513445172991,1228.5436848958334,0,0.9522933414487593,0.8842815989960429,0,3,1,1,0,12269391.142857144,1.4625777099336328,0
2025-03-04,1151.9517822265625,1163.948157257321,1149.6219272411693,1152.2491409974891,11377373.0,-0.7982883563999676,-0.008014917374346425,1187.891392299107,0.9697450370416565,1.012461688209559,1200.1852416992188,1224.84892578125,0,0.8156404635955008,0.8409267387847382,1,3,1,0,0,12781075.57142857,0.8901733611084754,1
2025-03-05,1165.5345458984375,1172.8712116641736,1147.0938223968292,1151.0595745918054,8664095.0,1.179108698944109,0.011722113773290308,1180.4485386439733,0.9873658255677388,1.0224719101123596,1197.2852870396205,1221.4945638020833,0,1.1196716745225486,0.8846352586604804,2,3,1,0,0,13032514.142857144,0.6648061076341601,1
2025-03-06,1199.243408203125,1203.5561393973803,1175.002796955133,1186.75131332057,14468014.0,2.892137553821139,0.028511045320586386,1179.7474539620537,1.0165255319480422,1.024300659127144,1196.8249773297991,1219.7083251953125,0,1.698694940371753,1.2195007888435938,3,3,1,0,0,14074730.714285715,1.0279425087199079,1
2025-03-07,1239.0992431640625,1244.0564330934674,1201.622838887705,1205.5885908312289,16474965.0,3.323414970498373,0.03269383405974958,1186.2343052455358,1.0445653423482677,1.0353135716403672,1199.1300746372767,1219.8239908854166,0,2.0607129490730496,1.51473667725864,4,3,1,0,1,14777985.42857143,1.1148315905189397,0
2025-03-10,1227.7967529296875,1247.2289120927182,1224.8224391488625,1234.3402190424754,11931051.0,-0.9121537517458145,-0.00916339346226657,1190.667445591518,1.0311836083833836,1.0182936499427837,1200.0861031668526,1220.1230753580728,0,2.1347440844297285,1.5369546063296935,0,3,1,1,0,14838247.714285715,0.8040741218057188,1
2025-03-11,1236.62060546875,1238.801720552263,1219.2208210077197,1229.3830600118497,10089838.0,0.7186737151737566,0.007161035622914925,1197.352573939732,1.0327957131288503,1.0160601748322828,1201.6369890485491,1220.5493896484375,0,2.0928534039817985,1.545964121363741,1,3,1,0,0,12992896.285714285,0.7765657308520039,1
2025-03-12,1246.287109375,1252.1861167007874,1233.3487958636415,1247.2289270068015,11977555.0,0.7816871127249048,0.00778647767519083,1209.5047781808037,1.0304110672878202,1.0152733118971062,1203.7331717354912,1221.261572265625,0,1.6341477107964852,1.555562034229865,2,3,1,0,0,12140413.0,0.9865854645966328,0
2025-03-13,1237.215576171875,1253.326444606414,1233.2002036288975,1249.2615727756531,9505270.0,-0.7278847012767597,-0.007305467073913314,1221.6853201729912,1.012712157330895,1.0163203354315802,1204.7883562360491,1221.091377766927,1,1.6212112750193932,1.5716555529536465,3,3,1,0,0,11872969.714285715,0.8005806658938187,0
2025-03-17,1228.2427978515625,1246.6340190017777,1222.5420300210542,1231.5145912773855,16640917.0,-0.7252396828106189,-0.007278823305703996,1230.6436418805804,0.9980491151562372,1.0197064709344255,1205.5460902622767,1220.2238647460938,1,1.7480935781325053,1.5820926570345384,0,3,1,1,0,13012515.714285715,1.2788393394008253,0
2025-03-18,1228.2427978515625,1228.2427978515625,1228.2427978515625,1228.2427978515625,0.0,0.0,0.0,1234.786411830357,0.9947006106350856,1.0,1207.2669328962054,1219.3728759765625,1,1.4830693533101749,1.5457786486808616,1,3,1,0,0,10945656.57142857,0.0,1
2025-03-19,1236.471923828125,1242.5196714129374,1228.1934407470596,1230.4241762433128,16162399.0,0.6699917956740187,0.006677573256008864,1234.4110804966517,1.001669495165779,1.0116644741704237,1210.3226928710938,1219.4141845703125,1,0.759254114952498,1.5221006240893642,2,3,1,0,0,10901004.285714285,1.4826522929800832,1
2025-03-20,1258.2835693359375,1262.10058145345,1239.347127629136,1241.1316434245866,15971477.0,1.7640227074694481,0.017486444145781068,1238.7663399832588,1.0157553759112816,1.0183592258513088,1214.7168927873884,1218.883768717448,1,0.9004133611333065,1.5740855210681022,3,3,1,0,0,11478208.0,1.3914608447590426,1
2025-03-21,1265.4217529296875,1270.0319634187874,1259.2252659887297,1264.0833359554676,21780769.0,0.5672953035154915,0.005656922435735583,1242.8807896205358,1.0181360622011333,1.0085820208043335,1220.1166817801338,1218.822627766927,1,0.8919865720309552,1.5505094239694583,4,3,1,0,1,13148341.0,1.6565412320839565,1
2025-03-24,1290.9512939453125,1294.8179260458828,1273.254151243817,1279.9463572168718,20299319.0,2.0174729062875096,0.019973915628314444,1249.2613874162946,1.0333716441962881,1.0169359548374537,1229.3830827985491,1219.5017578125,1,1.094851630381975,1.3629804438595643,0,3,1,1,0,14337164.42857143,1.415853120826811,0
2025-03-25,1274.4439697265625,1296.50346593687,1271.6183955406093,1296.50346593687,13713899.0,-1.2786945794292182,-0.012869402452369382,1254.5797293526787,1.0158333822148817,1.0195696055385242,1238.132524762835,1220.121407063802,1,1.2121087277206817,1.410657172115991,1,3,1,0,0,14938397.142857144,0.918030152020517,0
2025-03-26,1262.150146484375,1282.722484204843,1257.8869148358597,1279.9464094999762,12074747.0,-0.9646421132837424,-0.009693249245642322,1259.4236363002233,1.0021648872591922,1.0197438808497536,1245.0336390904017,1220.7625366210937,1,1.2528525649794855,1.4735229871100841,2,3,1,0,0,14286087.142857144,0.8452102300129967,1
2025-03-27,1267.2559814453125,1273.9978081396894,1260.4151561828105,1267.2064821612498,15028056.0,0.4045346724523613,0.004037186309864146,1264.9969482421875,1.0017858013066863,1.0107763318222975,1249.8916800362724,1222.1951619466147,1,1.240787217436561,1.3147525951196188,3,3,1,0,0,16432952.285714285,0.9145073714517136,0
2025-03-28,1264.1824951171875,1284.655712816062,1258.1347478785124,1269.0405652360091,18147129.0,-0.2425308203808707,-0.002428254027734958,1268.955601283482,0.9962385554219022,1.0210795902285266,1251.683340890067,1224.1301147460938,1,1.2621000924441015,1.0171330726203502,4,3,1,0,1,16716485.142857144,1.0855828151023819,0
2025-04-01,1241.8751220703125,1266.9585500115554,1238.603449529153,1253.7723771839194,12099648.0,-1.7645690501992828,-0.017803231732313754,1266.611537388393,0.9804704010757047,1.0228927995422437,1252.6889386858259,1225.3363606770833,1,1.2952850553302198,1.1070207536576815,1,4,2,0,0,16163366.714285715,0.748584636720884,0
2025-04-02,1240.437744140625,1244.8000957785905,1233.2498182568115,1236.8685913550723,10142590.0,-0.11574254964470398,-0.0011580958306281208,1263.0423932756696,0.9821030162919393,1.0093657240818452,1252.9615914481026,1226.456689453125,1,1.2546838301560368,1.0927751334807847,2,4,2,0,0,14500769.714285715,0.6994518359951494,0
2025-04-03,1238.0086669921875,1241.08222182284,1222.4927580494818,1222.4927580494818,7434366.0,-0.19582418867142293,-0.001960161749137113,1255.4791608537946,0.986084600679691,1.015206195415847,1252.3702741350446,1227.243233235677,1,0.7620466243442187,1.0719130547109823,3,4,2,0,0,12662919.285714285,0.5870973218937836,0
2025-04-04,1194.38525390625,1234.7863505024063,1182.9342181609516,1230.473619610667,17908652.0,-3.523675903814394,-0.035872553898959436,1244.042201450893,0.9600841936979876,1.0438334875645636,1249.3109654017858,1226.5591349283854,1,1.3465284884681212,1.4149954732051746,4,4,2,0,1,13262169.714285715,1.3503561171223135,0
2025-04-07,1155.7191162109375,1161.2216449878497,1105.304523000697,1122.5059464290011,22156106.0,-3.2373254415905106,-0.03290885947067345,1228.8377685546875,0.9404977172619382,1.0505897884461273,1244.1307024274554,1224.5184204101563,1,1.609003358758758,1.624727196765249,0,4,2,1,0,14702363.857142856,1.5069757635766774,1
2025-04-08,1172.0780029296875,1186.3547349162204,1153.3399207865864,1161.9653833278503,19555040.0,1.4154725390701506,0.014055482671155972,1215.2409144810267,0.964482012548292,1.028625397885402,1240.118931361607,1222.8395874023438,0,1.8135134375635136,1.6954697291726402,1,4,2,0,0,15349075.857142856,1.274020676033069,1
2025-04-09,1175.2010498046875,1179.613021672609,1157.9996241138483,1159.4867811653644,10223104.0,0.26645384242292014,0.0026609948350128023,1202.5292794363838,0.9772743748538872,1.0186644253665456,1235.742440359933,1221.425138346354,0,1.8629149401365932,1.6807049478178862,2,4,2,0,0,14217072.285714285,0.7190723796398266,1
2025-04-11,1208.5133056640625,1212.1816988912135,1184.917153801556,1184.917153801556,11224242.0,2.834600587270697,0.027951691990333864,1197.7633056640625,1.0089750620587261,1.0230096635888721,1232.1874215262276,1221.5705485026042,0,2.313889107835298,1.8040733279359986,4,4,2,0,1,14092014.285714285,0.7964966379134687,1
2025-04-15,1229.4822998046875,1240.288998738938,1226.5079856590305,1240.288998738938,13378535.0,1.735106601006997,0.01720225514944161,1196.1982421875,1.0278248675205546,1.011235975012835,1229.620317731585,1222.763582356771,0,2.4489449539270516,1.8716308250790565,1,4,2,0,0,14554292.142857144,0.9192157796946399,0
2025-04-16,1228.689208984375,1230.2754856402491,1218.477348782242,1223.5336585713449,8248464.0,-0.06450607873236258,-0.0006452689285472714,1194.8668910435267,1.0283063479240855,1.009682688701434,1225.1730259486608,1223.8277303059897,0,2.448598142302128,1.762327657856131,2,4,2,0,0,14670591.857142856,0.5622448010496568,1
2025-04-17,1263.5877685546875,1269.238916912585,1217.0893007676923,1229.5813957339365,15398401.0,2.8403081361119353,0.028007192672241346,1204.752964564732,1.0488355751929708,1.0428478141349191,1224.3975830078125,1226.2864990234375,0,2.1167019747417717,1.929126211750021,3,4,2,0,0,14311984.57142857,1.0759095583948766,1
2025-04-21,1284.4078369140625,1289.7616259352503,1256.151855939882,1259.126169726638,10429964.0,1.6476946736505127,0.0163426747700695,1223.1370675223213,1.0500931343008482,1.0267561360805544,1225.9874180385045,1230.392704264323,0,1.1274419589778137,1.9593031725314596,0,4,2,1,0,12636821.42857143,0.8253629331517023,0
2025-04-22,1280.144775390625,1292.7361113748846,1275.2868257139828,1288.8694787336528,13051707.0,-0.3319087131763432,-0.0033246075199417024,1238.5751778738838,1.0335624338831808,1.013682636179616,1226.9080461774554,1234.6658040364584,1,1.3308355380892494,1.9616218555695732,1,4,2,0,0,11707773.857142856,1.1147898105357763,1
2025-04-23,1288.869384765625,1294.8180126953123,1274.3944143417475,1285.8950708007812,10480888.0,0.6815330221019433,0.006792210842697208,1254.813511439732,1.0271401869803094,1.0160261204252956,1228.671395438058,1238.7769653320313,1,1.286910907105495,1.9651063190155453,2,4,2,0,0,11744600.142857144,0.8924005817579315,1
2025-04-24,1290.4556884765625,1293.3308829080645,1279.2525115884996,1281.3345072026398,10468940.0,0.12307715038371025,0.001230014725473625,1266.519566127232,1.0188991334911015,1.0110051543319492,1232.1414358956474,1241.8173746744792,1,1.1622373253097928,1.886355155623835,3,4,2,0,0,11636699.857142856,0.8996485368292746,0
2025-04-25,1289.2659912109375,1313.85358083958,1277.071255478384,1292.3394247863746,14431012.0,-0.09219202768825374,-0.0009223455067531163,1275.060093470982,1.0111413554644972,1.028802093229651,1235.6291678292412,1243.489599609375,1,1.1610183790344106,1.8859749123798726,4,4,2,0,1,11787053.714285715,1.224310362012676,1
2025-04-28,1357.0804443359375,1362.8307123815491,1308.8964585313056,1328.526980231352,31104496.0,5.259927244439733,0.05126260273874416,1293.4016985212054,1.0492335412018852,1.0412058979140049,1244.1342947823662,1247.7990559895834,1,2.016281220241784,2.296276761668759,0,4,2,1,0,15052201.142857144,2.0664416921348607,1
2025-04-29,1387.7156982421875,1398.8198762816546,1358.2700385179512,1359.2614765022709,32538970.0,2.2574383142954124,0.022323352639009735,1311.1342599051338,1.0584085403600045,1.0298540324190237,1257.943612234933,1252.8355590820313,1,1.9604087677079596,1.9796885896057126,1,4,2,0,0,17500853.85714286,1.8592789966484655,1
2025-04-30,1392.9703369140625,1400.3070020394923,1357.2785702742715,1389.9960230274132,25480745.0,0.37865383223170124,0.003779387431813223,1326.6431884765625,1.0499962228077815,1.0317019900760136,1274.890127999442,1257.725,1,1.9882442859285214,1.5629457760734469,2,4,2,0,0,19650965.42857143,1.2966663186406298,1
2025-05-02,1407.6436767578125,1414.4845019236116,1397.0352178747166,1401.8932881277126,13007841.0,1.0533849468939094,0.010478755043143157,1344.8573172433037,1.0466862608467704,1.0124902248888472,1291.7162475585938,1263.405936686198,1,1.8783044223961503,1.5648395019128576,4,5,2,0,1,19644698.85714286,0.6621552763212921,1
2025-05-05,1419.0452880859375,1427.1750314493302,1414.6829365878357,1418.747808269532,12685649.0,0.8099785134819015,0.00806715793897903,1363.4538748604912,1.0407724927483406,1.008830314226893,1309.1336931501116,1269.7660196940103,1,1.8709538396333858,1.5430725563315792,0,5,2,1,0,19959664.714285713,0.6355642332468897,0
2025-05-06,1408.7342529296875,1419.7391903256466,1398.5223933042987,1418.7477523435757,14084117.0,-0.7266177649733696,-0.007292704897796054,1380.3508126395088,1.0205624831240574,1.0151708668541366,1323.4351893833705,1275.782401529948,1,1.9912005559430703,1.5756551773408438,1,5,2,0,0,20476118.57142857,0.6878313851753294,0
2025-05-07,1393.9617919921875,1412.20427492599,1390.6899982666434,1408.7342420156256,13440169.0,-1.04863361608325,-0.0105417052029552,1395.3073556082588,0.9990356507398438,1.0154702174360655,1335.1837245396205,1281.0320638020833,1,2.1288850669393597,1.6641713817176118,2,5,2,0,0,20334569.57142857,0.6609517330961524,1
2025-05-08,1394.9532470703125,1408.635139694706,1386.030305191398,1392.0780527042998,16106175.0,0.07112498232164643,0.0007109970049318225,1400.7177559988838,0.9958846035156736,1.0163090478026644,1347.0597272600446,1285.5877197265625,1,1.119634584978109,1.658425238808454,3,5,2,0,0,18191952.285714287,0.8853461545547149,0
2025-05-09,1365.4083251953125,1382.8577303043132,1362.731491083779,1373.637308764333,13668904.0,-2.1179865301615197,-0.021407376825865833,1397.5309884207588,0.9770147041521092,1.0147690424358857,1354.3326241629463,1288.92060546875,1,1.1307021092983907,1.7446974158741753,4,5,2,0,1,15496228.57142857,0.8820793999645997,1
2025-05-12,1424.2005615234375,1426.6791563050656,1388.013077711669,1388.013077711669,10674081.0,4.305835495745569,0.04215712359779322,1401.9924490792412,1.0158403937615936,1.027857142857143,1364.3178187779017,1293.3622477213542,1,2.0671019422286725,1.9974495515384503,0,5,2,1,0,13380990.857142856,0.7977048272402121,0
2025-05-13,1403.57861328125,1435.304626683893,1400.3069407641844,1421.226256646525,11407896.0,-1.4479665855579138,-0.014585519274554228,1401.4117257254463,1.0015462176575425,1.0249928675641709,1373.134521484375,1297.6667358398438,1,2.1372889210214945,2.065443336300884,1,5,2,0,0,13152427.285714285,0.8673605070898863,1
2025-05-14,1412.204345703125,1417.6572548355591,1403.3805230837922,1407.8419941921477,5570160.0,0.6145528537022882,0.006126721788797062,1400.4344482421875,1.0084044615409962,1.010173100963661,1381.9441615513392,1302.6685424804687,1,2.1258552855808728,2.065514868661269,2,5,2,0,0,12135928.857142856,0.4589809371469383,1
2025-05-15,1441.7491455078125,1448.8875719918406,1400.6044669576877,1412.7992032271827,20177211.0,2.0921051471469054,0.02070521148319028,1405.1508614676338,1.0260458040796794,1.0344730480112139,1392.7508370535713,1308.484981282552,1,2.2402042282259695,2.0919600102179263,3,5,2,0,0,13006370.857142856,1.5513328984402326,1
2025-05-16,1443.9302978515625,1448.4908883531898,1434.9082364412498,1440.757623701411,9036695.0,0.15128514905287105,0.001511708283568839,1412.2892194475446,1.0224041067285037,1.0094658679677153,1403.7982875279017,1314.4765747070312,1,2.1595597676957734,2.0848382395067624,4,5,2,0,1,12377303.142857144,0.7301020986316404,0
2025-05-19,1428.4638671875,1442.1456384779733,1425.886031660542,1439.667043567546,6195791.0,-1.0711341598050206,-0.010769120984368483,1417.076450892857,1.008035851761892,1.011403160179987,1408.8971034458705,1320.696199544271,1,2.2411107383676723,1.702082624946797,0,5,2,1,0,10961534.0,0.5652302861989936,0
2025-05-20,1412.4024658203125,1432.6278240113834,1409.6265122020177,1425.88599760598,11270560.0,-1.1243827538186757,-0.011307517227659583,1423.7898995535713,0.9920020266074163,1.0163173093087152,1410.660443987165,1326.4283569335937,1,2.083886748339031,1.654471082253367,1,5,2,0,0,10618913.42857143,1.061366596103443,1
2025-05-21,1416.9630126953125,1423.9030780659657,1405.9580760983038,1411.708464386899,6136364.0,0.3228928712150969,0.0032237269163143682,1422.7559640066963,0.9959283591438478,1.0127635398755712,1412.3742065429688,1332.3935017903646,1,1.2489542846318713,1.653915718188762,2,5,2,0,0,9970668.142857144,0.6154416045223621,0
2025-05-22,1397.332763671875,1411.6094953044076,1384.9397884743898,1409.031659643212,12134466.0,-1.3853748367148477,-0.01395060715100143,1421.8636997767858,0.9827473363946475,1.0192569431912966,1411.6377127511162,1339.1584187825522,1,1.2375844112996772,1.6779573168799553,3,5,2,0,0,10074463.857142856,1.2044775952416158,1
2025-05-23,1414.5838623046875,1421.5239286750705,1394.5567410207764,1394.5567410207764,6474883.0,1.2345734016484755,0.012270146925169765,1422.2036307198662,0.9946422802961614,1.0193374617619035,1411.3190394810267,1347.7872436523437,1,1.3135282488063782,1.6982090582643465,4,5,2,0,1,10203710.0,0.6345616447351012,1
2025-05-26,1422.5152587890625,1428.6621258406371,1412.898237790455,1419.7391840414937,4842944.0,0.5606876125006099,0.005591216103663253,1419.4559326171875,1.0021552808379435,1.0111571291042407,1412.3033970424108,1356.1351521809895,1,1.004225764283692,1.6912163998749903,0,5,2,1,0,8013100.428571428,0.6043782981593553,0
2025-05-27,1409.9239501953125,1424.696400543767,1401.794207036506,1413.8897021801247,12640414.0,-0.8851440092437768,-0.008890846798027239,1414.5978829520088,0.996695928353192,1.0163377715447104,1413.4435511997767,1363.959248860677,1,1.0222200649939062,1.6833499128504914,1,5,2,0,0,8527917.42857143,1.482239257811093,0
2025-05-28,1400.8028564453125,1410.4197571984832,1398.621620102477,1407.9411620533203,5944611.0,-0.6469209739104365,-0.006490225763507464,1410.6463099888392,0.9930220258091452,1.0084355460593708,1413.8613804408483,1370.3689005533854,1,0.9831620361743879,1.6950108412469587,2,5,2,0,0,8492034.57142857,0.7000219970842593,1
2025-05-29,1405.660888671875,1407.842003929875,1396.5395861721686,1400.0096192804465,13771917.0,0.3468034209246351,0.0034620344461955745,1409.6832275390625,0.9971466363587163,1.0080931595993536,1416.736563546317,1376.2415201822917,1,0.9269192675693361,1.5771916205601928,3,5,2,0,0,8849371.285714285,1.556259372033839,1
2025-05-30,1408.7342529296875,1418.3511529457182,1397.630074915406,1405.8590585766528,13788484.0,0.21864194149390226,0.0021840326783150767,1408.5076904296875,1.00016085286686,1.0148258673036685,1415.631827218192,1382.2430216471355,1,0.9204700086308133,1.0540596738730599,4,5,2,0,1,9942531.285714285,1.3868182662710542,0
2025-06-02,1401.5958251953125,1405.3633379328091,1383.650821945961,1400.0095486308933,8098668.0,-0.5067263552035794,-0.005080145668467682,1409.11669921875,0.994662703218543,1.0156921931765355,1415.490199497768,1386.8432902018228,1,0.7583505205720711,0.9875180886063755,0,6,2,1,0,9365988.714285715,0.8646890624208524,0
2025-06-03,1393.466064453125,1414.286261787537,1391.3840689247124,1410.1222707307113,11252626.0,-0.5800360272230853,-0.005817247695630534,1406.0998709542412,0.9910150005969759,1.016460007969276,1414.1517508370537,1390.478564453125,1,0.5714517105754964,0.9814038416500153,1,6,2,0,0,10048523.42857143,1.1198288066886415,1
2025-06-04,1411.3118896484375,1413.493004678654,1394.0608455067168,1402.5871874772963,8126827.0,1.2806788518611167,0.01272547510905874,1404.4993896484375,1.004850482705945,1.0139392475117355,1411.9776611328125,1394.8508015950522,1,0.7657370688126107,0.8588752970369891,2,6,2,0,0,10517649.57142857,0.7726847091461105,1
2025-06-05,1430.0501708984375,1442.244785474372,1411.4110884077943,1415.7734397380668,13716817.0,1.3277207814544667,0.013189838190982328,1407.3745640345983,1.0161119913939853,1.0218460073892157,1410.9862234933037,1399.5568277994792,1,0.8452300245740108,0.9438478549554045,3,6,2,0,0,10671421.42857143,1.285378624751422,1
2025-06-06,1431.140625,1439.0721282906131,1424.6962785763767,1428.6620302216834,8182161.0,0.07625285628107825,0.0007622379856124577,1411.708530970982,1.013764947652227,1.0100904662491303,1411.1774204799108,1404.2463256835938,1,0.7639274900362488,0.8984718349038896,4,6,2,0,1,10991071.42857143,0.7444370690495532,1
2025-06-09,1436.3953857421875,1445.0208477095389,1432.9253528317358,1444.5251287223314,7885125.0,0.36717291441485944,0.0036650048016442895,1416.0991734095983,1.0143324794715622,1.0084411200164056,1412.8912004743304,1409.1506388346354,1,0.7641340440219248,0.8391787532448411,0,6,2,1,0,10150101.142857144,0.7768518647273718,0
2025-06-10,1426.1834716796875,1441.4516401070769,1423.704876838395,1437.5850079496329,7913181.0,-0.7109403277025583,-0.007134795505135529,1418.5919189453125,1.0053514704496689,1.0124651980599322,1413.5498046875,1411.4540730794272,1,0.8580570765103435,0.865376328446252,1,6,2,0,0,9310772.142857144,0.8498952480617497,1
2025-06-11,1436.4945068359375,1456.0257865422643,1430.7441181682643,1433.4210733170682,8195700.0,0.7229809741173154,0.007203799955355094,1423.5774448939733,1.0090736629667003,1.0176702934179225,1416.3470720563616,1413.0800333658854,1,0.8192319738250645,0.7751559420474029,2,6,2,0,0,9324633.857142856,0.8789299532358507,0
2025-06-12,1429.2569580078125,1444.5251270006308,1422.1186530105915,1441.055094094315,8828114.0,-0.5038340761961302,-0.00505107599508277,1428.6904296875,1.0003965367923942,1.015755699387393,1417.3951503208705,1414.2895874023438,1,0.8051237688151935,0.7349449542132479,3,6,2,0,0,8978275.0,0.983275072327368,0
2025-06-13,1415.67431640625,1423.2092208521976,1402.1907840779525,1411.8076840776937,9757276.0,-0.9503288772156671,-0.009548733164194292,1429.3136335100446,0.990457435804135,1.0149897125362055,1416.9065115792412,1414.557275390625,1,0.8239254649991595,0.7685119895539017,4,6,2,0,1,9211196.285714285,1.059284342375011,1
2025-06-16,1425.489501953125,1430.050092219024,1412.204209506703,1414.6828043278583,8458093.0,0.6933222869926148,0.006909298598127693,1428.662109375,0.997779315766089,1.012636899530667,1418.0183367047991,1414.7720825195313,1,0.682289737041169,0.7492167127126889,0,6,2,1,0,8459950.0,0.9997804951565907,0
2025-06-17,1418.9459228515625,1435.602128554236,1413.5922548276174,1435.602128554236,10366599.0,-0.4590408482557651,-0.0046009767617906676,1426.9200090680804,0.994411679585511,1.015570171420685,1419.3142700195312,1415.1124715169271,1,0.6964650338343731,0.73675309301606,1,6,2,0,0,8772012.57142857,1.1817811380896985,0
2025-06-18,1417.85546875,1430.4468040463896,1413.4931173168031,1417.7563491543892,6681735.0,-0.07684958841638334,-0.0007687913285006906,1424.271449497768,0.9954952542578661,1.0119941770652334,1420.185311453683,1415.9089274088542,1,0.6641606093610998,0.7342882461598784,2,6,2,0,0,8600099.714285715,0.7769369218941614,1
2025-06-19,1421.028076171875,1427.5715425014369,1413.4930508573852,1417.8554020854735,10007230.0,0.22376098916994103,0.002235110170924487,1423.5349644252233,0.9982389696663612,1.0099600713533838,1421.063441685268,1416.7780883789062,1,0.6337146386803948,0.7343723294380802,3,6,2,0,0,8899249.57142857,1.1245026807798097,1
2025-06-20,1453.6463623046875,1458.4053131642288,1415.8725983169522,1418.7477927518771,29010635.0,2.29540053991637,0.02269452544960905,1425.9852294921875,1.0193979097682173,1.030039930780379,1424.7813371930804,1419.719356282552,1,1.0770136126526226,0.9240482904495284,4,6,2,0,1,11872811.714285715,2.4434511131928045,0
2025-06-23,1444.326904296875,1451.266970188698,1429.6535737155343,1440.5593915455418,5989078.0,-0.6411090241396078,-0.006431729541337971,1428.1380789620537,1.011335616333812,1.0151179256783114,1428.4142543247767,1420.390234375,1,1.0925639055469822,0.9284767006594009,0,6,2,1,0,11467235.142857144,0.5222774213128919,0
2025-06-24,1438.378173828125,1462.3709229333156,1430.7440292763747,1452.4565437947847,16402744.0,-0.4118687016805178,-0.0041271921695843535,1431.3814871651787,1.0048880656384644,1.0221052075072694,1430.3475603376116,1421.5502197265625,1,1.0181944555650453,0.8949925074800156,1,6,2,0,0,12416587.714285715,1.321034762322669,1
2025-06-25,1454.737060546875,1459.7933702625824,1447.9952335758323,1451.4652666586912,7525851.0,1.1373147212886403,0.01130895919549149,1435.5597098214287,1.0133587969864604,1.0081479112728944,1432.1109095982142,1422.9679768880208,1,1.0645017315207776,0.87680876094131,2,6,2,0,0,12283410.285714285,0.6126841670958945,1
2025-06-26,1482.4971923828125,1485.9672251547677,1452.55569413543,1456.5214458748071,14657893.0,1.908257690602988,0.01890278815649555,1444.638462611607,1.0262063697949484,1.0230018932521718,1435.7792358398438,1424.3262451171875,1,1.1569108511983448,0.9972660789840413,3,6,2,0,0,12896452.285714285,1.1365833544964072,1
2025-06-27,1502.425048828125,1508.9685148979506,1484.0834473001275,1486.562042101208,11117052.0,1.3442087140335568,0.01335254382719458,1456.7198311941963,1.0313754344900077,1.016767970590262,1440.495640345982,1426.2760701497396,1,1.1359661728863202,1.0389062032911711,4,6,2,0,1,13530069.0,0.8216552332438216,0
2025-06-30,1487.7518310546875,1511.7447031481738,1483.191240482831,1500.838885203447,8409527.0,-0.9766355922302017,-0.009814359579205782,1466.2517961774554,1.0146632624309706,1.0192513695375167,1444.8933803013392,1428.252335611979,1,1.3196486675183408,1.0614970277720106,0,6,2,1,0,13301825.714285715,0.6322084787931367,1
2025-07-01,1515.3138427734375,1518.2881567329412,1487.256099345396,1487.751818338647,10368523.0,1.8525947099128137,0.018356432157106604,1475.0614362444196,1.0272886305207074,1.0208653085377855,1450.5233328683037,1431.68271484375,1,1.2364648406628014,1.1358338913682353,1,7,3,0,0,10638666.857142856,0.9746073581614711,0
2025-07-02,1505.796142578125,1516.9002002088089,1495.7825215605471,1515.3139235508756,6361002.0,-0.6281009205256427,-0.006300817732162143,1483.8427559988838,1.0147949548498234,1.0141181477546815,1455.9904174804688,1434.643819173177,1,1.2342933516938908,1.1437989636448682,2,7,3,0,0,10691798.857142856,0.5949421687586662,0
2025-07-03,1504.8045654296875,1518.783816287235,1500.0456148706696,1507.7788792727886,11283291.0,-0.06585068990413445,-0.0006587238099394964,1493.332240513393,1.007682366056967,1.0124917544045358,1462.3568638392858,1438.226212565104,1,1.193084764454695,1.0877593289308427,3,7,3,0,0,9960448.42857143,1.1328095397426097,1
2025-07-04,1514.223388671875,1516.900223008299,1504.2097675037892,1510.9515946827762,6603501.0,0.6259167109516239,0.006239659880086535,1501.830287388393,1.0082519985031286,1.0084366261798507,1468.6949986049108,1441.5475301106771,1,1.1739984656660851,1.0867125398852646,4,7,3,0,1,9828684.142857144,0.6718601293947369,1
2025-07-07,1528.3016357421875,1531.5734294639212,1511.942909183805,1513.5291857359532,7251074.0,0.9297338276263556,0.009254384061402419,1508.373779296875,1.013211484261283,1.0129836385758197,1476.5061209542412,1445.0737426757812,1,1.040112322347183,1.0616541395330332,0,7,3,1,0,8770567.142857144,0.8267508682041574,0
2025-07-08,1524.43505859375,1531.6726044702705,1517.0983931213486,1522.8487819842126,7171261.0,-0.2529982994201152,-0.0025331888094234866,1511.51806640625,1.008545708102723,1.0096066355451976,1484.1189488002233,1448.890779622396,1,0.982349936212962,1.070494582786389,1,7,3,0,0,8206882.714285715,0.873810586755065,0
2025-07-09,1505.9942626953125,1537.7202774459709,1497.170440637757,1523.5426661942138,8870660.0,-1.2096806482165712,-0.012170568304243873,1514.1241280691963,0.994630648027351,1.0270843156581027,1490.1879621233259,1452.3971598307292,1,1.0320428798469583,1.1657663844098964,2,7,3,0,0,8272758.857142857,1.072273488588502,0
2025-07-10,1504.209716796875,1511.645501953118,1494.5928164048603,1506.688311848956,10047129.0,-0.118496195014961,-0.0011856645726700738,1512.5378243582588,0.9944939508769526,1.011409586183665,1493.7996303013392,1455.6821207682292,1,0.7213934577755966,1.0389774666091254,3,7,3,0,0,8226845.428571428,1.221261428482273,0
2025-07-11,1482.3980712890625,1502.0285923917668,1477.540121836759,1499.0542783474266,7234991.0,-1.4500401948113417,-0.014606560251559405,1509.1952427455358,0.9822440657792403,1.0165738108854638,1496.51899937221,1458.1375813802083,1,0.8722655612757143,1.1122295393506079,4,7,3,0,1,8351701.0,0.8662895139564982,0
2025-07-14,1470.9964599609375,1487.156947197204,1466.4358695278945,1479.4236826617216,10311846.0,-0.7691329035668826,-0.0077210598512722035,1504.365513392857,0.9778185200771713,1.0141302310587783,1498.848876953125,1460.4509358723958,1,0.8918076946491169,1.1310827070016003,0,7,3,1,0,8212923.142857143,1.2555634358965493,1
2025-07-15,1472.6820068359375,1483.6869442622558,1469.7076928815193,1473.4750846086956,8132454.0,0.11458537942672375,0.0011451978048724564,1498.4310302734375,0.9828160102685533,1.0095115861803299,1500.130658830915,1463.0914672851563,1,0.8193487367018201,1.0960227195307781,1,7,3,0,0,8431345.0,0.9645500213785583,1
2025-07-16,1472.8802490234375,1478.234038357326,1458.9009976142222,1460.388154594461,10409983.0,0.013461303022643811,0.00013460397070549533,1490.5136893136162,0.9881695549550444,1.0132517838939856,1499.4437343052455,1465.1437459309896,1,0.6221370544945969,0.9636394922275707,2,7,3,0,0,8882617.714285715,1.1719499065301278,0
2025-07-17,1463.759033203125,1476.845965908467,1461.2804382949057,1474.664850799291,11854613.0,-0.6192774888766461,-0.006212029653955375,1481.8456856863838,0.9877945101450417,1.0106519783647578,1496.681876046317,1466.2673746744792,1,0.6107846080469275,0.8861076797683716,3,7,3,0,0,9551668.0,1.2411039621561386,0
2025-07-18,1463.3624267578125,1472.0871292027396,1456.521480639079,1472.0871292027396,10296318.0,-0.027095063894810867,-0.00027098735270437546,1475.7554234095983,0.9916022692817534,1.0106868650895768,1494.9397757393974,1467.341434733073,1,0.5687015988386876,0.8564856507219071,4,7,3,0,1,9755333.42857143,1.0554552620256048,0
2025-07-21,1416.3682861328125,1463.362470991638,1410.9153771961903,1452.456653118394,22442744.0,-3.211380842210021,-0.032640769301522495,1463.2066476004463,0.9679892368282734,1.0371723879710433,1487.8722359793526,1466.6738647460938,0,1.1796258455118673,1.0162104164332602,0,7,3,1,0,11526135.57142857,1.9471178228748185,0
2025-07-22,1400.70361328125,1419.640054314783,1398.6214967228643,1415.178583447059,20396320.0,-1.1059745551301958,-0.011121359246170002,1451.5360107421875,0.9649802711853175,1.015028052722747,1480.3656267438616,1465.8245361328125,0,1.1574077238505698,1.0296381422836467,1,7,3,0,0,13406325.42857143,1.5213952629056402,1
2025-07-23,1412.4024658203125,1413.7905031420296,1402.2898472373463,1413.7905031420296,8354596.0,0.8352125623248163,0.008317439622762423,1443.1654401506696,0.978683681389193,1.008201340063426,1473.7654767717634,1465.0214680989584,0,1.3130769487992588,1.0861770416618377,2,7,3,0,0,13126718.285714285,0.6364573245311623,0
2025-07-24,1390.8883056640625,1410.8161839876018,1384.0473596954969,1407.0486714179167,14740507.0,-1.5232315630201554,-0.015349519059519525,1431.4806256975446,0.9716431229981182,1.0193409742120345,1464.9558279854912,1463.7425130208333,0,1.3163658667841611,1.0748271641883784,3,7,3,0,0,14070725.857142856,1.0476010370507742,0
2025-07-25,1379.7841796875,1389.0046012536309,1372.2492752918663,1386.9226057137396,11854722.0,-0.7983477847461673,-0.008015516440259864,1418.181187220982,0.9729251749498077,1.0122101182805878,1454.3474382672991,1462.5461751302084,0,1.2670286838501157,0.9808022500026428,4,7,3,0,1,14277117.142857144,0.8303302327340593,0
2025-07-28,1375.7193603515625,1395.746480796028,1373.1416457270684,1380.379191620021,7748361.0,-0.2945981984557977,-0.0029503299308987294,1405.6040910993304,0.9787388703995626,1.0164621291177798,1443.724888392857,1460.8871704101562,0,1.2857384662744777,0.9793306283850318,0,7,3,1,0,13690509.714285715,0.5659658523827475,1
2025-07-29,1404.966796875,1408.0402305383973,1371.1587845273314,1371.1587845273314,10750072.0,2.125974044296597,0.021036904912041545,1397.2618582589287,1.0055143125610486,1.0268980124163956,1436.5086408342634,1460.4211995442708,0,1.7099539284397527,1.2270414955732045,1,7,3,0,0,13755331.714285715,0.7815203750292277,0
2025-07-30,1398.0267333984375,1411.1137879299629,1389.3021514025702,1405.9582375902166,7209849.0,-0.49396636931199334,-0.004951904157642629,1394.641636439732,1.002427216333041,1.0156997068674893,1428.9241420200892,1459.7602416992188,0,1.2585660285905942,1.2224448938355044,2,7,3,0,0,11579203.857142856,0.6226549846561743,0
2025-07-31,1378.2969970703125,1390.5908519212596,1370.365493427784,1376.215001569177,17065827.0,-1.411256012262685,-0.014213089235438955,1391.4406912667412,0.990553895484785,1.0147590979125465,1421.4883510044642,1458.3358723958333,0,1.3006166112218307,1.220203724568211,3,7,3,0,0,11103419.142857144,1.536988451974137,1
2025-08-01,1381.76708984375,1393.8627060383,1372.4476694796913,1375.025384070285,10321171.0,0.2517666933043783,0.002514502919160294,1387.064208984375,0.9961810570078052,1.0156035359561122,1415.1148245675224,1455.9398966471354,0,1.2387300130839307,1.2340678814421207,4,8,3,0,1,11384358.42857143,0.9066098071979939,1
2025-08-04,1399.4146728515625,1403.975263237478,1379.7841529413568,1383.155066191865,6312820.0,1.2771749405182442,0.012690878461457866,1388.282261439732,1.0080188386188018,1.0175325323490285,1409.8814435686384,1454.442822265625,0,1.2323760792730303,1.310899597260044,0,8,3,1,0,10180403.142857144,0.6200952861507505,0
2025-08-05,1379.7841796875,1398.918980991344,1376.2150271869518,1398.918980991344,9315972.0,-1.4027645661354837,-0.014126962968679444,1388.282261439732,0.9938787075306869,1.0164973883847206,1403.231724330357,1452.4896891276042,0,1.3231351376045914,1.3346390830334494,1,8,3,0,0,9817724.57142857,0.9488931913114811,1
2025-08-06,1380.8748779296875,1383.9483114870873,1371.456217044825,1379.9825595355662,5834312.0,0.07904846701709545,0.0007901724017155158,1389.018763950893,0.9941369503187696,1.009108635249895,1397.3114275251116,1450.0276163736978,0,1.3164376779993243,1.3411406431744826,2,8,3,0,0,9544289.0,0.6112882793050378,0
2025-08-07,1377.50390625,1381.7670168023217,1354.3042341107182,1375.818389126872,9976705.0,-0.2441185464059914,-0.002444170015513371,1385.095493861607,0.9945190872071629,1.020278148734901,1391.178676060268,1446.5278401692708,0,0.9507767779990055,1.3376601474507905,3,8,3,0,0,9433808.0,1.0575480230252725,0
2025-08-08,1356.0888671875,1385.2370458989403,1353.312792536344,1373.1415514013454,8793606.0,-1.5546263763997925,-0.015668374149324184,1379.1043701171875,0.9833112682198725,1.0235897078182234,1386.87300327846,1441.6499674479167,0,1.0682422640275566,1.1289713079304002,4,8,3,0,1,9660059.0,0.9103056202865841,1
2025-08-11,1374.331298828125,1376.1159356273254,1349.5453489789295,1358.2700517359046,9997486.0,1.345223906930193,0.0133625610528932,1378.537841796875,0.9969485473367442,1.0196885467157508,1384.989266531808,1437.8692830403645,0,1.1507849889114492,1.1838137751401046,0,8,3,1,0,8650296.0,1.155739179329817,0
2025-08-12,1368.5810546875,1389.8969719255274,1363.4255044148415,1370.0682117041065,12244664.0,-0.4184030550368867,-0.0041928080984340605,1376.6541224888392,0.9941357326655558,1.0194154117148095,1381.859165736607,1432.9781901041667,0,1.150782866221727,1.1522466665950795,1,8,3,0,0,8925080.714285715,1.371938741170248,1
2025-08-13,1370.7620849609375,1379.8833867126675,1365.7057756228248,1376.115874093997,7457021.0,0.159364347911084,0.0015923749768563212,1372.5608956473213,0.9986894492680884,1.0103811606737747,1380.4215785435267,1428.4770548502604,0,0.9889551718247448,1.091883534299085,2,8,3,0,0,9088538.0,0.8204863092391758,0
2025-08-14,1367.4774169921875,1374.3455639562076,1363.794372575189,1370.961308962897,7126128.0,-0.2396234915443829,-0.0023991104809342485,1370.8027866908483,0.9975741443401291,1.0077366438762283,1379.54252406529,1423.899483235677,0,0.86035858807582,1.0744085501725438,3,8,3,0,0,8775703.142857144,0.8120292908722885,1
2025-08-18,1375.3409423828125,1388.4802648218374,1370.662621833986,1383.602791829514,11785109.0,0.5750387752597064,0.005733917383452632,1370.0122244698662,1.0038895404126837,1.0129992915134804,1379.5154942103795,1419.270068359375,0,0.8994731618437612,1.0848052825574948,0,8,3,1,0,9625817.0,1.2243229847398927,1
2025-08-19,1413.564208984375,1414.460091190419,1382.7068811681168,1383.6027633741608,14384719.0,2.77918481328272,0.027412664169589443,1375.1636962890625,1.0279243211545928,1.0229645273736376,1380.129595075335,1415.445487467448,0,1.3867586747234784,1.1918796010279518,1,8,3,0,0,10255533.285714285,1.4026300338801077,0
2025-08-20,1406.4969482421875,1418.342205158243,1403.510755146132,1406.4969482421875,8725641.0,-0.49996036241362063,-0.005012143455921325,1382.3648507254463,1.0174571116330664,1.0105673932014627,1380.734610421317,1411.5142171223958,0,1.1843012437943001,1.1920911476621332,2,8,3,0,0,10245824.0,0.8516290149040233,1
2025-08-21,1418.24267578125,1425.3099750709036,1413.7633861810953,1418.441706715632,11021323.0,0.8351050852788644,0.008316373753999923,1388.637904575893,1.0213192878487634,1.0081672711308491,1383.5878731863838,1408.5891642252604,0,1.1405703253523436,1.129874299184468,3,8,3,0,0,10392086.42857143,1.0605495898974227,0
2025-08-22,1402.71435546875,1416.84907536351,1401.4204113959267,1413.464698965694,5818868.0,-1.0948986783200665,-0.011009368086221378,1393.5140904017858,1.0066022045491565,1.0110093044472037,1385.0841064453125,1405.205985514323,0,1.2503654049246566,1.1821737058296777,4,8,3,0,1,9474115.57142857,0.6141858790015364,1
2025-08-25,1406.0987548828125,1412.9670232567023,1399.230486508923,1408.189065733516,5979407.0,0.2412750251587381,0.00240984424307567,1398.5621861049108,1.0053887977615723,1.0098172080155658,1385.5615408761162,1402.6626749674479,0,1.248565833406535,1.1352562172180944,0,8,3,1,0,9263027.857142856,0.6455132265838099,0
2025-08-26,1378.5262451171875,1403.5107021083377,1375.241384232256,1401.519906786198,12145259.0,-1.9609227068779322,-0.019804038907330946,1400.140590122768,0.9845627323726932,1.0205558952778777,1385.471688406808,1399.5803344726562,1,1.527241675396525,1.1978937824945077,1,8,3,0,0,9980046.57142857,1.2169541407522204,1
2025-08-28,1379.521728515625,1385.7926612650012,1360.2109883890075,1383.50331940736,13161813.0,0.07221359781603987,0.0007218753634335549,1400.7378452845983,0.9848536135149096,1.0188071358740396,1385.375034877232,1396.474991861979,1,1.5143155612059644,1.197860533103286,3,8,3,0,0,10176718.57142857,1.2933258306810378,0
2025-08-29,1350.9537353515625,1397.0406983353937,1343.7869203796088,1374.7437651325777,18758842.0,-2.070862138199292,-0.02092605191100228,1391.793491908482,0.9706567412519521,1.03962962962963,1383.4785940987724,1392.4107747395833,0,1.1164359596571514,1.3197460226071631,4,8,3,0,1,10801593.285714285,1.7366736095136652,0
2025-09-01,1347.6689453125,1356.9260708455383,1334.430107544873,1349.759256141992,11232238.0,-0.24314600515965568,-0.0024344208509384127,1383.3894914899554,0.9741789666632619,1.016858105324118,1382.8771711077009,1388.541105143229,0,1.1259730970063384,1.2559121156887563,0,9,3,1,0,11159678.57142857,1.0065019281789351,1
2025-09-02,1360.2109375,1378.128095842481,1348.2661652716797,1348.5648331807902,11517006.0,0.9306434069823899,0.009263396026687545,1375.0992431640625,0.9891729227995174,1.0221483942414173,1381.8685738699776,1385.1027221679688,0,1.1466989471938813,1.2253247378046992,1,9,3,0,0,11230490.42857143,1.0255122938086165,1
2025-09-03,1366.2828369140625,1370.1649121838109,1354.2385492379765,1363.396159328429,7847563.0,0.4463939560155561,0.004454005733653547,1369.894740513393,0.9973633714383218,1.011760382212422,1381.7044154575892,1383.4332071940105,0,1.1809203276984042,1.2280305453262588,2,9,3,0,0,11520304.0,0.681194090017069,0
2025-09-04,1353.0440673828125,1367.676364160165,1350.8541196588233,1365.4865379446771,13223177.0,-0.9689625876550978,-0.009736875771641517,1362.3154994419642,0.9931943576484672,1.0124530430462693,1380.4388427734375,1381.8445556640625,0,1.1651345665053123,1.253180780784376,3,9,3,0,0,12555128.285714285,1.0532092304501457,1
2025-09-05,1368.671875,1374.6442613636364,1353.0441792852228,1356.7271022727273,5777575.0,1.1550109855192225,0.011483916542132218,1360.9077322823662,1.0057051205849294,1.0159640626737143,1380.524161202567,1380.3868693033853,0,1.1273347514152654,1.294737707325936,4,9,3,0,1,11645459.142857144,0.49612255979994846,1
2025-09-08,1372.15576171875,1379.6212446443146,1366.08385990766,1373.6488583038629,6986720.0,0.25454506535760313,0.002542216481182689,1359.8554513113838,1.0090453072754935,1.0099096293675336,1380.2966482979912,1379.762451171875,0,1.1339817840246533,1.2868644130882783,0,9,3,1,0,10763303.0,0.6491241582625705,0
2025-09-09,1369.8662109375,1374.843199236951,1362.4007284883237,1370.264394303157,9754452.0,-0.1668579358936717,-0.0016699729879447352,1362.5572335379463,1.0053641617538336,1.0091327540337072,1377.1753627232142,1379.4318522135416,0,0.7310949852548246,1.006132955415251,1,9,3,0,0,9476961.57142857,1.0292805269368208,1
2025-09-10,1370.66259765625,1382.1096709119122,1367.7759200987732,1377.5308659113482,7790815.0,0.05813609478000359,0.0005811920229919093,1365.842041015625,1.0035293661315627,1.0104796045920328,1374.61576625279,1379.2632934570313,0,0.7091218103740786,1.005213952984674,2,9,3,0,0,8985329.714285715,0.8670594455330266,1
2025-09-11,1376.9337158203125,1379.1235422027223,1368.6718661340626,1369.667263854887,9766072.0,0.4575245705825681,0.004564811084390663,1368.2310093470983,1.0063605534546152,1.0076363636363634,1371.6651262555804,1378.328857421875,0,0.6531183598277258,0.9806648436029493,3,9,3,0,0,8735196.285714285,1.1180140297444294,1
2025-09-12,1388.579833984375,1389.873899637371,1374.146566892781,1376.9337291414593,7403368.0,0.8458009292861446,0.008422440750907756,1371.416294642857,1.0125151928036464,1.011445163946487,1370.655517578125,1378.0139607747396,0,0.6966204141914495,0.9825753276405712,4,9,3,0,1,8671739.857142856,0.8537350199570266,1
2025-09-15,1392.8599853515625,1394.3530818320328,1382.209157552439,1386.5889315301856,5396697.0,0.30823948774383325,0.003077654037942712,1377.104282924107,1.0114411832297843,1.0087858803519272,1369.7098911830358,1378.499393717448,0,0.4542503558511819,0.9843570203152676,0,9,3,1,0,7553671.285714285,0.7144468955389129,1
2025-09-16,1398.8323974609375,1401.5199225726965,1391.7649767809332,1398.2350616507645,8686961.0,0.4287876866437168,0.004278710117012921,1381.4129289899554,1.012609892455342,1.0070090467532282,1371.1603306361608,1379.0682373046875,1,0.32063128778725136,0.8240791119545425,1,9,3,0,0,7969297.857142857,1.0900534972744058,1
2025-09-17,1407.2933349609375,1409.6821922648512,1400.4250664409112,1400.5245819104894,7519417.0,0.6048571305152572,0.006030352127487597,1386.432582310268,1.0150463519949224,1.0066102257420073,1373.1440168108259,1379.330859375,1,0.3370315913341403,0.8345449840595455,2,9,3,0,0,8045397.428571428,0.9346234374073894,1
2025-09-18,1408.4876708984375,1415.4554544293835,1404.2074124117412,1413.8628424954393,9332642.0,0.08486758999204369,0.0008483159781524423,1391.9499337332588,1.0118809856334587,1.0080102425882538,1377.2535836356026,1380.2876424153646,1,0.27970884587431455,0.5415480471915619,3,9,3,0,0,7985138.857142857,1.168751372639159,0
2025-09-19,1400.9227294921875,1410.4785229891424,1397.1401696768169,1408.3882121473878,13461373.0,-0.5370967430211482,-0.005385442930672871,1396.2728097098213,1.0033302372931925,1.009546897012782,1381.0574253627233,1380.9559041341147,1,0.4431106945605196,0.5692060938457034,4,9,3,0,1,8795218.57142857,1.5305330834789619,0
2025-09-22,1384.199951171875,1404.2074196840813,1381.6119415772491,1397.438788552637,7757970.0,-1.193697408733907,-0.012008791859278839,1397.3108433314733,0.9906170540204646,1.0163544316800253,1382.7709263392858,1381.1791056315103,1,0.7116602445942689,0.6582347644225798,0,9,3,1,0,8508346.857142856,0.9118069738173749,0
2025-09-23,1383.40380859375,1388.5798281670254,1370.4636381520502,1384.5982372618869,14014702.0,-0.05751644315916682,-0.0005753299021048968,1396.5714111328125,0.9905714792425961,1.0132190227530613,1383.993852887835,1382.0896036783854,1,0.6258254173730541,0.6531823197279435,1,9,3,0,0,9452823.142857144,1.4825943306249159,0
2025-09-24,1376.635009765625,1389.5751797778832,1374.0470000648747,1378.9244730635044,5922759.0,-0.4892858315176718,-0.004904867535378982,1394.2535574776787,0.9873634550777642,1.011301054266903,1385.678920200893,1382.1663940429687,1,0.6219704720236118,0.6040385626824993,2,9,3,0,0,9527974.857142856,0.6216178242283955,0
2025-09-25,1366.0838623046875,1378.128150477363,1362.6994857374575,1374.942926360271,11411143.0,-0.7664448009885971,-0.0076939708390718385,1389.5751953125,0.9830945938823199,1.0113221329437547,1385.4940621512276,1382.083154296875,1,0.5950851495125198,0.5693559835145028,3,9,3,0,0,9917143.714285715,1.1506481431303823,1
2025-09-26,1371.2598876953125,1376.3363918134596,1359.7132983361803,1365.685684712474,9879109.0,0.37889514205171615,0.0037817914243031487,1384.4275599888392,0.9904887242394734,1.0122254400965411,1385.4300711495537,1382.099747721354,1,0.5390079255650452,0.5747783391966099,4,9,3,0,1,10254242.57142857,0.9634167449408885,0
2025-09-29,1366.48193359375,1382.6073268149732,1361.703976301572,1375.2413599514075,14231999.0,-0.34843534361621575,-0.0034904379334003196,1378.4267403738838,0.991334463827295,1.0153508771929824,1385.1883370535713,1382.0665649414063,0,0.501849856389691,0.5807744492752347,0,9,3,1,0,10954150.714285715,1.299233447777884,0
2025-09-30,1357.722412109375,1370.762097190836,1356.5279835173724,1370.762097190836,14604684.0,-0.6410272444172027,-0.00643090646765079,1372.2552664620537,0.9894095109650064,1.010493048316302,1384.2640380859375,1381.4792805989584,0,0.5070392865673424,0.6035151118784238,1,9,3,0,0,11117480.857142856,1.313668463896356,1
2025-10-01,1362.4007568359375,1372.255218175594,1356.4283707523282,1360.7086293823172,12045916.0,0.3445729911237372,0.0034398069858944365,1369.1410958426338,0.9950769580818491,1.0116680303689665,1383.2259695870537,1379.7738321940103,0,0.45979621064662585,0.5966940148633982,2,10,4,0,0,11730044.57142857,1.0269284082126007,0
2025-10-03,1357.125244140625,1365.287456651113,1350.6551591113212,1356.926091696157,12842347.0,-0.38722179717254335,-0.003879734417554317,1365.3870152064733,0.9939491360516571,1.0108334813968498,1380.979213169643,1378.1281087239583,0,0.45658361202157466,0.5386439944843407,4,10,4,0,1,11562565.285714285,1.1106831989841306,1
2025-10-06,1368.671875,1371.0608538471567,1352.7455113636363,1353.740909090909,12396580.0,0.8508154209957652,0.008472163862791251,1364.2494245256696,1.003241672963042,1.0135393851464771,1379.2514910016741,1376.4757486979167,0,0.6068571971518992,0.5919733581089139,0,10,4,1,0,12487396.857142856,0.9927273187372988,1
2025-10-07,1378.4267578125,1389.47564777439,1369.5676941462978,1369.667209612737,11244040.0,0.712726183001311,0.007101982941186253,1366.0126953125,1.0090878090244688,1.0145359398540001,1377.7939453125,1375.666162109375,0,0.5856672544714154,0.6166954374574166,1,10,4,0,0,12463525.0,0.902155690304308,0
2025-10-08,1361.1068115234375,1382.6073771032557,1358.2201339506064,1378.426755451918,8525081.0,-1.2565010212474692,-0.012644617500512156,1364.562255859375,0.9974677268691113,1.017955294979846,1374.494907924107,1374.1664306640625,0,0.7677402704937604,0.651953899969523,2,10,4,0,0,12270092.42857143,0.6947853938042869,1
2025-10-09,1371.458984375,1373.6488106871857,1362.7989515764332,1367.676424553763,8826633.0,0.7605702038898432,0.007576924510574216,1365.2732631138392,1.004530756902873,1.0079614524931955,1371.8500017438616,1373.9308553059896,0,0.8213461060348767,0.7007295384023454,3,10,4,0,0,11497897.285714285,0.767673669425345,1
2025-10-10,1375.3409423828125,1381.6119964455866,1368.7713419175536,1371.45898859096,6373084.0,0.28305316105254885,0.002826533199235726,1367.7901960100446,1.0055203980806369,1.009381153838335,1370.0227312360491,1373.7914957682292,0,0.7630533949034299,0.7035615552133662,4,10,4,0,1,10321954.42857143,0.6174299687236695,0
2025-10-13,1368.671875,1371.3594002602315,1361.505059967041,1370.5631549835205,7600682.0,-0.48490284679943985,-0.004860823150484037,1368.686070033482,0.9999896287148726,1.0072378286228543,1368.913582938058,1374.382100423177,0,0.7980814140324882,0.6440580815419242,0,10,4,1,0,9686921.0,0.7846334248003055,1
2025-10-14,1369.5677490234375,1381.612037149334,1363.7943936365562,1373.6488553790207,9768174.0,0.06545571950453688,0.000654343065919321,1370.4635707310267,0.9993463367237764,1.0130647578520007,1367.92529296875,1375.112060546875,0,0.7729576289671634,0.6452055874340791,1,10,4,0,0,9247753.42857143,1.0562753511377914,0
2025-10-15,1367.97509765625,1377.6304066718624,1366.382364141153,1376.6350089791804,10882743.0,-0.1162886150263942,-0.0011635628270127284,1370.3640311104912,0.9982567161717567,1.008231987491861,1367.3067278180804,1375.3708658854166,0,0.7068844595343258,0.6341594489167379,2,10,4,0,0,9031491.0,1.2049774505671322,1
2025-10-16,1391.8646240234375,1394.0544503152107,1368.671809484766,1368.7713249510273,12315932.0,1.7463421964418302,0.017312688759116134,1372.283726283482,1.0142688405939098,1.0185454545454544,1369.1482107979912,1376.2235921223958,0,0.9484919003058828,0.7573437272759347,3,10,4,0,0,9184618.42857143,1.3409301753557565,1
2025-10-17,1410.279541015625,1416.7496262080865,1392.6609284325848,1394.5522084059296,19335561.0,1.3230393728203227,0.013143636453259628,1379.3084019252233,1.0224541074694917,1.0172968863301228,1371.9353288922991,1378.1314412434897,1,0.8045233076912766,0.8200492180686265,4,10,4,0,1,10728972.714285715,1.8021819530079095,1
2025-10-20,1460.04931640625,1467.0170999313525,1426.7034952504036,1433.3726108781725,24721978.0,3.5290716445324666,0.03468227273081853,1391.9641636439733,1.0489130069153785,1.0282564701181118,1378.6187133789062,1381.1773559570313,1,1.4044489939790914,1.1903890422153225,0,10,4,1,0,12999736.285714285,1.9017291933196798,0
2025-10-21,1458.4566650390625,1467.2162134241023,1453.2806455896807,1461.2438272093502,2066169.0,-0.10908202546936474,-0.001091415632113552,1403.8378383091517,1.0389067919665822,1.0095890410958903,1385.8140171595983,1384.054052734375,1,1.440812613735212,1.1599305388627934,1,10,4,0,0,12384462.714285715,0.1668355783910298,0
2025-10-23,1441.7340087890625,1476.0752283864208,1437.9514490416038,1468.2115624957596,18707090.0,-1.14659946029676,-0.011532235954534913,1414.2752859933037,1.0194154017026986,1.0265125636684231,1391.480678013393,1386.4496459960938,1,1.559819867265586,1.2426629943942813,3,10,4,0,0,13971092.42857143,1.3389854870434663,1
2025-10-24,1444.9193115234375,1453.0816457634617,1434.3681199531734,1443.3266994671071,9700837.0,0.2209355342217556,0.0022069183055633316,1425.039794921875,1.0139501483905242,1.0130465293741324,1397.7516828264509,1388.9248697916667,1,1.5494203207253687,1.2230436101478472,4,10,4,0,1,13961472.857142856,0.694829055591863,1
2025-10-27,1477.2696533203125,1478.16553552233,1451.289798512833,1456.266786847925,14113867.0,2.2389029988648,0.022142074916754684,1440.6533028738838,1.0254164901252678,1.0185185185185186,1405.5086669921875,1392.2694010416667,1,1.5782549742499143,1.310671106795726,0,10,4,1,0,14423062.0,0.9785624578192897,1
2025-10-28,1480.056884765625,1485.1333888036677,1470.79963742504,1477.26972256393,17631577.0,0.18867452120525652,0.001884967543958263,1453.252197265625,1.0184446220349328,1.0097455499810444,1412.7679617745537,1395.3186360677084,1,1.5841473304976865,1.3132935342857681,1,10,4,0,0,15182439.857142856,1.1613138050209304,1
2025-10-29,1497.277099609375,1501.3583271895798,1481.2512217130793,1483.1425015536738,11884745.0,1.163483310742941,0.011567668897626367,1465.680419921875,1.0215576869677936,1.013574406003356,1422.4944109235491,1398.7992065429687,1,1.5780500060097853,1.2176373645321867,2,10,4,0,0,14118037.57142857,0.8418128185217325,0
2025-10-30,1481.6494140625,1496.1821955688697,1477.1701246011085,1493.0964871305005,9318663.0,-1.0437403705000348,-0.01049225540980897,1468.766148158482,1.0087714888582984,1.0128706034945671,1430.3651559012276,1401.5597737630208,1,1.1930307047349644,1.3021683540519242,3,10,4,0,0,11917564.0,0.7819268266568571,0
2025-10-31,1479.5592041015625,1490.6080945575152,1475.4780977270138,1483.540795005222,8758053.0,-0.1410731810844834,-0.0014117278298198745,1471.780796595982,1.0052850312516448,1.0102543012016303,1437.809317452567,1403.9686360677083,1,1.194544233473328,1.31401961902174,4,10,4,0,1,12873547.42857143,0.6803138799615139,0
2025-11-03,1477.866943359375,1488.1195884585134,1472.4918928888085,1479.1610089962214,8452085.0,-0.11437600722541408,-0.0011444146649845376,1476.9426443917412,1.000625819134645,1.0106130944728298,1445.6089651925224,1406.2812784830728,1,1.0544461279266748,1.2955857554307195,0,11,4,1,0,11408546.714285715,0.7408555367894799,0
2025-11-04,1466.3203125,1485.9297198935935,1463.334119430687,1477.07065615293,10007806.0,-0.7813038184024901,-0.007843719882867391,1479.9999302455358,0.9907570146011654,1.0154411765316436,1452.5198625837054,1408.4611979166666,1,1.140819721782096,1.3393481410683732,1,11,4,0,0,11452399.42857143,0.8738610683655113,1
2025-11-06,1489.2144775390625,1494.689164899616,1469.406038969176,1477.1701896475463,16772678.0,1.5613345081491259,0.01549271085804977,1481.706333705357,1.0050672280079478,1.0172063577118389,1461.1798182896205,1411.9616821289062,1,0.9540041329061355,1.3552108310767546,3,11,4,0,0,11832229.57142857,1.4175416305732598,0
2025-11-07,1471.19775390625,1491.5038906434634,1469.1074431042953,1487.7213309001131,7821765.0,-1.2098138921255441,-0.012171917059867947,1480.4407435825892,0.9937565959891298,1.0152449350415402,1466.846470424107,1414.8881469726562,1,1.0756578629276652,1.3953873052418528,4,11,4,0,1,10430827.857142856,0.749870011002414,1
2025-11-10,1482.44580078125,1494.0919049344996,1468.7092643110286,1471.0982430243505,7068438.0,0.7645503023053557,0.007616424285153511,1478.321986607143,1.0027895236703959,1.0172822771941716,1472.0012032645088,1418.4151733398437,1,1.0071322688383757,1.3749777498263542,0,11,4,1,0,9742784.0,0.7255049480723375,1
2025-11-11,1486.5269775390625,1491.9021495222175,1473.3876547459602,1490.1103850249956,7127506.0,0.27530023395538894,0.002749219769305914,1479.0187813895088,1.0050764711334497,1.0125659358666539,1473.8924647739955,1422.4299438476562,1,0.9298025589947371,1.0311646250399995,1,11,4,0,0,9429761.57142857,0.7558521968992066,1
2025-11-12,1504.5435791015625,1517.6827797499902,1493.0965058897411,1498.0734942427068,12384459.0,1.211992909292925,0.012047070852696318,1482.5879778180804,1.0148089702681888,1.0164666341145834,1477.1843872070312,1426.872733561198,1,1.019606860670385,1.0670912429941353,2,11,4,0,0,9947819.57142857,1.2449420610291098,0
2025-11-13,1503.9464111328125,1515.0948167835015,1499.865304859355,1508.0275174062697,7196443.0,-0.039690971869799085,-0.00039698850820929423,1486.3136160714287,1.0118634417869294,1.0101539197385292,1481.628130231585,1431.4548828125,1,1.0156152493703212,0.9960728949517595,3,11,4,0,0,9768442.142857144,0.7367032424164139,1
2025-11-14,1511.9095458984375,1513.900341239272,1498.5711928131457,1498.5711928131457,7682823.0,0.5294826136542197,0.00528085782944454,1492.8263636997767,1.0127832564206367,1.010229175964173,1486.4131469726562,1436.5944539388022,1,0.9079092064985735,0.9974394740948538,4,11,4,0,1,9436301.714285715,0.8141773369082609,0
2025-11-17,1511.3123779296875,1516.6874283079178,1504.5436249599409,1513.900387650411,5871416.0,-0.03949759893837612,-0.0003950540129454881,1495.9832066127233,1.0102468872974004,1.0080714198953853,1488.84477015904,1441.558174641927,1,0.7700913386058129,0.83436009442783,0,11,4,1,0,7878978.571428572,0.7452001483150915,1
2025-11-18,1512.4072265625,1520.7685911952462,1503.5481631005248,1514.696568271851,11045042.0,0.072443569496361,0.0007241734180863851,1501.8702741350446,1.0070158871967314,1.0114531935307018,1491.155508858817,1446.7342407226563,1,0.4687274241128579,0.8346963349947134,1,11,4,0,0,8339446.714285715,1.3244334280689776,0
2025-11-19,1511.9095458984375,1515.2939222795571,1505.0412776708577,1510.4164493928115,5692366.0,-0.03290652512906167,-0.0003291194051408462,1506.079380580357,1.0038710876685888,1.006812201605903,1492.20068359375,1451.5088297526042,1,0.4611767109794631,0.783485603152397,2,11,4,0,0,8142865.0,0.6990618166947383,1
2025-11-20,1541.9705810546875,1543.7623455509597,1519.673647863964,1522.9585089376258,18171724.0,1.9882826481121718,0.01968774469852651,1513.9998953683037,1.0184746945967122,1.0158512307697474,1496.5093383789062,1456.9602905273437,1,0.7923323486675404,0.8659640022520992,3,11,4,0,0,9720610.42857143,1.8694015292073147,0
2025-11-21,1539.4820556640625,1550.6305827884978,1533.0119706260582,1533.9078528560988,9615271.0,-0.1613860485537244,-0.0016151641611931852,1518.9911063058037,1.0134898415620701,1.0114928079493368,1500.789542061942,1462.906131998698,1,0.7640227732322248,0.8667565078372904,4,11,4,0,1,9325012.142857144,1.031126914656641,0
2025-11-24,1528.831298828125,1542.8663816107544,1524.7501927010492,1542.8663816107544,18433951.0,-0.6918402716518335,-0.0069424458220205595,1522.5460902622767,1.0041280908381338,1.011881414409014,1504.4298531668526,1468.151875813802,1,0.8515052862092165,0.9004359872448867,0,11,4,1,0,10930370.42857143,1.6864891378076807,1
2025-11-25,1532.61376953125,1552.4222077972818,1518.0809876078647,1528.8313312270848,15033482.0,0.24740929270772316,0.002471037397909023,1525.5038364955358,1.0046607113437667,1.0226214678068861,1509.1651000976562,1473.3943033854166,1,0.8420226525493815,0.8507386340596167,1,11,4,0,0,11980464.57142857,1.254832974996009,1
2025-11-26,1562.6748046875,1564.366932099549,1533.4100892950655,1535.2018536795324,14054299.0,1.9614227507197768,0.0194243474310957,1532.8413260323662,1.0194628616468446,1.0201882347198556,1514.4122663225446,1479.8610677083334,1,1.0596627600564614,0.9008970993505504,2,11,4,0,0,13149447.857142856,1.0688128621587425,0
2025-11-27,1556.2047119140625,1568.2489991897637,1548.8387449947777,1567.7513003642512,9794643.0,-0.41403961681787393,-0.004148991341546072,1539.098109654018,1.011114692528529,1.0125321336760926,1520.4841918945312,1486.0822998046874,1,1.1060411527913936,0.8161478007915397,3,11,4,0,0,12970819.42857143,0.7551290844759494,1
2025-11-28,1560.285888671875,1574.0224254817672,1555.806599039324,1560.7835875199362,8959508.0,0.2622519213936192,0.0026190864108407044,1546.0090157645088,1.009234663421614,1.0117082845989283,1526.044198172433,1492.4926595052084,1,1.0917041669474012,0.8101496649850694,4,11,4,0,1,13437554.0,0.6667514043106357,0
2025-12-01,1558.892333984375,1570.2398922139623,1556.403839701944,1567.7513979315313,8920233.0,-0.08931406081523763,-0.000893539695870668,1548.4264090401787,1.0067590715858972,1.0088897573747106,1531.2131522042412,1498.0602498372396,1,0.8644666250260571,0.8192114583699404,0,12,4,1,0,12115912.42857143,0.7362411252630499,0
2025-12-02,1539.1834716796875,1560.2858537619331,1534.9032130787248,1553.9152843475838,11389150.0,-1.2642863060538412,-0.012723464126494088,1548.383754185268,0.9940581380547864,1.0165369649805447,1533.6874302455358,1502.3570475260417,1,1.0192821028538597,0.8821103816353979,1,12,4,0,0,12369323.714285715,0.9207576956569031,0
2025-12-03,1531.718017578125,1545.255401892265,1525.9446623591427,1538.0884656023031,6090883.0,-0.48502691452472213,-0.004862069873907623,1548.796142578125,0.9889732905897016,1.012654940909369,1535.6711164202009,1504.746004231771,1,0.9986180674377432,0.89799692697904,2,12,4,0,0,10606028.285714285,0.5742850043313642,0
2025-12-04,1528.53271484375,1553.3181423785347,1510.6155558800758,1528.9308982335338,11867930.0,-0.2079562098127874,-0.002081727389814339,1548.213134765625,0.9872883006351355,1.0282683349395145,1536.8584856305804,1507.0818725585937,1,0.9970169831507916,0.8946679986501385,3,12,4,0,0,10153806.57142857,1.168815844236657,1
2025-12-05,1533.5096435546875,1538.685784402705,1513.6016899280953,1523.356635808528,10183266.0,0.3256017134998901,0.0032507277895635223,1544.0466831752233,0.9931756988079744,1.016572454062073,1538.4440046037946,1510.1410603841146,1,0.5369787674344239,0.8961793724201804,4,12,4,0,1,9600801.857142856,1.0606682807877967,1
2025-12-08,1535.898681640625,1543.861863398969,1527.9354998822807,1532.1161217020071,11301491.0,0.1557889183141814,0.0015566769326596304,1541.1458217075892,0.9965952994239374,1.0104234527687297,1540.1219656808037,1513.1737060546875,1,0.553990724337165,0.8962025194943805,0,12,4,1,0,9816065.857142856,1.1513259145237136,0
2025-12-09,1522.3612060546875,1535.4008911036892,1513.1039592099478,1533.211064854301,11503971.0,-0.8814042063944538,-0.008853115498732357,1535.7280099051338,0.9912961124859134,1.0147358889374551,1540.8685128348213,1514.6767578125,1,0.5681745910912191,0.9347524264285044,1,12,4,0,0,10179560.57142857,1.1301048723349327,1
2025-12-10,1529.8267822265625,1540.3779737710463,1524.3520947592017,1526.9401045329791,7991629.0,0.4903945359473916,0.004891960186547437,1531.5757882254463,0.9988580349648186,1.010513239734404,1540.0010986328125,1516.3357543945312,1,0.6489308535496768,0.7668812963476198,2,12,4,0,0,10046902.857142856,0.7954320962024971,1
2025-12-11,1537.889404296875,1542.866392660295,1516.98605317051,1529.826707449835,4706197.0,0.5270284298839245,0.005256444954102387,1531.3909214564733,1.004243516628805,1.017060367454068,1539.8873378208705,1517.6894978841146,1,0.5327736831942587,0.7813816986437008,3,12,4,0,0,9092195.285714285,0.5176084380187485,1
2025-12-12,1549.3365478515625,1552.62140892391,1538.9843872841,1543.6628294631555,5106655.0,0.7443411420030577,0.007415845936226041,1533.9078543526787,1.0100584226458602,1.008861052621772,1541.3519984654017,1519.9457356770833,1,0.5526478672753258,0.7784818214694604,4,12,4,0,1,8951591.285714285,0.5704745488268256,0
2025-12-15,1549.037841796875,1551.4268205626304,1539.3825327747268,1544.060853330096,5774543.0,-0.019279610688960336,-0.00019281469444813024,1536.837158203125,1.0079388265234392,1.0078241031916828,1542.525146484375,1522.2616902669272,1,0.5357798172659273,0.7778075950730344,0,12,4,1,0,8081107.428571428,0.7145732253952747,0
2025-12-16,1535.201904296875,1544.5585453663573,1531.7180123854912,1537.8894294536826,11731856.0,-0.8931955777110256,-0.008972084826756283,1537.0789097377233,0.998778849004461,1.0083830919771377,1540.5627964564733,1524.1728556315104,1,0.6670105051835505,0.6002687986186144,1,12,4,0,0,8302334.571428572,1.4130791645489318,1
2025-12-17,1537.292236328125,1542.8664391614582,1532.2157323461342,1542.8664391614582,7116649.0,0.13616007284771303,0.0013606745907964086,1537.2779889787946,1.000009267906932,1.006951179648192,1539.211905343192,1526.5385864257812,1,0.6663740206602783,0.5978912287809206,2,12,4,0,0,7704500.0,0.9237003050165488,0
2025-12-18,1537.292236328125,1544.3595357154854,1528.1345045583196,1528.1345045583196,6580829.0,0.0,0.0,1539.4109933035713,0.9986236573698233,1.0106175412627407,1537.5695016043526,1528.1411783854167,1,0.5401032543035815,0.5902122313922347,3,12,4,0,0,7001194.0,0.9399580985757572,1
2025-12-19,1557.8968505859375,1566.9549449740823,1543.8617679066683,1547.2461442463334,13937275.0,1.3403186310904314,0.013314158233636379,1543.4210030691963,1.0093790660409279,1.0149580600721309,1537.4983956473213,1531.0311482747395,1,0.7028203393177174,0.705443613545403,4,12,4,0,1,7850572.0,1.7753196837122187,1
2025-12-22,1568.1495361328125,1570.2398469681211,1558.0960438231807,1566.2582562309594,10184852.0,0.658110679344337,0.00655954585499118,1547.7438790457588,1.0131841303740994,1.0077940016554707,1539.5674002511162,1533.887939453125,1,0.7127290394384354,0.6231947252714481,0,12,4,1,0,8633237.0,1.1797257506077963,0
2025-12-23,1563.4710693359375,1573.6241984599117,1560.8830596994949,1573.6241984599117,7506564.0,-0.2983431547231463,-0.002987890850689656,1549.7630964006696,1.008845205416947,1.0081627759884009,1541.8354753766741,1536.452742513021,1,0.7086812146354576,0.6107795593512058,1,12,4,0,0,8976081.142857144,0.836285220747304,0
2025-12-24,1551.0286865234375,1568.448146711295,1546.4498812900458,1565.4619535362338,8815745.0,-0.7958179116025921,-0.007990014436726636,1550.0475027901787,1.0006330023637937,1.014225010255682,1543.4423304966517,1538.00224609375,1,0.7921636624047238,0.6557169965773553,2,12,4,0,0,9410538.57142857,0.9367949488848142,1
2025-12-26,1552.0240478515625,1553.8158123179846,1547.1466963201517,1547.5447581940157,2311495.0,0.06417426942348925,0.0006415368654467969,1552.4506661551338,0.999725196869136,1.004310590594735,1544.7647879464287,1539.604833984375,1,0.6831605096344829,0.6527102013933901,4,12,4,0,1,8064772.714285715,0.28661626085326397,0
2025-12-29,1538.4866943359375,1550.9291658570105,1536.495898892566,1547.7439417510202,5972105.0,-0.8722386443924313,-0.00876064911357044,1552.621303013393,0.9908962934812099,1.0093936254400988,1544.9496459960938,1540.4907389322916,1,0.7869238533614218,0.7005396441770153,0,12,4,1,0,7901266.428571428,0.7558414912329154,0
2025-12-30,1532.71337890625,1546.449793829553,1530.7225835687998,1539.8801935176689,8815884.0,-0.37525936694431383,-0.0037596523134155097,1551.9671805245537,0.9875939376425499,1.010274370045607,1545.6890869140625,1541.2041056315104,1,0.8006780564366445,0.6628025294589214,1,12,4,0,0,8220560.0,1.0724189106338253,1
2025-12-31,1563.172607421875,1569.7422080874378,1533.9078900841737,1533.9078900841737,5771830.0,1.9872749161595316,0.019677863789610932,1552.7208600725446,1.0067312468184668,1.0233614536015574,1548.0709315708705,1542.8962849934896,1,0.999258756242068,0.8370583376012268,2,12,4,0,0,7054067.857142857,0.8182271728723902,1
2026-01-01,1568.3485107421875,1585.1707553042595,1563.8692213237453,1566.457230908256,6408128.0,0.33111527772029525,0.0033056829817391625,1552.7492850167412,1.0100461973326738,1.0136210456028307,1550.24658203125,1544.7775838216146,1,0.9735444564618044,0.8320256889707208,3,1,1,0,0,6514535.857142857,0.9836660877342188,1
2026-01-02,1584.9718017578125,1587.2611435561273,1570.9365970213464,1572.7283614795997,6602230.0,1.0599232824698213,0.010543454746843744,1555.8208182198662,1.0187367228903006,1.010391601141468,1552.791957310268,1546.210957845052,1,1.0361573068857866,0.8535558857107501,4,1,1,0,1,6385345.285714285,1.0339660119509815,0
2026-01-05,1570.8370361328125,1604.3820104615531,1568.049995566515,1585.6684856930358,8704973.0,-0.8917991859113128,-0.008957995158841681,1558.6505824497767,1.0078185924544307,1.0231701890869314,1554.3490426199776,1547.256123860677,1,1.0520428672998978,0.8987748233476098,0,1,1,1,0,6369520.714285715,1.366660599827594,0
2026-01-06,1500.6614990234375,1561.77894010158,1489.4135782872731,1561.77894010158,27417125.0,-4.467397667305939,-0.04570261107757986,1551.3130754743304,0.9673492235373535,1.0485864791816402,1551.881870814732,1546.3171305338542,1,2.0553987010968116,1.506123046220971,1,1,1,0,0,9956039.285714285,2.753818482751496,0
2026-01-07,1497.277099609375,1513.004431115157,1491.1056827700695,1503.0504545946628,11199340.0,-0.22552717026890212,-0.002257818658020246,1545.425990513393,0.9688442596413027,1.014686248331108,1549.023646763393,1545.1392415364583,1,2.048366033280575,1.5039059453196744,2,1,1,0,0,10702787.142857144,1.0463947241512925,0
2026-01-08,1463.831787109375,1496.9785780764305,1462.040144211037,1493.0965028672745,16518684.0,-2.2337423385908717,-0.02259068216525811,1535.5857631138392,0.9532725701630871,1.0238970414073325,1543.7764718191963,1541.8444742838542,0,2.1663844229733926,1.5991008878228101,3,1,1,0,0,11803187.142857144,1.3995104712032378,1
2026-01-09,1468.51025390625,1473.0890589574892,1458.2576091430024,1458.2576091430024,8335311.0,0.3196041265173921,0.0031909447814505213,1522.0625697544642,0.9648159563789462,1.010170665129053,1537.3917149135045,1538.9213256835938,0,1.9060988937551482,1.5388743136969663,4,1,1,0,1,12169398.714285715,0.6849402501879686,1
2026-01-12,1476.373779296875,1478.464211615997,1444.322022844729,1468.510234890672,8883745.0,0.5354763693142806,0.005340477921300964,1508.9233224051338,0.9784286301199343,1.0236389033963644,1530.8363037109375,1536.1242553710938,0,1.929034230191857,1.5326632491656225,0,1,1,1,0,12523058.285714285,0.7093910127475935,0
2026-01-13,1446.11376953125,1478.9618923221497,1438.050951275772,1478.165525590484,13499760.0,-2.0496171220296455,-0.02070913269277348,1489.086460658482,0.9711415742050133,1.0284488814600647,1522.4536394391741,1532.364969889323,0,1.7691023218633168,1.59238290483857,1,1,1,0,0,13508419.714285715,0.9993589395007799,1
2026-01-14,1452.086181640625,1460.2483939989072,1433.5716876182923,1437.3542473990606,8321764.0,0.4129973889475558,0.00412146895603885,1472.1220528738838,0.9863898029418521,1.0186085611281392,1515.3863176618304,1529.4617268880208,0,1.882835824729447,1.6103407767763636,2,1,1,0,0,13453675.57142857,0.6185494778596299,0
2026-01-15,1452.086181640625,1452.086181640625,1452.086181640625,1452.086181640625,0.0,0.0,0.0,1465.1827218191963,0.9910614969835909,1.0,1508.2478986467634,1526.8073323567708,0,1.1761831182257174,1.6088322167094917,3,1,1,0,0,9536943.42857143,0.0,0
2026-01-16,1451.1903076171875,1473.1885721290346,1448.4031454989463,1452.0861898343726,17167161.0,-0.06169565104086061,-0.0006171469063911954,1458.5988943917412,0.9949207511379314,1.0171122430292363,1502.012442452567,1524.2292521158854,0,1.1833039095108437,1.6075206139420641,4,1,1,0,1,10389489.285714285,1.652358506553842,0
2026-01-19,1407.0941162109375,1443.9238298491432,1396.8415931572963,1443.9238298491432,20392765.0,-3.038622238226951,-0.030857454178798812,1450.4935128348213,0.9700795651687785,1.0337062104411041,1493.0396379743304,1520.015401204427,0,1.405033959758725,1.754692943668025,0,1,1,1,0,10942929.42857143,1.8635562929571248,0
2026-01-20,1387.5843505859375,1409.4830993039366,1383.6027599099375,1404.207443054835,13189498.0,-1.3865288327362557,-0.013962309297327348,1438.9326695033483,0.9643149954089695,1.018705035971223,1480.4976196289062,1515.0715901692708,0,1.3757980141014574,1.5974860282537517,1,1,1,0,0,11636384.714285715,1.1334704312248773,1
2026-01-21,1398.1356201171875,1406.397469837406,1366.681076311502,1383.105138772638,17352720.0,0.7604056306050433,0.00757529119886442,1427.7557896205358,0.9792540364965211,1.02906046934746,1468.339556012835,1510.9307373046875,0,1.4142306644365008,1.6254747987238882,2,1,1,0,0,12846238.285714285,1.3508016599144954,0
2026-01-22,1396.0452880859375,1412.9670491536458,1388.5798052619484,1403.610286379211,15721693.0,-0.14950853130218933,-0.0014962040682972614,1420.6031494140625,0.9827130741345645,1.017562724014337,1454.8448050362724,1506.4713541666667,0,1.304957325024692,1.5490949885173384,3,1,1,0,0,13163657.285714285,1.1943256086636191,0
2026-01-23,1379.720703125,1400.5245389866304,1374.6441992470054,1395.348519642108,9837802.0,-1.1693449417618407,-0.01176235549044443,1410.2652239118304,0.9783412933475696,1.0188269370021723,1441.193638392857,1501.199064127604,0,1.2577097309109482,1.5508790105294747,4,1,1,0,1,13380234.142857144,0.7352488674685694,0
2026-01-27,1374.146484375,1385.195374217857,1361.7040134914885,1373.6487855396597,26302396.0,-0.404010662257559,-0.004048289901653133,1399.1309814453125,0.9821428462369525,1.0172514441417673,1432.1568516322545,1495.359395345052,0,1.2280419986452706,1.1667625502563277,1,1,1,0,0,17137719.285714287,1.534766415617814,1
2026-01-28,1390.2718505859375,1403.4111724845943,1378.526231208921,1378.6257466723232,11121657.0,1.1734823320726173,0.011666504237041974,1390.4283447265625,0.9998874489712336,1.0180518445803168,1424.5136195591517,1490.0671956380208,0,1.4216732291421486,1.2594425655761534,2,1,1,0,0,16274075.857142856,0.6833971463343396,0
2026-01-29,1384.59814453125,1396.4434009824272,1377.6303609139109,1396.4434009824272,20846683.0,-0.40810047706111297,-0.0040893547959850295,1387.214634486607,0.9981138535520674,1.0136560870043805,1418.8540736607142,1485.0470703125,0,0.9344314378999485,1.1589444183479816,3,1,1,0,0,16338921.285714285,1.2758910233704972,1
2026-01-30,1388.9779052734375,1391.5659148620384,1372.1556606847782,1376.236766748553,11239835.0,0.31631999215702145,0.0031582075298831357,1387.4137137276787,1.0011274153702547,1.0141458106637649,1413.1731916155134,1480.1032592773438,0,0.7929686385590767,1.1587899764696523,4,1,1,0,1,16060398.0,0.6998478493496861,0
2026-02-02,1384.0009765625,1386.4894707948447,1329.35361891851,1333.8329085367304,15711165.0,-0.3583159020774884,-0.003589593911147956,1385.3944789341517,0.998994147592732,1.0429801755253183,1406.5751342773438,1474.9935506184895,0,0.7282733371828184,1.1280563104081016,0,2,1,1,0,15825890.142857144,0.9927507936791206,1
2026-02-03,1430.4859619140625,1482.6448239290096,1423.617693715007,1467.1166446366906,25456171.0,3.3587393461975035,0.03303565724385433,1390.3145751953125,1.0288937391835273,1.0414627680413049,1405.4588623046875,1470.7465209960938,0,1.5102232405594433,1.4263825809645345,1,2,1,0,0,17216529.85714286,1.4785889613776406,1
2026-02-04,1450.095458984375,1457.2622740237098,1433.6713964697635,1437.3543194605445,8333387.0,1.3708276482541581,0.013615168000036147,1400.3681117466517,1.0355101967979685,1.0164548707688776,1405.3166678292412,1466.811385091146,0,1.3816590363007846,1.4734315856510913,2,2,1,0,0,17001613.42857143,0.4901527160943229,0
2026-02-05,1436.757080078125,1454.7737543419996,1432.8750047042822,1450.2944646433757,11763658.0,-0.9198276446980902,-0.009240841811502613,1409.3124825613838,1.019473748977843,1.015283084404307,1404.2217320033483,1462.5875854492188,0,1.463035268221973,1.4938112334659857,3,2,1,0,0,14924650.857142856,0.7882032291810684,1
2026-02-06,1444.123046875,1446.113842295832,1426.9026178813986,1434.865799564727,8277304.0,0.5126800416723531,0.0051137031212075785,1417.0055106026787,1.0191372129955851,1.0134635848120859,1403.7169276646205,1459.024064127604,0,1.4446504933446993,1.5017882058249155,4,2,1,0,1,14518314.714285715,0.5701284317700668,1
2026-02-09,1454.873291015625,1459.153549837875,1446.3128948796364,1451.2898835062008,5775864.0,0.7444133077086468,0.007416562261122547,1427.0448172433037,1.0195007707088548,1.008878199872032,1407.1297258649554,1455.7857055664062,0,1.3811121201892091,1.2342294488848613,0,2,1,1,0,12365340.57142857,0.46710108521764016,0
2026-02-10,1451.7874755859375,1464.2299462371711,1445.5164217743147,1464.2299462371711,10259630.0,-0.2121020056346845,-0.0021232726050842065,1436.017613002232,1.0109816637629785,1.0129459092826398,1411.7156633649554,1452.895731608073,0,1.420592684524399,1.1519161966974403,1,2,1,0,0,12225311.285714285,0.8392121689358328,1
2026-02-11,1461.9405517578125,1463.234617369774,1446.91007080626,1452.882456999606,7106877.0,0.699350031779078,0.006969159214890572,1447.1518380301338,1.0102191859479024,1.0112823505018647,1416.273158482143,1450.5366373697916,0,1.3509638949221843,1.1502744927495194,2,2,1,0,0,10996127.285714285,0.6463072693995604,0
2026-02-12,1442.231689453125,1466.2207486838624,1438.8473131178023,1463.2345557130195,11135399.0,-1.348130215075427,-0.01357299997455974,1448.829799107143,0.9954459042338278,1.019024558976133,1419.5721871512276,1446.5052734375,1,0.9824491531775132,1.230168274512386,3,2,1,0,0,8950302.714285715,1.2441365790038164,0
2026-02-13,1413.0665283203125,1444.0233720001163,1409.7817888672505,1438.8473526451965,10755693.0,-2.022224400288386,-0.020429512630679544,1443.5399518694196,0.9788897955268621,1.024288569623515,1421.9540318080358,1441.329207356771,1,1.0937777343933113,1.3229349883152286,4,2,1,0,1,9296346.42857143,1.156980657147566,1
2026-02-16,1430.4859619140625,1432.9744560797708,1402.8139796964888,1413.564201587246,5896514.0,1.2327398069824858,0.01225203442456923,1442.644077845982,0.9915723385146578,1.02149998276308,1425.978280203683,1436.1796793619792,1,1.2079920600639575,1.3396851227888367,0,2,1,1,0,8458183.0,0.6971371983793683,0
2026-02-17,1416.450927734375,1425.2104761017015,1412.071153550712,1424.5136248062845,10731630.0,-0.9811374982602317,-0.009859823681494054,1438.69091796875,0.984541509259143,1.0093050003308615,1427.8482142857142,1431.0334757486978,1,1.2226080995386008,1.3547653802215727,1,2,1,0,0,8808801.0,1.2182849856637696,1
2026-02-18,1434.666748046875,1435.4629932986809,1412.6683617554224,1420.4325123887006,5521096.0,1.2860184532927255,0.01277819454916297,1435.8042689732142,0.9992077465216392,1.01613586894162,1431.4245431082588,1428.833650716146,1,1.311387759910343,1.3773412196813333,2,2,1,0,0,8772405.57142857,0.6293708099842105,0
2026-02-19,1403.0130615234375,1436.3588845536149,1393.5567833507007,1436.3588845536149,11884664.0,-2.2063441957186347,-0.022310480128286934,1428.8364955357142,0.9819269495894317,1.0307142857142855,1432.4270542689733,1425.6915161132813,1,1.5169385759408138,1.5267158901348805,3,2,1,0,0,9004553.285714285,1.3198504826280508,1
2026-02-20,1412.8675537109375,1420.8307355027323,1399.628715378674,1403.013091941889,8177670.0,0.7023806447532088,0.006999254417788575,1421.8260672433037,0.9936992901320657,1.0151483174724105,1434.4889526367188,1423.9927083333334,0,1.5173306871669148,1.5294673136407972,4,2,1,0,1,9157523.714285715,0.8930001444869703,1
2026-02-23,1421.4278564453125,1428.2961245911818,1411.772547760535,1418.4416634695872,7758856.0,0.6058814721798367,0.006040533906767389,1418.8540910993304,1.0018139746448402,1.0117041352425062,1433.8419451032366,1422.4232950846354,0,1.5100100294817713,1.234977236138966,0,2,1,1,0,8675160.42857143,0.8943760825962823,1
2026-02-24,1422.2242431640625,1426.7035326906043,1408.4877066792656,1418.7403513100855,12529409.0,0.05602723452611258,0.0005601154513101862,1420.1623360770088,1.0014518812636233,1.0129328966983215,1431.8511439732142,1420.618310546875,0,1.277923470686471,1.1677430116516758,1,2,1,0,0,8928548.42857143,1.4032974228941613,0
2026-02-25,1392.063720703125,1433.8704252219177,1387.0867320699354,1428.395737725409,10728792.0,-2.120658722132207,-0.021434677331364452,1414.6734444754463,0.984017708213428,1.0337280229637604,1428.6587611607142,1418.8166422526042,0,1.404518832328175,1.2697004439190875,2,2,1,0,0,9618873.857142856,1.1153896141420891,1
2026-02-26,1400.3255615234375,1406.397463315574,1385.4941111892442,1392.0637118415314,16683858.0,0.593495879350936,0.0059174163006636095,1412.3698207310267,0.9914723048943688,1.0150872904890136,1425.5303693498884,1417.091288248698,0,1.4181667567968939,1.2734557836716605,3,2,1,0,0,10469192.142857144,1.5936146526246497,0
2026-02-27,1387.48486328125,1403.9089251530934,1381.711508080472,1391.5659695052796,12031440.0,-0.9169794935556141,-0.009212096300274811,1405.6295514787946,0.9870914152463176,1.0160651604497808,1420.7169102260045,1414.9379109700521,0,1.283165320599044,1.2547305053911535,4,2,1,0,1,11399241.285714285,1.055459718628642,0
2026-03-02,1351.75,1372.2551671563265,1335.3259388807069,1369.1694587628867,23728722.0,-2.5755137390645833,-0.02609260795212117,1398.3062569754463,0.966705250195942,1.0276555911933938,1413.5713762555804,1411.6232340494792,0,1.3710280837807929,1.3893008803295004,0,3,1,1,0,13091249.57142857,1.8125635654970271,0
2026-03-04,1338.8099365234375,1346.5740873609554,1300.9848230751916,1323.8789706886037,32495007.0,-0.9572822989874274,-0.009618936989953608,1387.726597377232,0.9647505056498551,1.0350421184606924,1404.776332310268,1409.3470947265625,0,1.263231660696622,1.3492971645012952,2,3,1,0,0,16565154.857142856,1.961648247796985,1
2026-03-05,1383.005615234375,1392.5614090361375,1346.872629427245,1346.872629427245,25957532.0,3.301116723536035,0.032478000568284794,1382.2377057756696,1.000555555282204,1.0339221234515112,1400.5458984375,1409.1944702148437,0,1.964687361738254,1.6859162609537832,3,3,1,0,0,19164965.714285713,1.3544262164085719,1
2026-03-06,1398.334716796875,1417.7449716586152,1383.9014503612218,1390.0728674061677,19311971.0,1.1083904066363504,0.011022927758322568,1378.824916294643,1.0141495851080653,1.0244551527051002,1399.4936261858259,1409.2011067708333,0,2.0418482745844306,1.6450203063593407,4,3,1,0,1,20133903.14285714,0.9591767111908087,1
2026-03-09,1417.4462890625,1422.8214608086796,1363.6948146177142,1368.6718029922313,24870822.0,1.3667380231682458,0.013574823971311888,1382.4509974888392,1.0253139472120374,1.0433576820540602,1398.562220982143,1409.9144734700521,0,1.9239721612634657,1.6535027188118643,0,3,1,1,0,22154193.14285714,1.1226236875170847,0
2026-03-10,1402.3162841796875,1424.9117626543534,1394.1539503917586,1424.015880450879,18071259.0,-1.0674129241834973,-0.010731506425624272,1382.735386439732,1.0141609869335682,1.0220619912556657,1397.5526035853795,1410.6676595052083,0,1.9796535347634836,1.6573853310559101,1,3,1,0,0,22352393.285714287,0.8084708768769554,0
2026-03-11,1383.8017578125,1427.4002232775151,1377.2321576556008,1418.34212900751,21848087.0,-1.320281777802923,-0.013290749801248631,1382.209228515625,1.0011521622515756,1.0364267312108897,1393.91938999721,1410.989501953125,0,2.017551159409815,1.6409961413988083,2,3,1,0,0,23754771.42857143,0.9197346758606091,1
2026-03-12,1385.7926025390625,1404.4066120742225,1374.7437125844203,1383.6027762448114,20939959.0,0.14386776973818183,0.0014376437921421565,1387.0724574497767,0.9990772977259837,1.021577039573462,1392.6893572126116,1410.840193684896,0,1.6766108300781668,1.542157546210325,3,3,1,0,0,23356376.714285713,0.8965414137712665,0
2026-03-13,1374.3455810546875,1394.3531723993444,1372.0562392077015,1378.8248707870416,17265090.0,-0.8260270305528894,-0.008294575381705669,1392.1489780970983,0.9872115719491847,1.01625074290287,1389.937787737165,1410.4984415690103,0,1.6599719826975703,1.5368176309164605,4,3,1,0,1,21180674.285714287,0.815134106077292,1
2026-03-16,1388.6793212890625,1390.8692691567512,1357.224777946389,1373.6488401657623,22837802.0,1.0429502180503425,0.010375490143813606,1392.959507533482,0.9969272715960003,1.0247891813920975,1387.5986066545759,1410.4884887695312,0,1.1358608645586628,1.5584360171872103,0,3,1,1,0,20734998.57142857,1.1014132420278508,1
2026-03-17,1391.167724609375,1399.429573667814,1381.810962442932,1392.5613056143347,19007744.0,0.17919207711702967,0.001790317196511928,1391.9356515066963,0.9994483028748563,1.012750377369806,1385.3802839006696,1410.7273803710937,0,1.0440556136343337,1.5600663838051885,1,3,1,0,0,20691537.57142857,0.9186240478448736,1
2026-03-18,1401.6195068359375,1406.3974645008152,1390.7696473738065,1390.7696473738065,9559327.0,0.7512956232144763,0.007484874539781199,1389.6746826171875,1.0085954103993995,1.0112368120461348,1386.0628400530134,1409.7651652018228,0,0.9217827286839274,1.4664979380701773,2,3,1,0,0,18504181.14285714,0.516603621970596,0
2026-03-19,1378.4267578125,1409.1844489610974,1369.7667250791762,1381.6119817895922,16498373.0,-1.6547107763784985,-0.01668554038231336,1386.2618931361608,0.9943480121884218,1.0287769611863236,1384.4986397879463,1407.3762084960938,0,1.0379102198746657,1.5253577492974073,3,3,1,0,0,18279483.14285714,0.9025623356559113,1
2026-03-20,1407.8905029296875,1423.4186824363833,1389.6746767818197,1391.5659566755692,22994918.0,2.13749079885428,0.021149668636858708,1389.7031424386162,1.0130872270024205,1.024281946140594,1385.9561854771205,1406.4139892578125,0,1.2412789977621372,1.615562935050748,4,3,1,0,1,18443316.14285714,1.2467886914634727,0
2026-03-23,1401.3209228515625,1409.084951963176,1384.598192981382,1393.5567722314413,18979554.0,-0.4666257826481779,-0.004677178794144283,1391.9214739118304,1.0067528586316843,1.0176851010682515,1389.4969656808037,1404.9872517903646,0,1.2713433213109397,1.4332950208696194,0,3,1,1,0,18163258.285714287,1.0449421409664004,1
2026-03-24,1405.302490234375,1415.8536813182018,1400.1263494042955,1413.4647025895886,18620893.0,0.28412958929566745,0.0028372670414163665,1396.3438895089287,1.0064157553112485,1.011232794754986,1394.2464338030134,1403.334891764323,0,1.1938145874459465,1.3894540473803638,1,3,1,0,0,18356944.42857143,1.0143786768247636,1
2026-03-25,1406.596435546875,1423.9163794589117,1401.9181150601291,1413.464703831985,19041331.0,0.09207592824262978,0.0009203356436245065,1398.9034772600446,1.0054992774068288,1.015691547289721,1395.9314923967634,1401.828523763021,0,1.151842542869607,1.1009145582701954,2,3,1,0,0,17814591.42857143,1.068861504702325,0
2026-03-27,1341.8956298828125,1398.235116023098,1338.809921280448,1394.552193095842,23266517.0,-4.599812997457741,-0.04708964734140841,1391.8646065848213,0.964099254722328,1.044386580796933,1391.9001290457588,1397.8270263671875,0,2.145933146070094,1.636195230999098,4,3,1,0,1,18422987.57142857,1.262906839066811,0
2026-03-30,1337.7149658203125,1358.7178325566667,1327.960019957529,1328.855902170806,24393861.0,-0.3115491227037581,-0.0031203544733915027,1382.735386439732,0.9674410439908259,1.023161700756715,1386.20503452846,1394.343135579427,0,2.0797389267555477,1.5661492618738366,0,3,1,1,0,20542206.714285713,1.1874995388414489,1
2026-04-01,1362.8984375,1378.028554948465,1356.627505100946,1377.8294025098971,14404619.0,1.882573816032962,0.018650727016000377,1380.517054966518,0.9872376676527584,1.0157751849841246,1383.3894740513392,1392.6708658854166,0,2.218766901505739,1.6649394773859696,2,4,2,0,0,20243099.0,0.711581709895308,0
2026-04-02,1344.2845458984375,1351.9490593116357,1321.8880984473344,1350.7546307176451,21280051.0,-1.3657577915861752,-0.013751700607661102,1371.4304896763392,0.9802061103481021,1.0227409270872552,1380.5668160574776,1389.7974853515625,0,2.0040836534955035,1.6673560716237064,3,4,2,0,0,19998118.0,1.064102682062382,0
2026-04-06,1298.6953125,1352.7454554606609,1284.0630151171836,1352.7454554606609,29274881.0,-3.3913380569266627,-0.03450178064181,1356.7696881975446,0.9571965852401259,1.0534883720930233,1374.3455810546875,1385.8722981770834,0,2.2513613835815094,1.867941850734621,0,4,2,1,0,21468879.0,1.3635961616812875,0
2026-04-07,1298.5958251953125,1302.2788696189978,1285.058440671965,1289.040031502862,28388922.0,-0.007660557771316245,-7.660851207029054e-05,1341.52587890625,0.9679990864239321,1.0134005025779436,1368.9348842075892,1381.336600748698,0,2.2249044861009706,1.867944539948529,1,4,2,0,0,22864311.714285713,1.2416259170514408,1
2026-04-08,1341.5970458984375,1344.3840865060406,1320.0963587364663,1342.7914745147666,21817543.0,3.3113629251547483,0.032577183363482205,1332.2402518136162,1.0070233533869613,1.0183984506955397,1365.5718645368304,1379.2894002278647,0,2.7767212242429316,2.0871135393702387,2,4,2,0,0,23260913.42857143,0.9379486780257505,0
2026-04-09,1323.87890625,1343.7868597274437,1320.195983460075,1339.8052690319548,20725390.0,-1.3206752133664734,-0.013294736804403419,1329.6664341517858,0.9956473836195785,1.0178692228751824,1360.7655203683037,1376.3231119791667,0,2.217739917452749,2.1031662045879647,3,4,2,0,0,22897895.285714287,0.905122053419919,1
2026-04-10,1343.9859619140625,1346.0763943468285,1325.3720730291864,1330.8467605257397,19364461.0,1.518798703502089,0.015073804246197876,1330.562290736607,1.0100887205889655,1.0156215162058768,1356.6488385881696,1373.7417154947916,0,2.3047216836550435,2.1432197906844057,4,4,2,0,1,22179409.57142857,0.8730827995054126,0
2026-04-13,1309.0474853515625,1321.4899565481755,1303.970981405046,1315.119386993808,28753269.0,-2.599616182950437,-0.026340034720573974,1322.8692975725446,0.9895516418391862,1.0134350958671279,1351.6931762695312,1369.9691569010417,0,2.3458370888832274,2.20392864304598,0,4,2,1,0,24229216.714285713,1.186718883200499,1
2026-04-15,1337.9140625,1340.8007402141902,1328.059600686701,1330.8467629297493,15313779.0,2.205158901526394,0.021811968996033236,1321.959228515625,1.0120690817388447,1.0095938010017782,1346.694859095982,1368.164168294271,0,2.5207968222289754,2.209859126279055,2,4,2,0,0,23376892.14285714,0.6550819033777832,0
2026-04-16,1337.1177978515625,1347.5694738488123,1323.8789596516422,1345.7777093601655,30211012.0,-0.059515380752450664,-0.000595330981852617,1327.4481549944196,1.007284384569568,1.0178947735549813,1342.108921595982,1366.0572428385417,0,2.053993238566909,2.2107521238728025,3,4,2,0,0,23510625.14285714,1.2849939895868117,1
2026-04-17,1358.7178955078125,1362.1022720767137,1333.832952366644,1333.832952366644,13869105.0,1.6154221932395352,0.016025130877408516,1336.0370221819196,1.0169762311592625,1.0211940480701958,1338.781450544085,1365.0983439127604,0,2.086987936309065,2.266280249401314,4,4,2,0,1,21436365.57142857,0.6469895726393758,0
2026-04-20,1357.0257568359375,1366.6810660920328,1346.5740808024586,1356.9261198573818,13614733.0,-0.12453936740434157,-0.0012461698212178662,1338.2411237444196,1.0140368075365658,1.014931956270532,1335.240687779018,1365.2742024739584,0,1.7360108696247534,2.264750635294687,0,4,2,1,0,20264535.57142857,0.6718502356992441,0
2026-04-21,1347.07177734375,1363.4958396538184,1343.8864317482064,1352.7454957201878,27293629.0,-0.733514411354752,-0.007362178565324447,1341.5543910435267,1.0041126817794779,1.0145915662531861,1335.6104125976562,1365.5495971679688,0,1.6643227934652027,1.8970374339770788,1,4,2,0,0,21202855.42857143,1.2872619488420927,1
2026-04-22,1355.8311767578125,1359.7132520720183,1342.8910067161314,1344.085556855853,9525953.0,0.6502548387833373,0.006481498024790304,1343.2465645926338,1.0093688027923564,1.0125268880882772,1336.9044276646205,1364.6437825520834,0,1.58536664916314,1.9005744882325895,2,4,2,0,0,19797354.285714287,0.4811730326447661,0
2026-04-23,1337.21728515625,1349.261572940554,1334.529638479888,1339.8052948565,16385079.0,-1.3728767947403075,-0.013823878990308855,1347.2708217075892,0.9925378503049618,1.011039046294578,1335.070059640067,1362.606534830729,0,1.2687181857884948,1.8662454916345974,3,4,2,0,0,18030470.0,0.9087438652458866,0
2026-04-24,1321.6890869140625,1339.7057606040942,1318.9019248091768,1333.8328899956955,11744802.0,-1.1612322406057696,-0.01168027196892668,1344.9529680524554,0.9827028292505425,1.0157736033313678,1333.45609828404,1359.4146280924479,0,1.0505414536027033,1.8565153968189751,4,4,2,0,1,17520616.14285714,0.6703418363964418,1
2026-04-27,1359.51416015625,1365.2873936261717,1304.9663202853897,1306.9571155871215,24673098.0,2.861873765675349,0.02821687085302721,1348.1524483816963,1.0084276164674049,1.046224237670433,1337.800301688058,1357.987890625,0,1.5588094618927828,1.7544600599982918,0,4,2,1,0,16729485.57142857,1.4748270587673011,1
2026-04-28,1382.5078125,1388.7787447541257,1350.75460334444,1351.7500009887617,41027699.0,1.6913139279922884,0.016771704647915515,1351.5510079520088,1.0229046512975486,1.0281502956314483,1343.7940150669642,1357.9447591145833,0,1.5701286437757183,1.7868978775372297,1,4,2,0,0,20609284.714285713,1.990738619451498,1
2026-04-29,1418.83984375,1427.2012083655534,1384.896807968084,1385.5935377241706,30542143.0,2.6279801764230504,0.025940420840798166,1360.381591796875,1.0429719516241835,1.030546969387227,1349.3113577706474,1359.0463338216146,1,1.7877268422454187,1.7108181396059892,2,4,2,0,0,23027486.14285714,1.3263342255652086,1
2026-04-30,1424.215087890625,1430.386505071105,1386.6885214286783,1402.515369272921,30957881.0,0.3788478427852793,0.0037813202169092656,1371.402064732143,1.0385102403712636,1.0315124723159932,1356.478227887835,1360.708650716146,1,1.6908609757044144,1.636948855162659,3,4,2,0,0,23550950.714285713,1.3145066360833295,0
2026-05-01,1424.215087890625,1424.215087890625,1424.215087890625,1424.215087890625,0.0,0.0,0.0,1381.1711948939733,1.0311647775133017,1.0,1362.2088797433037,1361.8931762695313,1,1.7187876914324796,1.6169827196291804,4,5,2,0,1,22190100.285714287,0.0,1
2026-05-04,1456.3663330078125,1460.6465916696056,1426.803070277682,1426.803070277682,24035700.0,2.2574711776720546,0.022323674017795506,1398.1924874441963,1.04160646412137,1.0237198265807887,1372.731654575893,1364.0664632161458,1,1.5188215883438283,1.4275928229761383,0,5,2,1,0,23283046.14285714,1.0323262623165723,1
2026-05-05,1456.864013671875,1466.6189594959255,1443.3266295857377,1453.280606341501,23543341.0,0.03417276634201105,0.00034166928782079667,1417.5031912667412,1.0277677134327714,1.0161379478717671,1381.2280796595983,1365.9079467773438,1,1.2471958787809299,1.3772031070677304,1,5,2,0,0,24968551.714285713,0.942919768411306,0
2026-05-06,1431.2823486328125,1466.519450812893,1420.9301884572374,1456.2668061036345,14221786.0,-1.7559404857963812,-0.01771540002643879,1427.7557896205358,1.0024700015492243,1.032084097252627,1387.9541190011162,1367.6697998046875,1,1.5371897407621447,1.5097443570257802,2,5,2,0,0,23475507.14285714,0.6058137919430312,0
2026-05-07,1429.590087890625,1442.828925531327,1423.717338832762,1432.1782190445704,19816903.0,-0.11823388612344221,-0.001183038375255249,1434.4818289620537,0.9965898898315302,1.0134237226570788,1393.0164184570312,1368.3931193033854,1,1.5038472522330386,1.4818649335742926,3,5,2,0,0,20445393.42857143,0.9692600472195784,0
2026-05-08,1428.5947265625,1436.1598462687914,1410.9762359236815,1419.4371163507371,8663105.0,-0.06962564559982454,-0.0006964989550920782,1435.8753836495537,0.9949294645134534,1.0178483589616403,1398.1284877232142,1369.30224609375,1,1.1738528743322805,1.4805159701446406,4,5,2,0,1,17319816.57142857,0.500184569754104,0
2026-05-11,1381.81103515625,1421.427912122738,1375.6396180347506,1413.4647305422184,15261787.0,-3.27480499097329,-0.03329626928541102,1429.817661830357,0.9664246512295476,1.0332850940665703,1400.60986328125,1368.519197591146,1,1.7175551429789864,1.7571991087844807,0,5,2,1,0,15077517.42857143,1.0122214795838596,0
2026-05-12,1357.722412109375,1387.0866431630602,1354.0394893602804,1385.593546668805,24357500.0,-1.7432646312707356,-0.0175863842171055,1420.3187081473213,0.955927993006867,1.0244063441741962,1400.7449515206474,1366.8900634765625,1,1.772331744660404,1.8247803150534931,1,5,2,0,0,18557160.285714287,1.312566126766224,0
2026-05-13,1352.54638671875,1366.0837705701026,1346.1758174038478,1355.1343963286624,13797989.0,-0.381228544543466,-0.0038195707272034207,1405.4872872488838,0.9623327076591629,1.014788523838326,1401.83988734654,1367.2450887044272,1,1.250366070505979,1.7851442181866952,2,5,2,0,0,17094630.14285714,0.8071534092690144,1
2026-05-14,1355.5325927734375,1371.6579863902991,1352.148216400817,1358.9168476375537,17303059.0,0.22078400297471656,0.002205406332433297,1391.0113699776787,0.9744942579406735,1.0144287214617742,1404.25728062221,1367.8390096028645,1,1.278852900112384,1.7480862708412621,3,5,2,0,0,16203161.285714285,1.067881674130804,0
2026-05-15,1330.24951171875,1358.518830724615,1323.082575367519,1350.5556491178086,19976192.0,-1.8651769193507861,-0.018827907067700874,1376.5781075613838,0.9663451019683109,1.026783101838714,1402.16694859096,1366.750712076823,1,1.289983939942159,1.6469335651074937,4,5,2,0,1,17025219.285714287,1.1733294981264557,0
2026-05-18,1329.7518310546875,1335.8237328112184,1312.630917460794,1327.860551095503,13022473.0,-0.03741258009706261,-0.0003741958034884785,1362.3154994419642,0.9760968230922898,1.0176689540387251,1398.3986642020088,1366.266288248698,0,1.2998607758350702,1.5614369612597965,0,5,2,1,0,16054586.42857143,0.8111372446707596,0
2026-05-19,1316.6124267578125,1337.8144453658963,1312.3322897558653,1332.5387892026445,21665501.0,-0.9881095096107906,-0.009930237102117835,1346.3180280412946,0.9779356729503952,1.019417456850636,1391.0967058454241,1366.863525390625,0,1.2323623719338321,1.3274083255190505,1,5,2,0,0,17912071.57142857,1.2095474782804296,1
2026-05-20,1353.442138671875,1356.6274840630256,1306.558933569541,1312.6308349443716,13248515.0,2.7973085446836077,0.027588985218283305,1342.2653285435267,1.0083268262173442,1.0383209277492722,1386.041495186942,1368.6917358398437,0,1.5782300249309242,1.5861563180076976,2,5,2,0,0,17624461.285714287,0.7517117706592676,0
2026-05-21,1343.388671875,1364.590690861155,1339.0088978228712,1360.9076465750106,17150630.0,-0.7428072844503308,-0.007455798361025863,1340.2176513671875,1.002366048905995,1.019105020944878,1380.2681797572545,1368.7514567057292,0,1.4654648961956842,1.5859097603056906,3,5,2,0,0,16594908.42857143,1.033487474415453,1
2026-05-22,1348.26611328125,1361.106767233248,1342.8909416840763,1343.7868238683554,7105813.0,0.36307001155833074,0.0036241250338794172,1339.6061837332588,1.0064645338705869,1.0135646350598864,1372.5467354910713,1369.564363606771,0,1.4722325135724172,1.4126383844278034,4,5,2,0,1,15638883.285714285,0.4543683119939245,1
2026-05-25,1360.7086181640625,1364.7897243191817,1350.7546414401118,1360.5095872329855,6750071.0,0.9228523034322533,0.009186200399962478,1340.3456159319196,1.0151923518755905,1.0103905494369476,1365.6784929547991,1370.1217854817708,0,1.5159114880989732,1.4596133966225702,0,5,2,1,0,14131313.57142857,0.47766762558065706,0
2026-05-26,1350.0579833984375,1362.2017870434288,1346.1759079681497,1353.8404218493883,13769747.0,-0.782727074955647,-0.007858064626510279,1343.1753976004463,1.005124115443364,1.011904743637455,1359.876752580915,1371.4888020833334,0,1.3301146725026172,1.416536984804661,1,5,2,0,0,13244678.57142857,1.039643727534778,0
2026-05-27,1344.2845458984375,1354.736221375619,1342.393266034199,1346.7730400596713,13215138.0,-0.4276436694568342,-0.004285606802899601,1345.251499720982,0.9992812096305076,1.009194738720557,1353.7834995814733,1371.701151529948,0,1.3506655457144394,1.4140950536850199,2,5,2,0,0,13272202.142857144,0.9957004766622053,0
2026-05-28,1344.2845458984375,1344.2845458984375,1344.2845458984375,1344.2845458984375,0.0,0.0,0.0,1349.2046595982142,0.996353322926381,1.0,1347.7613438197545,1371.9400431315105,0,1.2588059171281525,1.4155785767107407,3,5,2,0,0,10177130.57142857,0.0,0
2026-05-29,1315.119384765625,1362.6994431442622,1310.938763054049,1357.7224546740497,42634247.0,-2.1695675384946322,-0.021934486987735678,1343.72998046875,0.9787080766828284,1.0394836750189826,1342.9976545061384,1370.4867594401042,0,0.9906353723537398,1.2674437494599402,4,5,2,0,1,14375092.285714285,2.965841620534789,0
2026-06-01,1313.9249267578125,1329.353590670499,1312.431830250133,1326.3673976551404,10700603.0,-0.09082506285353897,-0.0009086633380522158,1339.5208740234375,0.9808917145212198,1.0128934395146,1339.8692626953125,1369.0500651041666,0,0.984238841357651,1.2025205826010665,0,6,2,1,0,13453659.857142856,0.7953674400589817,0
2026-06-02,1308.5498046875,1321.689127358814,1294.3156903458798,1301.6815361898257,23302785.0,-0.4090889791988239,-0.0040992803727456,1333.8471156529017,0.9810343249473392,1.0211489648291439,1336.7266496930804,1367.7659993489583,0,0.9381455236242779,1.20281801858926,1,6,2,0,0,15767513.0,1.4778985753809113,0
2026-06-03,1307.15625,1317.906594083847,1295.0124463014238,1308.9480145168118,20012293.0,-0.1064961136754583,-0.0010655286107936225,1326.19677734375,0.9856427585490847,1.0176787086856265,1333.271196637835,1366.1435017903646,0,0.7549138326403397,1.1965630189149357,2,6,2,0,0,17662116.14285714,1.1330631526898496,0
2026-06-04,1297.699951171875,1305.1654340270677,1287.1487597049047,1295.0124259474096,23474327.0,-0.7234252850892964,-0.007260546946886467,1318.7170584542412,0.9840624589273139,1.0139973520436703,1330.9462280273438,1364.8262573242187,0,0.7524506209895974,1.1142819123964978,3,6,2,0,0,19048484.714285713,1.2323461604478732,0
2026-06-05,1291.0,1306.0,1288.0,1304.5,17785223.0,-0.5162943225685335,-0.005176317269875239,1311.10498046875,0.9846656211605862,1.013975155279503,1328.1782400948662,1363.8032877604167,0,0.7505756037688744,1.1172100102598426,4,6,2,0,1,19701354.0,0.9027411516995227,0
2026-06-08,1263.300048828125,1282.5999755859375,1259.199951171875,1277.0,16494759.0,-2.1456197654434517,-0.021689728359400744,1299.5357666015625,0.9721164136419284,1.0185832475551522,1324.3702130998884,1360.5961507161458,0,0.9004107926799645,1.2178947272296277,0,6,2,1,0,22057748.14285714,0.7477988638355825,1
2026-06-09,1269.199951171875,1274.199951171875,1257.5,1269.0,23620214.0,0.46702304406802675,0.004659358750221434,1292.9758475167412,0.9816114922869367,1.0132802792619284,1318.3529139927455,1356.8192220052083,0,0.818925032371219,0.8746771128701689,1,6,2,0,0,19341457.714285713,1.2212220169193335,0
2026-06-10,1258.800048828125,1300.5,1254.4000244140625,1275.0,21012796.0,-0.819406141179535,-0.008227817257789666,1285.100864955357,0.9795340452687769,1.036750617577093,1312.3108694893974,1351.4845621744792,0,0.8038910870666987,0.8768568362050368,2,6,2,0,0,20814628.14285714,1.0095206052100845,1
2026-06-11,1263.0,1276.0,1253.199951171875,1258.0,13117486.0,0.3336472043979466,0.0033309183708176144,1278.59375,0.9878039838689967,1.0181934645040518,1306.2204328264509,1346.1107259114583,0,0.8798863213745194,0.8747654821030338,3,6,2,0,0,19359585.42857143,0.6775706044118507,1
2026-06-12,1293.0,1297.0,1262.5,1277.0,11988785.0,2.375296912114022,0.02347525642136645,1276.5714285714287,1.0128692927484333,1.0273267326732674,1301.3841029575892,1341.7368896484375,0,1.4074375729834205,1.1069519475908947,4,6,2,0,1,18213370.0,0.6582408966599811,1
2026-06-15,1307.0,1325.0,1303.300048828125,1315.300048828125,18633321.0,1.0827532869296164,0.010769334852364422,1277.9000069754463,1.0227717292947107,1.0166500041117827,1298.3085327148438,1336.7580118815104,0,1.4490891184913715,1.162791454650011,0,6,2,1,0,17521797.714285713,1.0634366007323581,1
2026-06-16,1328.800048828125,1333.4000244140625,1306.4000244140625,1313.4000244140625,18513223.0,1.66794558746175,0.0165418814208928,1283.300013950893,1.0354554931680795,1.0206674827735938,1297.2024972098213,1332.4892130533854,0,1.5246819099638154,1.2650778661544262,1,6,2,0,0,17625797.714285713,1.0503480920466386,1
2026-06-17,1332.699951171875,1334.0,1317.0,1333.0,10029170.0,0.2934905328449755,0.0029306069020688568,1293.2142857142858,1.0305329641759873,1.0129081245254365,1296.3750261579241,1329.2031331380208,0,1.0421575787994093,1.268847564782859,2,6,2,0,0,16702142.142857144,0.6004720780255774,0
2026-06-18,1328.0999755859375,1333.9000244140625,1322.0,1330.0,15494549.0,-0.3451621335989863,-0.003457591923677681,1301.6285749162946,1.0203371385507154,1.0090015313268248,1297.302211216518,1325.8201293945312,0,1.1237293390259644,1.1198302289483542,3,6,2,0,0,15541332.857142856,0.9969897139728685,0
2026-06-19,1309.5,1338.199951171875,1305.300048828125,1328.0,24887034.0,-1.4004951380058195,-0.014103946075739332,1308.8714250837054,1.0004802419124204,1.0252048579736797,1296.9861450195312,1321.8503051757812,0,1.2636024364836371,1.1874962973212337,4,6,2,0,1,16094795.42857143,1.5462783674665797,1
2026-06-22,1326.5,1344.9000244140625,1314.0999755859375,1316.699951171875,12931213.0,1.298205421916765,0.012898509630027784,1317.9428536551338,1.0064928052996638,1.023438132105886,1298.268301827567,1320.0066040039062,0,1.2856153251773348,1.231061288396267,0,6,2,1,0,16068185.0,0.8047712296068287,0
2026-06-23,1309.5,1333.0,1304.0,1328.9000244140625,15400184.0,-1.2815680361854542,-0.012898509630027795,1320.2999965122767,0.9918200435198015,1.022239263803681,1298.4357125418526,1318.399190266927,1,1.2383938183735073,1.2854042687809097,1,6,2,0,0,16555527.714285715,0.9302140207050741,1
2026-06-24,1313.5999755859375,1322.0,1297.5,1305.699951171875,11030917.0,0.31309473737590743,0.00312605616478306,1321.2428501674108,0.9942153900166765,1.0188824662813103,1299.5714285714287,1317.1009765625,1,1.178415123751943,1.2690083883132472,2,6,2,0,0,15469470.0,0.713076595384328,1
2026-06-25,1318.0999755859375,1328.0,1314.5999755859375,1318.0,12694362.0,0.342570042907675,0.003419846083707603,1319.7142682756696,0.998776786211578,1.0101932334268375,1301.5071411132812,1315.85322265625,1,0.968066166234826,1.2579213794807846,3,6,2,0,0,14638204.142857144,0.8672076079902424,0
2026-06-26,1318.0999755859375,1318.0999755859375,1318.0999755859375,1318.0999755859375,0.0,0.0,0.0,1317.6285574776787,1.0003577776950745,1.0,1305.421421595982,1315.4482381184896,1,0.9538584427746012,1.073079331136703,4,6,2,0,1,13205465.57142857,0.0,0
2026-06-29,1301.0,1313.699951171875,1292.5999755859375,1308.0,13757656.0,-1.297320074551711,-0.013058087683752058,1313.7571323939733,0.9902895808674114,1.0163236701102156,1307.6928536551338,1314.48984375,0,1.0489250101927658,1.1536825445340846,0,6,2,1,0,12957338.0,1.0617656188331277,0
2026-06-30,1293.9000244140625,1306.9000244140625,1290.0,1306.9000244140625,15695263.0,-0.5457321741689114,-0.0054722673220130545,1311.528564453125,0.986558782998056,1.0131007941194283,1310.199994768415,1313.732763671875,0,0.9423544551043009,1.1375961812844506,1,6,2,0,0,11644227.857142856,1.3479007103396847,1
2026-07-01,1308.0,1312.199951171875,1296.5,1298.9000244140625,7001401.0,1.0897268196839782,0.010838320826651824,1308.885707310268,0.9993233119551073,1.0121094879844774,1313.4142804827009,1312.2180257161458,0,0.8901697959942189,1.1619803628440668,2,7,3,0,0,10797111.857142856,0.6484512796232824,0
2026-07-02,1303.5,1313.199951171875,1299.0,1310.0,17795024.0,-0.34403669724770714,-0.0034462986435875977,1308.028564453125,0.9965378703675188,1.0109314481692648,1314.1642804827009,1310.8884033203126,0,0.7609468209795878,0.9960084169957211,3,7,3,0,0,11139231.857142856,1.597509076767194,1
2026-07-03,1304.0,1312.0,1302.0,1312.0,7839550.0,0.03835826620637306,0.000383509113041898,1306.6571393694196,0.997966460145236,1.0076804915514592,1313.949994768415,1309.4128662109374,0,0.7452325161005844,0.951838406365411,4,7,3,0,1,10683322.285714285,0.7338119912831824,1
2026-07-06,1321.300048828125,1325.5999755859375,1299.4000244140625,1304.0,7610709.0,1.3266908610525263,0.0131796738881813,1307.114292689732,1.0108527281950241,1.0201631142678247,1313.4142804827009,1308.099247233073,0,0.9163398342586307,0.9089033090913478,0,7,3,1,0,9957086.142857144,0.7643510250696837,0
2026-07-07,1308.4000244140625,1328.0,1304.0999755859375,1323.5,14335554.0,-0.9763130203093273,-0.009811102051071788,1305.7285853794642,1.0020459374670287,1.0183268344923664,1311.6785714285713,1306.7106486002604,0,0.9941294390697395,0.9363734286851788,1,7,3,0,0,12005022.42857143,1.194129714067173,0
2026-07-08,1275.9000244140625,1302.300048828125,1271.5999755859375,1297.0,19960868.0,-2.483949816078179,-0.025153204261233,1302.1428745814733,0.979846412648193,1.0241428702670754,1307.9500034877233,1304.4311645507812,0,1.2894004510695871,1.1292609948071255,2,7,3,0,0,12891195.57142857,1.5484109204145744,1
2026-07-09,1279.800048828125,1296.5,1274.199951171875,1277.0999755859375,14651963.0,0.30566849591946443,0.0030520227958184725,1300.1285923549108,0.9843642054745024,1.0175012162004995,1305.828578404018,1302.2816813151042,0,1.2992568964791462,1.0904393108951396,3,7,3,0,0,12742152.714285715,1.1498812899623407,1
2026-07-10,1307.800048828125,1311.0999755859375,1287.800048828125,1291.9000244140625,8412537.0,2.187841766816523,0.021642519604961316,1300.1000279017858,1.005922637305659,1.018092814004018,1304.4928676060267,1302.037703450521,0,1.521117970693332,1.2020492340148752,4,7,3,0,1,12943743.57142857,0.6499307525351051,0
2026-07-13,1296.9000244140625,1306.4000244140625,1295.0,1300.0,9488352.0,-0.8334626095043873,-0.008369553296620655,1299.1571742466517,0.9982626044967207,1.0088031076556467,1303.5928693498884,1301.4702067057292,0,1.550938735202075,1.1736435442093944,0,7,3,1,0,11757076.142857144,0.8070333035790129,0
2026-07-14,1293.0,1308.0,1286.9000244140625,1290.0,13511284.0,-0.30071897144303694,-0.003011720394776417,1297.5857456752233,0.9964659401580919,1.0163959710821706,1302.1214425223213,1300.9518798828126,0,1.5525700732265721,1.1699872031409628,1,7,3,0,0,12567323.857142856,1.0751122636439918,1
2026-07-15,1295.5,1310.9000244140625,1294.0999755859375,1294.0999755859375,9577965.0,0.19334880123742515,0.0019316212303071116,1293.9000244140625,1.0012365527133071,1.0129820331852788,1300.5071585518974,1300.563338216146,0,1.4321262712013036,1.1662554313990137,2,7,3,0,0,12848360.42857143,0.7454620418883241,1
2026-07-16,1296.5999755859375,1309.4000244140625,1291.800048828125,1295.5,15631046.0,0.0849074168998376,0.000848713909436449,1292.2143031529017,1.0033939203600635,1.013624380647689,1298.971444266183,1300.5266723632812,0,1.4010378889180628,1.167131862235063,3,7,3,0,0,13033430.714285715,1.1993040315062315,1
2026-07-17,1327.199951171875,1330.300048828125,1296.0999755859375,1300.0,18302218.0,2.3600166714571547,0.02332598817430362,1299.5428641183037,1.021282166073326,1.026386909873003,1300.8428693498884,1301.7333374023438,0,1.2245049556844563,1.2845893514839861,4,7,3,0,1,12796480.714285715,1.430254021292573,0
2026-07-20,1323.0999755859375,1345.9000244140625,1314.9000244140625,1317.199951171875,14305844.0,-0.3089192086179193,-0.0030939734897069628,1305.7285679408483,1.0133039960000907,1.0235759368958974,1302.9285801478795,1303.726668294271,1,1.267969323925404,1.2762531068574963,0,7,3,1,0,12747035.142857144,1.1222879547811038,0
2026-07-21,1303.699951171875,1326.9000244140625,1302.699951171875,1321.0,12753410.0,-1.4662553678508772,-0.0147711113809632,1305.1428397042412,0.9988944592971194,1.0185768589462352,1302.6214338030134,1304.8766682942708,1,1.19959725190339,1.316304888322273,1,7,3,0,0,13367159.857142856,0.9540852459533583,0
2026-07-22,1288.5999755859375,1304.5999755859375,1280.699951171875,1302.0,10840383.0,-1.1582400975289064,-0.011649999456884323,1303.9571184430804,0.9882226626628035,1.0186616891741063,1301.5571463448662,1305.869999186198,0,1.241023649258791,1.3495055628743733,2,7,3,0,0,13560307.142857144,0.7994201669473352,0
2026-07-23,1272.199951171875,1287.300048828125,1268.0,1283.0,12580741.0,-1.272700971968066,-0.012808691894503137,1300.9856828962054,0.9778739058371122,1.0152208586972595,1299.2857142857142,1306.1766642252603,0,1.320967696320301,1.3861280505827394,3,7,3,0,0,13427372.42857143,0.9369473489265908,1
2026-07-24,1278.0,1283.4000244140625,1249.800048828125,1265.0,9817000.0,0.45590701546422974,0.004548709073633054,1298.4856828962054,0.9842234048738119,1.0268842809035272,1296.1928536551338,1305.6766642252603,0,1.3384049924988497,1.3324296304089576,4,7,3,0,1,13461520.285714285,0.729263841797873,1
2026-07-27,1280.0,1288.699951171875,1278.0,1288.199951171875,7163132.0,0.15649452269170805,0.0015637219761827589,1296.1142578125,0.987567255189603,1.0083724187573357,1294.1642804827009,1304.7766642252604,0,1.341094968766542,1.317905490536998,0,7,3,1,0,12251818.285714285,0.5846586876294327,0
2026-07-28,1267.699951171875,1279.199951171875,1265.9000244140625,1275.0,9311645.0,-0.9609413146972612,-0.009655881486080438,1287.6142578125,0.9845339498846052,1.0105063010516715,1293.5785609654017,1302.7399943033854,0,0.7526418555168236,1.1641985410430593,1,7,3,0,0,10967450.714285715,0.8490254702372234,0
