Date,Close,High,Low,Open,Volume,daily_return,log_return,ma_7,price_ma_ratio,high_low_ratio,ma_14,ma_30,ma_crossover,volatility_7,volatility_14,day_of_week,month,quarter,is_monday,is_friday,volume_ma_7,volume_ratio,target
2021-07-28,2777.92431640625,2783.701077035545,2721.1113029465578,2769.411028043648,1660654.0,,,,,1.0230015486765323,,,0,,,2,7,3,0,0,,,0
2021-07-29,2776.186767578125,2801.943593815388,2771.408925726824,2780.052433568166,1731997.0,-0.06254845813700172,-0.0006256802784587122,,,1.01101774184427,,,0,,,3,7,3,0,0,,,0
2021-07-30,2751.558837890625,2800.2494279850853,2747.12860308686,2796.340284995809,2999943.0,-0.8871135751786885,-0.008910718546663183,,,1.0193368540659273,,,0,,,4,7,3,0,1,,,1
2021-08-02,2796.68798828125,2801.465830240041,2751.16826972588,2762.4613507193862,2608669.0,1.6401303061075456,0.0162682544987403,,,1.0182822552395798,,,0,,,0,8,3,1,0,,,1
2021-08-03,2853.587890625,2858.0183382323976,2796.2972614898176,2805.027724666387,3804735.0,2.034545955150291,0.02014125578988585,,,1.0220724304216842,,,0,,,1,8,3,0,0,,,0
2021-08-04,2844.074951171875,2871.221774901513,2832.9990470901826,2866.7045858498136,2929598.0,-0.3333676696757215,-0.0033392457773705137,,,1.013491966349438,,,0,,,2,8,3,0,0,,,1
2021-08-05,2852.7626953125,2879.735828978224,2834.129152953682,2844.987885340477,2534521.0,0.3054681852545871,0.003050025791383013,2807.5404924665177,1.0161074089464879,1.0160919540229885,,,0,,,3,8,3,0,0,2610016.714285714,0.9710746242073874,1
2021-08-06,2875.218017578125,2887.553492487723,2836.300286694469,2842.859002056113,2292362.0,0.7871430141217939,0.007840612050974905,2821.4395926339284,1.0190606331195602,1.0180704441041348,,,0,1.057515425367321,,4,8,3,0,1,2700260.714285714,0.848940988502433,1
2021-08-09,2886.424072265625,2898.846501548629,2875.3916452280378,2887.466467907405,1510489.0,0.3897462599006474,0.003889887168576006,2837.1877790178573,1.0173539071371622,1.0081570996978853,,,0,1.031062424045719,,0,8,3,1,0,2668616.714285714,0.5660194631600738,1
2021-08-10,2896.15380859375,2910.0529844223115,2880.2567959075063,2880.2567959075063,2040777.0,0.3370861690634275,0.003365193071547565,2857.8442034040177,1.013405071257594,1.0103449763775028,,,0,0.8280707121982599,,1,8,3,0,0,2531593.0,0.8061236541576786,1
2021-08-11,2905.10107421875,2918.8265510124475,2890.246459200944,2910.1395672296726,1929707.0,0.30893613448466084,0.0030845990738168306,2873.331787109375,1.011056602391656,1.009888461837059,,,0,0.7336340370636097,,2,8,3,0,0,2434598.4285714286,0.7926181900693625,1
2021-08-12,2911.660400390625,2925.776751999888,2889.2914124559466,2889.2914124559466,1310205.0,0.2257865046447316,0.002255319899508903,2881.627859933036,1.0104220745763774,1.0126277811184605,,,0,0.32980144824415686,,3,8,3,0,0,2078237.0,0.6304406090354469,1
2021-08-13,3008.64990234375,3023.070380371302,2916.654828188691,2919.478097940475,4363584.0,3.33107191828117,0.032767937921723035,2905.1385672433034,1.0356304295662802,1.0364854802680565,,,0,1.1257202392483943,,4,8,3,0,1,2283092.1428571427,1.911260574240011,1
2021-08-16,3016.94677734375,3035.537054738601,2985.2827556134,3005.697172827692,2083489.0,0.27576737969867704,0.0027538783906620352,2928.593436104911,1.0301692068791737,1.0168340164866143,2868.066964285714,,0,1.1280020518250586,,0,8,3,1,0,2218659.0,0.9390758111093233,1
2021-08-17,3086.52880859375,3093.261221010651,3008.302477384328,3024.8947012069034,4336019.0,2.3063725145082925,0.022801777448833136,2958.780691964286,1.0431759329025005,1.0282414232827388,2890.1101422991073,,0,1.261579377113014,1.1513328519704729,1,8,3,0,0,2510610.0,1.727077881471037,1
2021-08-18,3093.04443359375,3122.9710539890493,3072.2391472921595,3104.5981658627,2631309.0,0.21109879103862195,0.002108762906161774,2988.2978864397323,1.0350522441652605,1.016513007049469,2912.742832728795,,0,1.278267827911954,1.1385209516983696,2,8,3,0,0,2670727.1428571427,0.9852406701438721,0
2021-08-20,3092.13232421875,3105.5971510274003,3040.4447632436086,3045.656954266312,2836148.0,-0.029489048559838693,-0.0002949339743474575,3016.2948172433034,1.0251426042779057,1.0214285714285714,2937.069510323661,,0,1.3168524079950612,1.062395863923817,4,8,3,0,1,2784351.5714285714,1.0186026897978453,1
2021-08-23,3159.80322265625,3190.728968057137,3094.2164987008146,3109.9400233173296,3744176.0,2.1884864987011143,0.0216488288668026,3052.680838448661,1.035091249258153,1.031191246442143,2963.0063127790177,,0,1.3560850379326,1.1033954749804884,0,8,3,1,0,3043561.4285714286,1.230195640164037,0
2021-08-24,3138.78125,3185.8213991107027,3122.4496764479563,3176.8302851679027,2511141.0,-0.6652937279612692,-0.006675166715721833,3085.1266741071427,1.0173913688352474,1.020295514493235,2983.377267020089,,0,1.498797929385926,1.122111968444035,1,8,3,0,0,3215123.714285714,0.7810402407976659,1
2021-08-25,3178.56787109375,3212.229938599867,3133.439025589565,3136.001643795692,2123263.0,1.2675818390896154,0.012596152717001886,3109.4006696428573,1.0222445444635597,1.0251451878804239,3007.26961844308,,0,1.1454367810211061,1.091112674727155,2,8,3,0,0,2895077.8571428573,0.7334044556906809,1
2021-08-26,3189.73095703125,3203.412959628608,3168.925456429799,3179.4367940527254,1902533.0,0.3511986023334135,0.0035058334014933124,3134.0841238839284,1.0177553731641258,1.010883027598151,3031.33877999442,,0,1.1400966782920854,1.0895765279700742,3,8,3,0,0,2869227.0,0.6630820775072868,1
2021-08-27,3231.688232421875,3239.810647206468,3171.704778228528,3184.648299412498,3944728.0,1.3153860296003073,0.013068099513920945,3154.8211844308034,1.0243649460610997,1.0214729534241136,3056.800938197545,,0,0.971560199247314,1.0979833101741552,4,8,3,0,1,2813328.285714286,1.4021570180880825,0
2021-08-30,3215.3134765625,3249.2361919871105,3203.4123507283152,3227.2146023966848,2033114.0,-0.5066935509154491,-0.0050798159548948885,3172.2881905691966,1.0135628553929028,1.0143046964429594,3080.293038504464,,0,1.0609369604880745,1.1513440937711978,0,8,3,1,0,2727871.8571428573,0.7453114026145865,1
2021-08-31,3289.283447265625,3304.616103294764,3217.181470574093,3222.3501843175904,3207480.0,2.300552379801135,0.022744886561960824,3200.45263671875,1.0277557022802712,1.027177401561084,3108.3737269810267,,0,1.2013312483224343,1.2112932000422916,1,8,3,0,0,2780919.285714286,1.153388383646004,0
2021-09-01,3227.171875,3315.5619590111364,3220.265763432762,3297.5799401108075,2643336.0,-1.8883010011575108,-0.019063570677620836,3210.076729910714,1.0053254630738255,1.029592649358477,3131.3787841796875,,0,1.4342518867545462,1.4207948491913929,2,9,3,0,0,2623656.4285714286,1.0075008187864318,1
2021-09-02,3332.97900390625,3352.437765671095,3233.295850013439,3243.720232119877,3403717.0,3.2786332121294226,0.03226032665298196,3237.819266183036,1.0293900708779817,1.0368484423277136,3161.472970145089,,0,1.7309430788858964,1.5594869917649656,3,9,3,0,0,2751167.285714286,1.237190125687429,1
2021-09-03,3337.582763671875,3350.4828077907487,3305.00657334456,3322.7714133861414,1746812.0,0.13812747575756568,0.0013803216751425553,3260.5356794084823,1.0236301920417477,1.0137598015123366,3184.96817452567,,0,1.740759535642832,1.4162916645052843,4,9,3,0,1,2697388.5714285714,0.6475937573483772,1
2021-09-06,3346.22705078125,3368.465820064735,3313.216503551321,3344.2290015583035,1723693.0,0.2589984345396479,0.00258663611593698,3282.892264229911,1.0192923743619091,1.016675432002163,3208.48819405692,,0,1.7442959462371483,1.4167334294883185,0,9,3,1,0,2671840.0,0.6451333163662495,0
2021-09-07,3314.86669921875,3361.819898080558,3308.221240170939,3356.651184145082,1585039.0,-0.937185405729668,-0.009416046206502446,3294.77490234375,1.0060980787672953,1.0162016546108776,3224.7980433872767,,0,1.817970294240559,1.4081606235208686,1,9,3,0,0,2334741.5714285714,0.6788926960469348,0
2021-09-08,3278.598876953125,3314.085301118745,3262.8320815208413,3309.7418079324825,4147175.0,-1.0940959488408009,-0.011001251960652356,3303.815673828125,0.9923673717408752,1.0157082002129922,3238.051932198661,3055.5079264322917,1,1.8781584292700537,1.4719608946300322,2,9,3,0,0,2636750.285714286,1.5728357070705865,1
2021-09-09,3293.583251953125,3308.6117777077047,3270.649697473994,3292.1065069900405,1441148.0,0.4570359340184238,0.0045599469614229894,3304.429931640625,0.9967175337616814,1.0116068927415338,3252.4412841796875,3072.6965576171874,1,1.6672845107007097,1.4660862137971706,3,9,3,0,0,2384417.1428571427,0.6044026332880392,1
2021-09-13,3340.44970703125,3346.573861504816,3272.3870978760497,3272.3870978760497,1691473.0,1.4229625150763203,0.014129334315767355,3320.612479073661,1.0059739665747216,1.0226705342032785,3265.3446044921875,3091.505322265625,1,1.492765884862717,1.4099306623644028,0,9,3,1,0,2248436.714285714,0.7522884630254533,1
2021-09-14,3375.67529296875,3384.8835815661164,3322.771641085691,3344.445625451803,1991188.0,1.0545162785523754,0.01048995036654831,3326.7119489397323,1.0147182397455912,1.0186928104575164,3282.265607561384,3112.3092041015625,1,0.9368091700629804,1.38399453218338,1,9,3,0,0,2046646.857142857,0.9729025762557404,1
2021-09-15,3435.31201171875,3457.420348161301,3358.388710048138,3372.374842019018,2461369.0,1.7666604034522582,0.017512363539777503,3340.673270089286,1.0283292420353742,1.0294878427315055,3300.604474748884,3133.596671549479,1,1.109335631717931,1.4106281561105913,2,9,3,0,0,2148726.4285714286,1.1455013385005137,0
2021-09-16,3390.791259765625,3458.940621955318,3381.0618779429806,3413.9854697769574,2946666.0,-1.2959740425688593,-0.013044450538277666,3347.0395856584823,1.0130717528094413,1.0230338121051243,3314.9659249441966,3151.503450520833,1,1.287895170032244,1.4959916341314239,3,9,3,0,0,2323436.8571428573,1.2682358855336102,0
2021-09-17,3325.24755859375,3427.015500602913,3305.3977135092737,3405.2980386219065,6477148.0,-1.9329913330142778,-0.019519179068170106,3348.5225655691966,0.9930491712330778,1.0367936925098555,3321.6487339564733,3167.5425374348956,1,1.475320507097451,1.599430032233118,4,9,3,0,1,3022309.5714285714,2.143112029698007,0
2021-09-20,3321.46875,3362.7319291879166,3307.873703164557,3308.87262161632,2002008.0,-0.11363991784564265,-0.0011370453696032724,3354.6468331473216,0.9901098134028631,1.0165841355946807,3329.2312534877233,3183.1660725911456,1,1.3923626699007563,1.5891878311002159,0,9,3,1,0,2715857.1428571427,0.7371551207195834,1
2021-09-21,3355.7392578125,3363.2101507028788,3319.8619627520065,3351.439242103864,1568129.0,1.0317877539115727,0.010265011572744794,3363.5262625558034,0.9976848687551538,1.0130572260043422,3333.978097098214,3199.183447265625,1,1.42696988348422,1.4963500512600356,1,9,3,0,0,2733997.285714286,0.5735664070311283,0
2021-09-22,3355.043701171875,3385.1877076595533,3346.6173684546684,3355.347830469312,1744067.0,-0.020727374422957467,-0.00020729522840088585,3365.6111188616073,0.9968601786372435,1.0115251715264644,3343.111798967634,3214.8041015625,1,1.334964352369209,1.3789839084436823,2,9,3,0,0,2741510.714285714,0.6361700470152667,1
2021-09-23,3361.211181640625,3369.680990782189,3331.458262348465,3361.862705420745,2003869.0,0.18382712769422493,0.0018365837241018734,3363.5448172433034,0.9993061975595762,1.0114732724902216,3345.1283830915177,3230.306013997396,1,1.2667590995602165,1.0775927719415757,3,9,3,0,0,2743322.285714286,0.7304533668665355,1
2021-09-24,3362.99267578125,3426.494411341155,3348.832847265645,3379.237295943802,2320754.0,0.05300155343870294,0.0005298751257639939,3353.2134835379466,1.0029163643446244,1.0231906361462386,3346.943376813616,3245.5690673828126,1,0.9919426803135782,1.077392586836089,4,9,3,0,1,2723234.4285714286,0.8522050013951372,0
2021-09-27,3333.15234375,3391.3986149404177,3303.573120278085,3387.923821277569,1673362.0,-0.8873148088054617,-0.00891274889648266,3344.9793526785716,0.9964642505433999,1.0265850009867317,3346.0094691685267,3259.618798828125,1,0.93382739880044,1.104294549576709,0,9,3,1,0,2541333.8571428573,0.6584581538929752,0
2021-09-28,3282.941650390625,3344.4890201802423,3258.705048558736,3344.4890201802423,2253075.0,-1.5064025937345793,-0.01517864087432167,3338.9356515066966,0.9832299849531978,1.0263245584805065,3343.7291085379466,3268.761857096354,1,0.8108122400892896,1.1500993515635114,1,9,3,0,0,1937894.857142857,1.1626404764404143,1
2021-09-29,3294.01806640625,3306.266801239433,3233.4263403457007,3266.1329691904434,2489161.0,0.33739302111284175,0.0033682512785567754,3335.0141252790177,0.9877073807388034,1.0225273295961164,3344.83047921317,3277.997566731771,1,0.8345318803620027,1.114454879613213,2,9,3,0,0,2007488.142857143,1.2399380832493085,0
2021-09-30,3279.814453125,3305.397579887502,3257.7061201389893,3305.397579887502,2252412.0,-0.43119415239716297,-0.0043212647542931835,3324.167724609375,0.986657330448154,1.0146395831882091,3343.846993582589,3284.440421549479,1,0.6653723221263153,1.1141269499345736,3,9,3,0,0,2105242.8571428573,1.0699060169508776,0
2021-10-01,3240.4189453125,3309.7411246713523,3235.9017557482384,3285.200393235141,1578374.0,-1.2011505033452163,-0.012084226072770677,3307.7927594866073,0.9796317910241257,1.0228187919463085,3336.7019391741073,3289.3529052734375,1,0.7226722642831706,1.071877126416538,4,10,4,0,1,2081572.4285714286,0.7582604277110017,1
2021-10-04,3277.860107421875,3286.8510096871387,3220.656226102049,3235.728229979652,1356860.0,1.1554420197282367,0.011488177658674758,3295.8854631696427,0.9945309520160228,1.0205531975280717,3329.7151402064733,3295.5438313802083,1,0.9361417639580499,1.0813449810685622,0,10,4,1,0,1989142.5714285714,0.6821331057358669,1
2021-10-05,3329.98193359375,3335.802171006452,3250.322325208248,3261.0941015516205,1877966.0,1.590117468828467,0.015776075417759616,3291.1696428571427,1.0117928563241467,1.0262988827708734,3322.191563197545,3301.216455078125,0,1.1927248956861503,1.0573546880437874,1,10,4,0,0,1925887.142857143,0.9751173670612652,0
2021-10-06,3310.523681640625,3350.9616472067787,3296.711457600737,3332.328103124224,1678154.0,-0.5843350607048325,-0.005860489779616581,3287.9369768415177,1.00686956743946,1.016455850111166,3316.458164760045,3306.941202799479,0,1.166061963732199,1.0178614439748217,2,10,4,0,0,1926571.7142857143,0.8710571153704412,1
2021-10-07,3381.75634765625,3387.055493405651,3318.4717883990315,3327.115296164053,1647233.0,2.151703865181953,0.021288815167579335,3302.0533621651784,1.0241374008077233,1.0206672557067924,3320.4945068359375,3313.714152018229,0,1.243392722612086,1.0571204380507597,3,10,4,0,0,1840022.857142857,0.8952242052893753,1
2021-10-08,3418.8935546875,3466.0204536607403,3387.9245344817896,3409.6419994464163,2934339.0,1.098163297807897,0.010921772690400067,3319.8927176339284,1.029820492851386,1.023051257011218,3327.4534214564733,3321.3529052734375,0,1.2668598617196352,1.0852607424818321,4,10,4,0,1,1903619.7142857143,1.5414523068758181,0
2021-10-11,3201.6748046875,3264.13413280068,3179.436041530402,3261.962386870672,11845402.0,-6.353480929588484,-0.0656429273519437,3308.729910714286,0.9676446525054458,1.0266393442622954,3316.44881766183,3320.3524576822915,0,2.921011445062809,2.035291269650911,0,10,4,1,0,3274046.8571428573,3.6179696005747015,0
2021-10-12,3173.225830078125,3220.265775386487,3153.897285836865,3219.3970767689025,5752877.0,-0.8885654023239153,-0.008925366871730097,3299.1308942522323,0.9618368994108539,1.0210433262515115,3303.46182686942,3318.9495361328127,0,2.907407614715029,2.038840311275931,1,10,4,0,0,3870404.4285714286,1.4863761930231654,1
2021-10-13,3175.2666015625,3192.857745560252,3166.4059195953646,3170.7494119404887,3545655.0,0.06431220447757902,0.0006429153304171775,3284.474679129464,0.9667502148027186,1.0083538960691016,3290.1800711495534,3315.148974609375,0,2.8474058590597133,2.036558840603766,2,10,4,0,0,4183089.4285714286,0.8476163516329318,0
2021-10-14,3143.281005859375,3194.2409413041028,3140.452318377293,3155.074499244516,6442299.0,-1.0073357521344972,-0.010124437105340452,3257.8031180245534,0.9648468283637037,1.017127667442059,3274.4863804408483,3312.3526123046877,0,2.708018465726792,2.038697139824162,3,10,4,0,0,4835137.0,1.3323922362489418,1
2021-10-18,3174.352783203125,3179.1833532142864,3134.577130685672,3136.3178613209348,3590107.0,0.9885141444824441,0.009836603044648042,3238.3501325334823,0.9802376683461681,1.0142303796234413,3263.1435546875,3307.0650716145833,0,2.791740472206677,2.069969238202711,0,10,4,1,0,5108273.142857143,0.7028024734777579,0
2021-10-19,3163.0380859375,3211.735196250684,3155.2483587152783,3193.3704027509225,3135441.0,-0.3564410775480309,-0.0035707784233466725,3207.104666573661,0.9862596998796301,1.0179025012022842,3254.57901436942,3301.2469156901043,0,2.534205258645925,2.042225622885182,1,10,4,0,0,5320874.285714285,0.589271768441921,0
2021-10-20,3141.0185546875,3159.426699635025,3114.428846714296,3143.760120959149,2933693.0,-0.696151315657445,-0.006985857537563265,3167.4082380022323,0.9916683669007008,1.0144481878172307,3243.65047781808,3294.406632486979,0,2.381972588627931,2.038211016264634,2,10,4,0,0,5320782.0,0.5513650061212807,0
2021-10-21,3074.565673828125,3139.7995159026163,3056.07040968974,3136.883919403963,4871211.0,-2.115647510588692,-0.021383480794885456,3149.2497907366073,0.9762851085588184,1.0273976365032038,3228.9898507254466,3286.3965983072917,0,0.9638938115217254,2.094270193229063,3,10,4,0,0,4324469.0,1.1264298576310756,0
2021-10-22,3045.278076171875,3099.893505226064,3033.223430340186,3098.500835584236,2691670.0,-0.9525767462232881,-0.00957142778285886,3130.9715401785716,0.9726303919064658,1.0219799419386657,3215.0512172154017,3278.61923828125,0,0.9676822443737955,2.088362773706452,4,10,4,0,1,3887153.714285714,0.6924526781917111,0
2021-10-25,3040.142578125,3058.94255450439,3002.7604291932066,3048.8897923083487,2595594.0,-0.16863806583241603,-0.001687804198832444,3111.6681082589284,0.9770137663640648,1.018710159080616,3198.0713936941966,3270.1712158203127,0,0.9454947258622892,2.0408771566237887,0,10,4,1,0,3751430.714285714,0.6918944258028794,0
2021-10-26,3031.134033203125,3071.518894854652,3024.51917246243,3041.491294437399,3878763.0,-0.29631981692881393,-0.0029675971331336987,3095.6471121651784,0.9791600668213983,1.0155395683453237,3176.725115094866,3259.860693359375,0,0.934508465294272,1.9514089546153282,1,10,4,0,0,3385211.285714286,1.145796428237292,1
2021-10-27,3037.357177734375,3056.070030896145,3031.482212206842,3031.482212206842,2510813.0,0.20530746786784349,0.002050970001074863,3076.0763113839284,0.9874128175863968,1.0081108240022967,3157.213221958705,3248.5834228515623,0,0.7541248823535429,1.9648557489449865,2,10,4,0,0,3231026.4285714286,0.7770945411641634,0
2021-10-28,2978.085693359375,3061.9454848556675,2972.297848431525,3061.9454848556675,2424942.0,-1.9514163434414367,-0.019707078564207847,3049.654541015625,0.9765321459549922,1.0301610541727673,3128.3796037946427,3233.3425455729166,0,0.8882163961392868,1.8246846593287807,3,10,4,0,0,3129526.5714285714,0.7748590544457523,0
2021-10-29,2957.28369140625,3012.3342965071097,2947.0133383911043,2959.2855740900413,3960501.0,-0.6985024641671611,-0.00700953412587846,3023.4067034040177,0.9781296337263126,1.0221651382655996,3095.407470703125,3218.892293294271,0,0.8881473604416616,1.73524767886557,4,10,4,0,1,3276213.4285714286,1.2088653826582203,1
2021-11-01,3025.738037109375,3034.963994875041,2970.513397796722,2992.2725316859896,2020718.0,2.314771014429584,0.022883865739233292,3016.431326729911,1.0030853380605729,1.0216967872038965,3082.840558733259,3208.908642578125,0,1.315157872793118,1.1227038740872137,0,11,4,1,0,2869000.1428571427,0.7043283023289199,1
2021-11-02,3032.52685546875,3058.115723793771,3019.950118885597,3041.056478243757,3087414.0,0.2243690060445669,0.002241176746598126,3014.6097237723216,1.0059434332594164,1.012637826257295,3072.7906319754466,3199.27724609375,0,1.2808350520637044,1.1246240852732479,1,11,4,0,0,2925535.0,1.0553331271032478,1
2021-11-03,3039.532958984375,3063.5984724746827,3016.7294325728367,3049.933780931592,1537639.0,0.23103187043473916,0.0023076540214781545,3014.522635323661,1.008296611665027,1.0155363750543163,3063.095371791295,3188.7370361328126,0,1.2837216668504046,1.1298492269598956,2,11,4,0,0,2774398.5714285714,0.5542242617318863,1
2021-11-04,3053.8076171875,3057.811383209604,3050.630868326952,3057.550231079196,328991.0,0.4696332757613719,0.004685339392492472,3017.76171875,1.0119445807180663,1.0023537803138372,3056.704415457589,3178.695833333333,0,1.2864801278263203,1.128243743823386,3,11,4,0,0,2267288.285714286,0.1451032945712745,0
2021-11-08,3048.672607421875,3088.056644388784,3029.916189307277,3088.056644388784,2526082.0,-0.16815105629850446,-0.0016829258886843573,3019.3782087053573,1.0097021296080289,1.019188799771653,3047.7272600446427,3168.277880859375,0,1.2897826036516231,1.075628111468334,0,11,4,1,0,2269469.5714285714,1.1130715440303955,1
2021-11-09,3051.239990234375,3076.7417393701817,3042.797488214472,3053.241873185459,1782692.0,0.08421313611208792,0.0008417769674562437,3029.8288225446427,1.0070667912095939,1.0111556064073224,3039.741681780134,3157.886124674479,0,0.9436671963900287,1.079745777709974,1,11,4,0,0,2177719.5714285714,0.81860494041047,0
2021-11-10,3032.61376953125,3063.4246152630417,3029.045186907905,3044.5377312978912,1516489.0,-0.610447580745499,-0.006123184295764386,3040.590262276786,0.9973766630629268,1.0113499225774942,3031.9984828404017,3147.868172200521,0,0.9277980967523486,1.0772697119109325,2,11,4,0,0,1828575.0,0.82932830209316,1
2021-11-11,3036.008544921875,3055.0261139031104,2990.5755135530526,3028.871591142207,1284514.0,0.11194222702317624,0.0011187961843150023,3042.0574776785716,0.9980115652642721,1.021551236562318,3029.244402204241,3139.637068684896,0,0.3483412122238311,0.9348398364636724,3,11,4,0,0,1723403.0,0.7453358268495529,1
2021-11-12,3068.95166015625,3076.001491709849,3033.832334714238,3051.500793099573,1747259.0,1.0850797929892853,0.010792350443166664,3047.2610212053573,1.0071180771190755,1.013899633316283,3030.935372488839,3132.1348551432293,0,0.5267867048669027,0.9480813839746479,4,11,4,0,1,1531952.2857142857,1.140544007991297,1
2021-11-15,3092.66943359375,3106.856432182133,3070.649146366676,3070.649146366676,1809157.0,0.7728298149959345,0.007698587829111636,3054.8519461495534,1.012379482904847,1.0117914109002974,3034.6872907366073,3125.896687825521,0,0.5745592802886091,0.9639125432820377,0,11,4,1,0,1570740.5714285714,1.1517860001251456,1
2021-11-16,3095.36767578125,3112.0353020442994,3082.834497996638,3106.334365711463,2013204.0,0.08724638198285284,0.0008720834444964722,3060.7890973772323,1.0112972757363936,1.0094720634749084,3039.275408063616,3121.0616455078125,0,0.5682628860076185,0.9563845585845177,1,11,4,0,0,1811342.4285714286,1.1114430757235536,0
2021-11-17,3065.339111328125,3100.9807362432443,3051.84845073497,3090.318762548654,1632914.0,-0.9701130075135955,-0.009748492599766172,3063.1700265066966,1.0007081176698187,1.0160991891640103,3041.2741176060267,3113.9776123046877,0,0.7153954872473308,1.002050190114693,2,11,4,0,0,1683747.0,0.9698095972851029,0
2021-11-18,3025.12890625,3064.426030619223,3004.1532281043856,3059.464777964114,2136598.0,-1.311770202830942,-0.013204498968094886,3059.439871651786,0.9887852133589207,1.020063158546966,3044.634347098214,3103.8158447265623,0,0.8878489520548867,0.9134496101902114,3,11,4,0,0,1734305.0,1.2319620827939721,0
2021-11-22,3010.071533203125,3060.1611031208754,2994.3180473828165,3027.4788407337737,3167936.0,-0.49774318759659986,-0.0049898605490738684,3056.219552176339,0.9849002932592483,1.0219893326948382,3048.4049072265625,3093.800773111979,0,0.8784301838835491,0.9011750278747827,0,11,4,1,0,1970226.0,1.6079048799477826,1
2021-11-23,3015.16357421875,3029.69863504423,2966.0314860207664,2998.409038950305,2153461.0,0.1691667775817418,0.001690238517545297,3053.24169921875,0.9875286240818264,1.0214654326238726,3047.649588448661,3081.581013997396,0,0.8810286885362375,0.6479482238927917,1,11,4,0,0,2094361.2857142857,1.028218490615175,0
2021-11-24,2996.928955078125,3040.229629838049,2980.130861868933,3022.082427881749,2161746.0,-0.6047638442086778,-0.006065999472125587,3042.9527413504466,0.984875287201504,1.0201664862231674,3045.1068812779017,3067.51552734375,0,0.7207004433575184,0.6613476134235868,2,11,4,0,0,2153573.714285714,1.003794755508054,1
2021-11-25,2999.19189453125,3014.075227111931,2988.8781925600256,2997.451163819664,1849619.0,0.0755086118838566,0.0007548011847393017,3029.598807198661,0.9899633863747369,1.0084302647778107,3042.2253766741073,3060.7660970052084,0,0.5753547084066941,0.6569718146718873,3,11,4,0,0,2159354.0,0.8565612678606658,1
2021-11-26,3000.018798828125,3037.574977522078,2969.5993607935234,2981.0012315223835,1941251.0,0.02757090329508216,0.00027567103220000266,3015.9775390625,0.994708601099418,1.0228905008621736,3038.383318219866,3054.992529296875,0,0.5666852042083558,0.6381848734523935,4,11,4,0,1,2149075.0,0.9032960692390912,1
2021-11-29,3048.019287109375,3071.823863111824,2964.8558400184647,3000.2796653058103,2981745.0,1.6000062499608392,0.015873410671650847,3013.5032784598216,1.0114537816820277,1.036078659086741,3038.336652483259,3050.7509521484376,0,0.9025295606704109,0.7866661461365769,0,11,4,1,0,2341765.1428571427,1.2732895137221276,1
2021-11-30,3071.64990234375,3101.764629552227,3038.44554802296,3038.44554802296,5588446.0,0.775277746250258,0.007722879114046673,3020.1491350446427,1.0170523921158436,1.0208393010598682,3039.794503348214,3048.363248697917,0,0.7603319930285296,0.8134905793521621,1,11,4,0,0,2834886.285714286,1.9713122279936246,1
2021-12-01,3113.9931640625,3124.611578739854,3076.7414849151487,3076.7414849151487,2102118.0,1.3785184856659916,0.013691033471981414,3034.9950823102677,1.0260290641697178,1.0155586987270155,3045.6073172433034,3046.3512613932294,0,0.7947784940865948,0.8614115437490053,2,12,4,0,0,2682626.5714285714,0.7836044056182464,1
2021-12-02,3170.6533203125,3175.0922678546226,3110.7723642014284,3123.9147513020857,3152938.0,1.819533738991308,0.018031783208193826,3057.2079031808034,1.037107524487839,1.0206765060643406,3055.2248011997767,3046.6051025390625,1,0.9192180548582475,0.9638841489872938,3,12,4,0,0,2825409.0,1.1159226858837075,0
2021-12-03,3168.520751953125,3190.715063166989,3160.165374049859,3173.742942826976,2486263.0,-0.06725958797554332,-0.0006728221738395003,3081.721017020089,1.0281659937592171,1.0096671172236722,3062.3368791852677,3047.5218424479167,1,0.8050274912900726,0.9419943588494012,4,12,4,0,1,2871768.5714285714,0.8657602234163319,0
2021-12-06,3077.9599609375,3183.796473257268,3065.426784803744,3168.5215187563167,1849642.0,-2.8581410098009297,-0.028997812026933426,3092.9735979352677,0.9951458890538897,1.0386144236229418,3061.286202566964,3047.6349853515626,1,1.6085048209850483,1.2357954344015676,0,12,4,1,0,2871771.8571428573,0.6440769295093726,1
2021-12-07,3119.824462890625,3131.574394610258,3067.4285135724954,3100.6764260141867,1484458.0,1.3601379642499856,0.013509711154982574,3110.088692801339,1.0031303834234118,1.0209119400024924,3063.03311593192,3050.119864908854,1,1.6381193707909365,1.290457670825945,1,12,4,0,0,2806515.714285714,0.5289327233921471,1
2021-12-08,3156.727783203125,3173.7434671096034,3134.1854072037404,3134.1854072037404,1428660.0,1.1828652782056803,0.011759241097047556,3125.618477957589,1.009953007849462,1.0126214804698348,3069.560878208705,3054.006038411458,1,1.6016968811492795,1.2860210094563265,2,12,4,0,0,2584646.4285714286,0.5527487180479231,0
2021-12-09,3134.8388671875,3163.5609280238123,3103.723301281495,3142.019382396578,1567957.0,-0.6934052448898331,-0.006958204704003946,3134.6454729352677,1.000061695733665,1.0192793045429054,3077.397303989955,3057.4628662109376,1,1.6568567637274123,1.239214197553646,3,12,4,0,0,2010290.857142857,0.7799652445459918,1
2021-12-10,3165.34521484375,3169.871072833831,3111.6437073162965,3120.2602405571897,1510718.0,0.9731392568709474,0.009684347530967492,3141.9814801897323,1.0074359873860894,1.0187127354525283,3088.48828125,3061.7291341145833,1,1.6196739030256027,1.232183818253919,4,12,4,0,1,1925805.142857143,0.7844604661085722,0
2021-12-13,3141.714111328125,3187.2778211021,3134.7947494906152,3176.8334371989795,1883864.0,-0.7465569128071059,-0.007493575967672058,3137.8473074776784,1.0012323110309516,1.0167421077950998,3097.527605329241,3067.183414713542,1,1.4891145297914588,1.2672986236430046,0,12,4,1,0,1744508.857142857,1.0798821641326475,1
2021-12-14,3154.029541015625,3163.777589025462,3113.035253971401,3137.6666323072327,1747007.0,0.3919971471336048,0.003912308402646961,3135.7771344866073,1.0058206963525187,1.0162999551609084,3108.7490757533483,3073.7416097005207,1,1.5019548876708206,1.2401706004056303,1,12,4,0,0,1638900.857142857,1.0659625885153343,0
2021-12-15,3107.509033203125,3153.333684191236,3096.890405868701,3150.72258812373,1603233.0,-1.4749547272001728,-0.0148594034014221,3139.9984305245534,0.989653053006144,1.0182257913342925,3116.486014229911,3076.4673095703124,1,1.1122446882476003,1.3344086708265526,2,12,4,0,0,1603699.5714285714,0.9997090655650948,1
2021-12-16,3117.30078125,3140.669964592238,3107.204457679408,3117.6488424111026,2072320.0,0.3150995843375526,0.0031460418598992413,3139.6379045758927,0.9928854460276018,1.0107702944459032,3124.863298688616,3079.293107096354,1,0.98424131059267,1.332733798880035,3,12,4,0,0,1687679.857142857,1.227910608300034,1
2021-12-17,3119.693603515625,3178.0080721754307,3110.4240865994248,3135.490646969404,4333992.0,0.07675942854206141,0.000767299835596143,3134.3473074776784,0.9953247989056306,1.0217282221633945,3129.982892717634,3081.965128580729,1,0.8394393700369825,1.2779604478299798,4,12,4,0,1,2102727.285714286,2.0611289107459148,0
2021-12-20,3095.802001953125,3138.5370197477364,3055.112427445857,3123.7408108360028,2312310.0,-0.7658316680707489,-0.007687792172768402,3128.7706124441966,0.9894627588357088,1.027306553942967,3131.7080426897323,3083.36494140625,1,0.8474400177486192,1.2884941788683493,0,12,4,1,0,2209063.4285714286,1.046737712504407,1
2021-12-21,3140.5390625,3169.173995034654,3104.0706300032657,3118.214065713996,2340989.0,1.4450879132015038,0.014347460316053742,3125.226876395089,1.004899543844501,1.0209735449967259,3133.604178292411,3086.4271565755207,1,0.964735745879753,1.2938312709759596,1,12,4,0,0,2327673.5714285714,1.0057204879304689,1
2021-12-22,3160.0791015625,3165.3448546066893,3138.7551497651352,3154.204135250981,1224328.0,0.6221874230389446,0.006202598284608117,3127.8504464285716,1.0103037711316178,1.0084714173526863,3132.848876953125,3090.055126953125,1,0.9524538547542896,1.205753804182284,2,12,4,0,0,2233454.1428571427,0.5481769141827019,1
2021-12-23,3187.88720703125,3194.676099434365,3159.4263018517217,3175.0928785551187,1792861.0,0.8799813098032905,0.008761320396978372,3132.687255859375,1.0176206389797222,1.0111570247933885,3134.232195172991,3095.230908203125,1,0.9953726494673187,1.2290717748984128,3,12,4,0,0,2240004.714285714,0.8003826905211233,1
2021-12-24,3195.0244140625,3224.7039606129447,3172.308003535306,3207.296651783725,2209923.0,0.2238851806145581,0.002236349311887129,3145.189453125,1.0158448200594037,1.0165166676814632,3142.5939418247767,3100.5314371744794,1,0.6920777130903675,0.8999488583732224,4,12,4,0,1,2326674.714285714,0.9498203536709012,1
2021-12-27,3216.95703125,3220.351370671129,3179.531326131389,3195.1107788469503,1534135.0,0.6864616461447426,0.006841162256767784,3159.4260602678573,1.0182093107686987,1.012838384136761,3149.531982421875,3105.464949544271,1,0.6987227064741243,0.8540593488861732,0,12,4,1,0,2249791.1428571427,0.6819010755157082,1
2021-12-28,3226.052490234375,3242.110687247403,3214.998893611058,3229.0552079698964,1456218.0,0.282734860802325,0.0028233591758555334,3174.620186941964,1.0162010887173103,1.0084329091652946,3154.4837472098216,3109.9110514322915,1,0.6844460315568253,0.8088976020739472,1,12,4,0,0,1838680.5714285714,0.7919907474024075,0
2021-12-29,3215.739013671875,3237.7157401092845,3207.296511756607,3213.6066609317045,1456923.0,-0.31969338979201956,-0.003202055008574927,3191.7540457589284,1.0075146667221482,1.0094843829503053,3160.2623291015625,3113.9234293619793,1,0.5579617462444619,0.7844242786680408,2,12,4,0,0,1716482.4285714286,0.8487841039028571,1
2021-12-30,3249.72705078125,3255.1668349305323,3202.9449070974224,3204.1199854702945,1966475.0,1.0569277222085782,0.010513812881293473,3207.3523297991073,1.0132117449612394,1.016304347826087,3166.2896030970983,3120.0696940104167,1,0.46528514481563565,0.791190353475754,3,12,4,0,0,1662980.4285714286,1.1825003867840382,1
2021-12-31,3253.730712890625,3272.574039584694,3247.594594068092,3257.6037965827786,1207141.0,0.1231999502361969,0.0012312412137186468,3220.731131417411,1.0102459907787122,1.0076916760368515,3174.290788922991,3127.6897542317706,1,0.4797212416339551,0.7446892726009039,4,12,4,0,1,1660525.142857143,0.7269633978097806,1
2022-01-03,3322.83740234375,3333.499378161629,3259.5183214661365,3263.870148330577,2346158.0,2.123921601112788,0.021016807538895847,3240.0097307477677,1.02556401939474,1.0226969292389851,3186.3484933035716,3138.115283203125,1,0.8014379397054394,0.8976732576376866,0,1,1,1,0,1739567.5714285714,1.3487018489734683,1
2022-01-04,3381.151611328125,3384.981133665279,3317.571383436288,3334.456597811897,2488606.0,1.7549522267699125,0.017397307683606256,3266.5993303571427,1.0350677476439873,1.0203190052113267,3205.8943917410716,3150.3148844401044,1,0.8870604920306295,0.7942343600046332,1,1,1,0,0,1779379.4285714286,1.3985808535495843,0
2022-01-05,3360.43701171875,3368.3138605317376,3318.180732029534,3363.9620338385444,1733031.0,-0.612649238797025,-0.006145336346796365,3287.0964704241073,1.022311648579386,1.0151086190147154,3223.2612653459823,3162.431819661458,1,1.0410828115402768,0.8567551690630691,2,1,1,0,0,1807793.142857143,0.9586445257011074,0
2022-01-06,3313.8720703125,3337.8506750264423,3283.0176652411315,3317.8322746286303,1810293.0,-1.3856811255162804,-0.01395371307242617,3299.6421247209823,1.0043125724104764,1.0167020148462356,3237.1311558314733,3172.9211588541666,1,1.2940601480494698,0.995645005996681,3,1,1,0,0,1858375.2857142857,0.9741267083759109,1
2022-01-07,3353.952880859375,3363.874960866469,3304.254934309088,3324.795641594086,2460591.0,1.2094857525111191,0.012022299204959046,3319.386962890625,1.0104133438960816,1.018043410010023,3255.5705043247767,3184.718961588542,1,1.2830036615335056,0.9510702943538,4,1,1,0,1,2001756.4285714286,1.229215984961778,1
2022-01-10,3376.887451171875,3462.3137344601323,3360.4809775642457,3462.3137344601323,3937092.0,0.6838071710364435,0.006814798135350608,3337.552734375,1.011785496717924,1.0303030303030305,3272.4525320870534,3195.6812337239585,1,1.2690167970447879,0.9188947479959212,0,1,1,1,0,2283273.1428571427,1.7243193230370035,1
2022-01-11,3408.263427734375,3416.1838370410696,3356.128630733851,3356.128630733851,1906106.0,0.929138948697017,0.009248490053166284,3359.628836495536,1.0144761798418096,1.0178941908713692,3290.1799839564733,3206.9016845703127,1,1.2596552289335592,0.9250708582545836,1,1,1,0,0,2383125.285714286,0.7998345749701906,0
2022-01-12,3359.52294921875,3419.665276673529,3339.200046881566,3416.183815460321,3203744.0,-1.4300678204332673,-0.014403918354333082,3364.86962890625,0.9984110291698767,1.024097157601297,3302.439679827009,3215.0860107421877,1,1.2926429167038143,1.0573726298705064,2,1,1,0,0,2505637.5714285714,1.2786142882481637,1
2022-01-13,3392.596923828125,3414.44317853702,3356.999066942974,3410.091351901108,6684507.0,0.9844842589054492,0.009796697853267151,3366.5046735491073,1.0077505462814373,1.0171117448794398,3316.552001953125,3222.484130859375,1,1.160677513396122,1.068193609417274,3,1,1,0,0,3105052.0,2.1527842367857284,1
2022-01-14,3453.740234375,3461.4430528434973,3359.653866015669,3375.146411994142,3348123.0,1.8022568527793936,0.017862087359796032,3379.8337053571427,1.021866912830863,1.030297521973162,3333.465087890625,3231.991446940104,1,1.2820261946591258,1.1283477737527985,4,1,1,0,1,3335779.4285714286,1.003700356001613,1
2022-01-17,3498.128662109375,3518.886959817252,3448.648521569268,3475.10754208303,3442604.0,1.2852277450567273,0.012770387831765102,3406.156075613839,1.0270018708637598,1.0203669460104978,3352.899100167411,3245.9970703125,1,1.0362133424511757,1.1442074924195875,0,1,1,1,0,3568966.714285714,0.9645940339594891,0
2022-01-18,3473.2802734375,3517.755818179657,3464.0543151392512,3511.010486284599,2389041.0,-0.7103337547593624,-0.0071286863618685945,3423.2028459821427,1.0146288226869564,1.0155025002944411,3371.294904436384,3257.7789306640625,1,1.1514420204588047,1.1724108642925872,1,1,1,0,0,3558745.285714286,0.6713155362903386,0
2022-01-19,3413.16259765625,3498.0416342208123,3409.5443196960337,3498.0416342208123,3102539.0,-1.7308616365056984,-0.017460161704558334,3428.385009765625,0.9955598883830099,1.0259557601329752,3382.9688720703125,3266.3267578125,1,1.4198376941189053,1.309874034894711,2,1,1,0,0,3439523.4285714286,0.9020258371342474,0
2022-01-20,3336.34814453125,3417.826647940425,3322.790141658408,3409.107702409965,6176776.0,-2.2505360036977673,-0.022762470551438086,3418.111397879464,0.9760794064819132,1.0286014169509314,3388.8701171875,3273.043733723958,1,1.6268248171071404,1.484714736317566,3,1,1,0,0,4049619.1428571427,1.5252733114161636,1
2022-01-21,3342.40869140625,3358.14643500438,3288.002541429297,3319.303479374878,3112358.0,0.18165211220340094,0.0018148732428437196,3415.66650390625,0.9785524106594656,1.0213332844762921,3390.26806640625,3278.945849609375,1,1.551348612835966,1.3768852530261637,4,1,1,0,1,4036564.0,0.7710414104669219,0
2022-01-24,3288.220458984375,3356.4896498685425,3260.973747148441,3348.0759503995805,3258414.0,-1.6212329916805102,-0.0163451876500406,3400.7555803571427,0.9669087887342526,1.0292906076915294,3383.630126953125,3283.82939453125,1,1.5707295067405738,1.3508625273372061,0,1,1,1,0,3547122.1428571427,0.9186077808348055,0
2022-01-25,3286.955810546875,3321.395651890112,3245.36647509271,3286.607137805823,3330501.0,-0.03845996499549642,-0.00038467362736873664,3376.9292340959823,0.9733564379612493,1.0234269927235968,3378.3814697265625,3288.2602701822916,1,1.2564271675253706,1.3457626491644603,1,1,1,0,0,3544604.714285714,0.9395972946086715,0
2022-01-27,3181.761474609375,3255.1313224875653,3160.7053044667646,3253.038860524102,5718297.0,-3.2003574736223173,-0.0325268846217003,3331.7339215959823,0.9549866674482916,1.0298749832473646,3368.944998604911,3290.7353515625,1,1.2198201940158138,1.546431607799388,3,1,1,0,0,3869703.714285714,1.4777092568844141,1
2022-01-28,3217.335205078125,3251.993020747176,3178.928199480695,3178.928199480695,3143862.0,1.1180514552278753,0.011118474596905369,3295.170340401786,0.9763790252754672,1.0229841055480324,3359.186593191964,3294.069832356771,1,1.5324587357471726,1.539840844841535,4,1,1,0,1,3977535.285714286,0.7904045531139582,1
2022-01-31,3257.616455078125,3276.580164117389,3244.668734105354,3268.733112101142,2739393.0,1.2520066276097586,0.012442338346466311,3272.949462890625,0.9953152323351311,1.0098350348300915,3350.667236328125,3298.6672607421874,0,1.7233002553772254,1.5744536535907636,0,1,1,1,0,3925657.285714286,0.6978176648198058,1
2022-02-01,3313.766845703125,3320.1753575502544,3257.7476054923573,3287.043355557894,2105169.0,1.7236648758164996,0.01708978297515777,3269.723563058036,1.0134700324953152,1.019162857169367,3343.91748046875,3305.932755533854,0,1.7628058244306064,1.6332505198521314,1,2,1,0,0,3343999.1428571427,0.6295363455749348,1
2022-02-02,3362.199951171875,3369.000771700149,3313.766163032658,3337.525291145709,1984212.0,1.4615725162303361,0.014509944909020895,3272.5508858816966,1.0273942463895485,1.0166682276147518,3344.1086948939733,3313.3214518229165,0,1.85866824091741,1.6469022320701439,2,2,1,0,0,3182835.4285714286,0.6234101776636897,0
2022-02-03,3334.6484375,3385.1310537087656,3327.193695504169,3357.666371624586,1960538.0,-0.8194489938729621,-0.008228249325203435,3279.1834542410716,1.01691426662549,1.017413280832698,3339.9695172991073,3319.1404296875,0,1.756885582171479,1.6360327632574256,3,2,1,0,0,2997424.5714285714,0.654074173771655,0
2022-02-04,3326.191162109375,3334.735773143684,3286.1712786456783,3326.540047724712,2307366.0,-0.25361820141271973,-0.002539403571855536,3284.788504464286,1.0126043602468835,1.0147784428686324,3330.858869280134,3323.7505615234377,0,1.7639037888416886,1.5406253282239686,4,2,1,0,1,2851262.4285714286,0.8092436448075606,0
2022-02-07,3294.8896484375,3340.925725262264,3274.966771953413,3305.352383494724,1919149.0,-0.941061777460328,-0.00945517741421732,3300.9496721540177,0.9981641574945421,1.020140342758198,3316.341796875,3327.0794026692706,0,1.1368657199858523,1.482975305125114,0,2,1,1,0,2308527.0,0.831330541076626,0
2022-02-08,3263.89404296875,3312.9381179027605,3244.320050301402,3305.832261524952,2946443.0,-0.9407175588854289,-0.009451702533676333,3307.6009347098216,0.9867859235125939,1.0211502153109044,3301.3856375558034,3328.6439697265623,0,1.215673486752327,1.4877589351524576,1,2,1,0,0,2280324.285714286,1.2921157830308596,1
2022-02-09,3278.803466796875,3293.974348552429,3266.2046316844016,3269.604935671538,1638721.0,0.45679864701011486,0.004557584884079696,3310.6276506696427,0.9903872657300102,1.0085021362711455,3291.788556780134,3330.402335611979,0,1.136865876205654,1.4554715640634843,2,2,1,0,0,2123085.4285714286,0.7718582483525661,1
2022-02-10,3287.34814453125,3304.3064532399912,3276.580160242393,3304.3064532399912,2112459.0,0.2606035348230895,0.0026026455261663212,3306.8535505022323,0.9941015210764262,1.008461960837713,3288.288556780134,3332.789306640625,0,0.8975097341939138,1.343951113325762,3,2,1,0,0,2124126.8571428573,0.994506986669077,0
2022-02-11,3221.607421875,3271.7850066553174,3217.2915854918374,3271.7850066553174,3851488.0,-1.9998101742163987,-0.020200770321603577,3286.7689034598216,0.9801746081033476,1.0169376693766938,3279.659894670759,3331.851985677083,0,0.8383795758513539,1.432668108016122,4,2,1,0,1,2390880.5714285714,1.6109077325007093,1
2022-02-14,3255.436767578125,3307.314501135781,3234.729268889145,3246.9357944321227,5951745.0,1.0500766006876106,0.01044601590862996,3275.452950613839,0.9938890335664986,1.0224393530997304,3277.318202427455,3331.9088541666665,0,1.03380144852421,1.414192804404248,0,2,1,1,0,2961053.0,2.010009614822835,1
2022-02-15,3328.7197265625,3343.7162732725105,3267.861432131778,3300.993431710489,3931683.0,2.2510945294413887,0.022261313321942162,3275.8141741071427,1.0161503521394883,1.0232123799359658,3280.301339285714,3332.104931640625,0,1.4267546816618744,1.5436106311689406,1,2,1,0,0,3193098.285714286,1.2313066019890757,0
2022-02-16,3324.621826171875,3360.3695095219214,3318.431288543338,3351.56328774582,3256906.0,-0.12310740246240792,-0.0012318324187412264,3280.0616280691966,1.0135851709984207,1.012637965753087,3290.5056501116073,3330.22060546875,0,1.3672198023636688,1.2231195116195808,2,2,1,0,0,3384206.4285714286,0.9623839646728743,0
2022-02-17,3299.424072265625,3343.716368163964,3294.890262136016,3334.997420658973,3134372.0,-0.7579133875585398,-0.007608001464115324,3285.1373465401784,1.004348897540157,1.0148187351151097,3296.369140625,3328.1868408203127,0,1.3447783585127309,1.2318288454118507,3,2,1,0,0,3411053.4285714286,0.918886808909556,1
2022-02-18,3307.881103515625,3327.1064235629706,3276.231497285131,3286.171011377613,3688883.0,0.256318407842393,0.0025599047246436042,3289.2912946428573,1.0056516152592032,1.0155284894611378,3299.95947265625,3327.9871419270835,0,1.3395916866691118,1.1937750826629894,4,2,1,0,1,3703933.714285714,0.9959365594941224,0
2022-02-21,3242.92529296875,3337.438812898183,3230.8496782327734,3321.919043560008,7465922.0,-1.9636682369822744,-0.01983204374605843,3282.9451729910716,0.9878097629069268,1.0329910535248772,3294.8993617466517,3324.2862223307293,0,1.5515573193419017,1.218314869998755,0,2,1,1,0,4468714.142857143,1.6707092378987,0
2022-02-22,3126.962890625,3198.022304668423,3112.6639034971936,3182.4154755643576,5408531.0,-3.5758579636471333,-0.03641357966371557,3269.4245256696427,0.9564260823499316,1.027422941832983,3278.0967145647323,3315.9554036458335,0,1.9277410715619865,1.431762837148831,1,2,1,0,0,4691148.857142857,1.1529224854514772,0
2022-02-23,3107.258056640625,3158.786900421603,3100.1519878434424,3148.4114396987115,2426203.0,-0.6301588689604287,-0.006321527507901046,3248.2561383928573,0.9565926836601026,1.0189135606280222,3261.8545445033483,3305.9218912760416,0,1.8172222363662818,1.4294789151986174,2,2,1,0,0,4187500.0,0.5793917611940298,0
2022-02-24,2965.88037109375,3037.550282100594,2956.682052765938,3028.962034594024,5039136.0,-4.54991774000656,-0.046566774004307566,3196.421944754464,0.9278751123458379,1.0273510062602114,3236.1180594308034,3292.800472005208,0,1.826295912253645,1.789749190680433,3,2,1,0,0,4345707.571428572,1.1595662886132663,1
2022-02-25,3069.7236328125,3077.7886597537813,3018.499813050309,3023.731181877086,2549723.0,3.5012626514148604,0.03441362617349709,3160.0079171316966,0.9714290955317775,1.019641825534373,3220.0347726004466,3282.0380289713544,0,2.649737806818726,2.1252628323291463,4,2,1,0,1,4244681.428571428,0.6006865398278249,1
2022-02-28,3098.887939453125,3107.2145759792743,3013.180652315076,3042.9123451891032,3288942.0,0.9500629414610939,0.009455782262003002,3131.3598981584823,0.9896300777421165,1.0312075293567118,3208.24862234933,3270.209619140625,0,2.7630111969454596,2.153838436728414,0,2,1,1,0,4266762.857142857,0.7708284031989457,0
2022-03-02,3091.869384765625,3114.36431117706,3056.862896806409,3097.406001398964,2761341.0,-0.22648623714798255,-0.0022674310514646952,3100.5010811941966,0.9972160317953358,1.0188105964551841,3194.8961879185267,3256.6676432291665,0,2.7364322068403957,2.1419035402311524,2,3,1,0,0,4134256.8571428573,0.6679171361182272,0
2022-03-03,3090.34326171875,3120.162228552476,3077.8753387197994,3106.429888039803,1928039.0,-0.049359234073553804,-0.0004937141975349928,3078.7036481584823,1.0037806865780114,1.0137389871840181,3180.8244105747767,3243.903076171875,0,2.7111984014206967,2.136177953193927,3,3,1,0,0,3343130.714285714,0.5767166063119193,0
2022-03-04,3072.86181640625,3104.9910046737923,3040.3401052770814,3052.938939664879,2370257.0,-0.5656797265549462,-0.005672857538310058,3070.974923270089,1.0006144280508,1.021264364234941,3170.199724469866,3232.559716796875,0,2.3903202298210453,2.0883979141416957,4,3,1,0,1,2909091.5714285714,0.8147756582430421,0
2022-03-07,3038.466064453125,3093.482710774372,2991.9506051879243,3008.037021468879,3054130.0,-1.1193393653265993,-0.011256511125125549,3061.1474958147323,0.9925905460639783,1.0339350875012425,3154.701817103795,3222.6303141276044,0,2.4112219881354284,2.0594697459168225,0,3,1,1,0,2998795.4285714286,1.018452266167063,1
2022-03-08,3138.77734375,3146.66803351148,3016.755720684322,3016.755720684322,3300992.0,3.3013789579686925,0.03248053910908792,3085.8470633370534,1.0171525935428918,1.0430635838150293,3141.134504045759,3215.8426025390627,0,1.8661461088080435,2.181777111794676,1,3,1,0,0,2750489.1428571427,1.2001472569242748,1
2022-03-09,3167.24462890625,3185.903089495152,3136.2487311522195,3143.1802511302744,2719654.0,0.9069545889559327,0.009028664555738284,3099.778634207589,1.0217647782825974,1.015832404442198,3129.8932756696427,3211.8100748697916,0,1.4600419099632584,2.2089093378900553,2,3,1,0,0,2774765.0,0.9801384982151642,0
2022-03-10,3157.086669921875,3212.059666339231,3151.898939689555,3212.059666339231,2005441.0,-0.32071911628381855,-0.003212345223404342,3108.0927385602677,1.015763342822358,1.0190871369294605,3119.726318359375,3207.481103515625,0,1.4674716950664868,2.205375844063637,3,3,1,0,0,2591407.714285714,0.7738809253922331,0
2022-03-11,3138.080078125,3173.566366707418,3132.5873111877163,3141.654931943972,1623423.0,-0.602029458929787,-0.006038489625843637,3114.694266183036,1.0075082206930772,1.0130815365858596,3107.597673688616,3206.0250569661457,0,1.4954693526283465,2.200892399744304,4,3,1,0,1,2428848.0,0.6683921760439517,1
2022-03-14,3176.3125,3180.9772219494284,3121.383132034038,3121.383132034038,1765688.0,1.2183379940337247,0.01210975992418638,3126.9755859375,1.0157778379480722,1.0190922060492318,3102.839617047991,3204.6576334635415,0,1.5334632566522657,2.1860288591015236,0,3,1,1,0,2405655.0,0.7339739073142242,0
2022-03-15,3133.502685546875,3190.2631230599486,3126.0915796310483,3190.2631230599486,3651133.0,-1.3477834581177017,-0.013569485024979311,3135.6385672433034,0.9993188367694092,1.0205277234509151,3103.3067452566966,3200.5205078125,0,1.6405338315846265,1.9876396797238611,1,3,1,0,0,2588637.285714286,1.410445959404675,1
2022-03-16,3187.559814453125,3198.109825687102,3152.9892740297114,3174.1327209416286,3090475.0,1.7251342772286682,0.017104227901038986,3156.937674386161,1.009699950783133,1.0143104044244728,3109.0425851004466,3196.3136067708333,0,1.584302815593909,2.0264600195353033,2,3,1,0,0,2593829.4285714286,1.1914719472136233,1
2022-03-17,3202.251220703125,3234.729297885397,3191.3961743923683,3223.04599419264,3600452.0,0.4608982138432527,0.004598393303624201,3166.00537109375,1.0114484485529642,1.0135781084908015,3125.9262172154017,3190.981982421875,0,1.0940957756719403,1.4956939841026928,3,3,1,0,0,2636609.4285714286,1.3655613762827215,0
2022-03-21,3162.100830078125,3238.173651413997,3151.8997034863028,3222.523182319606,2413831.0,-1.2538176382109079,-0.012617442581615007,3165.2705426897323,0.9989985966226717,1.0273720473504493,3132.524588448661,3185.2303955078123,0,1.191965157294305,1.3038745271849739,0,3,1,1,0,2592920.4285714286,0.9309313827767178,1
2022-03-22,3226.839111328125,3235.601696895942,3160.61874191533,3173.697164295669,2907611.0,2.0473186887086214,0.020266428436630304,3175.235177176339,1.016252003795724,1.0237241379310347,3141.6639578683034,3181.918660481771,0,1.4079197606699532,1.3817948641730335,1,3,1,0,0,2721801.8571428573,1.068266961597341,1
2022-03-23,3236.821533203125,3251.992627455648,3217.291178673667,3232.9852819842704,1596195.0,0.30935604567192687,0.0030887852443071025,3189.3410993303573,1.0148872235342707,1.0107859210916328,3152.0176827566966,3179.983056640625,1,1.3492370899397104,1.373540083669593,2,3,1,0,0,2717912.1428571427,0.5872871955022199,1
2022-03-24,3269.47412109375,3276.754313440992,3221.650616111868,3226.010089205389,1879046.0,1.0087855495175324,0.010037312708924233,3202.64990234375,1.0208652899279116,1.017104181643268,3164.812744140625,3180.1690592447917,1,1.3315926949173027,1.3797747181071094,3,3,1,0,0,2734106.1428571427,0.68726154063514,0
2022-03-25,3232.505859375,3295.325913070277,3201.597235823272,3278.236692351836,1690133.0,-1.130709721182399,-0.01137150843173226,3216.793212890625,1.0048845684022865,1.0292755991285403,3176.215890066964,3178.6258056640627,1,1.2852452327980315,1.4182999897130337,4,3,1,0,1,2453963.285714286,0.6887360580490696,1
2022-03-28,3232.723388671875,3237.3444723715866,3192.1802919939114,3221.6503704317297,1760990.0,0.006729432407492908,6.729205991347897e-05,3223.2451520647323,1.002940588183642,1.0141483801810782,3190.0914132254466,3176.80498046875,1,1.159607530547593,1.3578804246421228,0,3,1,1,0,2264036.8571428573,0.7778097756863876,0
2022-03-29,3230.675048828125,3245.1920101542364,3218.163274981001,3221.4328800422795,2689063.0,-0.06336266972076787,-0.0006338275234404418,3227.3056989397323,1.001044013242842,1.0083988079111352,3196.655535016741,3177.1072347005206,1,1.1573993395709543,1.0851711173247978,1,3,1,0,0,2133838.4285714286,1.2601999120431464,1
2022-03-30,3253.51904296875,3259.1427217856817,3231.416424918209,3259.1427217856817,1583455.0,0.7070966220793728,0.007046084163747133,3240.3654436383927,1.0040592950267944,1.0085802302215428,3202.8179931640625,3177.043310546875,1,0.9914807930147383,1.0766034657747026,2,3,1,0,0,2015213.2857142857,0.7857505759936222,1
2022-03-31,3260.842041015625,3273.658848568653,3243.622123329326,3260.8856783169217,2168110.0,0.2250793049052735,0.002248263808864396,3245.2230050223216,1.0048129314901106,1.009260241821417,3210.22909109933,3174.780721028646,1,0.6813153875087982,1.0662258482775044,3,3,1,0,0,1909570.2857142857,1.135391567526935,1
2022-04-01,3277.234375,3280.9399276687727,3250.4672488832616,3267.8615064848686,1387014.0,0.5027024853761164,0.0050144315512511035,3250.996268136161,1.0080707895979475,1.0093748610437407,3220.168683733259,3173.201139322917,1,0.6925907271651609,1.0399497541429736,4,4,2,0,1,1879687.2857142857,0.7378961439710603,1
2022-04-04,3287.34814453125,3295.7618429260897,3258.3576468388446,3280.067738912156,1472994.0,0.30860684265983096,0.0030813162918632334,3253.5497000558034,1.0103881752520538,1.0114794630121506,3228.0998011997767,3172.7986083984374,1,0.5967933746165509,1.0070939500910603,0,4,2,1,0,1821679.857142857,0.8085910343820017,1
2022-04-05,3326.103759765625,3344.2392110933524,3288.7866261011463,3288.7866261011463,2314947.0,1.1789324869301732,0.011720372186814145,3266.920828683036,1.0181158143053155,1.0168611075440748,3241.85702078683,3173.4060302734374,1,0.4319124888360013,0.9214078492328831,1,4,2,0,0,1910939.0,1.2114185748472348,0
2022-04-06,3274.270263671875,3321.3089461528684,3253.1702389534807,3321.3089461528684,2051729.0,-1.5583848201236705,-0.01570655284002564,3272.8560965401784,1.0004320896153032,1.0209453247738143,3248.050624302455,3174.450862630208,1,0.8640386369110016,0.9825037325893845,2,4,2,0,0,1952473.142857143,1.0508359654041701,0
2022-04-07,3212.19091796875,3265.681745359496,3207.700745208273,3265.681745359496,2494829.0,-1.895975002182848,-0.01914179071904199,3270.215506417411,0.9822566468984095,1.0180755640119596,3248.7606026785716,3177.291796875,1,1.1741193414025033,1.1252435991441443,3,4,2,0,0,1924725.4285714286,1.2961999477773378,1
2022-04-08,3213.498291015625,3230.369536900863,3175.876123660295,3217.2911177231267,2296773.0,0.04070035313161746,0.0004069207278456974,3264.4982561383927,0.9843773955072973,1.0171585449553877,3252.4318498883927,3180.8331380208333,1,1.126076261351075,1.0632892149472364,4,4,2,0,1,2026628.0,1.1332977734443617,1
2022-04-11,3222.871826171875,3236.778718405586,3187.734636322579,3217.291784645296,2291660.0,0.29169255146195283,0.0029126795421769236,3259.0739397321427,0.988891901739657,1.0153852461632706,3252.1484723772323,3189.399519856771,1,1.1302568755301112,0.9112155045663762,0,4,2,1,0,2044278.0,1.121011917165865,0
2022-04-12,3218.25048828125,3260.014157655668,3180.976991292809,3211.1880563374766,4483476.0,-0.14339192310089954,-0.0014349482770197374,3250.6476702008927,0.990033622463415,1.0248468211430655,3250.8219691685267,3194.3504150390627,1,1.0927172887766625,0.9072295095336249,1,4,2,0,0,2486629.714285714,1.803033227763017,0
2022-04-13,3192.83544921875,3234.5993421603075,3187.2554070698607,3232.114356578323,1621672.0,-0.7897160011330673,-0.00792850772714262,3237.1458565848216,0.9863118903722123,1.014854139076972,3245.3477783203125,3197.481998697917,1,1.077216924433056,0.8744590265157618,2,4,2,0,0,2507869.4285714286,0.6466333460286096,0
2022-04-18,3076.08837890625,3147.5401125729736,3071.2493203707204,3147.5401125729736,3820792.0,-3.6565326390705977,-0.03725059455834151,3201.429373604911,0.9608484273518354,1.0248403122782115,3234.1751011439733,3196.9559651692707,1,1.3921753577623552,1.2630768156779018,0,4,2,1,0,2722990.1428571427,1.4031604227516485,0
2022-04-19,3027.131103515625,3107.040379954536,2998.576552281814,3095.226164275656,3170014.0,-1.591543199029688,-0.016043442523488414,3166.123779296875,0.9561000499443149,1.0361717720997266,3219.4899379185267,3194.8488932291666,0,1.3940435429738687,1.3004082376389772,1,4,2,0,0,2882745.1428571427,1.0996511460108263,1
2022-04-20,3101.15478515625,3111.9225558490607,3034.193236670542,3051.6311288353154,2640370.0,2.445341120331923,0.024159212995482206,3150.261474609375,0.9844118687134648,1.0256177880298132,3210.2384905133927,3195.7919921875,0,1.8690062472752003,1.5145299291810241,2,4,2,0,0,2903536.714285714,0.909363393618925,1
2022-04-21,3163.800537109375,3177.184205558116,3110.396988099925,3121.3829461849764,2280996.0,2.0200782061243983,0.019999453082795996,3143.161795479911,1.0065662358390663,1.0214722486273335,3203.8300258091517,3199.9698079427085,0,2.0977462297310567,1.6175756225849076,3,4,2,0,0,2901282.8571428573,0.7862025567015182,0
2022-04-22,3149.763427734375,3153.64331680634,3113.9721056051544,3122.342380367201,1581465.0,-0.4436787088931027,-0.004446658838823778,3132.7177385602677,1.0054411825758491,1.012739745205096,3195.895839146205,3200.3360107421877,0,2.087204772760566,1.6143317116539357,4,4,2,0,1,2799826.4285714286,0.564843943132189,0
2022-04-25,3093.6572265625,3124.8711043857725,3080.491742206631,3102.201838561545,1960694.0,-1.7812830220151565,-0.017973388199178934,3114.918701171875,0.9931743083370439,1.0144065837187901,3182.783185686384,3197.883097330729,0,2.1562760067601796,1.6490710874367296,0,4,2,1,0,2439429.0,0.8037512057124844,0
2022-04-26,3092.000732421875,3128.271430266932,3067.456764808014,3117.154770989496,1943469.0,-0.053544850618947315,-0.0005355919099333618,3100.513741629464,0.9972543230196699,1.0198257612484145,3168.8297991071427,3195.7135660807294,0,2.1601567338593486,1.639945723625891,1,4,2,0,0,2485400.0,0.7819542126015933,1
2022-04-27,3104.991455078125,3111.312691840444,3057.124519775637,3091.7386978183854,1727648.0,0.42013970178056415,0.004192595792371571,3104.642752511161,1.000112316486875,1.0177252093312783,3153.036063058036,3194.6106119791666,0,1.6327533295241088,1.5948088210725122,2,4,2,0,0,2186379.4285714286,0.7901867248764036,1
2022-04-28,3125.1328125,3142.6577715972885,3084.807674925265,3128.358780932987,1703660.0,0.6486767423766748,0.0064658188913314305,3118.642996651786,1.002080974274767,1.0187532263817467,3142.38338797433,3192.9046223958335,0,1.4443073235534103,1.5889019276019536,3,4,2,0,0,1976900.2857142857,0.861783476036294,0
2022-04-29,3092.34912109375,3159.092707941327,3083.761085375679,3136.205470355331,2051115.0,-1.0490335410745066,-0.010545746842945111,3117.3850446428573,0.9919689344785525,1.0244284886150545,3133.823259626116,3191.5328369140625,0,1.234438962640255,1.539669570021476,4,4,2,0,1,1892721.0,1.083685868123194,0
2022-05-02,3088.599609375,3093.4386673907866,3045.310123938036,3068.981979201468,1324161.0,-0.12125124207915672,-0.0012132481087241524,3106.6420549665177,0.9941922998297555,1.0158041517921048,3124.901925223214,3188.234163411458,0,0.8441935229697164,1.537842634554121,0,5,2,1,0,1756030.2857142857,0.7540650128715646,0
2022-05-04,3033.9755859375,3091.259025222723,3021.376750080482,3085.199399623491,2305825.0,-1.7685692658801266,-0.017843953263131835,3090.1009347098216,0.9818370499999244,1.023129282086512,3111.409336635045,3182.6249755859376,0,1.0045964737587207,1.5778374208064072,2,5,2,0,0,1859510.2857142857,1.2400173409711865,1
2022-05-05,3063.31494140625,3080.404163718621,3038.8584638656703,3062.18164851879,1612262.0,0.9670267488221862,0.009623809717499956,3085.7663225446427,0.9927242121432324,1.0136714823500208,3100.342511858259,3179.3321126302085,0,0.9701892456423522,1.6200947391750424,3,5,2,0,0,1809734.2857142857,0.8908832709458532,0
2022-05-06,2992.865966796875,3029.398271221834,2985.803534263684,3015.883902764808,2010812.0,-2.299762706639452,-0.02326619814639239,3071.6042131696427,0.9743657577902863,1.014600671630895,3086.0589773995534,3171.5330078125,0,1.264842845084253,1.7006347145481324,4,5,2,0,1,1819354.7142857143,1.1052336216851768,1
2022-05-09,3003.76513671875,3013.2687057663,2918.101464744925,2962.698802718138,2481830.0,0.3641716683203011,0.0036351016880969687,3057.143310546875,0.9825398522718988,1.0326127251472024,3080.8930315290177,3163.7644612630206,0,1.2585312575748657,1.4359036413358424,0,5,2,1,0,1927095.0,1.2878607437619838,0
2022-05-10,2998.2275390625,3020.9404358390634,2983.6233045937843,2994.086039735551,1622685.0,-0.18435521434605473,-0.0018452535771561077,3039.013985770089,0.986579052647152,1.0125073199380845,3078.8284912109375,3154.722908528646,0,1.1720257411186752,1.3760069381757072,1,5,2,0,0,1915527.142857143,0.8471219037803096,0
2022-05-11,2974.90478515625,3006.6853051327807,2948.878642613765,2994.9583637197297,1841769.0,-0.7778847203018691,-0.0078092602565860685,3022.2362234933034,0.9843389348691134,1.019602930308376,3069.81063406808,3146.1362060546876,0,1.1585184764171392,1.1803681742700725,2,5,2,0,0,1885620.5714285714,0.9767442230462363,0
2022-05-12,2971.983642578125,3007.774960882869,2920.9343806143934,2945.2601564408105,2807195.0,-0.09819280915142059,-0.0009824104987213045,3005.5767996651784,0.9888230581594868,1.0297304112152665,3056.1094273158483,3137.4448811848956,0,1.1599587002475973,0.9802880943414339,3,5,2,0,0,2097482.5714285714,1.3383639217026015,1
2022-05-13,2977.432861328125,2999.2302268913486,2948.878312440302,2994.958028386916,2187823.0,0.18335291863427194,0.001831850323553498,2997.499267578125,0.9933056176303212,1.0170749380327526,3043.8001011439733,3129.0034749348956,0,1.0450193747840448,0.9943913811813235,4,5,2,0,1,2080625.142857143,1.0515219464259917,0
2022-05-16,2944.2138671875,2990.5986195296737,2935.320584419605,2977.5201999107394,1195813.0,-1.1156924668926815,-0.011219629988207133,2980.4848284040177,0.9878305164076477,1.0188320265266695,3033.12557547433,3118.6933024088544,0,0.9259296115262773,0.9373657185960953,0,5,2,1,0,2021132.4285714286,0.5916549470463057,1
2022-05-17,3009.43212890625,3022.859223466472,2921.1962062592934,2938.285429213155,1754076.0,2.2151332974003957,0.021909556136474374,2982.8514229910716,1.0089111732855016,1.0348018448707224,3027.2278180803573,3110.3129720052084,0,1.0737327427300223,1.1616304227317131,1,5,2,0,0,1984455.857142857,0.8839077945152436,0
2022-05-18,3006.990478515625,3047.271971010071,3001.977083999657,3021.1151300571946,1866781.0,-0.08113325989884679,-0.0008116619074127131,2983.312186104911,1.0079369140517704,1.0150883520236822,3020.2277483258927,3101.3048421223957,0,1.067525963018899,1.1491393114525021,2,5,2,0,0,1896591.7142857143,0.9842819548028335,0
2022-05-19,2844.0771484375,2968.801739876672,2816.220152658341,2961.826581603834,4642963.0,-5.417819951280512,-0.055701099252430934,2961.290701729911,0.9604180862000689,1.0541795665634675,3000.15234375,3086.5291422526043,0,2.3257577443493926,1.7708810352208133,3,5,2,0,0,2328060.0,1.9943485133544667,1
2022-05-20,2871.149169921875,2889.3716835160767,2851.139229667737,2885.9713794234453,3065125.0,0.9518736683794993,0.009473718958885241,2946.4684709821427,0.9744374318605346,1.0134095358972686,2984.3523472377233,3071.3639892578126,0,2.409878423663984,1.816866854434599,4,5,2,0,1,2502825.1428571427,1.2246660573742496,1
2022-05-23,2896.216552734375,2911.169463412706,2848.480312420623,2881.4379784431057,2293690.0,0.8730783853066804,0.008692890956456027,2935.644601004464,0.9865692024652445,1.0220079284798744,2970.6107003348216,3058.762198893229,0,2.4629267648846267,1.852448468694782,0,5,2,1,0,2429467.285714286,0.9441123218605654,0
2022-05-24,2866.790283203125,2898.9196937554434,2855.978872147246,2890.4621433700886,1711510.0,-1.0160244924872108,-0.010212212515298193,2919.8385184151784,0.9818317914235727,1.01503541291113,2958.6688929966517,3047.248844401042,0,2.4620390906611647,1.8216581387935868,1,5,2,0,0,2361422.5714285714,0.724779216014947,0
2022-05-25,2780.460693359375,2890.35737784138,2768.5231815441766,2890.35737784138,3548046.0,-3.0113674637996968,-0.030576404700484443,2896.4452078683034,0.9599562545861899,1.0440069265482,2938.465018136161,3032.8142578125,0,2.6374001229028337,1.9024823950888428,2,5,2,0,0,2697455.8571428573,1.3153305143455014,1
2022-05-26,2832.512939453125,2845.2845046149496,2791.78459666296,2800.9572278964383,2813186.0,1.8720727186709585,0.018547651110249072,2871.1710379464284,0.9865357730409007,1.0191633366040984,2927.01123046875,3019.802294921875,0,2.57483189845778,1.9540135091295687,3,5,2,0,0,2848757.285714286,0.9875134024605515,1
2022-05-27,2862.6640625,2878.1126466259984,2834.4876314487365,2855.554057865002,3103153.0,1.0644655008247295,0.010588399529440393,2850.552978515625,1.0042486787916785,1.0153907939809794,2916.9325823102677,3007.9494140625,0,2.6653827926628404,1.9831235962295657,4,5,2,0,1,3025381.8571428573,1.0257062237196692,1
2022-05-30,2962.68603515625,2972.64878630767,2884.652556391541,2894.0006985882987,2094624.0,3.4940171278392995,0.034343619518405755,2867.4971051897323,1.0331958242588075,1.0305049666106774,2914.3939034598216,3000.277766927083,0,2.0841071795751,2.2312610667432464,0,5,2,1,0,2661333.4285714286,0.7870580880669164,0
2022-05-31,2953.117919921875,2969.8392235795586,2918.5776743569736,2944.1645177224336,4840965.0,-0.3229540734602465,-0.0032347669565119027,2879.2069266183034,1.025670608326294,1.0175638804041351,2912.8376988002233,2996.178751627604,0,2.10424637476097,2.223327519486979,1,5,2,0,0,2915024.8571428573,1.6606942435286265,0
2022-06-01,2945.087158203125,2973.877991535847,2931.789058688959,2973.877991535847,1493835.0,-0.2719417895429843,-0.0027231222295539636,2886.1884416852677,1.0204070931984837,1.0143560576850332,2910.916521344866,2993.443953450521,0,2.10782950840056,2.224226847443417,2,6,2,0,0,2800759.8571428573,0.5333677559645931,1
2022-06-02,3004.599853515625,3012.499765488059,2937.2750910103164,2944.911629723904,2657939.0,2.020744790073037,0.020005986912044995,2905.8755231584823,1.03397403968971,1.0256103606733913,2912.85702078683,2990.2254557291667,0,2.1143324728989588,2.2917085720758568,3,6,2,0,0,2935964.0,0.9053036753856655,1
2022-06-03,3019.6533203125,3052.262528156964,3011.797340038392,3036.550353309932,1913622.0,0.5010140295141463,0.004997631306048824,2940.0458984375,1.027076931661954,1.0134355614106678,2918.2455531529017,2985.420548502604,0,1.3772261998195974,2.266900462501701,4,6,2,0,1,2702474.8571428573,0.7080998348392193,0
2022-06-06,3011.5771484375,3030.931969731244,2964.3532017342663,3000.2100992010983,1084210.0,-0.26745361199822515,-0.0026781190816436086,2965.6264997209823,1.0154944153354581,1.0224597959372812,2918.398768833705,2980.8143391927083,0,1.4377228236367035,2.193480660900819,0,6,2,1,0,2455478.285714286,0.44154737849152226,0
2022-06-07,2951.66943359375,3000.956219056718,2945.7884328004134,2985.33191096936,2308256.0,-1.9892472246587523,-0.020092991139199795,2978.341552734375,0.9910446405597311,1.0187276810656287,2914.447265625,2976.0814127604167,1,1.7943976628797047,2.2590676066890047,1,6,2,0,0,2341921.5714285714,0.985624808345723,1
2022-06-08,2988.0537109375,2996.6558797926627,2937.450473837152,2966.9872799283585,2185707.0,1.2326677550558607,0.01225132267901731,2981.965506417411,1.0020416750317827,1.0201553716336098,2924.7313058035716,2972.6165120442706,1,1.2873965248192059,1.682378774690884,2,6,2,0,0,2354933.4285714286,0.9281396125604764,1
2022-06-09,3008.198486328125,3016.888302906763,2943.243661069149,2971.2443716436987,1279197.0,0.6741771513974815,0.006719147399883533,2989.834158761161,1.0061422562563047,1.0250215919299261,2934.5205426897323,2969.3900797526044,1,1.2842185895049456,1.6765732205180115,3,6,2,0,0,1846109.4285714286,0.6929150462060522,0
2022-06-10,2949.2119140625,2978.2661136523,2942.27763423593,2968.610667955225,1527582.0,-1.9608603798489832,-0.019803403170940332,2990.423409598214,0.9862188426550436,1.0122315035799523,2938.305925641741,2963.5260498046873,1,1.537078173516786,1.7762438913298555,4,6,2,0,1,1850930.4285714286,0.8253049257929197,0
2022-06-13,2826.0615234375,2890.4895994549984,2802.2299971584944,2887.8562958417688,3030921.0,-4.175705043024935,-0.042653932359027126,2964.9179338727677,0.9531668621080875,1.031496202091192,2935.396728515625,2954.649796549479,1,1.9329274054132028,2.105270431885712,0,6,2,1,0,1904213.5714285714,1.5916917332577116,0
2022-06-14,2818.11767578125,2843.0022662978668,2786.64961194576,2800.079503206477,2611493.0,-0.2810925236541695,-0.002814883305849059,2936.127127511161,0.9598077853563709,1.020222368147949,2938.08651297433,2945.6337320963544,0,1.8628101741972132,1.9323389126050354,1,6,2,0,0,2003909.4285714286,1.3031991180667846,0
2022-06-15,2814.38720703125,2838.70133453844,2809.734994390088,2825.095932347547,1404536.0,-0.13237448464481494,-0.001324621770625401,2907.9571358816966,0.9678227963899901,1.0103092783505156,2936.791817801339,2938.3141194661457,0,1.87193932828132,1.8651105692315118,2,6,2,0,0,2049670.2857142857,0.6852497251822802,0
2022-06-16,2757.946533203125,2848.225040609445,2750.090553952072,2843.967780896921,2032028.0,-2.005433853846339,-0.020258156343016198,2880.2824358258927,0.9575264213324659,1.035684092844269,2929.311994280134,2928.1351725260415,0,1.8734500582183222,1.9065877925676904,3,6,2,0,0,2010209.142857143,1.0108540234335246,0
2022-06-17,2711.337158203125,2737.5386155213027,2654.2385282186283,2714.058324390178,5240434.0,-1.6900028495428154,-0.017044463594538244,2840.7514997209823,0.954443624677988,1.0313837985610814,2911.3585030691966,2918.75087890625,0,1.613656377056965,1.602975380428513,4,6,2,0,1,2446598.714285714,2.1419262461804847,1
2022-06-20,2731.964111328125,2755.093376006696,2693.8690787621026,2715.813271322889,1502769.0,0.7607668069828044,0.007578875699424761,2801.2894461495534,0.9752523485508725,1.0227272727272727,2895.5618024553573,2909.6908447265623,0,1.6321404368940944,1.6440217102238919,0,6,2,1,0,2478537.5714285714,0.6063127778748333,1
2022-06-21,2819.346923828125,2841.993381401865,2743.376059515087,2747.413878090599,2964461.0,3.198534422090904,0.03148446562220261,2782.7373046875,1.013155973824391,1.0359474311021761,2886.5803571428573,2903.7281575520833,0,2.3290806342386445,1.9254019821099415,1,6,2,0,0,2683806.0,1.104573504940372,1
2022-06-22,2829.001708984375,2853.2281861623023,2793.934927975882,2808.7691181856167,3336315.0,0.3424475744595812,0.0034186255795608774,2783.1573311941966,1.0164720755367818,1.021222132839499,2874.0376325334823,2898.8647216796876,0,1.7270281199578752,1.8195412103979087,2,6,2,0,0,2727433.714285714,1.2232432936958637,1
2022-06-23,2904.358154296875,2912.4335752382617,2829.001702563437,2829.001702563437,3692578.0,2.6637115514346332,0.026288524313195533,2795.4773995535716,1.0389488946541623,1.029491630421864,2865.802263532366,2896.6105387369794,0,1.9795205518045176,1.9872555170257455,3,6,2,0,0,2881874.4285714286,1.2813112061341425,0
2022-06-24,2890.577392578125,2936.1334582739805,2876.8841283984966,2930.866851173937,2132118.0,-0.47448561735962125,-0.004756148738875787,2806.3617117745534,1.0300088475588272,1.0205949656750573,2857.159423828125,2893.7153564453124,0,2.00035813699971,1.9880911808728834,4,6,2,0,1,2985814.714285714,0.7140824880387995,1
2022-06-27,2909.537353515625,2951.845725446128,2902.339699253392,2940.522604717636,2037686.0,0.6559229649474752,0.006537811509328886,2828.0175432477677,1.0288257795509421,1.0170572818217907,2854.14998953683,2892.55947265625,0,1.6970337835360598,1.9376001654554722,0,6,2,1,0,2986623.0,0.6822709126662455,1
2022-06-28,2912.565185546875,2922.966819859582,2872.5830330686026,2902.778160142834,1400046.0,0.10406575559482878,0.0010401164472472796,2856.764404296875,1.019532860730857,1.017539540619356,2848.7579520089284,2889.330574544271,0,1.3648745323377038,1.9017009550461637,1,6,2,0,0,2437996.1428571427,0.5742609577549431,0
2022-06-29,2888.29541015625,2925.60054765257,2871.1789353049976,2871.1789353049976,2133994.0,-0.833278359264189,-0.008367695310309148,2879.0974469866073,1.0031947383994486,1.0189544481809845,2840.19344656808,2885.374072265625,0,1.5401446892067279,1.8931435465927016,2,6,2,0,0,2528171.1428571427,0.8440860524926037,0
2022-06-30,2867.755859375,2906.2019255430264,2857.1347810745174,2872.056836766765,2719603.0,-0.7111305411844571,-0.00713671126166226,2886.013009207589,0.993673919772939,1.0171735491071427,2834.375156947545,2886.163362630208,0,1.200191826166377,1.836058943846724,3,6,2,0,0,2493191.4285714286,1.0908119484264,1
2022-07-01,2909.888427734375,2925.600387299179,2854.5451192222854,2861.523331111709,1502879.0,1.469182539428493,0.014584946090577991,2897.5682547433034,1.004251900872707,1.0248919758172372,2840.36279296875,2887.4546712239585,1,1.2871249990735496,1.476726308945873,4,7,3,0,1,2231272.0,0.673552574495624,0
2022-07-04,2839.623291015625,2912.390169414773,2830.8456113873167,2907.167492895693,2622535.0,-2.414702091291454,-0.02444334009707852,2888.3204171316966,0.983139984806661,1.028805724232871,2841.898908342634,2885.5682291666667,1,1.2356733114554932,1.6340311720071885,0,7,3,1,0,2078408.7142857143,1.2617994632019647,0
2022-07-05,2823.16455078125,2872.0561732174024,2814.957336327149,2857.134120972691,2170627.0,-0.579609988636498,-0.005812962462999919,2878.690011160714,0.9807115527673381,1.020284086068869,2842.525861467634,2884.1140380859374,0,1.238571253931994,1.6425710228977681,1,7,3,0,0,2083910.0,1.0416126416207994,1
2022-07-06,2862.181396484375,2868.9840970357063,2810.8319794194863,2825.095706381955,2182144.0,1.382025206158377,0.013725623244023702,2871.924874441964,0.9966073353644105,1.0206885783433524,2849.971208844866,2886.8380615234373,0,1.3594071946645343,1.5666703566355558,2,7,3,0,0,2104546.8571428573,1.0368711880154995,1
2022-07-07,2885.968994140625,2913.6623972444418,2865.955845113616,2871.1785207492608,1989921.0,0.831100281955166,0.008276656605388613,2868.125418526786,1.006221337288313,1.0166459480567938,2862.44491141183,2888.6199300130206,0,1.4154642636645025,1.4648049868538542,3,7,3,0,0,2188814.714285714,0.9091317721013128,0
2022-07-08,2866.306884765625,2901.022644904037,2852.745414807298,2896.6338058043334,2136916.0,-0.6813000907119893,-0.0068363153523653825,2864.984200613839,1.000461672406955,1.016923076923077,2872.0408238002233,2888.741357421875,0,1.4038601144560232,1.4922285826402142,4,7,3,0,1,2189232.1428571427,0.9761029715245888,0
2022-07-11,2733.193359375,2830.8010937637823,2726.346727823352,2814.255085372196,6974600.0,-4.644077928226087,-0.04755374709451895,2845.760986328125,0.9604437521302973,1.0383129426915645,2865.8869977678573,2881.0916015625,0,2.23179280446793,1.7854075329571768,0,7,3,1,0,2797088.8571428573,2.4935210700186143,0
2022-07-12,2707.650390625,2752.8554340083,2703.7443666293075,2734.158936312343,3734815.0,-0.9345467148303421,-0.009389410018464025,2816.8698381696427,0.9612266615714087,1.0181640942040013,2857.2190464564733,2872.9093505859373,0,2.0244340096714137,1.7878269724303903,1,7,3,0,0,3115936.8571428573,1.1986170359769805,0
2022-07-13,2667.31689453125,2729.857850100268,2664.025265290776,2724.591243315508,3863530.0,-1.4896124046664627,-0.015008185549688175,2792.254638671875,0.9552556051263107,1.0247116968698518,2840.287527901786,2863.650341796875,0,1.9458051889213228,1.5925590717704,2,7,3,0,0,3293221.8571428573,1.1731763505760078,0
2022-07-14,2639.154052734375,2690.418987647848,2611.2113628888337,2689.538902928304,4764908.0,-1.0558491139398107,-0.010614627500127951,2765.9674246651784,0.9541522539998264,1.0303336703741153,2822.3287179129466,2851.468815104167,0,1.9421302429679876,1.5967680595458797,3,7,3,0,0,3663833.4285714286,1.3005252812101487,0
2022-07-15,2635.502197265625,2665.688935952516,2598.8905812888142,2656.580186606266,4574806.0,-0.13837219790054922,-0.0013846802063118768,2733.5846819196427,0.9641194636102731,1.0257026421753301,2802.7547781808034,2838.663777669271,0,1.7100911057476775,1.5610509124605274,4,7,3,0,1,4005642.285714286,1.1420904997721784,1
2022-07-18,2696.139892578125,2707.976990638422,2652.839761660094,2660.49645675328,3202795.0,2.3008023053599613,0.02274732961087622,2706.466238839286,0.9961845649086725,1.020784228951629,2787.295828683036,2828.149202473958,0,2.051320062665434,1.746654794792186,0,7,3,1,0,4178910.0,0.7664187551299262,1
2022-07-19,2705.600341796875,2709.736696841863,2666.700641708063,2666.700641708063,1865074.0,0.3508886628914354,0.0035027448492395553,2683.5081612723216,1.0082325743753575,1.0161383150627041,2774.24618094308,2819.9468994140625,0,2.1100282941207578,1.7597572275117341,1,7,3,0,0,4140075.4285714286,0.4504927584480172,1
2022-07-20,2785.2919921875,2791.584511599696,2726.5463407687453,2735.127166256878,3402251.0,2.9454331875822914,0.02902888698340982,2690.9508231026784,1.035058674530531,1.023853682535472,2768.3559047154017,2813.1881754557294,0,1.7204326483079342,1.9762314015903373,2,7,3,0,0,3629739.8571428573,0.9373264018645334,1
2022-07-21,2796.293701171875,2802.1902268295585,2767.030879236548,2787.228784035556,2420640.0,0.3949930210273678,0.003942149717479921,2703.6141531808034,1.0342798723264686,1.0127065251988483,2760.2419956752233,2806.1246826171873,0,1.634920251686125,1.9271041656833763,3,7,3,0,0,3442000.5714285714,0.7032654265351662,0
2022-07-22,2790.7490234375,2813.6312292430425,2766.5466903739457,2803.070211178946,2075886.0,-0.19828667253555254,-0.001984835208170602,2721.247314453125,1.0255403867980821,1.0170192460633052,2756.7509765625,2800.8425862630206,0,1.4375528129654627,1.8254201408196244,4,7,3,0,1,3186622.8571428573,0.6514376168949124,0
2022-07-25,2787.009033203125,2804.3466638559003,2771.475619682265,2785.4688845307937,1797504.0,-0.1340138508681865,-0.0013410372973837333,2742.369454520089,1.0162777406266172,1.0118604846963812,2754.168439592634,2799.540836588542,0,1.289033341733632,1.820448423865656,0,7,3,1,0,2762708.0,0.6506311922939377,0
2022-07-26,2742.256103515625,2788.9005972546584,2725.182544583344,2785.204284119927,2639367.0,-1.6057690934738411,-0.01618801264734845,2757.6200125558034,0.9944285619591443,1.0233812053427254,2745.6023472377233,2797.0121175130207,0,1.5565068646557458,1.8114217078865347,1,7,3,0,0,2486216.714285714,1.0615997329735134,1
2022-07-27,2806.45849609375,2811.078941286618,2737.063723775086,2741.464147768293,1389808.0,2.341225259588864,0.0231423897579598,2773.379813058036,1.011927209854189,1.0270418320438102,2739.923025948661,2796.7478271484374,0,1.5640157115398212,1.9247281804333312,2,7,3,0,0,2227218.5714285714,0.6240106013073321,1
2022-07-28,2869.51611328125,2872.5964096764296,2817.723043662239,2830.352344828247,2106333.0,2.2468751016723854,0.022220047114974793,2796.7963518415177,1.0260010927831233,1.0194743646426196,2740.15225655692,2800.4668131510416,0,1.6768343509145773,2.0228961463571324,3,7,3,0,0,2261684.1428571427,0.931311742469534,1
2022-07-29,2905.951904296875,2919.5053390848148,2882.2777092112715,2895.478981161857,2430257.0,1.2697538392269614,0.012617600615782177,2814.0334821428573,1.0326642958363177,1.0129160454437025,2752.4921526227677,2806.9539713541667,1,1.4302816928120787,1.5297902043449503,4,7,3,0,1,2122827.8571428573,1.1448205712124562,0
2022-08-01,2903.22412109375,2928.042472386347,2878.757717816574,2928.042472386347,1306913.0,-0.09386883516866451,-0.0009391291954956645,2829.309256417411,1.0261247032323124,1.0171201467441149,2766.4617047991073,2812.662638346354,1,1.4546220081545709,1.4871882425690457,0,8,3,1,0,1963724.0,0.6655278440351088,0
2022-08-02,2897.0634765625,2915.633138775944,2879.3296371550764,2895.479280791604,1269114.0,-0.21220010148335078,-0.002124255649109125,2844.4970354352677,1.0184800477808158,1.012608317280663,2782.8721749441966,2815.2531901041666,1,1.4558184281229376,1.3911838128119767,1,8,3,0,0,1848470.857142857,0.686575065598623,1
2022-08-03,2939.043212890625,2947.4040185568806,2884.081959667972,2886.678166875655,2895824.0,1.4490444088555376,0.014386460908227153,2866.2162039620534,1.0254087632425986,1.0219557071450904,2804.2928292410716,2818.921240234375,1,1.4557944922544557,1.3210371298274648,2,8,3,0,0,2005373.7142857143,1.4440320920589365,1
2022-08-04,2952.640625,2981.639377839177,2910.748715052076,2948.284247964706,2150567.0,0.46264757352789676,0.004615806491091433,2896.2711356026784,1.019462780505732,1.0243547862515616,2826.945574079241,2820.530655924479,1,1.0449903641983866,1.2984787447184416,3,8,3,0,0,1935545.142857143,1.1110911093633569,1
2022-08-05,2961.52978515625,2972.04675691392,2952.684888790702,2958.141372288894,1106933.0,0.3010579777635414,0.0030060570574030193,2918.4241768973216,1.0147701655572068,1.0065573770491805,2845.9019949776784,2822.8957356770834,1,0.9052822124703713,1.2316410495036536,4,8,3,0,1,1895134.4285714286,0.5840920745840796,1
2022-08-08,2969.802734375,2973.719069584974,2935.963509677901,2961.4859742404487,1068836.0,0.27934715565636203,0.0027895770659748915,2932.7508370535716,1.012633837437978,1.0128596829567595,2864.773594447545,2824.904581705729,1,0.6380304240469162,1.233258221553116,0,8,3,1,0,1746920.5714285714,0.6118400673053743,0
2022-08-10,2952.0244140625,2979.087021421052,2935.0827818136504,2979.087021421052,1878359.0,-0.5986364045907355,-0.006004354155982842,2939.3326241629466,1.0043179155006887,1.0149925037481262,2876.6830531529017,2826.2198893229165,1,0.6499584302767916,1.0862865839870164,2,8,3,0,0,1668078.0,1.1260618508247215,1
2022-08-11,3012.09033203125,3017.5468150068145,2970.3303498018386,2992.2884233473337,1449248.0,2.034736490749034,0.020143123151758834,2954.884940011161,1.0193596005196308,1.0158960316343688,2892.097098214286,2830.34638671875,1,0.9177261906324907,1.1684882506002445,3,8,3,0,0,1688411.5714285714,0.8583499571575347,0
2022-08-12,2993.65234375,3009.0097797642084,2975.786580236248,3009.0097797642084,1472354.0,-0.6121326470582944,-0.006140138598871519,2968.683349609375,1.0084107973805663,1.0111645101663584,2906.5901925223216,2834.542936197917,1,0.9819003676182347,1.1935332784322799,4,8,3,0,1,1717445.857142857,0.857292818796284,0
2022-08-16,2985.86376953125,3005.357777498168,2981.2873713731783,3001.969364945804,839942.0,-0.26016962975045077,-0.0026050865909359885,2975.372000558036,1.0035262041086783,1.0080738295664209,2920.794102260045,2837.075447591146,1,0.9087329647769237,1.19922531014284,1,8,3,0,0,1423748.4285714286,0.589951134023577,1
2022-08-17,2993.256591796875,3008.0858922168222,2966.854046980335,2979.1752345613872,1622326.0,0.24759409123296106,0.0024728808206589065,2981.1742815290177,1.0040528694825788,1.0138974970064514,2938.7227085658483,2842.1965576171874,1,0.9031572300013719,1.0406884857679386,2,8,3,0,0,1348285.4285714286,1.2032511555946503,0
2022-08-18,2975.78662109375,2985.2475323475046,2958.844989313771,2983.4873628119226,1430659.0,-0.5836442739657555,-0.005853541334021466,2983.2109723772323,0.9975112885571193,1.008923259964307,2950.8175746372767,2847.2839599609374,1,0.9472905251786029,0.9618788004653983,3,8,3,0,0,1394532.0,1.0259061821456947,1
2022-08-19,2979.747314453125,3011.2103481950435,2966.986083984375,2980.847420528017,1398410.0,0.13309735756252827,0.0013300886154478182,2984.6316266741073,0.9983635125429449,1.0149054505005564,2958.691231863839,2851.2028238932294,1,0.9435720979598586,0.8071152328451939,4,8,3,0,1,1441614.0,0.9700308126863363,0
2022-08-22,2952.28857421875,2978.295123607797,2945.995838840667,2961.4854176096087,1536532.0,-0.921512374595912,-0.009257845659813118,2984.669363839286,0.9891509625780179,1.010963791713922,2962.000994001116,2853.4134765625,1,0.9875208594303937,0.8113303321706913,0,8,3,1,0,1392781.5714285714,1.103211035757735,0
2022-08-23,2890.726806640625,2941.155497044556,2877.877481785338,2921.837677410358,1849256.0,-2.085221889070099,-0.021072696761573386,2967.331717354911,0.9741839072907658,1.021987737719801,2961.108328683036,2854.227473958333,1,0.7830508323207316,1.0029115585327073,1,8,3,0,0,1449925.5714285714,1.2754144326028953,0
2022-08-24,2864.983642578125,2911.32001331342,2860.45107772581,2897.2386589564026,1691923.0,-0.8905429597623082,-0.008945319939462945,2948.9504743303573,0.9715265371585126,1.0177835363043695,2958.816911969866,2858.6204833984375,1,0.7917905563812465,1.0286478774732075,2,8,3,0,0,1481292.5714285714,1.1421936710101064,0
2022-08-25,2832.289306640625,2885.0503557407283,2829.2530565751263,2883.158259068392,1946930.0,-1.1411700734207053,-0.0114773138400596,2927.0112653459823,0.9676386764113937,1.0197215653919434,2951.191632952009,2862.775113932292,1,0.7945353897652908,0.9644603117111058,3,8,3,0,0,1639433.7142857143,1.1875624998039394,1
2022-08-26,2835.808837890625,2866.435827997161,2831.056466522553,2846.457948558153,1457962.0,0.12426453899847534,0.0012418739452241755,2904.518729073661,0.9763437947584007,1.012496875951777,2942.846505301339,2868.3915120442707,1,0.7697395206839573,0.949085082138615,4,8,3,0,1,1615953.142857143,0.9022303687730691,0
2022-08-29,2756.909423828125,2765.8421977619005,2711.5410136837368,2750.2647412404017,2539173.0,-2.782254325760125,-0.02821692252030927,2873.250558035714,0.9595088796268693,1.020025949747444,2928.2307652064733,2872.316691080729,1,1.0719726051099694,1.1412269760802447,0,8,3,1,0,1774312.2857142857,1.4310744621698903,1
2022-08-30,2826.083984375,2839.59337087647,2765.314305884084,2776.667312913455,3431525.0,2.5091343208084815,0.024781723944797614,2851.298653738839,0.9911567771651083,1.0268609846028474,2917.9651402064733,2878.6694173177084,0,1.707863744760213,1.3879002262061768,1,8,3,0,0,2064757.2857142857,1.6619507889581764,0
2022-09-01,2756.16162109375,2807.4706096920486,2746.7447563789606,2807.4706096920486,3546935.0,-2.474178533541127,-0.02505300749361028,2823.280517578125,0.9762266285385092,1.0221082986222363,2903.974940708705,2880.6701416015626,0,1.831555995854725,1.5002622609909573,3,9,3,0,0,2351957.714285714,1.5080777083941743,0
2022-09-02,2755.017333984375,2783.708184014529,2746.1286065456165,2783.708184014529,2052900.0,-0.04151741685310961,-0.00041526037718810126,2803.8934500558034,0.9825684830960835,1.0136845657480638,2885.6125837053573,2882.317374674479,0,1.7851262743175482,1.3250840016173182,4,9,3,0,1,2381049.714285714,0.8621827539690178,1
2022-09-05,2757.65771484375,2770.462992067452,2739.044006672377,2749.076887768465,2147912.0,0.09583899261920159,0.0009579309637865918,2788.5611746651784,0.9889177759117517,1.0114707851785287,2868.7558244977677,2881.396232096354,0,1.803732138303216,1.339130547035223,0,9,3,1,0,2446191.0,0.8780638960735282,0
2022-09-06,2752.0693359375,2764.214549676102,2733.8516227618284,2759.506009846509,1936453.0,-0.2026494759001185,-0.0020285508777842156,2777.1011788504466,0.9909863410438261,1.0111062819435679,2852.056222098214,2879.922086588542,0,1.7855187948406908,1.3402633258054932,1,9,3,0,0,2444694.285714286,0.7921043589440923,1
2022-09-07,2771.9150390625,2782.73990969169,2730.022918646201,2730.022918646201,1291534.0,0.7211192997882643,0.007185316670646604,2767.9734933035716,1.0014239824797686,1.0193100910199064,2836.246111188616,2879.294287109375,0,1.8282389032345205,1.3682303057328915,2,9,3,0,0,2420918.8571428573,0.533489173414203,1
2022-09-08,2789.560791015625,2801.7500518374727,2781.156152794095,2789.868906651418,1346113.0,0.6365906495854556,0.006345729696902621,2772.6379743303573,1.0061035075051061,1.0074047978293805,2822.944266183036,2879.379345703125,0,1.481741886506782,1.4035446960825644,3,9,3,0,0,2250481.714285714,0.5981443845800125,1
2022-09-09,2831.804931640625,2845.754362458832,2788.548847209157,2811.8710957340245,1561185.0,1.5143652994068502,0.015030132522736188,2773.455252511161,1.021038622879036,1.0205144390089949,2812.376953125,2882.364306640625,0,1.2505465601736885,1.4934572605609877,4,9,3,0,1,1983290.2857142857,0.7871691860971004,1
2022-09-12,2854.07080078125,2877.7011622955056,2838.273322470928,2851.386499317343,1785928.0,0.7862783517269101,0.007832032919966161,2787.4422781808034,1.0239031039752797,1.0138914880087209,2805.361397879464,2883.951383463542,0,0.5956414140778525,1.5130400567085793,0,9,3,1,0,1731717.857142857,1.0313042581581873,0
2022-09-13,2842.10205078125,2872.1128147669933,2838.273595799271,2872.1128147669933,1972678.0,-0.4193571510813232,-0.00420238919217383,2799.8829520089284,1.0150788799017578,1.0119224654796513,2801.888201032366,2883.0375813802084,0,0.6660075381295668,1.418529171366933,1,9,3,0,0,1720257.5714285714,1.1467340895711382,0
2022-09-14,2746.216796875,2764.698579511597,2740.4083655364684,2759.066122177662,5090269.0,-3.373744228497799,-0.034319682823407756,2798.24853515625,0.9814056051034993,1.0088637205609952,2793.404854910714,2877.7130777994794,0,1.6031017611854945,1.6583753252321567,2,9,3,0,0,2140594.285714286,2.377970002989824,0
2022-09-15,2732.091064453125,2761.485807918387,2728.2626100062143,2754.665151393372,2138023.0,-0.5143706220845035,-0.005156980616982924,2795.3944963727677,0.9773543834325411,1.0121774193548387,2786.2478376116073,2872.008642578125,0,1.6124097263655344,1.641981995238387,3,9,3,0,0,2169390.0,0.9855410968060146,0
2022-09-16,2647.9111328125,2723.2905259336594,2640.2544379154365,2707.140883675961,5322221.0,-3.0811539459968618,-0.031296196280650154,2777.6796526227677,0.9532816825411323,1.0314500325520832,2772.82657296317,2863.703564453125,0,1.9062258806816283,1.802289735771745,4,9,3,0,1,2745202.4285714286,1.9387353532138691,1
2022-09-19,2665.60107421875,2677.2181514295744,2629.517594860232,2671.937642255157,2072220.0,0.6680715673210935,0.00665849858805081,2759.971121651786,0.9658075960676874,1.0181404211413456,2766.3045479910716,2854.588826497396,0,1.9097622578998883,1.6949744518287468,0,9,3,1,0,2848932.0,0.7273673081702196,1
2022-09-20,2675.722412109375,2710.6176956785125,2666.657493827425,2684.259193456649,1544295.0,0.379701898701823,0.0037898285062712743,2737.6736188616073,0.9773708573858438,1.0164851323999589,2755.564435686384,2845.358219401042,0,1.7376809602485834,1.5167450474710453,1,9,3,0,0,2846519.1428571427,0.542520503989986,0
2022-09-21,2641.310546875,2676.6899140420137,2638.626245172588,2664.896863274496,2253818.0,-1.2860775496979504,-0.012944191236030645,2707.279296875,0.9756328244093073,1.0144255629000372,2747.3607875279017,2834.6842447916665,0,1.5942907051601531,1.420691119724625,2,9,3,0,0,2913360.5714285714,0.7736145062520828,1
2022-09-22,2646.766845703125,2666.612800197156,2622.036592637576,2631.453456683588,2017983.0,0.20657543788558108,0.002063623642160115,2679.374267578125,0.9878302101092903,1.017000604676817,2739.6286097935267,2823.9163818359375,0,1.6545595534042992,1.4256223008762874,3,9,3,0,0,2919832.714285714,0.6911296630545714,0
2022-09-23,2624.456787109375,2660.0561724828663,2621.772485633237,2643.774604512334,2652374.0,-0.8429174118592675,-0.008464900511068046,2661.97998046875,0.9859040287174633,1.01460221550856,2730.1142578125,2812.9974609375,0,1.2845963284251818,1.4288436621285314,4,9,3,0,1,2571562.0,1.0314252582671544,1
2022-09-26,2635.325927734375,2663.0047675160854,2575.216305765953,2604.9191687641182,2925489.0,0.41414820310192724,0.004132929699067303,2648.1563895089284,0.9951549455971017,1.034089742890169,2721.7754429408483,2800.4386474609373,0,1.346031235591312,1.4429567997982464,0,9,3,1,0,2684057.1428571427,1.089950341700198,1
2022-09-27,2655.61181640625,2662.256499568145,2619.132344699108,2648.527090847732,2227447.0,0.7697677337890063,0.0076682013872933245,2649.2564871651784,1.0023989105138975,1.0164650537634405,2713.4680698939733,2789.1706298828126,0,0.7903658338497718,1.4456593232593833,1,9,3,0,0,2241946.5714285714,0.9935325972468059,1
2022-09-28,2671.62890625,2684.214159832934,2622.652280975536,2622.652280975536,2739767.0,0.6031412326454211,0.006013296166652673,2650.117606026786,1.0081171115479155,1.0234731379771393,2705.044363839286,2778.6961344401043,0,0.7821619381204562,1.4440264252559394,2,9,3,0,0,2337310.4285714286,1.172187898752736,0
2022-09-29,2637.8779296875,2689.4069321463035,2631.4532683670955,2687.778689496024,2493902.0,-1.2633108020183137,-0.012713584224074818,2644.711251395089,0.9974162314679968,1.0220234440321907,2691.1924351283483,2766.8501790364585,0,0.8992129662242695,1.3644495639278411,3,9,3,0,0,2472968.5714285714,1.0084648987509517,1
2022-09-30,2644.259033203125,2657.5922330079447,2596.3384551119543,2632.2019134840502,2817353.0,0.24190291157184518,0.0024161079747220954,2645.1324637276784,0.9996697970568467,1.0235923701609038,2676.205880301339,2755.7992594401044,0,0.7673662961622582,1.3324578297003522,4,9,3,0,1,2553473.5714285714,1.1033413588157084,0
2022-10-03,2627.009033203125,2658.472064233224,2617.372147790572,2635.8539282558045,1763331.0,-0.6523566633751532,-0.006544938090684114,2642.3099190848216,0.994209276598789,1.015702740810987,2660.8420933314733,2744.0413167317706,0,0.800243743127185,1.3323500955998184,0,10,4,1,0,2517094.714285714,0.7005421726851416,1
2022-10-04,2720.473876953125,2726.502543409668,2660.4961874523647,2666.6127334648536,2145875.0,3.557842495731278,0.03496013530367463,2656.0266462053573,1.0242645271800428,1.0248097915977505,2659.0033133370534,2736.31416015625,0,1.524292463489715,1.4826244538899631,1,10,4,0,0,2444737.714285714,0.8777526470265815,1
2022-10-06,2729.979248046875,2749.385162606025,2721.61844169452,2737.944059176487,1790816.0,0.34940130005569614,0.003487923118428493,2669.5485491071427,1.0226370481106044,1.0102022827616561,2658.852469308036,2730.955908203125,0,1.5252694565676863,1.4801010215092207,3,10,4,0,0,2282641.5714285714,0.7845366624420291,0
2022-10-07,2697.371826171875,2732.663312710145,2691.387421404363,2725.9745822630443,1939879.0,-1.1944201370149066,-0.012016106482995054,2675.5142647879466,1.0081694804141368,1.015336287513837,2662.3853759765625,2725.36884765625,0,1.6464873439188026,1.2446964335036526,4,10,4,0,1,2241560.4285714286,0.8654145457217526,1
2022-10-10,2744.588623046875,2752.0252969781927,2644.6549464085288,2649.055370612203,3064063.0,1.7504741621777287,0.017353298394297695,2685.937081473214,1.0218365284794724,1.0405990016638935,2668.02734375,2722.445491536458,0,1.7435367266174944,1.3118659864886713,0,10,4,1,0,2287888.4285714286,1.3392536811391713,0
2022-10-11,2701.464599609375,2767.866961157737,2687.2072674564333,2728.263141363747,4730645.0,-1.5712381475088355,-0.01583712939092354,2695.0208914620534,1.0023909677909124,1.030016178758571,2669.8660714285716,2717.967350260417,0,1.7955608432135495,1.394252079127178,1,10,4,0,0,2607423.1428571427,1.8142989230418078,1
2022-10-12,2728.923095703125,2736.97578612618,2694.863855017641,2714.9736648998382,1665247.0,1.0164299801566967,0.010112990694197214,2707.1157575334823,1.0080555617575482,1.0156267378888657,2676.12411063058,2717.03447265625,0,1.8112603034802812,1.356336962773889,2,10,4,0,0,2442836.5714285714,0.6816857989915237,1
2022-10-13,2731.167236328125,2737.063761587593,2686.326958190763,2728.922977087694,2054781.0,0.08223539272813607,0.0008220159795529064,2721.9955008370534,1.0033694895852145,1.018887054400482,2682.1527099609375,2713.8705810546876,1,1.7561643336983819,1.3569924176548942,3,10,4,0,0,2484472.285714286,0.8270492739303189,0
2022-10-14,2727.514892578125,2772.267293403134,2702.7405898542934,2767.866869127891,2245977.0,-0.13372830859345042,-0.0013381780469269118,2723.0013602120534,1.001657557881543,1.0257245197004232,2689.514003208705,2712.9156901041665,1,1.1638056047741852,1.3266391043074834,4,10,4,0,1,2498772.5714285714,0.8988321008806153,1
2022-10-17,2745.691650390625,2760.3829006019378,2710.132396730235,2711.191188700507,1517005.0,0.6664219455578824,0.006642111711321786,2725.2459891183034,1.007502317718826,1.0185417155015488,2697.3972691127233,2712.604833984375,1,1.1837260256068876,1.3302572049217352,0,10,4,1,0,2459656.714285714,0.6167547654878901,1
2022-10-18,2774.765625,2784.162915941873,2760.5155551789203,2779.442189863882,1793722.0,1.0588943811384866,0.010533273593567299,2736.30224609375,1.0140566996797078,1.008566284192309,2705.9082554408483,2713.17509765625,1,1.0785653359580738,1.340290755105465,1,10,4,0,0,2438777.1428571427,0.7355005787443825,0
2022-10-19,2754.604248046875,2787.383938169552,2745.9128887570896,2787.383938169552,1194289.0,-0.7265974744488535,-0.0072925005074349555,2737.7330496651784,1.0061624702173793,1.0151028277634961,2711.8350655691966,2713.2595947265627,1,0.9659093932510471,1.3657302310448227,2,10,4,0,0,2171666.5714285714,0.5499412367039245,1
2022-10-20,2785.88330078125,2788.2656365638254,2739.735696686924,2739.735696686924,1587601.0,1.1355189318593917,0.011291203084630105,2749.7928641183034,1.0131247837369448,1.0177133655394524,2722.4068777901784,2713.725203450521,1,0.7151191145243546,1.313827256506663,3,10,4,0,0,1722660.2857142857,0.9215984214448384,0
2022-10-21,2768.324462890625,2788.618803627653,2759.147977595152,2786.3247900140686,1021913.0,-0.6302790172761696,-0.0063227366110555775,2755.421630859375,1.0046827069537179,1.0106811328249916,2731.2686941964284,2713.017325846354,1,0.7641161163998701,1.342202451440649,4,10,4,0,1,1630755.4285714286,0.6266500678738898,1
2022-10-24,2789.765625,2804.1481776168825,2783.853839012355,2797.177599655719,260949.0,0.7745176693264799,0.0077153367901042005,2763.7928292410716,1.00939751904851,1.0072900158478606,2742.8941650390625,2711.616015625,1,0.7895779718406183,1.3152560862760807,0,10,4,1,0,1374493.7142857143,0.18985099552500162,1
2022-10-25,2790.118408203125,2809.6626504347373,2780.456366973794,2806.353791224836,2069643.0,0.012645621551987674,0.00012644822060665215,2772.7361886160716,1.0062689770698052,1.0105041329933657,2747.8687744140625,2709.484269205729,1,0.777830353915123,0.962377075277447,1,10,4,0,0,1349303.142857143,1.533860653149848,0
2022-10-27,2785.971435546875,2800.618740078452,2765.6331510594896,2788.883275052616,2438421.0,-0.14863070484957275,-0.0014874126985096729,2778.4904436383927,1.0026924663086787,1.0126501191980433,2751.8682163783483,2707.613248697917,1,0.7796078382947004,0.9650344642950811,3,10,4,0,0,1480934.0,1.6465426548380955,1
2022-10-28,2791.13330078125,2804.589329497575,2775.0301844486,2779.4419971424763,1355739.0,0.18528062307148208,0.0018510919024692753,2780.828683035714,1.0037055924402674,1.010651828298887,2758.5654645647323,2709.1104654947917,1,0.6854689271258637,0.8843132062480406,4,10,4,0,1,1418365.0,0.9558463442061811,1
2022-10-31,2817.515625,2822.6775315995496,2803.9714903854647,2822.6775315995496,1919414.0,0.9452190696648266,0.00940779826010909,2789.8160226004466,1.0099288276270397,1.0066712665511137,2763.7745361328125,2711.9579508463544,1,0.6451937047756346,0.8013685731199902,0,10,4,1,0,1521954.2857142857,1.2611508887070009,1
2022-11-01,2876.237060546875,2878.7960411046947,2826.604168845417,2836.3543177659885,2991060.0,2.084156518098279,0.020627351020981663,2802.723702566964,1.0262292561741213,1.0184645140039528,2776.258283342634,2719.568815104167,1,0.8950771328025048,0.778383142999377,1,11,4,0,0,1722448.4285714286,1.7365164322979108,0
2022-11-02,2860.3544921875,2885.325394187665,2843.0161551154115,2885.325394187665,1405955.0,-0.5521995588345319,-0.00553729816582729,2815.870849609375,1.0157974725951284,1.0148818145110174,2785.646240234375,2726.060595703125,1,0.8795720764729003,0.803319892985868,2,11,4,0,0,1777311.5714285714,0.7910571351706884,0
2022-11-03,2829.516357421875,2848.3107244829384,2819.148596542572,2848.3107244829384,1422652.0,-1.0781228288260558,-0.010839766855266629,2821.5495256696427,1.0028235661574438,1.0103443032325898,2792.6711774553573,2731.187060546875,1,1.0377320733982474,0.8873715830582174,3,11,4,0,0,1943269.142857143,0.7320921063503886,1
2022-11-04,2838.9130859375,2841.2514758680345,2793.692006783395,2838.560227097683,1464013.0,0.33209663167266257,0.003315464086536969,2828.520193917411,1.0036743213085197,1.0170238769947295,2800.628191266741,2737.7738118489583,1,1.0347852998163773,0.8803131405817499,4,11,4,0,1,1856750.5714285714,0.7884812438073457,1
2022-11-07,2853.295166015625,2861.3247497880584,2819.236107627993,2849.148105941495,1474498.0,0.5066051563665797,0.0050532623003018825,2838.137869698661,1.005340577876357,1.0149290944615055,2808.3141566685267,2744.6580891927083,1,1.022004381818827,0.8760813643980635,0,11,4,1,0,1719047.2857142857,0.8577413851576093,0
2022-11-09,2837.721923828125,2867.50165781084,2825.015774743182,2867.50165781084,1162267.0,-0.5457984989771236,-0.005472934209737209,2844.793387276786,0.9975142435720332,1.0150391666650145,2812.81103515625,2751.7669270833335,1,1.0770557158132286,0.8710862611742051,2,11,4,0,0,1691408.4285714286,0.6871592812042778,0
2022-11-10,2828.545654296875,2845.61945720835,2797.0895129768896,2797.0895129768896,1573092.0,-0.32336746790436743,-0.0032389143035517747,2846.3691057477677,0.9937381798393957,1.0173501577287067,2818.0925641741073,2758.207584635417,1,1.0452093123863941,0.8456734837146201,3,11,4,0,0,1641933.857142857,0.9580726977256872,1
2022-11-11,2925.870361328125,2948.503092360701,2872.134562567838,2884.9729821003893,3265394.0,3.4408038238096905,0.03382931936381773,2853.4595772879466,1.0253764884621217,1.026589467912877,2828.091639927455,2767.216202799479,1,1.506827034462488,1.1954675502853183,4,11,4,0,1,1681124.4285714286,1.942386859951133,1
2022-11-14,2943.119873046875,2955.031765802424,2919.737268748946,2932.9727051440004,1342074.0,0.5895514697691562,0.005878204153971743,2865.283203125,1.027165436853496,1.0120882441825327,2840.5770263671875,2776.265901692708,1,1.4662262988294432,1.161930476552321,0,11,4,1,0,1671998.5714285714,0.8026765231344183,0
2022-11-15,2940.561279296875,2947.046514255534,2904.7372765347063,2930.325788387533,1400708.0,-0.08693474477311502,-0.0008697255493739367,2881.1467633928573,1.0206218290088251,1.0145655987763897,2851.34814453125,2786.3553466796875,1,1.3401704366372014,1.1659115233794801,1,11,4,0,0,1668863.7142857143,0.8393183865223609,1
2022-11-16,2960.635009765625,2971.708486464669,2930.72279268046,2946.1199747492524,1748235.0,0.6826496223724332,0.006803301199043975,2898.5356096540177,1.0214244047596917,1.0139848415164245,2863.527901785714,2796.9012125651043,1,1.3368242163871191,1.1632902679552277,2,11,4,0,0,1709466.857142857,1.022678499261424,0
2022-11-17,2955.0322265625,2964.7382147656017,2927.458396440052,2947.090963487235,1417986.0,-0.18924261804120768,-0.0018942190811481682,2913.0694754464284,1.0144049949614198,1.0127345339461984,2875.603672572545,2807.8353190104167,1,1.3711448827131651,1.1648958668593279,3,11,4,0,0,1701393.7142857143,0.8334261423995588,0
2022-11-18,2950.134765625,2967.164404428522,2930.325771201285,2955.914282904037,1164540.0,-0.16573291125142608,-0.001658704001713775,2929.1284528459823,1.0071715232422147,1.012571514604035,2886.960920061384,2815.490681966146,1,1.3292700044883021,1.1742595356961172,4,11,4,0,1,1701718.4285714286,0.6843317792460042,0
2022-11-21,2897.237548828125,2941.5321075260067,2887.972741682489,2931.6496896547724,1304194.0,-1.7930440810105974,-0.01809313893070031,2938.941580636161,0.9858098466186563,1.0185456618306983,2892.655343191964,2821.065958658854,1,1.5843668289236648,1.2984498277653644,0,11,4,1,0,1663304.4285714286,0.7840981948927654,1
2022-11-22,2924.98779296875,2928.517243290538,2872.310790000173,2894.1492638662367,1149739.0,0.9578173578431493,0.009532593690802837,2938.815499441964,0.9952948027952623,1.019568374524806,2896.137538364955,2828.6531575520835,1,0.9144066332525318,1.2047208030496532,1,11,4,0,0,1361068.0,0.8447329597051727,0
2022-11-23,2919.1201171875,2938.2673417659494,2903.855201727249,2938.2673417659494,1150011.0,-0.20060513740792763,-0.0020080661901376133,2935.386962890625,0.9944583641241268,1.0118505013673655,2900.3350830078125,2834.4708740234373,1,0.8774206147641124,1.1930861260023233,2,11,4,0,0,1333630.4285714286,0.8623161074930482,1
2022-11-24,2982.517578125,2993.8118614360064,2919.1199604786734,2926.1346994104915,1296591.0,2.171800350531039,0.021485527586848272,2941.3807198660716,1.013985560584215,1.0255871296721513,2911.263741629464,2843.839306640625,1,1.2323849077931337,1.2501534065931996,3,11,4,0,0,1318756.5714285714,0.9831920675060144,1
2022-11-25,2990.89990234375,3002.9884406892334,2954.14959111945,2985.032278003913,1588981.0,0.28104861075184395,0.0028065440757279476,2945.704275948661,1.0153428932985928,1.0165322872330498,2922.119942801339,2852.5718668619793,1,1.2159026587604211,1.2503909936583089,4,11,4,0,1,1296006.0,1.226059910216465,1
2022-11-28,2995.84130859375,3015.0326931639333,2969.635185161332,2970.0322052062625,2195437.0,0.16521469829624547,0.0016507836895033625,2951.5341448102677,1.0150115708000154,1.0152872340109127,2932.3018101283483,2861.3943359375,1,1.2066823335389256,1.2510690518765735,0,11,4,1,0,1407070.4285714286,1.560289346872981,1
2022-11-29,2997.694091796875,3025.620776576068,2985.032104740985,2985.032104740985,1576028.0,0.06184517176561766,0.0006182605552050775,2958.3283342633927,1.0133067574270063,1.0135973987584985,2943.7283935546875,2870.4003092447915,1,1.1981477438522812,1.2276982218970094,1,11,4,0,0,1465854.4285714286,1.0751599676483174,0
2022-11-30,2991.914794921875,3013.179601826006,2977.9734243991,2985.0323243680464,3410702.0,-0.19279141560224478,-0.001929774974569195,2971.8536551339284,1.0067503794318036,1.011822193287037,2955.397617885045,2878.6077473958335,1,0.8483300282676048,1.2222688298015179,2,11,4,0,0,1766784.142857143,1.9304576701058718,1
2022-12-01,3066.783203125,3070.6215662510285,3017.679815108769,3022.0916277039573,2180856.0,2.5023576316477225,0.02471561361021404,2992.1101422991073,1.024956655094426,1.0175438596491229,2965.462820870536,2888.3416666666667,1,1.1467234720980823,1.0578699520033288,3,12,4,0,0,1914086.5714285714,1.1393716629924038,0
2022-12-02,3034.576904296875,3060.827188659679,3011.5032111008086,3051.297846000532,2411749.0,-1.0501654892105639,-0.01055718639377586,3008.6039690290177,1.0086328860611853,1.016378523980003,2971.9954659598216,2897.6740885416666,1,1.2917530489327627,1.1174145109135643,4,12,4,0,1,2094334.857142857,1.1515584491059692,0
2022-12-05,3022.885498046875,3034.576800767576,3006.2089335417827,3029.1503577484414,1475065.0,-0.38527302548981845,-0.003860171138065851,3014.3708147321427,1.002824696707226,1.00943642569526,2977.8757672991073,2905.5741617838544,1,1.1096106371912815,1.1266192900081184,0,12,4,1,0,2119831.1428571427,0.6958408007969369,0
2022-12-06,2987.106201171875,3007.047465925803,2971.797124472303,3000.0768878174986,1166999.0,-1.1836140303070564,-0.011906745090165174,3013.828857421875,0.991133319934809,1.0118616244572076,2979.7665666852677,2912.8668863932294,1,1.2234743841008404,1.1749111492697615,1,12,4,0,0,2059548.0,0.5666286971704471,0
2022-12-07,2982.914794921875,2994.473614579414,2959.4438659290595,2972.0616929376706,1167505.0,-0.14031661306034282,-0.0014041514900549983,3011.9822126116073,0.9903494059267605,1.011836598441227,2981.7581787109375,2919.3051920572916,1,1.221556333187656,1.174153336967579,2,12,4,0,0,1912700.5714285714,0.610396116067454,0
2022-12-08,2956.400146484375,2982.915186541277,2946.605835144837,2964.7384302353,1285619.0,-0.8888838689807277,-0.008928580095005065,3006.083077566964,0.9834725355884705,1.0123224324622486,2982.2057059151784,2924.8479166666666,1,1.2586354247351876,1.201083430897149,3,12,4,0,0,1871213.5714285714,0.6870509169183178,0
2022-12-09,2905.399169921875,2977.179446652125,2890.928510850785,2977.179446652125,1797896.0,-1.7251039790113776,-0.017401572722053733,2993.723702566964,0.970496765426497,1.0298350289457545,2982.7886788504466,2928.8288411458334,1,1.3857781292739206,1.193298635246235,4,12,4,0,1,1640812.7142857143,1.0957350490684539,0
2022-12-12,2899.83984375,2908.266447688295,2855.41302650925,2872.530770767368,1527610.0,-0.19134466029411268,-0.0019152795804685788,2969.8746512276784,0.9764182614748648,1.018509904062341,2980.9923967633927,2932.452392578125,1,0.5846543382318453,1.1634716414110726,0,12,4,1,0,1547491.857142857,0.9871522056474242,1
2022-12-13,2940.120361328125,2943.958509197416,2883.3844058485947,2891.6785277132994,1378016.0,1.3890600774018935,0.013795010565559226,2956.380859375,0.9944998635763348,1.0210079874282298,2982.492414202009,2936.5392171223957,1,0.9921148094054403,1.224198069174263,1,12,4,0,0,1399815.7142857143,0.9844267255587725,1
2022-12-14,2969.458740234375,2979.7381772420185,2947.8848046662138,2954.8555977030205,1213311.0,0.997863192682269,0.009929174121269662,2948.748465401786,1.0070234118221975,1.0108055011258865,2981.559640066964,2939.6466064453125,1,1.1339372779000194,1.1024327119430142,2,12,4,0,0,1362422.2857142857,0.8905542816806536,0
2022-12-15,2916.296630859375,2968.9294722548675,2910.869971774407,2963.6794580212227,1415694.0,-1.7902962804192346,-0.018065159627960937,2938.6328125,0.9923991246726661,1.0199457554076414,2976.2308349609375,2941.5113444010417,0,1.2358874870701393,1.1933406836508909,3,12,4,0,0,1397950.142857143,1.0126927682174645,0
2022-12-16,2859.0751953125,2904.737456359463,2845.7955961171497,2889.7372933102192,2703680.0,-1.9621267240573226,-0.019816319975308708,2920.9414411272323,0.9788197582657264,1.0207119092891754,2966.46182686942,2942.4966389973956,0,1.372219110587038,1.2792204291003508,4,12,4,0,1,1617403.7142857143,1.6716172815233161,0
2022-12-19,2825.368896484375,2863.7075041646976,2818.7070165010405,2847.383797855332,2120965.0,-1.178923131626164,-0.011859275358319682,2902.2226911272323,0.9735189877476262,1.0159649397401784,2954.1528843470983,2942.045166015625,0,1.3868435006906439,1.293215329293053,0,12,4,1,0,1736738.857142857,1.2212342640212708,1
2022-12-20,2862.33984375,2866.7958175446647,2791.4860905554474,2822.5893692776544,1529971.0,1.3085352256701155,0.013000478633914665,2896.071358816964,0.9883526643898914,1.0269783636909444,2944.897530691964,2942.3466552734376,0,1.462193500997373,1.3727915239739994,1,12,4,0,0,1698463.857142857,0.900796913378955,1
2022-12-21,2884.045654296875,2896.8399090467137,2858.85416479154,2866.795426360405,1432566.0,0.7583240192205132,0.007554631963981179,2893.8150460379466,0.9966240441819365,1.013287052107446,2931.8448486328125,2943.8907796223957,0,1.5069239864907908,1.1610453408015569,2,12,4,0,0,1684886.142857143,0.8502449890001045,0
2022-12-22,2876.237060546875,2906.502138037383,2863.3546970197967,2906.502138037383,1384101.0,-0.27075139182926033,-0.0027111858634942276,2884.6888602120534,0.9970701174113602,1.0150688425232453,2920.5348597935267,2945.4804931640624,0,1.3631271776492455,1.1477129034547784,3,12,4,0,0,1685755.4285714286,0.8210568250537613,0
2022-12-23,2848.574951171875,2882.545906087743,2838.5600510219747,2838.5600510219747,1360281.0,-0.9617465039456929,-0.009664011536307481,2867.419747488839,0.9934279603349082,1.0154958338999847,2908.0841064453125,2942.9039794921873,0,1.247173233667394,1.1583660288336797,4,12,4,0,1,1706751.142857143,0.7970001987066823,1
2022-12-26,2870.236572265625,2887.089780317712,2845.6629086139424,2848.574747625626,870157.0,0.7604371120668141,0.007575603637630975,2860.8397391183034,1.00328464157528,1.0145578984701136,2899.7362758091517,2940.4745361328123,0,1.208448857385585,1.1758018743173517,0,12,4,1,0,1628817.2857142857,0.5342262804010026,1
2022-12-27,2876.060546875,2888.6783736131365,2851.354397062912,2884.619419975796,835883.0,0.20290921890029345,0.0020270363619525416,2863.2662179129466,1.004468438485395,1.0130899114430219,2892.103829520089,2938.32451171875,0,0.9345390774405641,1.1824581150557072,1,12,4,0,0,1361989.142857143,0.6137222197282042,0
2022-12-28,2873.942626953125,2881.883888463998,2846.5010704529063,2867.501338421316,910795.0,-0.0736396152777874,-0.0007366674256091423,2870.205322265625,1.001302103601616,1.0124302844563702,2886.2140066964284,2935.434765625,0,0.7622129903083066,1.1687670188650245,2,12,4,0,0,1189107.7142857143,0.7659482728586164,1
2022-12-29,2884.222412109375,2886.6489089761594,2848.2661403561187,2851.00155026507,1037927.0,0.3576892962246836,0.0035705110942600947,2873.3314034598216,1.0037903767857892,1.0134758364312269,2884.7013811383927,2933.0744384765626,0,0.6111067551727907,1.0889170670783725,3,12,4,0,0,1118815.7142857143,0.9277014853716493,0
2022-12-30,2873.589599609375,2910.9135724032853,2864.324794362259,2899.487022349278,1163131.0,-0.3686543886268323,-0.003693355936282032,2871.8376813616073,1.0006100338675608,1.0162651868715187,2882.8263636997767,2930.5229329427084,0,0.5581356238219596,1.0917560494460532,4,12,4,0,1,1080325.0,1.0766491565038299,1
2023-01-02,2877.78125,2882.546136946802,2854.6192334296225,2877.3842299429016,709547.0,0.14586809442778126,0.001457618102668209,2872.058279854911,1.0019926371916723,1.0097830572953954,2878.3735700334823,2929.8743896484375,0,0.552928044542868,1.012569463322122,0,1,1,1,0,983960.1428571428,0.7211135584614998,1
2023-01-03,2921.811279296875,2929.443629089992,2863.531190519576,2869.4429764459805,1245178.0,1.5299991719966544,0.015184127169781923,2882.5206124441966,1.0136306629284995,1.0230178874211797,2874.9701799665177,2929.768505859375,0,0.6216366425666893,1.0674017092283288,1,1,1,0,0,967516.8571428572,1.2869832611259042,1
2023-01-04,2924.722900390625,2935.9290769595705,2899.6197292688294,2917.708161297688,1231668.0,0.0996512373807601,0.0009960161849635475,2890.304373604911,1.0119082706652054,1.0125221067177306,2875.5720563616073,2929.9552652994794,0,0.6014124285518909,0.9518228265571947,2,1,1,0,0,1019161.2857142857,1.20851136838148,0
2023-01-05,2921.590576171875,2944.70843071638,2895.869579901462,2938.443570763314,1826057.0,-0.10709815341246598,-0.001071555444649519,2896.808663504464,1.0085549014609168,1.0168650035740143,2880.037440708705,2927.924365234375,0,0.6183974845303762,0.7646614522320286,3,1,1,0,0,1160614.7142857143,1.5733533079699267,0
2023-01-06,2833.751953125,2913.1645955885083,2823.560620924734,2911.796890328632,2488376.0,-3.00653430919704,-0.030526573766106145,2891.067138671875,0.9801750762615616,1.031734390258789,2880.63623046875,2922.686100260417,0,1.38001627727175,1.0949910254023958,4,1,1,0,1,1385983.4285714286,1.7953865455410516,1
2023-01-09,2929.399658203125,2935.6203575905165,2842.2221906134705,2849.148823161941,2885060.0,3.3753026609349757,0.03319589514770512,2897.5210309709823,1.0110020348054074,1.0328609660727779,2885.4262172154017,2920.4713785807294,0,1.938800435133494,1.3826298117813565,0,1,1,1,0,1649859.5714285714,1.748670038324474,0
2023-01-10,2899.79638671875,2910.031879132558,2850.119544259817,2898.561165236644,3864655.0,-1.0105576206195566,-0.010156984172752051,2901.2648577008927,0.9994938514564622,1.0210209901522922,2886.55126953125,2917.2081217447917,0,1.986879937703745,1.4057942872486615,1,1,1,0,0,2035791.5714285714,1.898354946664832,1
2023-01-11,2937.119873046875,2955.4730552710416,2886.3398704670703,2903.0608113950348,2720512.0,1.2871071396277634,0.012788943125331322,2909.7418038504466,1.0094091060451478,1.0239518517938029,2890.9000418526784,2915.381624348958,0,2.033089021745016,1.4398607363542741,2,1,1,0,0,2323072.285714286,1.1710836622389094,1
2023-01-12,2942.10595703125,2955.9148461892505,2925.5174963028508,2937.385230735527,2250391.0,0.16976099716361492,0.0016961706605239492,2912.641043526786,1.0101162186016532,1.010390418079815,2897.580827985491,2911.2257161458333,1,1.9607322586206049,1.4033863857305358,3,1,1,0,0,2466674.1428571427,0.9123179105422403,1
2023-01-13,2977.576171875,2981.502641592047,2916.207821977424,2949.649271801032,1742837.0,1.2056063024848074,0.011983967576744954,2920.1915108816966,1.0196509923337107,1.0223903177004539,2905.2479422433034,2909.325691731771,1,2.0033491540673425,1.421014165334063,4,1,1,0,1,2539698.285714286,0.6862378140755527,1
2023-01-16,3008.7099609375,3025.8107560710764,2976.222878557972,2993.323673691548,1843607.0,1.0456084837250357,0.01040179807229727,2932.637137276786,1.0259400737628777,1.0166613454490783,2914.722900390625,2908.853173828125,1,2.0142089141656316,1.4356370737155653,0,1,1,1,0,2542205.4285714286,0.7251998517822377,1
2023-01-17,3048.732666015625,3051.8010232130546,2996.933896669197,3005.055668746892,1688475.0,1.3302280910338693,0.013214582442007074,2963.3486676897323,1.0288133486473798,1.0183077533357798,2927.2079031808034,2910.9073893229165,1,1.3283027344088354,1.454024063027097,1,1,1,0,0,2427933.8571428573,0.695436984427147,1
2023-01-18,3059.200927734375,3076.30172661506,3043.182987773524,3050.176736207135,2421189.0,0.34336437023292365,0.0034277622072523407,2981.8917061941966,1.0259262337997004,1.0108829271767736,2939.706368582589,2913.450260416667,1,0.857453152725354,1.4540857411611443,2,1,1,0,0,2361666.5714285714,1.0252035699245314,0
2023-01-19,3043.94921875,3056.492753081922,3033.029862151857,3050.175820908443,1585044.0,-0.4985520514884989,-0.004997989683080447,3002.4849679129466,1.0138099778284237,1.0077357929187742,2951.87491280692,2916.3685628255207,1,0.7025897215656713,1.459986010761748,3,1,1,0,0,2036007.857142857,0.7785058365267326,0
2023-01-20,3034.9248046875,3063.3959420455194,3028.1566635753697,3036.639312309069,1529349.0,-0.2964705852158023,-0.002969109297987642,3016.457101004464,1.0061223160365471,1.0116372045389959,2963.099452427455,2920.686083984375,1,0.7353198155046121,1.4711679039874768,4,1,1,0,1,1865841.7142857143,0.819656345064334,1
2023-01-23,3081.670654296875,3085.3706604429835,3028.157382125828,3057.395670541336,1067916.0,1.5402638489485865,0.015285222000782517,3036.3949148995534,1.014911018054718,1.0188937598339063,2974.51797921317,2926.747111002604,1,0.8192912995147537,1.4717818983533815,0,1,1,1,0,1696916.7142857143,0.6293272916753133,1
2023-01-24,3100.982421875,3115.105190952916,3083.8364610513177,3090.7850432164355,1387863.0,0.6266655247924691,0.006247101412836374,3054.0243791852677,1.0153757916962862,1.0101395551601133,2987.1079450334823,2932.1091796875,1,0.7843522990513362,1.47048876277897,1,1,1,0,0,1646206.142857143,0.8430675623596177,0
2023-01-25,3095.0712890625,3099.8089883897333,3072.736420805544,3091.055568934269,874110.0,-0.19062129378101256,-0.0019080320738336135,3066.3617117745534,1.0093627497296567,1.0088105726872245,2999.49942452567,2936.2962646484375,1,0.8021825595300561,1.4729979651133915,2,1,1,0,0,1507706.5714285714,0.5797613518204471,0
2023-01-27,3078.1962890625,3109.7357881786565,3052.251743528508,3091.6874086767493,1785879.0,-0.5452216903576224,-0.005467134485460789,3070.57080078125,1.0024834106672642,1.0188333235526945,3016.959734235491,2941.692919921875,1,0.7545455253672452,1.1418513801752534,4,1,1,0,1,1521621.4285714286,1.1736684082299427,1
2023-01-30,3098.5908203125,3120.9708549193124,3055.1845998762938,3086.272889450756,1953798.0,0.6625481072297434,0.006603629039626785,3076.197928292411,1.0072794054680738,1.021532661249236,3029.0448172433034,2949.6767740885416,1,0.7781635723570413,0.818953052841354,0,1,1,1,0,1454851.2857142857,1.342953756981936,0
2023-01-31,3030.954345703125,3112.4428172521584,3024.005764167,3112.4428172521584,2820375.0,-2.1828140122920003,-0.02206989853961253,3074.3415178571427,0.9858873284239875,1.029245001492092,3038.413242885045,2956.5296223958335,1,1.1810320921917228,1.0119923216235336,1,1,1,0,0,1631327.142857143,1.7288837572213334,1
2023-02-01,3075.759521484375,3085.370194566108,3027.615385425356,3034.83473656795,2205161.0,1.4782530738138178,0.01467433410737117,3080.175048828125,0.9985664686994234,1.0190760059612518,3048.316074916295,2963.6436116536456,1,1.3046045538698086,1.0272007154530662,2,2,1,0,0,1727871.7142857143,1.2762295845045375,1
2023-02-02,3122.73046875,3130.491359902265,3086.363161059032,3092.5897637316407,1813847.0,1.52713328000873,0.01515589972508685,3086.0407366071427,1.0118889331912044,1.014297798587024,3061.2178257533483,2971.5997721354165,1,1.3023612010607781,1.0734336840932812,3,2,1,0,0,1834433.2857142857,0.9887778498817035,1
2023-02-03,3142.494140625,3162.076591434319,3115.9628863490348,3162.076591434319,1804469.0,0.6328971415490603,0.006309027580974917,3091.9709821428573,1.0163401140482657,1.01479918303498,3072.9976806640625,2980.4750081380207,1,1.3027062817009736,1.0523847904471613,4,2,1,0,1,1893948.4285714286,0.9527550870860189,0
2023-02-06,3122.324951171875,3134.2368393436204,3101.479201950612,3134.2368393436204,1138714.0,-0.6418210679340675,-0.006438895949284632,3095.8643624441966,1.0085470762377935,1.0105619400486083,3081.113037109375,2989.6000081380207,1,1.3358492101191948,1.0681517378820913,0,2,1,1,0,1931749.0,0.5894730630118095,1
2023-02-07,3133.695068359375,3152.149492409252,3123.632964557196,3130.4011068970385,1455647.0,0.3641554727746188,0.0036349403202829388,3103.7927594866073,1.0096341190246587,1.0091292825295493,3087.1817801339284,2998.3819580078125,1,1.3027071355286075,1.0247420358887178,1,2,1,0,0,1884573.0,0.7724014936009377,1
2023-02-08,3176.60498046875,3194.4726991238244,3138.658220197554,3138.658220197554,1986946.0,1.3693071972009196,0.01360016898610705,3114.9376395089284,1.019797295514893,1.0177829107250669,3095.56778390067,3008.400105794271,1,1.3647542341780765,1.0713002631060218,2,2,1,0,0,1889308.4285714286,1.0516790006078565,1
2023-02-09,3195.330322265625,3201.421650359285,3163.249283575588,3172.0027035874955,1655427.0,0.5894765610457542,0.005877459456831736,3138.419921875,1.0181334562637574,1.012067454494307,3106.3807198660716,3019.113028971354,1,0.7791731443067701,1.0501470678492142,3,2,1,0,0,1722887.2857142857,0.9608446319886111,0
2023-02-10,3192.352294921875,3196.683950073236,3165.821044818,3176.5147978181903,1187821.0,-0.09319935791922696,-0.0009324281552438052,3155.0760323660716,1.0118146954854361,1.0097487839073387,3117.6255405970983,3029.384025065104,1,0.7639456088593425,1.0418580005483318,4,2,1,0,1,1577553.0,0.7529515648602614,0
2023-02-13,3142.583984375,3202.6851807113194,3134.462212995343,3202.6851807113194,1087939.0,-1.5589855363407845,-0.01571265511749119,3157.9122488839284,0.9951460764895079,1.0217654458979044,3121.976492745536,3038.3505045572915,1,0.9612608828499338,1.1009586236032467,0,2,1,1,0,1473851.857142857,0.7381603481567202,1
2023-02-14,3158.556396484375,3180.891263668698,3153.9539720892467,3162.9781608505896,1579818.0,0.5082572872766589,0.005069700198376007,3160.206856863839,0.9994777365994636,1.0085408004738912,3126.0889195033483,3047.709676106771,1,0.9507234953325191,1.0974275089467693,1,2,1,0,0,1441758.857142857,1.0957574438840179,1
2023-02-15,3177.100830078125,3181.928859043276,3122.504489757048,3146.734523960268,1429449.0,0.5871173810412467,0.005854005634909541,3168.031982421875,1.0028626124062412,1.0190309956258388,3131.948172433036,3056.2193277994793,1,0.9084461707244957,1.0992453887776605,2,2,1,0,0,1483292.4285714286,0.9637000583740013,1
2023-02-16,3210.851806640625,3226.147763863208,3182.831654026723,3183.012093754283,1618931.0,1.0623199692932017,0.010567169967741104,3179.054373604911,1.0100021670908563,1.0136092996881203,3141.423566545759,3065.7569580078125,1,0.9596551644630432,1.100199661992071,3,2,1,0,0,1506618.7142857143,1.0745459250235936,0
2023-02-17,3159.504150390625,3193.570467173406,3149.442266805479,3182.0646250812088,1061369.0,-1.5991910976334567,-0.016121161411166665,3176.611397879464,0.9946146237779481,1.014011433336318,3145.7745186941966,3073.6874104817707,1,1.0831478289181697,1.205105095652432,4,2,1,0,1,1374393.4285714286,0.7722453978139343,0
2023-02-20,3147.005859375,3178.319754975871,3135.951226496393,3160.2713747659004,1296082.0,-0.3955776103057085,-0.003963620880301638,3169.7079031808034,0.9928378120321365,1.013510582728933,3154.0639125279017,3084.1292073567706,1,1.0462416936960242,1.0198669030716194,0,2,1,1,0,1323058.4285714286,0.9796105538584895,0
2023-02-21,3114.247802734375,3166.497771917962,3108.6076842854936,3153.0518176626792,1139541.0,-1.0409277295445163,-0.010463832741097993,3158.550118582589,0.9859738442687447,1.018622513199434,3156.81307547433,3090.290812174479,1,1.0886536742128687,1.0131848827414716,1,2,1,0,0,1316161.2857142857,0.8658065028721513,0
2023-02-22,3069.623291015625,3110.6381891326687,3063.712402699568,3081.715617084995,1218430.0,-1.4329146087722622,-0.014432799671239182,3148.1271623883927,0.9750633099225862,1.0153166421207658,3153.019705636161,3095.951708984375,1,1.0660925290802932,0.9997955503872481,2,2,1,0,0,1334802.857142857,0.9128164458742972,1
2023-02-23,3080.677734375,3115.510972284333,3075.443660607491,3087.1751064959585,1441570.0,0.36012377778504856,0.0035947688472038925,3137.001639229911,0.9820453058900098,1.0130281403590815,3148.604248046875,3100.7369710286457,1,1.047993452226521,0.9866119013311361,3,2,1,0,0,1315053.142857143,1.0962066497692868,0
2023-02-24,3068.630615234375,3098.861651446193,3052.2517986673643,3088.5289980581183,977592.0,-0.39105418285724225,-0.003918207989691335,3121.5058942522323,0.9830609709514825,1.0152706447086635,3144.7689383370534,3104.9544596354167,1,0.9638482203077327,0.978994198455347,4,2,1,0,1,1250502.142857143,0.7817595560183537,0
2023-02-27,3006.72509765625,3059.2006789935385,2992.421667121703,3059.2006789935385,1128022.0,-2.017366224230177,-0.020379929390118994,3092.3449358258927,0.9723123260999421,1.0223160434258143,3135.6996547154017,3105.926090494792,0,0.8302502158492856,1.0892160323537015,0,2,1,1,0,1180372.2857142857,0.9556493435606151,0
2023-02-28,2989.578857421875,3061.005232790108,2977.892355176233,3003.701626574845,4116217.0,-0.5702629830622197,-0.0057189519061966836,3068.069893973214,0.9744168029856414,1.0279099670844067,3122.340645926339,3105.2883870442706,0,0.781907429519578,0.9798616199015928,1,2,1,0,0,1616779.142857143,2.5459364800599142,1
2023-03-01,3055.31982421875,3058.297850845702,2991.5188479060203,2998.738199575175,1669307.0,2.1990042722461522,0.021751748801037803,3054.9718889508927,1.000113891479367,1.0223227752639517,3112.3398960658483,3105.507958984375,0,1.3816662140113702,1.181998575349808,2,3,1,0,0,1670097.0,0.9995269735829715,0
2023-03-02,2997.33935546875,3041.0615092127086,2994.22605417747,3033.0300687433623,1556538.0,-1.8976890173789118,-0.01915926227710909,3038.270682198661,0.986528084225764,1.0156419235514618,3098.410400390625,3103.445906575521,0,1.4809100601657428,1.252466532945162,3,3,1,0,0,1729668.0,0.8999056466327642,1
2023-03-03,3016.01953125,3030.3229603301693,3006.047977690829,3026.713284379806,1043190.0,0.623225252995363,0.006212912357785013,3030.6130022321427,0.9951846471418838,1.0080753809717926,3089.3700823102677,3102.5149169921874,0,1.4772087827582947,1.2384660931599716,4,3,1,0,1,1704633.7142857143,0.6119731126150603,1
2023-03-06,3042.82177734375,3072.691715860364,3031.2256043654165,3033.842531496865,1334132.0,0.8886628821876963,0.008847375119946153,3025.205008370536,1.0058233306253526,1.0136796520309246,3081.1033238002233,3102.7781494140627,0,1.5258230274479359,1.261198459430803,0,3,1,1,0,1689285.4285714286,0.7897611483739786,1
2023-03-08,3059.5615234375,3064.6151583508063,3005.8226441318043,3035.7377481425538,1844590.0,0.5501388947059205,0.005486311579251829,3023.909423828125,1.0117900686205876,1.0195595419888732,3072.7076590401784,3102.0411783854165,0,1.5440966944769396,1.2593277029744518,2,3,1,0,0,1813142.2857142857,1.0173443168434657,0
2023-03-09,3011.23681640625,3054.68820151513,3005.8223026074047,3054.68820151513,1648500.0,-1.579465118157053,-0.015920715878551286,3024.553955078125,0.9955969908721529,1.0162570817527492,3058.449445452009,3099.049658203125,0,1.4566524892095618,1.2435253937583273,3,3,1,0,0,1887496.2857142857,0.8733792021085529,0
2023-03-10,3005.95751953125,3011.597637963273,2968.958342617176,2989.6236484252595,1024404.0,-0.1753198833860048,-0.001754737485573487,3026.8937639508927,0.9930832576058714,1.0143617021276592,3047.4818289620534,3096.07919921875,0,1.4370205727686143,1.1997847318456667,4,3,1,0,1,1445808.7142857143,0.7085335631733936,0
2023-03-13,2961.693603515625,3040.971190367257,2952.714579709819,3007.762131470913,1901233.0,-1.4725396393002743,-0.014834891275658915,3013.5185895647323,0.9828024999651345,1.0298899904731433,3034.2452392578125,3092.1957763671876,0,1.1857176709327284,1.2369821168955948,0,3,1,1,0,1478941.0,1.2855367455496873,0
2023-03-14,2901.23193359375,2981.953269458917,2896.223464056832,2959.9343338825,2670334.0,-2.041455937579262,-0.02062581658684036,2999.7889578683034,0.9671453473365041,1.0296005492897984,3019.0298200334823,3085.617146809896,0,1.216080340096475,1.3024464584491031,1,3,1,0,0,1638054.7142857143,1.6301860839638793,0
2023-03-15,2886.747802734375,2942.201621769472,2880.521200296672,2932.861497795797,1780522.0,-0.4992407084611683,-0.005004910781918727,2981.3215680803573,0.9682779052221202,1.0214129378622339,3005.96728515625,3080.810262044271,0,1.1199352263194895,1.2744357508063864,2,3,1,0,0,1743387.857142857,1.0212999893884773,0
2023-03-16,2874.204345703125,2905.608569116776,2862.4728993941326,2894.959981480573,1901060.0,-0.4345186309440918,-0.004354654067542094,2957.2333635602677,0.9719234136608068,1.0150693722661177,2991.2191859654017,3074.091756184896,0,0.9163177288039647,1.2540604028964988,3,3,1,0,0,1824377.5714285714,1.0420321044132235,0
2023-03-17,2869.06103515625,2907.05274636702,2837.2055974572454,2843.07132149779,6739966.0,-0.1789472816908111,-0.0017910758360475715,2930.0190080915177,0.9791953660481633,1.0246182895495388,2976.9642159598216,3065.6361083984375,0,0.7652675737582064,1.2565872944568839,4,3,1,0,1,2523717.0,2.670650473091872,0
2023-03-20,2836.5732421875,2860.3518469203977,2793.031532261789,2860.3518469203977,2289468.0,-1.1323493146593422,-0.01138809201463777,2905.067068917411,0.9764226349667599,1.024102955473651,2964.8105119977677,3055.4387451171874,0,0.7173993489212991,1.1935347444712143,0,3,1,1,0,2615283.8571428573,0.8754185492129316,0
2023-03-21,2803.003662109375,2848.711094996725,2795.197605797223,2836.5736038648693,1815297.0,-1.1834554306179967,-0.01190514009763051,2876.073660714286,0.9745938361722059,1.0191447964496376,2951.483712332589,3044.7947021484374,0,0.6586957849202416,1.211045468555262,1,3,1,0,0,2728268.5714285714,0.6653659463772943,1
2023-03-22,2825.29296875,2836.753644037391,2803.0032673043625,2824.6161546151097,1123939.0,0.7951936325281572,0.00792048629536126,2856.5878557477677,0.9890446614709227,1.0120407910781661,2935.05322265625,3034.5146321614584,0,0.8972919443472785,1.0172329216418325,2,3,1,0,0,2617226.5714285714,0.4294389382523026,0
2023-03-23,2819.7431640625,2839.32583069832,2798.4010449295647,2810.944579674217,1372218.0,-0.19643289205351078,-0.0019662607448292387,2844.946602957589,0.9911409799857446,1.0146243462290392,2922.3677804129466,3022.61923828125,0,0.6683117327353303,0.9431169281825811,3,3,1,0,0,2431781.4285714286,0.5642850890616932,0
2023-03-24,2815.998291015625,2860.668028367099,2802.9132164379207,2841.6269006823486,1329577.0,-0.13280901234563602,-0.0013289728167617686,2834.839529854911,0.9933536841712342,1.0206052801030265,2908.080548967634,3009.9748372395834,0,0.6739582989265962,0.8986970414544528,4,3,1,0,1,2367360.714285714,0.5616283956968354,1
2023-03-27,2817.622802734375,2845.1014163917093,2802.913329414844,2829.083479625092,1524217.0,0.05768866138637918,0.0005767202787490905,2826.7564522879466,0.9967688586874264,1.0150515132002575,2891.9949079241073,2997.483854166667,0,0.6894017588546156,0.8254355514293535,0,3,1,1,0,2313526.0,0.6588285586589474,0
2023-03-28,2811.847412109375,2842.21394514146,2806.6585026044622,2821.864351628328,1303530.0,-0.20497387440914228,-0.002051842333581733,2818.583077566964,0.997610265416266,1.0126682467795793,2874.301042829241,2986.4593017578127,0,0.688825882839922,0.7712991132261996,1,3,1,0,0,1536892.2857142857,0.8481596349442093,1
2023-03-29,2832.602783203125,2842.619721778148,2801.1987796733742,2823.6689236329594,1740616.0,0.7381400215518807,0.007354291001848386,2818.015869140625,1.005176306571669,1.0147868628264944,2861.5414690290177,2975.5941813151044,0,0.6679602441061724,0.7929621355032802,2,3,1,0,0,1458484.857142857,1.1934412561607477,1
2023-03-31,2893.064453125,2899.471714976188,2844.424166076857,2878.670916779496,2382581.0,2.1344916512969325,0.02112030437924893,2830.8816964285716,1.02196586200507,1.019352791878173,2853.4776785714284,2966.1263020833335,0,0.8543898975284361,1.04948557282988,4,3,1,0,1,1539525.4285714286,1.5476074352411753,0
2023-04-03,2887.7412109375,2910.2565241280945,2864.0527088165286,2910.2565241280945,1521830.0,-0.18400012421949663,-0.001841696123855949,2839.8028738839284,1.016880867856862,1.016132320180189,2848.1953648158483,2955.355948893229,0,0.869604290294174,0.9905654513157547,0,4,2,1,0,1596367.0,0.9533083557853551,1
2023-04-05,2923.6572265625,2945.8116578814243,2874.655829017467,2874.655829017467,2655065.0,1.2437407995206096,0.01236069882367372,2854.6477399553573,1.0241744316264472,1.024752816718333,2849.7971714564733,2947.494384765625,0,0.898057370461878,0.899575895710034,2,4,2,0,0,1779630.857142857,1.4919189501257726,0
2023-04-06,2906.4208984375,2939.494687765259,2901.277154078457,2910.30134429332,1703464.0,-0.5895468171987384,-0.005912915049941469,2867.565255301339,1.0135500467040208,1.0131726586800154,2851.202392578125,2939.474886067708,0,0.9674517802789099,0.9041966800698776,3,4,2,0,0,1833043.2857142857,0.929309205775906,1
2023-04-10,2944.95361328125,2952.714503587448,2901.276628677764,2905.788722968087,2203187.0,1.3257788940502557,0.013170673583340418,2885.75537109375,1.0205139502746772,1.0177293934681182,2856.2559116908483,2933.831746419271,0,0.998551997740491,0.9523998050041393,0,4,2,1,0,1930039.0,1.1415246013163465,0
2023-04-11,2900.194091796875,2953.572085045166,2880.656589162442,2945.495479433064,2348779.0,-1.5198718676761813,-0.015315403012782185,2898.3763253348216,1.0006271671646516,1.025312109800608,2858.4797014508927,2928.1841064453124,0,1.2702072410719447,1.053159085645982,1,4,2,0,0,2079360.2857142857,1.1295680773248806,1
2023-04-12,2925.326416015625,2942.743146497989,2886.8383344135827,2912.963319978562,2417727.0,0.8665738713776516,0.008628406717898834,2911.62255859375,1.0047066050444717,1.0193654114322832,2864.8192138671875,2923.0057291666667,0,1.2759805232575812,1.0104588284671705,2,4,2,0,0,2176090.4285714286,1.1110416039039344,0
2023-04-13,2877.6787109375,2914.8131620108825,2869.6922152305283,2896.7647832987404,4174070.0,-1.6287996039437758,-0.016422103670579953,2909.4245954241073,0.9890886037959064,1.0157232704402515,2870.153145926339,2916.640665690104,0,1.249412638149658,1.0638118774370022,3,4,2,0,0,2432017.4285714286,1.7162993780237241,0
2023-04-17,2833.14453125,2854.7122578378658,2770.6520137188445,2828.2715566379666,5505048.0,-1.5475730323275538,-0.01559672942750327,2901.625069754464,0.9763992463332766,1.0303395170894065,2870.7139718191966,2910.8546468098957,0,1.3706633846324714,1.1431408794904119,0,4,2,1,0,3001048.5714285714,1.8343748423170188,0
2023-04-18,2825.248291015625,2848.801515098883,2807.064636248936,2847.086786804494,2617302.0,-0.27870940388950993,-0.0027909852172209363,2887.566650390625,0.9784183823543711,1.0148685136462408,2871.107195172991,2905.376961263021,0,1.2019000335044459,1.1445823251011495,1,4,2,0,0,2995653.8571428573,0.8736997412966413,0
2023-04-19,2788.113525390625,2833.595349886156,2771.7796551513784,2825.247975049708,3298034.0,-1.3143894553653834,-0.013231039998355627,2870.665597098214,0.9712428811662925,1.0223018069347225,2869.1154261997767,2896.4700846354167,0,1.2432494313652056,1.1989879046945155,2,4,2,0,0,3223449.5714285714,1.023138078297398,1
2023-04-20,2801.83056640625,2809.230358172251,2777.64569304664,2788.4747210897062,2419999.0,0.4919828726738462,0.004907765917845544,2850.2194475446427,0.9830227524480342,1.0113710201429496,2867.9874093191966,2889.953125,0,1.0553862056939172,1.2079738492581238,3,4,2,0,0,3254422.714285714,0.7436031556002537,1
2023-04-21,2852.4111328125,2855.6597089636048,2798.220828776796,2806.523039363576,1929184.0,1.8052685630854048,0.017891670846949363,2843.393310546875,1.0031715001340742,1.0205269289671886,2870.8848179408483,2884.49951171875,0,1.337719518695755,1.3018359662695564,4,4,2,0,1,3194480.5714285714,0.6039116397371824,1
2023-04-24,2864.999755859375,2870.5495443318514,2821.09694130206,2843.612470588807,1640676.0,0.44133269927546515,0.004403616824132493,2834.775216238839,1.0106620586519157,1.0175295652927712,2873.198887416295,2878.5721110026043,0,1.2884014976016887,1.2932118437228544,0,4,2,1,0,3083473.285714286,0.5320869837274876,1
2023-04-25,2866.0830078125,2879.7997338116465,2840.3640639451646,2872.3999413939505,2024090.0,0.03780984451777769,0.00037802698397300014,2833.1186872209823,1.011635347555401,1.0138840194350676,2871.271641322545,2872.1228271484374,0,1.1459035602495833,1.1517819617180949,1,4,2,0,0,2776333.285714286,0.7290515192880558,1
2023-04-26,2886.071044921875,2895.3208390571563,2870.5946482272543,2870.5946482272543,2000029.0,0.6973991002664937,0.006949785202936028,2840.679617745536,1.015979073068565,1.0086136128084722,2871.15234375,2867.950634765625,0,0.9560005835707143,1.1684940613580965,2,4,2,0,0,2275616.285714286,0.8788955381254961,0
2023-04-27,2876.866455078125,2887.018668292053,2861.254563139059,2874.20436323212,2434446.0,-0.31893150585969865,-0.003194411763418478,2848.053641183036,1.0101166682672174,1.0090044784846857,2867.81014578683,2863.647599283854,0,0.9599516432552241,1.1141481723855955,3,4,2,0,0,2249494.0,1.082219379113703,1
2023-04-28,2905.112548828125,2912.3319012830834,2884.3569105201195,2888.101861479268,2931312.0,0.9818354168001475,0.009770467320278217,2864.7677873883927,1.0140830826209868,1.0096988658584278,2867.7166922433034,2861.7615641276043,1,0.6837056637219219,1.1408881933595334,4,4,2,0,1,2197105.1428571427,1.3341701053906259,1
2023-05-02,2905.2470703125,2919.3248920765545,2896.7644215040928,2919.3248920765545,2321159.0,0.00463050852983482,4.6304013250979994e-05,2879.541573660714,1.0089269406237837,1.0077881619937694,2864.8805106026784,2861.895402018229,1,0.7193484172236866,1.0758284209762332,1,5,2,0,0,2182985.1428571427,1.0632958302968623,0
2023-05-03,2869.60205078125,2902.179464363176,2863.510722614443,2902.179464363176,2468285.0,-1.2269186980856661,-0.01234507481563012,2881.9974190848216,0.9956990355988911,1.0135039626160114,2862.6953648158483,2861.323876953125,1,0.7302085064788745,1.0484092749614042,2,5,2,0,0,2259999.5714285714,1.0921617115350908,1
2023-05-04,2906.4208984375,2909.804969768073,2867.887650283464,2869.827763052802,1953253.0,1.2830645854266187,0.01274903049488573,2887.914725167411,1.0064081439485775,1.0146160953970653,2861.344970703125,2862.3977620442706,1,0.856452734928834,1.0824059386643767,3,5,2,0,0,2304653.4285714286,0.8475256955275705,1
2023-05-05,2915.445068359375,2927.44728532503,2896.8102038222487,2905.78922896011,1710027.0,0.3104908145522334,0.003100097872624571,2894.9664481026784,1.007073871363904,1.010576143877965,2864.04256766183,2863.943896484375,1,0.853596330492271,0.9830911085534297,4,5,2,0,1,2259787.285714286,0.7567203385957123,1
2023-05-08,2933.403076171875,2937.238356642924,2915.9863466752167,2928.349442012585,928235.0,0.6159611102741769,0.006140718240370642,2901.7281668526784,1.0109158775384368,1.007288103386334,2871.2038922991073,2867.1715576171873,1,0.846969645107732,0.8678694173517131,0,5,2,1,0,2106673.8571428573,0.4406163758347027,1
2023-05-09,2962.8671875,2976.177867775832,2929.2520796847634,2935.208133223178,1107375.0,1.0044344593302945,0.009994235427271871,2914.013985770089,1.0167649166985726,1.0160197165742453,2881.0338134765625,2872.500341796875,1,0.8502165291125238,0.8752119793782226,1,5,2,0,0,1917092.2857142857,0.5776325992503826,1
2023-05-10,2966.07080078125,2983.8484109430083,2947.345606610052,2968.9584975056696,1559987.0,0.10812544331266771,0.00108067029857956,2922.7223074776784,1.0148315470110403,1.0123849759088621,2893.745047433036,2877.192936197917,1,0.8183443705799632,0.7400209255204401,2,5,2,0,0,1721188.7142857143,0.9063428007935711,0
2023-05-11,2961.874267578125,2986.7359537053417,2952.714803365684,2986.1043045039883,1719623.0,-0.14148459308589434,-0.0014158477704402466,2930.8119070870534,1.010598551348846,1.0115219899669545,2905.176740373884,2881.9306396484376,1,0.8289282010918574,0.7561483041001343,3,5,2,0,0,1635255.0,1.0515931765993682,0
2023-05-12,2954.79052734375,2968.9584613481547,2941.8858917917887,2959.1671272317485,1027479.0,-0.23916411010137528,-0.00239450564280715,2942.981689453125,1.004012542087144,1.00920245398773,2912.4895542689733,2886.5570475260415,1,0.5750166453448015,0.6545089405079212,4,5,2,0,1,1429425.5714285714,0.7188055261758994,0
2023-05-15,2937.4189453125,2970.7632825646147,2931.372782209103,2963.5439307236315,1150390.0,-0.5879124719838091,-0.005896474809221045,2947.409981863839,0.9966102318263097,1.0134375609252353,2917.662353515625,2890.550252278646,1,0.5409183277096845,0.6887782390718671,0,5,2,1,0,1314730.857142857,0.8750003803059747,1
2023-05-16,2940.216064453125,2964.4461001565937,2933.267482954537,2938.4563916534416,986306.0,0.09522370464345453,0.0009517839563482082,2950.9486955915177,0.9963629895855437,1.0106293126635189,2922.9575718470983,2894.829207356771,1,0.5365688507824312,0.6880327549566847,1,5,2,0,0,1211342.142857143,0.8142257790797574,0
2023-05-17,2895.59228515625,2959.9348146727857,2886.16204909367,2938.231590032253,1588815.0,-1.5177040842804468,-0.015293390860908047,2945.5471540178573,0.9830405468832958,1.025560853591808,2923.6376604352677,2896.928857421875,1,0.76620593202278,0.8057104725005714,2,5,2,0,0,1305710.7142857143,1.2168200678885883,0
2023-05-18,2887.605224609375,2913.8654825847825,2883.228404788249,2911.158225866672,1369364.0,-0.27583512319118153,-0.002762162492815289,2934.7954450334823,0.983920439666769,1.0106259628080987,2924.404715401786,2896.7468831380206,1,0.5609237014109738,0.8043702115226601,3,5,2,0,0,1343137.7142857143,1.0195261330504988,1
2023-05-19,2908.361328125,2918.8744219476494,2890.49338684266,2896.765155186877,1152449.0,0.7187999016878388,0.0071622884832870945,2926.5512346540177,0.9937845248312668,1.0098187510942518,2924.6367710658483,2897.434220377604,1,0.6814160119197011,0.7832115324446564,4,5,2,0,1,1284918.0,0.8969047052029779,1
2023-05-22,2976.8095703125,2985.6081557371112,2903.1271456271,2914.8134278455905,1333243.0,2.3534985672371,0.023262307921295827,2928.6848493303573,1.0164321951517408,1.0284110912035838,2929.748378208705,2899.2059651692707,1,1.2113572342771946,1.0026275667071114,0,5,2,1,0,1229720.857142857,1.0841834488338005,0
2023-05-23,2975.3203125,3003.204968703597,2969.0485451363493,2983.396917684391,1687418.0,-0.050028655757905494,-0.0005004117426529164,2931.61767578125,1.0149073452107302,1.0115041647342546,2937.2996826171875,2901.5026123046873,1,1.2051941103132486,0.9217971984475976,1,5,2,0,0,1323997.857142857,1.2744869569814798,1
2023-05-24,2981.006103515625,2993.5044753630923,2956.3248539856777,2956.3248539856777,1016555.0,0.19109845053446595,0.0019091608973429834,2937.844412667411,1.0146916190190705,1.0125762976715125,2942.627197265625,2902.7043619791666,1,1.1658556529696518,0.8737624921312552,2,5,2,0,0,1304878.5714285714,0.7790418374999316,0
2023-05-25,2972.1171875,2983.39742580082,2948.2934123355303,2972.568397032033,1374917.0,-0.29818509949181005,-0.002986305570052839,2942.4017159598216,1.0100990532254652,1.0119065535738119,2946.67520577567,2905.101798502604,1,1.1820426453666633,0.8821240621564082,3,5,2,0,0,1360394.4285714286,1.0106752652933324,1
2023-05-26,3004.062255859375,3012.8608403328844,2969.8606669045807,2972.1167142054805,1791115.0,1.074825329691853,0.010690901411520116,2957.8974260602677,1.0156073126107676,1.014478852125114,2951.7222900390625,2907.726326497396,1,0.9525555876902955,0.9092293353080655,4,5,2,0,1,1389294.4285714286,1.2892263606367096,0
2023-05-29,2996.346923828125,3042.956775636512,2988.8116372799896,3032.84972720672,1210372.0,-0.25682996469867936,-0.0025716033863993223,2973.431954520089,1.007706572626692,1.0181159420289858,2954.113699776786,2911.68193359375,1,0.9498973429088396,0.8827136309206479,0,5,2,1,0,1366581.2857142857,0.8856933814715324,0
2023-05-30,2992.60205078125,3002.3030557024185,2979.2012598943925,2991.5191919697595,1344224.0,-0.12498129028699623,-0.0012505945703760203,2985.4663434709823,1.0023901483015787,1.0077543589011657,2956.0087890625,2916.9971842447917,1,0.9756248612464419,0.8844181501289594,1,5,2,0,0,1393977.7142857143,0.9643080992071609,0
2023-05-31,2968.507568359375,3002.979933206516,2946.5335755997253,2986.104740447233,5815424.0,-0.805134863006085,-0.008083935768916879,2984.280343191964,0.9947147140956205,1.0191568689643395,2956.482596261161,2921.772493489583,1,0.5777332125506803,0.9137643963540915,2,5,2,0,0,2034289.2857142857,2.858700599191364,1
2023-06-01,2999.640869140625,3014.0795736852247,2975.726764738632,2990.61667880025,1177314.0,1.0487863030262279,0.010433246933655422,2987.754708426339,1.003978292020012,1.0128885519332824,2959.686192103795,2928.8234049479165,1,0.7085366174210979,0.9498067346598884,3,6,2,0,0,1961417.2857142857,0.600236374266101,0
2023-06-02,2983.0361328125,3010.379250409834,2975.681286269555,3001.670995775546,2030661.0,-0.5535574774616969,-0.005550952845891951,2988.0447126116073,0.9983237935570483,1.011660510922451,2962.944562639509,2934.863590494792,1,0.7504816522627078,0.9479022787831008,4,6,2,0,1,2106289.5714285714,0.9640939344454538,0
2023-06-05,2967.96533203125,3002.3475790890493,2964.491151573636,2991.518552654102,1861468.0,-0.5052168364799825,-0.005064973715458662,2987.451590401786,0.9934772973616904,1.0127699580062224,2964.9266531808034,2938.715397135417,1,0.7686098005447723,0.9623053008684985,0,6,2,1,0,2175796.8571428573,0.8555339134207512,0
2023-06-06,2916.888671875,2967.920505036819,2906.3304147456515,2959.934009597492,2022849.0,-1.720931831818051,-0.01735911977829181,2974.998221261161,0.9804673666791213,1.0211917027667199,2966.447823660714,2940.445027669271,1,0.8303388583632395,0.9892755317667637,1,6,2,0,0,2208901.714285714,0.915771393049112,1
2023-06-07,2955.331787109375,2958.8965182829807,2924.739872252775,2935.568899857537,1567196.0,1.31794934805185,0.013093399580634078,2969.138916015625,0.9953497868248017,1.0116785244234034,2971.2854352678573,2943.419986979167,1,1.0619466852971122,1.038520368107374,2,6,2,0,0,2259876.5714285714,0.6934874319305429,0
2023-06-08,2920.634033203125,2950.910235802077,2917.520731604928,2942.788464510879,1759366.0,-1.1740730451178183,-0.011810197088318115,2958.8577706473216,0.9870815901246128,1.0114444788122485,2972.1620570591517,2944.572086588542,1,1.1231953419654341,1.0839022414702513,3,6,2,0,0,2319182.5714285714,0.7586147040231787,0
2023-06-09,2896.133544921875,2932.86195674756,2892.569033684028,2928.3498614294867,1775689.0,-0.8388756688690546,-0.008424140330209638,2948.518624441964,0.9822334242402815,1.0139298051643089,2966.399483816964,2945.214322916667,1,1.1255852634894181,0.8742707525776612,4,6,2,0,1,1742077.5714285714,1.0192938759574672,1
2023-06-12,2930.064208984375,2936.8323515906563,2897.6674545025,2901.2771305591828,2324605.0,1.1715849264614997,0.011647750079731593,2938.5791015625,0.997102377617265,1.0135160082042198,2963.16690499442,2946.046044921875,0,1.1516127519233847,0.9474825975215143,0,6,2,1,0,1905976.2857142857,1.2196400434902728,0
2023-06-13,2927.17626953125,2946.3978370029945,2922.9349445796934,2941.885742306206,1371928.0,-0.09856232652751817,-0.0009861093112841228,2930.59912109375,0.9988320300999672,1.0080271688792837,2959.3219168526784,2946.7770182291665,0,1.149665773845832,0.9436683756168255,1,6,2,0,0,1811871.5714285714,0.7571883248426391,1
2023-06-14,2933.8095703125,2938.141225924814,2911.0686537442966,2927.176702001411,1658544.0,0.22661090998501443,0.0022635453470557557,2925.7197265625,1.0027650781708695,1.0092998741701595,2956.5856584821427,2948.917268880208,0,1.1573257835248145,0.9467184128898661,2,6,2,0,0,1782882.4285714286,0.9302598833333854,0
2023-06-15,2924.035888671875,2952.3552093195044,2918.3083232724543,2950.4006679163926,2273810.0,-0.3331396059078173,-0.003336957513970448,2926.7407575334823,0.999075808523647,1.011666651455413,2950.8694893973216,2949.504435221354,0,0.9445705164297672,0.8865069467553819,3,6,2,0,0,1818734.0,1.2502158094586675,0
2023-06-16,2886.39794921875,2908.6716434866084,2869.2154738515223,2906.489819361,4156189.0,-1.2871914328733025,-0.012955475251823478,2916.89306640625,0.9895453427694312,1.0137515533408585,2943.0159912109375,2948.536197916667,0,0.8665732863331179,0.9340633500969607,4,6,2,0,1,2188590.1428571427,1.8990257328739553,1
2023-06-19,2918.671875,2922.7629614182097,2886.488750625675,2900.1257053530403,1468186.0,1.1181384670116312,0.011119335093573046,2916.6127580915177,1.0007059959889326,1.0125668983759843,2937.73526436942,2948.045157877604,0,0.9269324692544865,1.0045796464647954,0,6,2,1,0,2146993.0,0.6838336221869378,1
2023-06-20,2934.400390625,2938.7642612974137,2910.1721522414337,2921.945347504992,1528452.0,0.5388929039856549,0.005374460717656867,2922.0794503348216,1.0042164973607295,1.0098248858006418,2935.2990373883927,2947.0962646484377,0,0.8647782626025945,1.003828859045744,1,6,2,0,0,2111673.4285714286,0.7238107840538655,1
2023-06-21,2962.12841796875,2965.0375906543964,2930.9907039438817,2954.673593600641,1645987.0,0.9449299227309638,0.009404933861471454,2926.6600516183034,1.0121190591749234,1.0116161701450304,2932.6195765904017,2946.964851888021,0,0.8252807728815535,0.9952094699227337,2,6,2,0,0,2014728.0,0.8169772793151234,0
2023-06-22,2944.218994140625,2970.7200582622286,2936.582387060373,2963.765299026845,1529603.0,-0.6046133489514993,-0.006064485363914107,2929.0947265625,1.0051634614070246,1.0116249662710906,2929.846923828125,2946.3763427734375,0,0.8723753948751652,0.9971492128130567,3,6,2,0,0,2037253.0,0.7508164179903036,0
2023-06-23,2924.08154296875,2954.128124015964,2917.535626765662,2943.1277797551047,1119505.0,-0.6839658059387244,-0.006863155725867312,2927.705008370536,0.9987623529722339,1.012542262351349,2926.7123674665177,2945.3527099609373,0,0.9148116744750402,1.0040107712900765,4,6,2,0,1,1960247.4285714286,0.5711039247815072,0
2023-06-26,2899.80810546875,2921.854520815445,2884.6711709305137,2913.7633478828543,1978803.0,-0.8301217713427955,-0.008335864695851314,2924.243896484375,0.9916437233416123,1.0128899786775132,2925.4923270089284,2944.099015299479,0,0.9592126032606526,0.9180423858532623,0,6,2,1,0,1918103.5714285714,1.0316455427514901,1
2023-06-27,2906.80810546875,2917.9902315635795,2893.125648876536,2911.035472947951,863542.0,0.24139528359821139,0.0024110439321988054,2927.1596330915177,0.9930473461738493,1.0085943666832096,2922.026349748884,2942.985416666667,0,0.8102730139317942,0.8372590890526938,1,6,2,0,0,1447725.4285714286,0.5964818901137331,1
2023-06-28,2923.26318359375,2937.354704231224,2903.2168146828576,2916.4902067752564,1575872.0,0.5660875272104127,0.005644912730652366,2927.8155343191966,0.9984451374507427,1.0117586428184473,2922.2141462053573,2943.907779947917,0,0.7165004672866372,0.7960833297051683,2,6,2,0,0,1463109.142857143,1.0770707077413617,1
2023-06-30,3002.17578125,3009.2215416572035,2922.036027465169,2927.399807896132,2672406.0,2.699469486672701,0.026636765272638026,2937.497732979911,1.022018075978046,1.0298372481969933,2929.788591657366,2947.726798502604,0,1.2452273620324883,1.0326059147407882,4,6,2,0,1,1626531.142857143,1.643009426370827,0
2023-07-03,2974.947509765625,3017.2220741820643,2971.720052392161,3013.130987303054,1687264.0,-0.9069512736205598,-0.009110891144854838,2939.329031808036,1.0121178941085338,1.015311678417782,2932.99454171317,2949.946337890625,0,1.2895605677907158,1.041172901733379,0,7,3,1,0,1632427.857142857,1.0335917710649214,1
2023-07-04,3008.17626953125,3013.767332814385,2979.493160479394,2991.0390723859205,1656681.0,1.1169528086309999,0.011107609548088667,2948.4657854352677,1.0202513742540062,1.0115033566076306,2938.780255998884,2950.99189453125,0,1.3038204412464778,1.0723304079227591,1,7,3,0,0,1650581.857142857,1.0036951471571973,1
2023-07-05,3018.267578125,3026.495253047851,3004.676122356007,3018.31307903841,1453008.0,0.33546267537449825,0.0033490125456279666,2961.9209333147323,1.0190236829675292,1.0072617246596067,2944.812970842634,2952.4234700520833,1,1.2284361279203726,1.0729290328552392,2,7,3,0,0,1698225.142857143,0.8556038674326877,1
2023-07-06,3020.948974609375,3025.9946921480014,3001.948240187536,3006.084827429316,1848238.0,0.08883892547528749,0.0008879948705793852,2979.2267717633927,1.0140043729606012,1.0080102820023848,2951.735334123884,2953.7548990885416,1,1.111038142339149,1.0624262445091897,3,7,3,0,0,1679573.0,1.1004213570949284,1
2023-07-07,3026.72216796875,3051.8595329506525,3001.9483663386086,3001.9483663386086,1789326.0,0.19110529200916382,0.001909229181597474,2996.357352120536,1.0101339100380418,1.0166262575238492,2961.7584926060267,2955.5750651041667,1,1.1138392081013646,0.9684449221857118,4,7,3,0,1,1811827.857142857,0.9875805766788788,0
2023-07-10,2974.62890625,3022.6310315390187,2968.492276589758,3022.6310315390187,1407431.0,-1.7211114475601197,-0.01736094738929332,3003.6953125,0.9903231176181423,1.0182377954546864,2965.7554234095983,2954.593953450521,1,1.4149002849484487,1.0842205142852166,0,7,3,1,0,1787764.857142857,0.7872573366551722,1
2023-07-11,2975.03857421875,2995.5850124032454,2964.492793539697,2995.5850124032454,1110172.0,0.013772069782858054,0.00013771121520390114,2999.8185686383927,0.9917395022890033,1.0104882086174423,2968.6581508091517,2953.8836751302083,1,0.9199993358769548,1.0784708942129657,1,7,3,0,0,1564588.5714285714,0.7095616191203165,0
2023-07-12,2963.673828125,2990.265889866016,2954.7645285933795,2982.811065666501,1515240.0,-0.38200331895643647,-0.0038273481512223003,2998.2080426897323,0.988481715053452,1.012014954467298,2968.768537248884,2952.919401041667,1,0.8655121726043438,1.0569426465504408,2,7,3,0,0,1540013.7142857143,0.983913315799785,1
2023-07-13,3036.99560546875,3061.4511244735218,2975.3565198894707,2985.5842369007783,4585146.0,2.47401642677183,0.024439082178855823,3002.3250906808034,1.011547888300159,1.0289358952476892,2975.395438058036,2955.2023356119794,1,1.2411799973844055,1.2261945010606754,3,7,3,0,0,1958365.857142857,2.3413122646498055,1
2023-07-14,3195.27490234375,3204.548209497131,3047.4049393977743,3059.223633971811,6306101.0,5.211706483538703,0.05080438648517468,3027.6118512834823,1.0553779874356057,1.0515662582506713,2994.7663922991073,2961.7234700520835,1,2.291374012253224,1.7772025324264777,4,7,3,0,1,2651664.8571428573,2.3781666763102036,0
2023-07-17,3174.41015625,3227.321494187628,3161.091486422009,3191.0472847754263,2743228.0,-0.6529875122308182,-0.006551288023479736,3049.5348772321427,1.0409489591183814,1.020951626376554,3014.3808244977677,2968.102604166667,1,2.348323646367382,1.7664533065619061,0,7,3,1,0,2779520.5714285714,0.9869428664059434,1
2023-07-18,3179.092529296875,3203.775329331685,3150.136639084645,3160.137072859517,2600090.0,0.14750371931793183,0.0014739503943998387,3071.302071707589,1.035096013050047,1.017027417027417,3033.8297119140625,2975.140177408854,1,2.3500592793921213,1.7683524948941496,1,7,3,0,0,2895344.0,0.8980245525229472,0
2023-07-19,3154.727783203125,3197.2751275399046,3132.5448697161914,3181.9561925165294,2405370.0,-0.7664056918512796,-0.007693576727125205,3097.0304827008927,1.0186298781444072,1.0206637927039741,3050.3628976004466,2983.068147786458,1,2.2076743531297987,1.8089486882356764,2,7,3,0,0,3037906.714285714,0.7917853397830753,1
2023-07-20,3156.77880859375,3170.9979886535184,3131.940584552698,3147.4816096060504,1715404.0,0.06501433821153313,0.0006499321304642933,3122.9933733258927,1.0108182859292707,1.0124706721109138,3061.4059709821427,2989.7830485026043,1,2.2044692047031083,1.7032843180866553,3,7,3,0,0,3124368.4285714286,0.5490402426017162,0
2023-07-21,3070.186767578125,3130.8921637786366,3061.7554440058743,3102.772693816824,3770223.0,-2.7430506305951563,-0.02781374723123407,3138.2095075334823,0.9783243471182965,1.0225807452741251,3068.2087751116073,2994.7681396484377,1,2.5772395784402167,1.8717359326558463,4,7,3,0,1,3446508.8571428573,1.0939252316692145,1
2023-07-24,3094.2958984375,3111.340800775556,3073.650637395516,3081.7628492870426,1680132.0,0.7852659360652936,0.00782198769592224,3146.395263671875,0.9834415701562002,1.0122623446274224,3074.360177176339,3001.3735514322916,1,2.4407642192808763,1.861873376687085,0,7,3,1,0,3031506.8571428573,0.5542233876335333,1
2023-07-25,3098.305908203125,3105.2789734494727,3081.0331349031017,3096.8020315497083,1272980.0,0.12959361021840365,0.00129509710177595,3132.542550223214,0.9890706537992119,1.0078693858471384,3080.0772007533483,3006.9816080729165,1,1.1461218467232526,1.8616843021829361,1,7,3,0,0,2312489.5714285714,0.5504803203127958,0
2023-07-26,3088.41650390625,3118.085690977951,3085.408527895388,3099.4000558754824,1066803.0,-0.31918747179520146,-0.003196979615750031,3120.257742745536,0.9897953177383133,1.0105908707994828,3084.896309988839,3012.3562825520835,1,1.142409793540624,1.8667949018863121,2,7,3,0,0,2073000.2857142857,0.5146178740792676,1
2023-07-27,3096.25537109375,3109.699914070163,3085.454295510359,3094.4780014441108,1701769.0,0.25381509189532636,0.0025349352539888953,3108.4238630022323,0.9960853176899982,1.007858038472676,3089.862967354911,3017.771142578125,1,1.1513543528875256,1.8669148436945302,3,7,3,0,0,1944668.7142857143,0.8750945533800432,0
2023-07-28,3058.428466796875,3093.338749631964,3036.1880906607657,3085.408792220562,2599831.0,-1.2216984635706196,-0.01229222543091553,3094.666817801339,0.9882900637974945,1.0188231615646581,3095.848650251116,3022.2508951822915,1,1.189656551449459,1.8322801785519274,4,7,3,0,1,1972448.857142857,1.3180727046915286,1
2023-07-31,3118.632568359375,3123.3722948817326,3063.4415361987367,3066.631766698973,2743678.0,1.9684652499181166,0.019493415278581765,3089.217354910714,1.0095218982898375,1.0195632128032581,3106.1053641183034,3029.992049153646,1,1.5001995232867669,1.8894358070961093,0,7,3,1,0,2119345.1428571427,1.2945876273371775,1
2023-08-01,3146.524658203125,3153.7709950290664,3112.753742203544,3112.753742203544,1956167.0,0.8943692221627497,0.008903934285670491,3100.1227678571427,1.0149677589633188,1.0131771595900438,3119.1661376953125,3037.5871419270834,1,1.0067163410005688,1.881991515324789,1,8,3,0,0,1860194.2857142857,1.0515928443726308,0
2023-08-02,3136.133056640625,3141.374149337502,3111.477311631999,3130.9375831694133,1914899.0,-0.3302564794910645,-0.003308030298794363,3106.0995047433034,1.0096692175673887,1.0096085668353538,3126.247384207589,3044.311564127604,1,1.0156555025752214,1.7966971246233427,2,8,3,0,0,1893732.4285714286,1.011177171129999,0
2023-08-03,3099.035400390625,3129.3882090010948,3069.913198256954,3117.31090796876,2026351.0,-1.1829107879031908,-0.011899628457689613,3106.2037179129466,0.9976922577611432,1.01937351543943,3119.37313406808,3048.8751302083333,1,1.1431964792640008,1.1234683484744685,3,8,3,0,0,2001356.857142857,1.0124885988063241,1
2023-08-04,3138.77685546875,3163.7973343932103,3100.220594527487,3100.220594527487,2248493.0,1.2823814491798258,0.012742285650094394,3113.3980538504466,1.0081514798876798,1.0205071664829106,3116.827898297991,3055.360392252604,1,1.223991781210749,1.1825900457257974,4,8,3,0,1,2170169.714285714,1.0360908574102303,1
2023-08-07,3175.692138671875,3179.2924970791487,3136.6801334786755,3148.2560679609046,1853889.0,1.1761040973271797,0.011692417462771484,3124.746163504464,1.016304036392599,1.0135851798038504,3116.5850132533483,3063.747412109375,1,1.274603939534421,1.2284773305386614,0,8,3,1,0,2191901.1428571427,0.845790425376327,0
2023-08-08,3163.43310546875,3181.070391665635,3150.6721816427894,3175.692662780692,1634225.0,-0.3860271294512829,-0.0038677413722947003,3139.746826171875,1.0075440093129275,1.009648166572187,3117.2068219866073,3072.534912109375,1,1.1318750686662868,1.2143628117777008,1,8,3,0,0,2053957.4285714286,0.7956469677838642,0
2023-08-09,3156.04931640625,3160.1510411495938,3121.913896104317,3158.2368139229097,1794589.0,-0.23341062751526254,-0.002336834547416214,3145.0920758928573,1.0034839172427987,1.0122479819488268,3117.154715401786,3080.842952473958,1,0.9422268340236984,1.216253638383478,2,8,3,0,0,1918373.2857142857,0.935474348691112,0
2023-08-10,3137.455322265625,3158.237218937404,3126.4717689822373,3144.656039836463,1096701.0,-0.5891541061784689,-0.005908964658086131,3143.796456473214,0.9979829692235537,1.010160158895504,3121.9596121651784,3087.9826904296874,1,0.9198522051193497,0.9486567730068646,3,8,3,0,0,1795592.4285714286,0.6107739053413886,1
2023-08-11,3143.561767578125,3159.831808251447,3111.841719602854,3133.8088225124093,1679974.0,0.1946305105658075,0.0019444135078958336,3144.8577008928573,0.9995879198876425,1.0154217640139864,3125.47860281808,3092.695556640625,1,0.9133915421405229,0.9316487560784589,4,8,3,0,1,1762031.7142857143,0.9534300582558024,1
2023-08-14,3144.518798828125,3149.2129056077365,3109.107155145583,3136.1784922009774,1190425.0,0.03044416877284739,0.000304395354761413,3151.3553292410716,0.9978306062951673,1.0128994429785987,3128.779523577009,3098.347932942708,1,0.7423319899515342,0.9319217190075874,0,8,3,1,0,1642613.7142857143,0.7247139054343357,1
2023-08-16,3152.312255859375,3159.239702558436,3131.165629535196,3144.6557916406823,1328445.0,0.2478425962711528,0.0024753597303268527,3153.2889578683034,0.999690259274688,1.008966013409967,3133.343505859375,3103.1524658203125,1,0.5782651561841466,0.9241314093328152,2,8,3,0,0,1511178.2857142857,0.8790789363229148,0
2023-08-17,3131.66650390625,3154.499480355717,3111.112263179629,3149.2127689721588,1843241.0,-0.6549399386037824,-0.006570940809300307,3146.999581473214,0.9951277154095501,1.0139458860709016,3135.872872488839,3106.9324300130206,1,0.36595122420133236,0.9479128560580169,3,8,3,0,0,1509657.142857143,1.2209666338619931,0
2023-08-18,3069.092529296875,3108.195545534027,3059.430600758053,3108.195545534027,2526749.0,-1.9981046682756354,-0.02018336738490078,3133.5223563058034,0.9794385296536111,1.0159392224042902,3136.634591238839,3108.537215169271,1,0.7783703810659175,1.0477249515526252,4,8,3,0,1,1637160.5714285714,1.5433727418656205,1
2023-08-21,3100.5849609375,3107.968154886351,3073.559239908139,3076.293723217665,1375579.0,1.0261154181571586,0.010208865926701206,3125.598876953125,0.9919970805594834,1.0111951364175562,3135.345476422991,3110.999308268229,1,0.9563409568774313,0.9381467156124313,0,8,3,1,0,1577302.0,0.8721088288736082,0
2023-08-22,3082.810791015625,3109.1074942796968,3067.224369814653,3099.081055570498,1222012.0,-0.5732521490557918,-0.0057490154567596255,3117.7925153459823,0.9887799703930986,1.013655057281504,3130.7944859095983,3114.60537109375,1,0.9554167872987566,0.907523531387921,1,8,3,0,0,1595203.5714285714,0.7660539519138847,1
2023-08-23,3097.486083984375,3100.904188248317,3077.2053320183186,3088.143265662933,1330046.0,0.4760361229926513,0.004749066540757017,3111.210274832589,0.9955887935446752,1.0077014218009477,3128.0339878627233,3118.6869547526044,0,0.9826171557439802,0.9201659823861341,2,8,3,0,0,1545213.857142857,0.8607520530907558,0
2023-08-24,3087.91552734375,3110.976382961468,3079.119694332277,3106.373291177773,1152881.0,-0.3089781965481597,-0.003094565197081624,3103.124093191964,0.9950989501574943,1.0103460377613216,3127.2397112165177,3122.8283447265626,0,0.9773335415178951,0.868095002948812,3,8,3,0,0,1539850.4285714286,0.7486967426242604,0
2023-08-25,3082.035888671875,3086.137613244892,3053.7339446114943,3076.2934297630904,1158046.0,-0.19040801536862606,-0.0019058952186875476,3093.0846121651784,0.9964279271734603,1.0106111629962315,3123.186785016741,3124.3296875,0,0.9534965248197123,0.782903057104752,4,8,3,0,1,1515507.7142857143,0.7641307194175568,0
2023-08-28,3076.79541015625,3093.612439755008,3062.712864151854,3093.612439755008,1037485.0,-0.17003301405044136,-0.0017017773425112195,3085.2458844866073,0.9972610045854535,1.0100889560901463,3116.122732979911,3120.38037109375,0,0.9424583775614059,0.6873325996618193,0,8,3,1,0,1400399.7142857143,0.7408491942810613,1
2023-08-29,3077.34228515625,3089.556445841185,3067.179209774448,3081.8087420423494,944517.0,0.017774174980722535,0.0001777259556139104,3086.4244210379466,0.997057392424778,1.0072957054466938,3109.973388671875,3117.144775390625,0,0.5413116368838635,0.6884600687017081,1,8,3,0,0,1174366.5714285714,0.8042778319643684,1
2023-08-30,3090.83203125,3106.464294438142,3083.6313141767887,3097.2581115677926,1188200.0,0.43835702511283436,0.004373990392839901,3085.0311453683034,1.0018803330042245,1.0074045752993817,3105.315011160714,3114.2027587890625,0,0.38612647568611064,0.7086660643515982,2,8,3,0,0,1147598.142857143,1.0353798560894947,0
2023-08-31,3059.705078125,3114.9415166492786,3047.718790770656,3099.9930944161924,3417652.0,-1.007073590874219,-0.010121788819074684,3081.7303292410716,0.992852959615874,1.02205673505121,3099.7614222935267,3111.035335286458,0,0.502455403905288,0.7369744823143267,3,8,3,0,0,1461261.0,2.3388374835159498,1
2023-09-01,3080.1220703125,3089.054760630272,3059.704683185733,3068.090387808054,1277950.0,0.6672862797616919,0.006650697796696496,3079.249755859375,1.000283287983206,1.009592454332547,3095.2300153459823,3108.4801106770833,0,0.5429665519820619,0.7655580109458393,4,9,3,0,1,1453818.7142857143,0.8790298181213594,1
2023-09-04,3115.94384765625,3129.023882322115,3071.78198506352,3079.0283215980144,1828332.0,1.1629986255744518,0.011562877778205404,3083.2538016183034,1.0106024505737377,1.0186347525758443,3093.188947405134,3110.0053466796876,0,0.7010762601174605,0.8413570243412071,0,9,3,1,0,1550311.7142857143,1.179331861555584,1
2023-09-05,3125.833251953125,3141.9210382883625,3103.7749105597304,3117.310690729968,1501842.0,0.3173806968413073,0.0031687810744138217,3089.510567801339,1.0117567761477622,1.0122902365113045,3091.297589983259,3111.056591796875,0,0.6884004030405716,0.8435286294888168,1,9,3,0,0,1599425.4285714286,0.9389884474585427,1
2023-09-06,3126.3349609375,3139.0958842003674,3097.3496132666887,3130.07217747762,1314818.0,0.016050407809231615,0.00016049119869088654,3096.587646484375,1.0096064823118758,1.0134780622616413,3090.916765485491,3111.9908935546873,0,0.6750207355992027,0.8258124719591732,2,9,3,0,0,1639044.4285714286,0.8021856986182977,1
2023-09-07,3149.441650390625,3153.771249649537,3119.40794845906,3127.1556523960603,1885092.0,0.7390983289326192,0.007363803812214374,3106.8875558035716,1.0136966960737166,1.0110159689781684,3096.655988420759,3114.0250651041665,0,0.6919968515690602,0.6160328193937943,3,9,3,0,0,1773412.2857142857,1.062974478740984,0
2023-09-08,3137.2724609375,3158.3280704200915,3131.0288578677555,3149.4410000920693,1518917.0,-0.3863919641634128,-0.0038714038643098167,3113.521902901786,1.0076281968704248,1.0087189271615105,3099.276524135045,3115.392301432292,0,0.739722868493078,0.5827166618021652,4,9,3,0,1,1820657.5714285714,0.8342683565741514,1
2023-09-11,3172.59326171875,3177.196353478329,3140.0985716091377,3155.593978203435,1783604.0,1.1258442236379729,0.011195537673521811,3129.6487862723216,1.013721819405039,1.0118142093387152,3105.6895577566966,3119.197794596354,1,0.5725319807677345,0.6111759137052293,0,9,3,1,0,1587222.142857143,1.1237267625244642,1
2023-09-12,3263.879638671875,3272.174105327243,3174.7354296463814,3182.938880368982,4476016.0,2.877342584522502,0.028367243923856558,3155.8998674665177,1.034215208257555,1.0306919042043496,3117.5748116629466,3124.0393636067706,1,1.0648108338137825,0.9406405604418262,1,9,3,0,0,2044088.7142857143,2.1897366629530546,0
2023-09-13,3252.075439453125,3271.2168221792035,3231.2477030451937,3255.0377963035894,1754929.0,-0.3616615967969139,-0.003623171734732565,3175.347237723214,1.024163720055047,1.0123695621033144,3129.300519670759,3127.557722981771,1,1.1400624558143644,0.9437029014350458,2,9,3,0,0,2033602.5714285714,0.8629655689150668,0
2023-09-14,3244.965576171875,3279.2832501865755,3231.794527032964,3254.080519871164,2604721.0,-0.21862541056075768,-0.002188647448054155,3192.366141183036,1.016476629766956,1.0146942272339354,3140.9383544921875,3131.1854736328123,1,1.1809061450620313,0.9450320035900562,3,9,3,0,0,2191156.714285714,1.188742449601147,1
2023-09-15,3279.830322265625,3288.079391037457,3247.153159229306,3252.075362476336,2952897.0,1.0744257612396835,0.010686948209121257,3214.2940499441966,1.0203890096248556,1.0126037269575128,3155.440848214286,3137.2119710286456,1,1.170098013495797,0.9485719722296057,4,9,3,0,1,2425168.0,1.2176051308610372,1
2023-09-18,3286.98583984375,3298.9721261758623,3258.820748484001,3263.1959666407256,1395753.0,0.21816730974004717,0.002179296704362697,3233.9432198660716,1.0164018402215098,1.0123208303833648,3170.4153878348216,3142.1522705078123,1,1.183160040688531,0.9428537834314751,0,9,3,1,0,2355262.4285714286,0.5926103957963555,0
2023-09-20,3286.894775390625,3304.167551602088,3263.150299237373,3263.150299237373,1649396.0,-0.0027704546828655197,-2.7704930606700967e-05,3255.3178362165177,1.009700109409534,1.0125698324022345,3184.4198695591517,3145.859025065104,1,1.136837375865358,0.9515374791410107,2,9,3,0,0,2373902.285714286,0.6948036614336515,0
2023-09-21,3267.981201171875,3285.937597907689,3215.752523000923,3270.943558229628,2004073.0,-0.5754237817516494,-0.0057708572293111455,3268.9446847098216,0.9997052615963637,1.0218253968253967,3199.2967354910716,3149.343961588542,1,1.2038309217291898,0.9068302227072333,3,9,3,0,0,2405397.8571428573,0.8331565583002752,1
2023-09-22,3284.706787109375,3312.1428582437647,3249.52323591542,3266.796010717758,1989083.0,0.5118017793830143,0.005104965257228143,3271.919991629464,1.003908040389931,1.0192704030044284,3213.909929547991,3153.6325439453126,1,0.5648074171584548,0.9052483670710914,4,9,3,0,1,2050121.7142857143,0.9702267851413978,0
2023-09-25,3260.552490234375,3299.610118914776,3243.6898418366063,3283.658965024994,1238778.0,-0.7353562567530281,-0.007380733291774925,3273.1309988839284,0.9961570408719228,1.017239711502906,3224.2391183035716,3157.7357828776044,1,0.6288890583616977,0.9342303271410431,0,9,3,1,0,1976385.857142857,0.626789548975435,1
2023-09-26,3268.345703125,3276.7770270409974,3223.0444721045315,3251.847786603666,1726062.0,0.23901510293014017,0.0023872991616888687,3276.471017020089,0.997520102008264,1.016671366281639,3234.4185791015625,3161.8952473958334,1,0.6213998630766047,0.9345371983792428,1,9,3,0,0,1850863.142857143,0.93257138252562,1
2023-09-27,3271.626708984375,3294.140574881683,3241.0004098672084,3272.2647105216497,1541134.0,0.10038735670581111,0.001003370022957024,3275.299072265625,0.9988787700908456,1.0163962228615244,3244.796561104911,3166.132177734375,1,0.45462352248676624,0.9326765946711131,2,9,3,0,0,1649182.7142857143,0.9344834787863322,0
2023-09-28,3223.72802734375,3283.9322808574702,3215.160068443675,3281.38005186612,1755753.0,-1.4640631679979865,-0.014748863414287718,3266.2622419084823,0.986977709866958,1.0213899808873543,3250.1027308872767,3168.512703450521,1,0.6848778996385891,1.0380697024673355,3,9,3,0,0,1700611.2857142857,1.0324246432732298,0
2023-09-29,3216.299560546875,3252.6224826131343,3195.289567953573,3224.138279675587,2243791.0,-0.23043094001312658,-0.0023069684066047893,3256.1772112165177,0.9877532308339126,1.0179429480303033,3255.7475237165177,3171.333805338542,1,0.6751207346284945,1.0324423294174583,4,9,3,0,1,1785524.857142857,1.2566562660967076,0
2023-10-03,3202.85498046875,3221.403759691803,3172.0920416447743,3221.403759691803,1948148.0,-0.41801392640923307,-0.004188900470124142,3246.873465401786,0.9864428086274102,1.0155454877726247,3257.9090750558034,3175.7925537109377,1,0.6672941784808177,1.0060760594808411,1,10,4,0,0,1777535.5714285714,1.0959825678393096,1
2023-10-04,3224.63916015625,3233.981977311674,3169.539370804724,3177.7428200143645,1788138.0,0.6801487991289434,0.0067784622192202685,3238.2923758370534,0.9957838224297847,1.0203318523507057,3255.106183733259,3179.927693684896,1,0.7028915783607126,0.6394501955503761,2,10,4,0,0,1748829.142857143,1.0224772427331787,1
2023-10-05,3271.672607421875,3303.2558002739493,3236.8989615455466,3239.4511904452584,2990768.0,1.4585646619557302,0.014480299213757196,3239.8809640066966,1.0098125961318845,1.0205001266696068,3256.5059814453125,3186.2230875651044,1,0.9137321392736668,0.7536102943254751,3,10,4,0,0,1999113.4285714286,1.4960471763411696,1
2023-10-06,3300.885986328125,3313.2367809094894,3258.638351141779,3273.176643439127,2075691.0,0.8929187731064214,0.008889558265547883,3244.5295758928573,1.0173696707387108,1.0167549828745432,3260.5002964564733,3193.0030843098957,1,0.9678346604988697,0.781667008471186,4,10,4,0,1,2049060.4285714286,1.012996479292286,1
2023-10-09,3316.336181640625,3353.3883449301275,3309.636607893801,3322.443150428711,4233074.0,0.46806207110736686,0.004669700667749215,3250.9166434151784,1.0201234129942875,1.013219498760672,3263.1078578404017,3200.6171061197915,1,0.9749201981197951,0.7407381061167736,0,10,4,1,0,2433623.285714286,1.7394121862856693,0
2023-10-10,3307.72216796875,3325.13180122624,3282.610673537835,3317.885464751515,1848148.0,-0.2597448871306418,-0.0026008280944672213,3262.9158063616073,1.0137320005376127,1.0129534483120954,3264.589024135045,3208.1399820963543,1,0.7002722179435829,0.7449626278449046,1,10,4,0,0,2446822.5714285714,0.7553257116313764,0
2023-10-11,3290.404296875,3326.9553196741545,3285.938062308309,3326.9553196741545,2426417.0,-0.5235588182542217,-0.005249341901225739,3273.502197265625,1.0051633078552669,1.0124826629680999,3264.8397042410716,3215.2602783203124,1,0.7492294130542467,0.7605067317776025,2,10,4,0,0,2472912.0,0.9811982795991123,0
2023-10-12,3229.014404296875,3271.0341609654283,3224.95829888288,3258.5923519076296,4241281.0,-1.8657249091374228,-0.01883349113357516,3277.2392578125,0.9852849152222672,1.0142872737605657,3262.0563616071427,3220.316015625,1,1.1049535406670083,0.9019770320970774,3,10,4,0,0,2800502.4285714286,1.5144714593814976,1
2023-10-13,3254.81005859375,3260.4156604701616,3213.0179488837907,3217.575421151711,2890357.0,0.7988708338540818,0.007956967541335102,3281.549386160714,0.9918516150694754,1.0147517730496454,3259.920880998884,3225.781949869792,1,1.1158149150163292,0.9196018224373792,4,10,4,0,1,2957962.285714286,0.9771446424314498,0
2023-10-16,3212.152099609375,3258.2735858136334,3207.6402465342494,3250.3892477395666,1671104.0,-1.310612853482629,-0.013192771707767729,3273.046456473214,0.9813952054534985,1.015785230071886,3256.463710239955,3230.863517252604,1,1.059248816903794,0.9638229834008333,0,10,4,1,0,2769438.8571428573,0.6034088803549269,0
2023-10-17,3196.65673828125,3221.3581049971613,3193.284253235353,3217.5754919446927,1672065.0,-0.4823981196285576,-0.004835654148775508,3258.156563895089,0.9811243491809624,1.0087915292017504,3251.3430698939733,3234.748006184896,1,0.9300551349697066,0.9634478117349304,1,10,4,0,0,2711778.0,0.6165936149640568,0
2023-10-18,3178.609130859375,3210.921565724509,3175.6467737942685,3200.257124796693,1408245.0,-0.5645775852548551,-0.005661773486154065,3238.481270926339,0.981512278423695,1.011107907913856,3244.698957170759,3236.836848958333,1,0.8367160964682457,0.9663303796739469,2,10,4,0,0,2308231.0,0.6100970830042574,0
2023-10-19,3157.9560546875,3177.329916924604,3154.529105910934,3170.613008079076,1514545.0,-0.6497519928249651,-0.006518720695695955,3217.086111886161,0.9816199955045676,1.007227960259091,3240.000959123884,3237.907609049479,0,0.8230706868244999,0.9071839638528728,3,10,4,0,0,2260573.4285714286,0.6699826605310132,1
2023-10-20,3193.504638671875,3198.028165823499,3147.355068054905,3153.157899999989,1481211.0,1.1256833017549095,0.011193946369020605,3203.2433035714284,0.9969597486120723,1.0161002164270936,3238.3727504185267,3240.1465983072917,0,1.067369553261783,0.9675564602932242,4,10,4,0,1,2125544.0,0.6968620738973176,0
2023-10-23,3116.37548828125,3179.2486146541296,3108.288023694424,3173.811234327899,1106272.0,-2.415188299920612,-0.024448322505810405,3187.152029854911,0.9777931705451519,1.0228294773260311,3232.195643833705,3239.044392903646,0,1.2029031706059041,1.1555269385345166,0,10,4,1,0,1677685.5714285714,0.6594036563466388,0
2023-10-25,3098.052734375,3129.946110609001,3086.263898370604,3098.418186283159,1518537.0,-0.5879507772779791,-0.0058968601275711805,3164.758126395089,0.9789224359789948,1.0141537514862093,3223.1537562779017,3237.737068684896,0,1.0589755392952995,1.1316018229006841,2,10,4,0,0,1481711.2857142857,1.0248535019208966,0
2023-10-26,3049.298583984375,3083.065403130757,3043.1300770713924,3077.9022236248165,1984471.0,-1.573703050618358,-0.01586217221303493,3141.493338448661,0.9706525704396962,1.0131231084600225,3207.2698974609375,3233.62724609375,0,1.088602995853932,1.0613157213484778,3,10,4,0,0,1526478.0,1.3000324930984921,1
2023-10-27,3062.27587890625,3072.3739998809515,3049.5276732905218,3061.407763117545,1108851.0,0.42558295176584604,0.00424679908746493,3122.296072823661,0.9807769050347838,1.0074917590650285,3190.226318359375,3226.907120768229,0,1.174482662261982,1.0208389433279434,4,10,4,0,1,1446018.857142857,0.7668302488052913,1
2023-10-30,3087.498291015625,3091.427903783305,3046.557629431455,3061.407741610911,910972.0,0.8236492434634535,0.008202757641812114,3109.2802385602677,0.9929945370396306,1.014728188273341,3173.8807547433034,3221.4212158203127,0,1.2937347088024733,1.0515340932536934,0,10,4,1,0,1374979.857142857,0.6625347966136439,0
2023-10-31,3078.5419921875,3106.1860427295915,3061.4529873832034,3106.1860427295915,999811.0,-0.2900827137034212,-0.0029050426904419493,3097.935372488839,0.9937399015894386,1.0146117074247885,3157.5107421875,3215.8737630208334,0,1.2896403297372958,1.0510226082757952,1,10,4,0,0,1301446.4285714286,0.7682306225216449,0
2023-11-01,3043.72412109375,3081.14657643751,3025.767000563393,3065.9765288100825,1563475.0,-1.1309857452686423,-0.01137430024373747,3076.538155691964,0.9893341044584465,1.0183026570994413,3139.8907296316966,3208.003556315104,0,1.1296560442749752,1.0642395184084892,2,11,4,0,0,1313198.4285714286,1.1905854941517378,1
2023-11-02,3070.63720703125,3085.121641576822,3055.192959213932,3055.192959213932,1245384.0,0.8842156800935363,0.008803293852666148,3070.0041155133927,1.0002062184590106,1.0097960039717395,3128.5780726841517,3200.7919352213544,0,0.9597572454962582,1.0564256905548028,3,11,4,0,0,1333071.5714285714,0.9342214076813581,0
2023-11-03,3062.229248046875,3096.041801533921,3056.19795345218,3090.65015927537,1402598.0,-0.27381805200308307,-0.0027419361936859223,3064.886474609375,0.9991330097918754,1.0130370639234068,3114.8223005022323,3193.303084309896,0,0.9462269420682626,1.004027543005318,4,11,4,0,1,1316508.857142857,1.0653919967116494,1
2023-11-06,3089.05126953125,3100.063241613325,3069.631895379179,3084.253541799562,1099852.0,0.8758985468342084,0.008720848089826377,3070.5654296875,1.0060203373831482,1.0099136793176913,3106.02938406808,3187.3387532552083,0,0.7745943406401928,1.0263194749183475,0,11,4,1,0,1190134.7142857143,0.924140760535752,0
2023-11-07,3080.095703125,3110.8925036423684,3076.0291020236123,3086.99533768145,1191144.0,-0.289913168311029,-0.0029033423054365217,3073.1111188616073,1.0022728056335235,1.011333898497846,3097.703595842634,3180.5183837890627,0,0.7851205138992923,1.0245981526965282,1,11,4,0,0,1201890.857142857,0.9910583751602833,1
2023-11-08,3090.2392578125,3108.8817673622384,3079.273023228274,3081.009254460664,992899.0,0.32932595819046284,0.0032878486789851267,3073.502685546875,1.005445439284738,1.009615498174606,3091.3914620535716,3174.841276041667,0,0.7278083188500104,1.0319883620131776,2,11,4,0,0,1213594.7142857143,0.8181471032398083,0
2023-11-09,3059.077392578125,3099.332664644226,3054.142675279032,3098.053359598878,2112352.0,-1.0083965232010494,-0.010135152816025481,3070.7220284598216,0.9962078508657662,1.014796292829072,3084.32870047433,3167.8656656901044,0,0.8224668402607286,1.0484330340386572,3,11,4,0,0,1372529.142857143,1.539021601831197,0
2023-11-10,3046.282958984375,3059.076899811592,3036.139325479398,3050.441034374945,1338557.0,-0.41824484809673823,-0.004191219383055625,3071.087576729911,0.9919231812425396,1.00755484906101,3073.8128662109375,3160.354207356771,0,0.7079203623164472,0.9743740132664135,4,11,4,0,1,1340398.0,0.9986265273448632,0
2023-11-13,3044.547119140625,3066.890781193562,3040.389043215429,3066.890781193562,1030990.0,-0.05698222611364434,-0.0005699846715407265,3067.360421316964,0.9925625622545705,1.008716561466787,3068.6822684151784,3154.3815104166665,0,0.5955959443471226,0.7686922600133531,0,11,4,1,0,1309770.2857142857,0.787153297982896,1
2023-11-15,3111.029541015625,3118.980016800041,3066.936137613749,3091.655903728132,2059802.0,2.183655541313012,0.021601552781708222,3074.3318917410716,1.0119367884037305,1.0169693390573125,3069.6091831752233,3150.872509765625,0,1.044855038323565,0.9791194620666211,2,11,4,0,0,1403656.5714285714,1.4674543915707505,1
2023-11-16,3196.5205078125,3225.3068746335257,3120.076577611492,3134.5612355569488,3951984.0,2.7479959823514033,0.027109163376653086,3089.684640066964,1.0345782434751076,1.0337268315069978,3080.1250348772323,3150.6613606770834,0,1.4124396564862396,1.1061773309914695,3,11,4,0,0,1811104.0,2.1820856229128753,1
2023-11-17,3200.72412109375,3220.874622639635,3191.6770664120663,3196.520531518964,2021292.0,0.1315059068438984,0.0013141951355944443,3106.9172712053573,1.0301929023851992,1.0091480295844564,3090.0141950334823,3149.864192708333,0,1.381899743833059,1.1072799706853609,4,11,4,0,1,1929696.5714285714,1.0474662337735408,1
2023-11-20,3216.396728515625,3229.464646386725,3190.4889097792343,3190.4889097792343,1475621.0,0.4896581782412257,0.004884632516997899,3124.939767020089,1.0292667917829175,1.0122162269513069,3099.2212262834823,3148.021663411458,0,1.3787951774795382,1.099208706986634,0,11,4,1,0,1998656.857142857,0.7383063254336949,0
2023-11-21,3207.806640625,3234.171387970376,3199.39923794906,3216.396992381275,1807236.0,-0.26707177676397187,-0.0026742904969223884,3146.1868024553573,1.0195855624724994,1.0108683372830978,3108.454415457589,3144.9190185546877,1,1.2596645111789564,1.0982783081780207,1,11,4,0,0,1955068.857142857,0.9243848335045854,1
2023-11-22,3226.037841796875,3228.3224741290987,3181.21353392554,3198.485265113703,1798051.0,0.5683385320357948,0.005667295819112947,3171.8660714285716,1.0170788328221894,1.0148084810092668,3121.476824079241,3141.909073893229,1,1.1671593272369656,1.0190336787085392,2,11,4,0,0,2020710.857142857,0.8898111244586064,0
2023-11-23,3206.024658203125,3238.694901638103,3198.485371256592,3225.9009601530765,2729804.0,-0.6203641920890401,-0.006222964462300413,3194.9342912946427,1.0034712347414156,1.0125714285714285,3131.1473563058034,3138.5191569010417,1,1.2545228176426226,1.0454378788060985,3,11,4,0,0,2263398.5714285714,1.206064205597272,0
2023-11-24,3159.28125,3202.643529603171,3155.5343635105573,3193.230799217134,1989733.0,-1.4579865467823083,-0.014687196229208823,3201.827392578125,0.9867119187384219,1.014929061346112,3138.0796421595983,3134.148388671875,1,1.3134783644087804,1.1402335610278993,4,11,4,0,1,2253388.714285714,0.8829959018547369,1
2023-11-28,3171.20654296875,3181.350399374295,3137.25699707058,3159.280941143448,1689195.0,0.3774685450606885,0.003767579202435302,3198.211111886161,0.9915563519815661,1.0140547625983105,3143.9478759765625,3132.2214599609374,1,0.7323346751478786,1.1261795363646594,1,11,4,0,0,1930133.142857143,0.8751701955127892,1
2023-11-29,3211.05078125,3214.934656261117,3176.37010665481,3181.122097340804,1441634.0,1.2564378176373792,0.012486101361292351,3199.686349051339,1.0035517331884827,1.0121410756024654,3153.3018101283483,3130.7628173828125,1,0.8989481187061946,1.1506852570531116,2,11,4,0,0,1847324.857142857,0.7803900837612753,0
2023-11-30,3187.153564453125,3213.7008135539186,3181.1220458782195,3197.982587796699,3266235.0,-0.7442179655462233,-0.007470010843587195,3195.5087541852677,0.9973853334868197,1.0102412819143205,3160.2242606026784,3129.9295328776043,1,0.9190026793589815,1.1841482638638645,3,11,4,0,0,2103126.8571428573,1.553037558769636,1
2023-12-01,3209.131591796875,3213.9750570070746,3189.3925021316686,3198.4852942750963,1172141.0,0.68958168783817,0.006872149474929604,3195.6980329241073,1.0042036383708244,1.007707597876077,3170.9424176897323,3130.345361328125,1,0.9646589836762071,1.1337348400830478,4,12,4,0,1,2012399.0,0.5824595420689436,1
2023-12-04,3209.862548828125,3242.1673378334053,3196.657419148335,3239.288567355795,1625213.0,0.022777409100904755,0.00022774815442915924,3193.387276785714,1.0051591838428673,1.0142367206484062,3182.6266741071427,3131.387141927083,1,0.9335584104120139,1.1167902763107602,0,12,4,1,0,1987707.857142857,0.8176317229716498,1
2023-12-05,3227.36279296875,3233.211361926645,3201.0437864410123,3233.211361926645,1377656.0,0.5452022905782616,0.005437214428621153,3196.4355817522323,1.0096755308923084,1.0100490894944607,3195.6849365234375,3133.7006998697916,1,0.9225076132736145,1.1102402609899853,1,12,4,0,0,1794543.857142857,0.76769146349725,1
2023-12-06,3293.617431640625,3301.613644771774,3221.468564387526,3228.276947197519,1896572.0,2.0529033431326615,0.02032115306524499,3215.62646484375,1.024253739558853,1.024878430064546,3208.7269287109375,3137.03779296875,1,0.889053289000304,1.0947324518373107,2,12,4,0,0,1781235.142857143,1.0647510563697131,1
2023-12-07,3303.48681640625,3317.788748405097,3282.2854733793333,3294.43976178239,1967653.0,0.2996518257042613,0.0029920376448029267,3234.5236467633927,1.0213209662918572,1.0108166322867738,3216.3673793247767,3143.274837239583,1,0.8927785861088195,0.8645033059992037,3,12,4,0,0,1821014.857142857,1.0805255060286636,1
2023-12-08,3314.270263671875,3330.993816342727,3291.7438789584367,3320.027581556413,1641155.0,0.3264262237121951,0.0032589460988503606,3249.269287109375,1.020004798254295,1.0119237519161757,3224.4778180803573,3150.4820882161457,1,0.8447935466694672,0.8642111104143904,4,12,4,0,1,1849517.857142857,0.8873420679134524,1
2023-12-11,3329.074462890625,3338.304465932567,3303.5780575817766,3310.797405863893,1102503.0,0.4466805070491908,0.004456858505302354,3269.543701171875,1.018207666622536,1.0105117565698478,3232.5262276785716,3159.8079508463543,1,0.6631873026996274,0.8633808528086039,0,12,4,1,0,1540413.2857142857,0.7157189633616878,1
2023-12-12,3355.75927734375,3379.793429797475,3318.199834425044,3325.464920258755,2236866.0,0.8015685665965666,0.007983730704656262,3290.4905133928573,1.0198355727467494,1.018562352614638,3243.0942731584823,3169.5907307942707,1,0.6663151607377591,0.8614154366006592,1,12,4,0,0,1692516.857142857,1.3216211056095835,0
2023-12-13,3283.976318359375,3335.5632728478577,3256.058066070388,3329.668965932633,3850968.0,-2.1390973860674123,-0.021623076646938376,3301.078194754464,0.9948193058794351,1.0244176255964075,3247.232735770089,3176.139998372396,1,1.2481985087489846,1.0792107878331794,2,12,4,0,0,2010481.857142857,1.9154452880627837,1
2023-12-14,3351.3271484375,3361.15106740831,3315.0929691048923,3317.2861268874835,3290396.0,2.0508926846272812,0.020301450751573455,3318.7873883928573,1.0098047136609134,1.013893456000377,3257.611485072545,3185.2328369140623,1,1.4100381767661048,1.1682995822342235,3,12,4,0,0,2283730.4285714286,1.4407987732852883,1
2023-12-15,3528.386474609375,3560.3255927142964,3350.824789993706,3350.824789993706,8531230.0,5.283259984165545,0.05148424600470268,3352.3258231026784,1.0525189557331713,1.0625221597220498,3283.976143973214,3201.388248697917,1,2.2580841036725277,1.6623475399392857,4,12,4,0,1,3231538.714285714,2.6399900339382776,0
2023-12-18,3526.74169921875,3590.528687694148,3500.1942230934515,3525.736594713758,2521612.0,-0.046615511153924594,-0.00046626379561032227,3384.2193777901784,1.0421137950937553,1.02580841486015,3309.371512276786,3216.591731770833,1,2.279923788944954,1.674555806226875,0,12,4,1,0,3310675.714285714,0.7616608262534235,0
2023-12-19,3487.445556640625,3522.994569990396,3463.502654154476,3513.7645660221524,2004435.0,-1.1142336448067613,-0.011204877280102563,3408.9587053571427,1.0230237025635252,1.017176806769459,3329.113996233259,3230.7656087239584,1,2.408115669871796,1.7406503950100367,1,12,4,0,0,3362572.8571428573,0.5961015820793686,0
2023-12-20,3454.40966796875,3562.9296988605265,3442.072653930527,3497.543479836221,2586083.0,-0.9472804129936785,-0.009517956511663176,3426.8637346540177,1.008038234212868,1.0351117065445996,3348.2037179129466,3242.9442220052083,1,2.4939333412846256,1.7535591956243688,2,12,4,0,0,3574512.8571428573,0.723478444015748,1
2023-12-21,3461.218017578125,3478.763949441548,3420.871499435154,3432.660113142662,1517562.0,0.19709155148868174,0.0019689758091493343,3441.929268973214,1.0056040514192974,1.0169233044900847,3366.209891183036,3255.648299153646,1,2.4944581251975992,1.7563635567497895,3,12,4,0,0,3471755.1428571427,0.4371166564330615,1
2023-12-22,3494.573974609375,3514.633003926629,3437.915086945729,3472.6415019653828,2413058.0,0.9637057493012247,0.009590917255018625,3472.0146484375,1.0064974743646393,1.022315244862274,3386.5464215959823,3269.126123046875,1,2.2136036595659236,1.7524020530611932,4,12,4,0,1,3266339.4285714286,0.7387652302428896,0
2023-12-26,3468.57470703125,3503.712309330165,3463.639767096589,3490.7813789656334,1285231.0,-0.7439896183920713,-0.007467710253265855,3488.7642996651784,0.9942129674292224,1.011569489013913,3403.7758440290177,3282.7760335286457,1,2.226050862384643,1.7902604342305763,1,12,4,0,0,2979887.285714286,0.4313018838536127,1
2023-12-27,3482.87646484375,3489.273435762688,3443.398060365744,3471.7275030067567,1293976.0,0.41232376467223997,0.004114760396864651,3482.262869698661,1.0001762058661419,1.0133227046634485,3417.29434640067,3297.329150390625,1,0.7744292744684254,1.735829530847359,2,12,4,0,0,1945993.857142857,0.6649435172934404,0
2023-12-28,3472.549560546875,3507.367445431527,3465.421686382815,3494.5735047759663,1682889.0,-0.29650504119554943,-0.002969454882400783,3474.5211356026784,0.999432562077231,1.0121040851142402,3429.3702566964284,3311.5958984375,1,0.7728679402232449,1.7461216760286227,3,12,4,0,0,1826176.2857142857,0.9215369913435051,0
2023-12-29,3466.609619140625,3493.2943032121766,3441.021737073152,3465.3303142807017,1574996.0,-0.17105418663382332,-0.0017120065135416886,3471.5445731026784,0.9985784558261792,1.0151910014330472,3440.251639229911,3323.4485677083335,1,0.6654087112775129,1.7521504645121273,4,12,4,0,1,1764827.857142857,0.8924360490035653,1
2024-01-01,3482.785400390625,3501.884839630536,3447.967510419105,3463.503012056297,825907.0,0.4666167531725218,0.004655314719605999,3475.5982491629466,1.0020678889539116,1.0156374238006893,3451.2309919084823,3332.990730794271,1,0.5668665299477269,1.7522558884643662,0,1,1,1,0,1513374.142857143,0.5457388074840146,0
2024-01-02,3457.28857421875,3482.785206409597,3442.7126637044803,3482.785206409597,1344068.0,-0.7320814589671598,-0.0073477432598276615,3475.0369001116073,0.9948926223222875,1.0116398162203863,3458.483084542411,3341.5428792317707,1,0.6482865385530762,1.7688332947432146,1,1,1,0,0,1488589.2857142857,0.9029139285757128,0
2024-01-03,3373.71630859375,3446.916012198502,3369.4212447573177,3442.4837365673884,1803075.0,-2.4172776969849874,-0.02446973382378527,3457.7715192522323,0.9756909297822374,1.0229994298165488,3464.893083844866,3346.786865234375,1,0.975157952781342,1.7987706526281573,2,1,1,0,0,1401448.857142857,1.2865792360599877,0
2024-01-04,3350.915771484375,3398.6188470061647,3336.4768514169155,3382.8548848897744,3598144.0,-0.675828523319999,-0.006781225860804997,3440.9630998883927,0.973830777666015,1.0186250342371952,3464.863699776786,3351.557169596354,1,0.9726225759922337,1.7301295982463623,3,1,1,0,0,1731865.0,2.077612285022216,1
2024-01-05,3415.89111328125,3424.892654769249,3358.2728588729105,3358.409847582414,1963127.0,1.9390323788440744,0.019204726813265575,3431.3937639508927,0.9954821125944482,1.0198375172881864,3456.8283168247767,3357.8856119791667,1,1.3179490033624899,1.0394819304100644,4,1,1,0,1,1827458.0,1.0742391890812264,0
2024-01-08,3361.425048828125,3417.581262942363,3356.033183042012,3415.8905458931986,1067805.0,-1.59449065110292,-0.016073394179167238,3415.5188337053573,0.984162352043438,1.0183395325801166,3445.0199846540177,3363.065625,1,1.4104317170206955,1.099502766598892,0,1,1,1,0,1739588.857142857,0.6138260748311465,1
2024-01-09,3372.026123046875,3429.096421850745,3365.4921632868704,3390.348920468523,1370944.0,0.3153744041517692,0.003148781421928413,3402.006905691964,0.9911873245774641,1.0188989471607495,3436.7757393973216,3370.157120768229,1,1.4384579145666543,1.0880637531780404,1,1,1,0,0,1710438.5714285714,0.8015160689781318,1
2024-01-10,3393.181640625,3407.9860133570014,3370.289580280384,3372.1172861265227,1292227.0,0.627382968166601,0.0062542311414506046,3389.206368582589,1.0011729212122522,1.011184924078091,3432.4023088727677,3377.556290690104,1,1.4555131302818756,1.0901113801350382,2,1,1,0,0,1777055.7142857143,0.7271730366199629,1
2024-01-11,3413.7431640625,3447.966909732182,3387.6526197660214,3403.1881186967,1777909.0,0.6059658932291212,0.006041373032796894,3382.985595703125,1.0090918413600227,1.0178041543026706,3429.011247907366,3384.312703450521,0,1.4864290472116288,1.1047007799158617,3,1,1,0,0,1839033.0,0.9667629672768243,1
2024-01-12,3548.30810546875,3568.824058571868,3492.3803522837784,3516.505979741258,6813450.0,3.94185897822823,0.03866150854125594,3407.9272809709823,1.0411924354376982,1.0218887115883872,3432.8494001116073,3396.3511881510417,1,1.7960553983668455,1.5290560532178938,4,1,1,0,1,2554800.8571428573,2.6669201949539705,1
2024-01-15,3567.499267578125,3623.4270246995534,3550.318787126801,3618.857759851257,2801505.0,0.5408538813131081,0.00539396519146754,3438.8677804129466,1.0374051854793127,1.0205920205920205,3439.91544015067,3408.29677734375,1,1.6924194908481185,1.5116820952762302,0,1,1,1,0,2440995.285714286,1.1476896397119511,0
2024-01-16,3528.660400390625,3563.1126115927123,3523.405745987789,3563.1126115927123,1432672.0,-1.088686059180799,-0.010946556118538451,3454.9776785714284,1.0213265406246164,1.0112694558809012,3443.185721261161,3418.923372395833,1,1.7709286280810765,1.549115129427621,1,1,1,0,0,2365216.0,0.6057256504268532,1
2024-01-17,3549.953369140625,3573.1194082779125,3484.1102174250937,3490.0045245140536,3458696.0,0.6034292432233634,0.0060161590013728455,3481.9102957589284,1.0195418800606595,1.0255471799966767,3448.7145647321427,3429.6763916015625,1,1.5191062984174877,1.5498725230678447,2,1,1,0,0,2706771.8571428573,1.2777936902487375,1
2024-01-18,3566.402587890625,3572.0684315207345,3529.300069127091,3562.1987751054894,2239110.0,0.4633643611488436,0.004622941332559177,3509.6783621651784,1.016162229091116,1.01211808618025,3455.8426339285716,3438.7692301432294,1,1.5123773908579397,1.5484501387044363,3,1,1,0,0,2830795.5714285714,0.7909825854609576,1
2024-01-19,3628.4716796875,3647.336180140823,3602.705532726864,3630.266062846807,2941975.0,1.7403837695616486,0.017254125461155557,3543.2912248883927,1.0240399248587844,1.0123880919516002,3466.248796735491,3449.602058919271,1,1.5476500533395303,1.6009684750124318,4,1,1,0,1,3066473.8571428573,0.9593999939530359,0
2024-01-23,3550.43701171875,3620.051529496022,3536.17360896319,3588.8561772055014,2618854.0,-2.150620835918182,-0.021740836937909264,3562.818917410714,0.9965246884618647,1.0237199667799752,3472.90225655692,3457.4742838541665,1,1.9538450189503267,1.7126443445006025,1,1,1,0,0,3186608.8571428573,0.8218310176756644,0
2024-01-24,3535.29931640625,3573.8103676439687,3501.9874154730123,3570.4516563376,2657709.0,-0.42636146656132023,-0.004272729788763239,3560.960518973214,0.9927937413430342,1.020509197678329,3484.4438999720983,3464.3484456380206,1,1.2830997656392158,1.553546510593366,2,1,1,0,0,2592931.5714285714,1.0249823131798808,0
2024-01-25,3506.312255859375,3552.9673375819,3477.2332310375527,3533.550617096936,2205154.0,-0.8199322872706971,-0.00823312220169331,3552.2195172991073,0.9870764570668658,1.0217799904442273,3495.5436488560267,3469.366878255208,1,1.2825629219249906,1.5612943587530586,3,1,1,0,0,2507738.5714285714,0.8793396668711765,0
2024-01-29,3497.75390625,3515.2380746842937,3479.2115753809107,3497.5699073043315,1646747.0,-0.24408406852736153,-0.00244382439305814,3547.8043038504466,0.9858925709216467,1.0103547882969546,3501.3909912109375,3476.4927978515625,1,1.2279567415258763,1.4965002028886587,0,1,1,1,0,2538320.714285714,0.648754505580039,0
2024-01-30,3497.340087890625,3540.820457055553,3484.871069366822,3503.6895122527035,1411621.0,-0.011830974118431925,-0.00011831674033379928,3540.2881208147323,0.9878687746707396,1.0160549376361567,3511.09920828683,3481.359895833333,1,1.1890209904307767,1.4094186358636422,1,1,1,0,0,2245881.4285714286,0.6285376342854889,1
2024-01-31,3511.510986328125,3528.120990540642,3493.5667089896942,3507.139944412353,2459358.0,0.40519074729294946,0.004043720603352364,3532.446463448661,0.9940733773782103,1.0098908320433764,3521.06241280692,3480.7973795572916,1,1.1837461595204295,1.4097344109226002,2,1,1,0,0,2277345.4285714286,1.0799231285447757,1
2024-02-01,3546.663818359375,3593.3649569612444,3501.481176697016,3515.2384129880293,2363107.0,1.0010742431994624,0.009960966867887283,3520.7596261160716,1.0073575577415603,1.0262414034596934,3532.0254255022323,3481.4614501953124,1,0.9986892822703984,1.419929950444989,3,2,1,0,0,2194650.0,1.0767580251976396,1
2024-02-02,3649.866455078125,3666.522292350957,3563.089715877142,3565.896430136547,2826510.0,2.9098511165484453,0.028683187124322013,3534.9638323102677,1.0325046105755382,1.0290289003986957,3548.891374860491,3486.875480143229,1,1.2527436079782464,1.5794473711041581,4,2,1,0,1,2224315.1428571427,1.270732705784368,1
2024-02-05,3656.307861328125,3701.122502087144,3646.001448771063,3665.233944757109,1691523.0,0.17648334067230653,0.0017632779180962825,3552.2507672991073,1.0292932849749612,1.0151182203547011,3556.605643136161,3493.605419921875,1,1.206162847247939,1.2279802589549724,0,2,1,1,0,2086288.5714285714,0.8107809356601813,1
2024-02-06,3806.02734375,3818.818303226733,3671.675314691128,3678.116850330936,4474396.0,4.094827024972969,0.04013209603475339,3595.067208426339,1.0586804426991516,1.0400751634946739,3573.6433628627233,3505.0990641276044,1,1.6621139607523334,1.6077360918110817,1,2,1,0,0,2410466.0,1.8562369268017056,0
2024-02-07,3757.62353515625,3823.5113292756014,3748.927507390482,3821.670890609285,2124267.0,-1.2717672318680373,-0.01279923416909487,3632.1914411272323,1.034533447936899,1.0198947090169357,3589.997872488839,3513.8673828125,1,1.8452192911002072,1.6221156099728495,2,2,1,0,0,2478683.1428571427,0.8570143409098219,1
2024-02-08,3804.279541015625,3826.272697294097,3760.0629489197368,3763.697771027623,2345173.0,1.2416359814351408,0.012339908995598168,3676.0399344308034,1.034885259374822,1.0176086808316287,3608.1640276227677,3525.0575439453123,1,1.7856056939032945,1.635305695055798,3,2,1,0,0,2612047.714285714,0.8978293111469087,0
2024-02-09,3803.91162109375,3850.8886480018814,3772.9000434453,3806.533887272955,2100596.0,-0.009671211537121138,-9.67167922893867e-05,3717.811453683036,1.0231588310712798,1.0206707317073167,3625.1289585658483,3535.7587158203123,1,1.8237308904849412,1.641169225429696,4,2,1,0,1,2560796.0,0.8202902534993025,0
2024-02-12,3791.948486328125,3827.744933247144,3778.006802130109,3800.5063475256047,1013716.0,-0.31449560235011775,-0.0031499117908707175,3752.852120535714,1.0104177741452893,1.0131651777569568,3636.8058733258927,3546.4053466796877,1,1.9090151000031317,1.6108005777947283,0,2,1,1,0,2368025.8571428573,0.42808485259662643,1
2024-02-13,3818.45068359375,3837.315182693321,3755.875759751269,3796.319585112178,1257415.0,0.6989071017493798,0.006964760666104668,3776.9355817522323,1.010991742099625,1.0216832047041526,3655.94970703125,3558.1333821614585,1,1.7078964985582887,1.4451406170211005,1,2,1,0,0,2143869.4285714286,0.5865165962266092,0
2024-02-14,3772.991943359375,3786.611011801424,3726.4287482560735,3779.3413678448446,1391283.0,-1.190502222005685,-0.011976454498374194,3793.604736328125,0.9945664363049321,1.0161501178772074,3672.927751813616,3567.80693359375,1,1.8449701502614853,1.4975486034911871,2,2,1,0,0,2100978.0,0.6622073148790706,1
2024-02-15,3775.844482421875,3815.505579737829,3757.255870513131,3798.66574417786,1091582.0,0.07560416521747992,0.0007557559966541346,3789.292898995536,0.9964509429774548,1.0155032585568209,3692.1800537109375,3578.4254638671873,1,0.9205769829985369,1.4564934079623257,3,2,1,0,0,1617718.857142857,0.6747661963512643,1
2024-02-16,3798.94189453125,3817.024566750078,3772.991974825108,3785.092771105926,1307556.0,0.6117151333139725,0.0060985175149028915,3795.1955217633927,1.000987135641991,1.0116704706023159,3713.6934814453125,3592.599650065104,1,0.7904967329589041,1.4389029386299321,4,2,1,0,1,1501045.857142857,0.8710966382391858,0
2024-02-19,3776.396240234375,3798.94161581046,3731.4897126948135,3794.1104639012974,772291.0,-0.5934719435780389,-0.005952399870154966,3791.2121930803573,0.9960920275385735,1.018076400662762,3733.62606375558,3606.782332356771,1,0.6661376875738542,1.4661049765708836,0,2,1,1,0,1276348.4285714286,0.6050785057685211,0
2024-02-20,3709.082275390625,3771.0591425249713,3690.079834437564,3756.4277437698097,1193648.0,-1.782492105213307,-0.017985698384827723,3777.6651436941966,0.9818451700468867,1.021945137157107,3747.738298688616,3616.55537109375,1,0.9151477005385021,1.5947759693158434,1,2,1,0,0,1146784.4285714286,1.0408651968591431,0
2024-02-21,3673.056396484375,3739.174262144983,3663.026093083457,3692.841117146886,1885939.0,-0.9712882117843047,-0.009760359837825593,3760.6805594308034,0.9766999186552312,1.0207883228583354,3756.766339983259,3626.943082682292,1,0.94337075667223,1.624754263759123,2,2,1,0,0,1271387.7142857143,1.4833704768490312,1
2024-02-22,3761.029052734375,3768.252640712782,3654.191483338692,3654.191483338692,2982052.0,2.3950804657995928,0.023668483137070675,3752.477469308036,1.0022789166614012,1.0312137877541867,3764.706525530134,3639.909847005208,1,1.3966582493829,1.5649593709332277,3,2,1,0,0,1517764.4285714286,1.9647660360618733,0
2024-02-23,3728.821044921875,3800.50604486172,3723.575614717989,3800.50604486172,2538072.0,-0.8563615797938073,-0.008600494248567087,3746.1673409598216,0.9953695885796969,1.0206603646880843,3769.8860386439733,3651.0978271484373,1,1.3627775628923915,1.5915793287720221,4,2,1,0,1,1681591.4285714286,1.5093273888510372,0
2024-02-26,3681.84423828125,3726.888937419443,3665.004176668466,3714.005864549352,1379284.0,-1.2598300126148598,-0.012678331593278752,3732.7387346540177,0.9863653740616044,1.0168853179335886,3761.0158168247767,3660.034529622396,1,1.4166780632541467,1.1545815560372361,0,2,1,1,0,1722691.7142857143,0.8006563150922783,1
2024-02-27,3776.948974609375,3794.985367384539,3679.957925356637,3679.957925356637,2960475.0,2.5830733233984216,0.025502755783525836,3729.5968889508927,1.0126963012541021,1.0312578144536135,3762.3962053571427,3667.6558919270833,1,1.787383987519716,1.3330205803673418,1,2,1,0,0,1958823.0,1.511354012077661,1
2024-02-28,3790.33837890625,3823.420001118156,3762.777624498999,3768.85116320784,1939225.0,0.3545031819832678,0.0035387630055929917,3731.588623046875,1.0157438993935524,1.0161163859974933,3761.400408063616,3675.0838623046875,1,1.7769343429099127,1.2922146906946448,2,2,1,0,0,2125527.8571428573,0.9123498398213015,0
2024-02-29,3768.39111328125,3807.9605533454464,3740.278361512349,3771.97987960793,3772719.0,-0.5790318285865848,-0.00580714717331171,3740.0613141741073,1.0075746884148071,1.0180954959207182,3758.8632289341517,3683.074886067708,1,1.6195153091046695,1.3008455444303546,3,2,1,0,0,2493966.5714285714,1.512738399632576,0
2024-03-01,3767.70068359375,3809.708612609149,3760.752981650241,3779.525593669568,2043265.0,-0.01832160374931613,-0.0001832328236017128,3753.5819266183034,1.0037614090358131,1.0130175077166133,3757.1312430245534,3690.3331298828125,1,1.5389675749718916,1.2987807705594228,4,3,1,0,1,2516441.714285714,0.8119659551025905,0
2024-03-04,3755.139404296875,3789.371522353806,3750.722306075315,3777.500781504877,1749271.0,-0.3333937685541799,-0.0033395076391517873,3752.740548270089,1.000639227784583,1.0103044728787007,3752.6090087890625,3696.6243570963543,1,1.2625056748101147,1.282931016107014,0,3,1,1,0,2340330.1428571427,0.7474462546828711,0
2024-03-05,3692.0126953125,3739.77199684402,3662.4735599013775,3737.931557869195,2070859.0,-1.6810749798567115,-0.01695365427113166,3747.4822126116073,0.9851981906378547,1.021105527638191,3746.824776785714,3698.742390950521,1,1.3864371309736396,1.3208017701501327,1,3,1,0,0,2273585.4285714286,0.9108340394762257,1
2024-03-06,3740.048095703125,3747.1337408010254,3642.642773405773,3675.402676918432,1744204.0,1.3010627090099813,0.012926715922377856,3755.797049386161,0.9958067612610725,1.0286854830119827,3744.267892020089,3705.0627604166666,1,1.377522308837918,1.3761237610445713,2,3,1,0,0,2325716.8571428573,0.7499640356662995,1
2024-03-07,3780.813720703125,3794.985010362576,3715.570026925066,3740.692062833141,2688905.0,1.0899759563743228,0.010840785334086783,3756.3491559709823,1.0065128569566688,1.0213735666027084,3742.9730224609375,3713.246573893229,1,1.0227990903608482,1.399794668783715,3,3,1,0,0,2286921.1428571427,1.1757751282322935,1
2024-03-11,3793.467041015625,3821.671679534189,3762.77763005425,3762.77763005425,2304068.0,0.33467187878664095,0.003341130988268987,3756.7961077008927,1.0097612253269648,1.0156517485937882,3744.192365373884,3722.818400065104,1,1.0217421494801702,1.3927671960901793,0,3,1,1,0,2339041.5714285714,0.9850479051523606,1
2024-03-12,3857.79052734375,3892.482985177985,3792.270713634743,3793.467268682179,4039801.0,1.6956384656212409,0.01681422986970295,3769.567452566964,1.02340403133434,1.0264254002708557,3754.814383370536,3734.819620768229,1,1.1540130453628823,1.352056350848584,1,3,1,0,0,2377196.1428571427,1.699397423363046,0
2024-03-13,3817.990966796875,3902.651166590877,3802.255122404754,3869.5232623236575,2837260.0,-1.0316672267397187,-0.010370258000303412,3776.751778738839,1.0109192211916576,1.0264043418850408,3765.1668526785716,3745.5079833984373,1,1.264867292509176,1.3564768593243597,2,3,1,0,0,2490624.0,1.139176367046973,1
2024-03-14,3871.91552734375,3887.927256237985,3760.016750056428,3822.085732966261,2919608.0,1.4123805167646886,0.014024993541984443,3793.43408203125,1.0206887594763412,1.0340186000978953,3773.08731515067,3757.5214680989584,1,1.3141326083297484,1.2609690723307507,3,3,1,0,0,2657815.0,1.0984993312175604,1
2024-03-15,3882.635986328125,3900.8103208022567,3843.756713845488,3858.112227396568,3373143.0,0.27687739850381643,0.002764947990929619,3820.6659807477677,1.0162196868013647,1.0148431888915492,3784.0740966796875,3768.7205403645835,1,0.9415177583366846,1.2226886628461922,4,3,1,0,1,2843855.5714285714,1.18611614242616,0
2024-03-18,3821.211669921875,3915.3041186273567,3789.326152475134,3878.9554465113024,1526904.0,-1.5820261446744643,-0.01594673747903979,3832.2607770647323,0.9971168175169645,1.0332454798249382,3794.0289132254466,3774.4320475260415,1,1.2332236533336796,1.2567839994658354,0,3,1,1,0,2812812.714285714,0.5428388432138264,0
2024-03-19,3659.989013671875,3734.250681402964,3650.142710085243,3728.039199860463,8931209.0,-4.219150106732927,-0.04310741772327958,3815.0001046316966,0.9593679982415658,1.0230423788870866,3785.674630301339,3774.554752604167,1,2.042971941941851,1.570697633039619,1,3,1,0,0,3704570.4285714286,2.41086225034844,0
2024-03-20,3654.099365234375,3697.441791681991,3644.253061941232,3667.994768950826,1817913.0,-0.16091983925359266,-0.0016104945429646148,3795.0904366629466,0.9628490878460999,1.014595234973179,3775.94327218192,3769.490486653646,1,2.0199165143733007,1.562395606373609,2,3,1,0,0,3635119.714285714,0.5000971475177984,1
2024-03-21,3655.986083984375,3688.6078209191865,3633.026651975029,3671.72192758532,3829582.0,0.05163293499761412,0.0005161960978433362,3766.26123046875,0.9707202608273006,1.0152988607760258,3767.9143415178573,3766.102571614583,1,1.804004929107348,1.561259319570108,3,3,1,0,0,3605088.4285714286,1.0622713078684536,0
2024-03-22,3598.886474609375,3623.8245137694216,3547.4462926818487,3586.095512991223,5852485.0,-1.5618114528699656,-0.01574136222810683,3734.9605887276784,0.9635674565003489,1.0215304798962386,3755.856183733259,3759.256136067708,0,1.8287390285628717,1.6010831015119258,4,3,1,0,1,4035834.8571428573,1.4501299500998979,0
2024-03-26,3568.151123046875,3631.8302677248153,3562.583750120876,3565.850574289269,3440925.0,-0.8540239259932747,-0.008576916071700854,3691.565673828125,0.9665685073257088,1.0194371620320757,3742.4998779296875,3751.397452799479,0,1.544975717920587,1.6075801921406208,1,3,1,0,0,4110308.714285714,0.8371451487429117,0
2024-03-27,3534.470703125,3584.254663932085,3523.888179726998,3578.273237663649,1968575.0,-0.9439179776980722,-0.009484011171843694,3641.8277762276784,0.9705211010241999,1.017130646923582,3731.2468784877233,3742.8148600260415,0,1.4210023752682872,1.5723877218363707,2,3,1,0,0,3909656.1428571427,0.5035161477299082,1
2024-03-28,3567.046630859375,3602.65907796181,3534.1027302458065,3542.9369266623094,4311783.0,0.9216635380673299,0.00917442137926448,3605.518484933036,0.9893297304577887,1.0193985158182528,3718.889630998884,3734.4347249348957,0,1.6430664787869231,1.5457259191772343,3,3,1,0,0,4307496.0,1.0009952417831613,1
2024-04-01,3604.26953125,3619.499208082045,3577.8592779642013,3586.73930579266,1569676.0,1.0435215527770492,0.01038114450277887,3597.5585588727677,1.0018654240834193,1.011638224670909,3706.2793317522323,3728.81064453125,0,0.9749762545774482,1.542497848159282,0,4,2,1,0,3255848.4285714286,0.4821096664775418,0
2024-04-02,3573.948486328125,3597.9202488822098,3564.0100709420926,3579.653802211397,2142666.0,-0.8412535372003482,-0.008448120462123685,3586.1084333147323,0.9966091524523792,1.0095146133891686,3690.599434988839,3722.080777994792,0,1.002234300015903,1.5355329071749078,1,4,2,0,0,3302241.714285714,0.6488519573629896,1
2024-04-03,3632.382080078125,3663.3934289044114,3543.7649069859053,3543.7649069859053,3973090.0,1.6349870171193936,0.016217650282572795,3582.7364327566966,1.0138569074932562,1.0337574655933524,3674.4988316127233,3716.5287841796876,0,1.2468167614972285,1.5291961968720333,2,4,2,0,0,3322742.8571428573,1.1957259922955217,1
2024-04-04,3683.9150390625,3707.242470298033,3621.294052569057,3658.700888118243,3394637.0,1.4187097570767193,0.014087402517901694,3594.883370535714,1.0247662189145008,1.0237341725033353,3664.9219796316966,3713.446077473958,0,1.1650021155675379,1.5924911315635737,3,4,2,0,0,2971621.714285714,1.1423516606035993,0
2024-04-05,3661.78369140625,3682.7186864378496,3644.529574621965,3660.633416953965,1636819.0,-0.600756190671603,-0.006025679906528786,3608.259451729911,1.0148338112578568,1.0104784749400328,3649.9125627790177,3711.8694580078127,0,1.1249865061863915,1.5207843714897555,4,4,2,0,1,2713892.285714286,0.6031260004739634,0
2024-04-08,3655.61767578125,3710.9227277310406,3644.068877210029,3665.2339237190768,2302538.0,-0.16838830866692245,-0.0016853024113356579,3625.566162109375,1.0082887781737213,1.0183459349352904,3633.6969691685267,3711.2881673177085,0,1.0051211104009863,1.5104558712296507,0,4,2,1,0,2761601.285714286,0.8337691657050523,0
2024-04-09,3631.6923828125,3695.4636403269888,3611.907663180312,3666.1545588206272,1876992.0,-0.6544801751905527,-0.006566312875620776,3634.80126953125,0.9991446886670778,1.0231334754203283,3620.1598772321427,3706.976944986979,0,1.0661873643024453,1.4754400358560835,1,4,2,0,0,2413774.0,0.7776171257126806,1
2024-04-10,3666.75244140625,3671.859704425388,3605.419903259126,3640.756241235992,2101965.0,0.9653917484772956,0.00960761617753155,3643.7273995535716,1.0063190901315777,1.0184277568075228,3620.64297921317,3704.907991536458,0,1.0570089796084114,1.006337368863678,2,4,2,0,0,2489815.285714286,0.8442252772968183,1
2024-04-12,3682.165771484375,3693.162572907913,3630.725597529527,3654.191191937587,4354821.0,0.4203537142042135,0.004194726960444397,3659.18701171875,1.0062797445694998,1.0171968312397033,3622.647722516741,3704.918709309896,0,0.9410010076516888,1.0103758736758606,4,4,2,0,1,2805837.4285714286,1.552057491163066,0
2024-04-15,3626.768798828125,3739.95578953719,3606.386028171306,3682.165963982411,4200329.0,-1.504467101542739,-0.015158990123146634,3658.3851143973216,0.9913578492748691,1.037037011657239,3620.560773577009,3699.912703450521,0,1.0165513855152355,1.0934714698194732,0,4,2,1,0,2838300.1428571427,1.4798748506462698,0
2024-04-16,3563.826171875,3615.2663527431537,3554.670032660961,3590.696536699357,3051420.0,-1.7355015013215902,-0.01750737870914679,3641.229561941964,0.9787425130027553,1.0170469606251558,3618.056466238839,3692.362296549479,0,0.9718345258912936,1.1127380465487104,1,4,2,0,0,2789269.1428571427,1.093985500758929,0
2024-04-18,3553.887939453125,3621.9841868688495,3542.8453047370613,3567.5072338688656,3476284.0,-0.27886411801747446,-0.00279253668378396,3625.8158830915177,0.9801622735523283,1.022337662337662,3617.037667410714,3685.212190755208,0,0.9721359746800812,1.091752108396788,3,4,2,0,0,3052049.8571428573,1.1389997420469025,0
2024-04-19,3520.94384765625,3545.1917216335364,3497.6622490979976,3531.802482817412,2957749.0,-0.9269873546419283,-0.009313106205808766,3606.5767647879466,0.9762564551605402,1.0135889257311212,3616.071463448661,3676.986962890625,0,0.9813552878923723,1.0906624600861032,4,4,2,0,1,3145651.4285714286,0.9402659726170731,1
2024-04-22,3556.2802734375,3568.6111245390066,3507.876639180684,3530.8821260588365,1728883.0,1.0036066268075183,0.009986039391922687,3595.8036063058034,0.9890084840009079,1.0173137460650579,3615.3024379185267,3670.3583251953123,0,1.1346226021647923,1.0963206192634676,0,4,2,1,0,3124493.0,0.5533323326376471,1
2024-04-23,3565.57470703125,3584.255209151465,3552.599745949953,3567.7373128762897,1807586.0,0.2613526741177319,0.002610117419108212,3581.3496442522323,0.9955952535250783,1.0089105065206403,3612.5385219029017,3666.1437255859373,0,1.0308619158973429,1.0574123293697448,1,4,2,0,0,3082438.8571428573,0.5864142271018051,0
2024-04-24,3525.406494140625,3587.0151365847305,3519.33295637872,3579.6533815583894,1317312.0,-1.1265564794201044,-0.011329501914647098,3558.9554617745534,0.9905733668222978,1.0192315364999318,3609.0712367466517,3658.989005533854,0,0.9921835682378888,1.075966989189397,2,4,2,0,0,2648509.0,0.49737871383484067,1
2024-04-25,3544.86962890625,3564.608292894232,3506.9566291988567,3507.1406281722816,2856271.0,0.5520820024009554,0.005505636156438766,3547.2555803571427,0.9993273810141833,1.0164392291639333,3602.8203473772323,3651.124202473958,0,0.9895048630124635,0.9765796673393342,3,4,2,0,0,2456500.714285714,1.1627397392516243,0
2024-04-26,3516.480712890625,3567.5068368634634,3499.1805421614235,3547.583950815871,2039178.0,-0.800845136422812,-0.008040691253946828,3540.491943359375,0.9932181089936425,1.019526370211191,3590.86075265067,3641.891324869792,0,0.8144928449881047,0.8736318499830393,4,4,2,0,1,2311894.714285714,0.8820375717801782,1
2024-04-29,3561.43359375,3568.427352070046,3514.502397539776,3531.8025697028056,1110693.0,1.2783485686296503,0.012702466672838992,3541.569893973214,1.0056087273077932,1.0153435532062856,3583.692888532366,3632.012760416667,0,0.9811550780982053,0.9678016257159353,0,4,2,1,0,1973953.142857143,0.5626744505152532,0
2024-04-30,3515.83642578125,3572.061925224906,3506.036178297648,3563.089785398555,2203078.0,-1.280303753206824,-0.01288570275234813,3540.840262276786,0.9929384454978327,1.0188320209973751,3573.708513532366,3621.9409423828124,0,1.045813806415619,1.010238912786723,1,4,2,0,0,1866143.0,1.1805515440135081,1
2024-05-02,3555.083984375,3562.261741296734,3476.635273211625,3476.635273211625,2491044.0,1.1163078664852444,0.01110123134755326,3540.669363839286,1.00407115690692,1.0246291202142723,3568.236485072545,3611.379890950521,0,1.0648222219704129,1.068049191194209,3,5,2,0,0,1975023.142857143,1.2612733217882004,0
2024-05-03,3536.771728515625,3582.9669296548414,3494.625852857069,3579.7919924770404,2962234.0,-0.5151005135141551,-0.005164317295774709,3536.5546526227677,1.000061380613105,1.0252791230069875,3558.9521484375,3599.851082356771,0,1.0734726692208822,1.0217407816482609,4,5,2,0,1,2139972.8571428573,1.3842390524312391,1
2024-05-06,3608.2265625,3625.618620447783,3545.605583246127,3545.605583246127,2053831.0,2.02034056674516,0.020002024736219762,3548.3860909598216,1.0168641376688499,1.0225668183679926,3553.6707763671875,3592.7515787760417,0,1.2254095837875858,1.1800255144200726,0,5,2,1,0,2245189.8571428573,0.9147694095739533,1
2024-05-07,3661.507080078125,3669.835110906829,3601.278762922236,3617.198604098228,2062112.0,1.4766400239903277,0.014658438458846483,3565.048583984375,1.0270567129230945,1.0190366679442953,3556.152082170759,3592.802180989583,0,1.2998109312400479,1.183507853826159,1,5,2,0,0,2131738.5714285714,0.9673381284357436,0
2024-05-08,3659.6669921875,3666.43069555621,3624.3767082288086,3644.989535707688,1247685.0,-0.05025493192780672,-0.0005026756395104247,3585.5037667410716,1.0206841856183118,1.0116030950182198,3562.9978550502233,3592.9877685546876,0,1.204922508652625,1.0650103764036478,2,5,2,0,0,2018668.142857143,0.6180733591178964,0
2024-05-09,3644.253173828125,3654.191589237616,3598.1042563399305,3645.9096138402,1726486.0,-0.4211808995812971,-0.0042207036471555255,3597.335135323661,1.0130424430139293,1.0155880232761068,3569.4525146484375,3592.596671549479,1,1.2114911243666426,1.0705459623326024,3,5,2,0,0,2106638.5714285714,0.8195454234131966,0
2024-05-10,3583.242431640625,3656.584101641413,3575.098624294189,3646.461687676862,1672489.0,-1.6741631077022867,-0.01688335621599863,3606.9645647321427,0.99342324199038,1.0227925117347807,3573.902413504464,3592.075203450521,1,1.3045942465503,1.1461881750309535,4,5,2,0,1,2030840.142857143,0.8235453715460899,1
2024-05-13,3632.84228515625,3639.467820073099,3561.249169072792,3574.592350714021,931326.0,1.3842170732755843,0.013747242889312308,3618.0728934151784,1.004082115583672,1.0219638242894058,3579.3711286272323,3594.2315755208333,1,1.3367868842854467,1.1726740471567565,0,5,2,1,0,1808023.2857142857,0.5151073038487257,0
2024-05-14,3589.9599609375,3631.001836986879,3582.322094809196,3621.98364172682,1058317.0,-1.1804069885986146,-0.0118742910630669,3625.671212332589,0.9901504440685027,1.0135888791932528,3581.1129324776784,3596.0812174479165,1,1.4264690098601807,1.2250947297152268,1,5,2,0,0,1536035.142857143,0.6889926997577994,0
2024-05-15,3570.819580078125,3613.6558418017335,3566.310594491623,3592.9969594097643,1115021.0,-0.5331641875575888,-0.005345905800805131,3620.3273577008927,0.9863250549656902,1.0132756937612888,3584.3567243303573,3596.206982421875,1,1.1982287511839704,1.1908329068659977,2,5,2,0,0,1401919.4285714286,0.7953531260610452,1
2024-05-16,3615.821044921875,3623.746152107256,3562.5702354838822,3606.691138597264,2599399.0,1.2602559114108347,0.012523807820978249,3613.80078125,1.0005590412405567,1.0171718485755172,3589.4246826171875,3596.592032877604,1,1.1513675519043027,1.2261212473273886,3,5,2,0,0,1478674.7142857143,1.7579248328836545,0
2024-05-17,3553.857421875,3633.478714409665,3550.057009231892,3632.551806574356,2765804.0,-1.7136805797924648,-0.017285340237368156,3598.685128348214,0.9875433096049195,1.0234986945169713,3592.0944475446427,3595.922330729167,1,1.2855266796587286,1.3023946779044773,4,5,2,0,1,1695548.857142857,1.6312145700481986,0
2024-05-21,3540.97314453125,3563.728776359017,3531.5651208470945,3550.613121462056,1908117.0,-0.36254345108061026,-0.0036320223257831634,3583.930838448661,0.9880138049940703,1.0091074790953332,3590.632986886161,3592.8753662109375,0,1.285641543402086,1.2597226373008041,1,5,2,0,0,1721496.142857143,1.1084062011507763,1
2024-05-22,3551.91064453125,3560.484541572459,3538.516872250368,3554.6913678959663,1311168.0,0.3088840144662486,0.003084079478714326,3579.4548688616073,0.9923049108483054,1.0062081572916508,3593.209716796875,3588.4752197265625,0,1.172286072414639,1.209352788998294,2,5,2,0,0,1669878.857142857,0.7851874969202215,1
2024-05-23,3608.869384765625,3619.575215874568,3545.886040544983,3560.2067218121256,2095742.0,1.603608478216434,0.01590886504347185,3576.0301688058034,1.0091831484662188,1.0207815971768397,3597.051531110491,3586.7114095052084,0,1.2211050765115032,1.247881262370743,3,5,2,0,0,1836224.0,1.1413324300303231,0
2024-05-24,3568.131591796875,3599.924574735908,3563.311716474841,3594.7801911641072,1309452.0,-1.128824255616434,-0.011352438328339251,3572.9118303571427,0.9986620888543477,1.0102749523966115,3599.291521344866,3583.795206705729,0,1.2135473528835137,1.2820144395088469,4,5,2,0,1,1872100.4285714286,0.6994560655056432,0
2024-05-27,3565.860595703125,3622.6800874842297,3560.5772666527496,3573.2294672441094,1841538.0,-0.06364664630000849,-0.0006366690937623649,3572.2034040178573,0.9982243988940837,1.0174417843457901,3596.265380859375,3581.6008138020834,0,1.1972422006416326,1.1526894294103573,0,5,2,1,0,1975888.5714285714,0.9320049858219304,0
2024-05-28,3559.233154296875,3587.133169466621,3550.056857637509,3576.010275917888,1801993.0,-0.1858581183525776,-0.0018603104885683908,3564.1194196428573,0.9986290399476929,1.0104438642297648,3588.9601004464284,3578.016837565104,0,1.0573740628565829,1.062282653342367,1,5,2,0,0,1861973.4285714286,0.9677866355926208,0
2024-05-29,3525.6328125,3567.57539103945,3522.2496895007944,3567.57539103945,1568095.0,-0.9440331762562648,-0.009485174135518682,3560.087332589286,0.9903220014369067,1.0128683953536184,3579.38623046875,3572.799072265625,0,0.9052819530786741,1.079508462494,2,5,2,0,0,1690872.142857143,0.927388275112463,0
2024-05-30,3463.020263671875,3517.058806463482,3443.8794821473,3500.930701533928,2919230.0,-1.7759237038563525,-0.017918824546618212,3548.9512067522323,0.9757869471643157,1.021249095589882,3566.4410226004466,3567.340787760417,0,1.10622359972456,1.1531999703452769,3,5,2,0,0,1835316.857142857,1.5905863822035247,0
2024-05-31,3402.632080078125,3475.718849271696,3386.6893114728173,3466.6351077409063,10956800.0,-1.7438010463652232,-0.01759184355337096,3527.6256975446427,0.9645672108711767,1.0262880735759494,3553.540283203125,3561.9676513671875,0,1.1834947219187786,1.1594492034886228,4,5,2,0,1,3213264.285714286,3.409865801799238,1
2024-06-03,3432.200927734375,3477.3412961491067,3425.851518249575,3459.961773430714,2156773.0,0.868999261758896,0.00865245196032874,3502.3873465401784,0.9799604064709927,1.0150297751158346,3539.208757672991,3557.911417643229,0,0.9678892763112561,1.1067209807713567,0,6,2,1,0,3221983.0,0.6693930414902872,1
2024-06-04,3443.462646484375,3471.2698818530243,3328.989527550103,3429.559028800051,3395997.0,0.32811944833992523,0.003275823111250944,3484.5774972098216,0.9882009079268955,1.0427398023110122,3528.7446637834823,3555.3287109375,0,1.0182649246417745,1.0982243541458956,1,6,2,0,0,3520060.8571428573,0.9647551953850149,1
2024-06-05,3472.613525390625,3507.2336206771465,3429.5587052821297,3444.389229413079,2799670.0,0.8465571402672678,0.008429939408649324,3471.2564871651784,1.0003909357405494,1.0226486618454391,3521.7299455915177,3552.5398193359374,0,1.135035829673881,1.1361262186594236,2,6,2,0,0,3656936.8571428573,0.7655778891920396,1
2024-06-06,3550.427490234375,3559.233114194575,3468.025478640945,3504.638336159672,4328036.0,2.240789661008913,0.02216052821272383,3469.99853515625,1.0231783830060042,1.0262995863540694,3517.0589773995534,3552.034912109375,0,1.5100757631192316,1.2564560954931687,3,6,2,0,0,4017800.1428571427,1.0772153532062554,1
2024-06-07,3609.332763671875,3628.844219100155,3556.8235246852323,3556.8235246852323,4552445.0,1.6591036882043664,0.016454909232052648,3481.9556710379466,1.036582054646307,1.0202485993232673,3521.021501813616,3554.832454427083,0,1.5657108439097933,1.2513264940175002,4,6,2,0,1,4444135.857142857,1.0243712492909194,0
2024-06-10,3576.6591796875,3620.409183775903,3561.0870829656333,3610.305978999996,1734661.0,-0.9052527468022986,-0.009093750565538058,3498.1898018973216,1.0224314237459668,1.0166584246406203,3523.5705043247767,3555.8921061197916,0,1.394215529985875,1.2755293295008954,0,6,2,1,0,4274911.714285715,0.4057770349275717,0
2024-06-11,3570.54150390625,3596.355749469534,3560.2527371623205,3563.9603682346064,1419898.0,-0.17104441530222392,-0.0017119086328013725,3522.1768624441966,1.0137314630556318,1.0101405756760935,3524.90127999442,3557.694132486979,0,1.0659619514950005,1.2753306012679912,1,6,2,0,0,2912497.1428571427,0.48751910486239597,0
2024-06-12,3551.585693359375,3608.9150234305935,3547.692726393443,3591.210996364809,2177001.0,-0.5308945583222258,-0.0053230881116419415,3539.2318289620534,1.0034905496430688,1.0172569333814285,3520.809587751116,3557.365869140625,0,1.1555043800336289,1.2000216724718462,2,6,2,0,0,2915386.8571428573,0.7467280010082464,1
2024-06-13,3594.6875,3605.671448272076,3570.4489508339425,3574.898153664247,1932323.0,1.2135933175205338,0.012062883164345983,3560.835379464286,1.0095067917856981,1.009865005192108,3522.7064383370534,3559.99423828125,1,1.1823041529769314,1.2099324536858782,3,6,2,0,0,2706290.5714285714,0.7140116513726696,0
2024-06-14,3551.957275390625,3604.744632241546,3548.2032533352126,3604.744632241546,1860730.0,-1.1887048487351115,-0.011958264375321036,3572.1702008928573,0.9943415558706636,1.015935214211076,3521.7133440290177,3559.8900146484375,1,1.3554126909144861,1.2552722700865568,4,6,2,0,1,2572156.285714286,0.7234124964857167,0
2024-06-18,3536.245849609375,3561.179577580608,3517.6613039518497,3546.3954442186373,1774045.0,-0.4423314967808012,-0.004433126769944905,3570.1442522321427,0.9905050327863997,1.0123713654807722,3520.0713936941966,3559.8724853515623,1,1.0759190144173876,1.2597332044688243,1,6,2,0,0,2207300.4285714286,0.8037170550218972,0
2024-06-19,3523.8251953125,3553.625415653325,3515.714752390912,3547.8784064893566,1509050.0,-0.35123842699588126,-0.0035185671736567966,3557.928885323661,0.990414735338911,1.0107832022596916,3519.9422781808034,3557.0591064453124,1,0.7669251496285211,1.2367223571851653,2,6,2,0,0,1772529.7142857143,0.8513538519765295,0
2024-06-20,3510.431396484375,3531.4721572718627,3503.757705904956,3518.5418393437685,2846526.0,-0.3800926006755856,-0.0038081678823901335,3548.4677734375,0.9892809011151655,1.0079099223442873,3523.328787667411,3552.0232503255206,0,0.7269942252820281,1.134260202471957,3,6,2,0,0,1931367.5714285714,1.4738395953777534,1
2024-06-21,3532.2138671875,3594.363079879569,3520.4421834921905,3547.276118802484,4642195.0,0.6205069475204494,0.006185897300517337,3542.9923967633927,0.9969577892445552,1.0209976169283514,3532.584629603795,3547.7748128255207,0,0.8016588365829008,1.0069889981638205,4,6,2,0,1,2391695.714285714,1.9409638827681737,1
2024-06-24,3537.82177734375,3575.083426076877,3514.185628169532,3530.3601242080126,1702154.0,0.1587647398235026,0.0015863884184722761,3541.026123046875,0.9990950799028933,1.017329135211069,3540.128976004464,3544.227099609375,0,0.7895203682768233,0.9923842045051007,0,6,2,1,0,2323860.4285714286,0.7324682580211511,1
2024-06-25,3557.888916015625,3566.4164218366413,3515.668223832292,3538.0067905497995,1338808.0,0.5672173426141791,0.005656147224159144,3535.7691824776784,1.0062559891204341,1.014434865514423,3548.3022809709823,3543.381982421875,0,0.6404498401752916,0.9964135453025925,1,6,2,0,0,2239072.5714285714,0.5979297040585937,1
2024-06-26,3574.017578125,3584.3061190627222,3560.2529065957383,3563.4970839383795,1639845.0,0.45332112637841426,0.004522967208912608,3538.920654296875,1.0099174090793788,1.0067560403988218,3555.545427594866,3541.4211588541666,0,0.4734550222921486,0.9834075322713228,2,6,2,0,0,2207517.5714285714,0.7428457291684396,1
2024-06-27,3646.593994140625,3653.870310416638,3539.026531969821,3550.983551295317,4526556.0,2.0306675730929147,0.020103244587576678,3554.6846749441966,1.0258558290259236,1.0324506689648623,3562.41446358817,3543.3089599609375,1,0.8120774607534377,0.9511069327039114,3,6,2,0,0,2600733.4285714286,1.7404921051391327,0
2024-06-28,3618.786865234375,3670.554754499888,3612.947527343435,3631.439292021709,2731571.0,-0.7625507240710316,-0.0076547300751288435,3568.2506277901784,1.014162748841298,1.0159446620025536,3563.08975655692,3544.9078694661457,1,0.8902219413796447,0.8821095930662644,4,6,2,0,1,2775379.285714286,0.9842153878067116,1
2024-07-01,3687.424560546875,3709.206893822337,3600.1098911444064,3600.1098911444064,2658723.0,1.8967045551065986,0.01878941372849869,3593.5353655133927,1.0261272494865425,1.0303037979330265,3571.0015694754466,3547.2946533203126,1,0.9763001850051415,0.9690548949715029,0,7,3,1,0,2748550.285714286,0.9673183036958911,1
2024-07-02,3723.75927734375,3729.320724102144,3691.45667653292,3701.699052905465,2307449.0,0.9853684109400795,0.009805453140484014,3620.898995535714,1.0284073877605684,1.0102572103337772,3581.9456961495534,3552.958048502604,1,0.9805043773142047,0.9821336651317408,1,7,3,0,0,2415015.1428571427,0.9554594333806603,0
2024-07-03,3675.4208984375,3731.8233246647856,3665.920094147989,3726.1690969595234,1821198.0,-1.298106974861457,-0.013066060146577902,3640.5560128348216,1.0095768024114344,1.0179772686867887,3590.7910679408483,3557.4396402994794,1,1.2478911681916867,1.0513306450223332,2,7,3,0,0,2432021.4285714286,0.7488412637341658,1
2024-07-04,3727.0498046875,3751.520305935504,3691.039573096493,3707.4921862442698,2518001.0,1.4047073158872436,0.013949327325068468,3664.721854073661,1.017007552850036,1.0163858261720755,3600.24551827567,3563.2776123046874,1,1.2889279123820627,1.0659409884236546,3,7,3,0,0,2600477.5714285714,0.9682840673825681,0
2024-07-05,3718.56884765625,3732.4260743437953,3696.508396221036,3716.900368316538,1668616.0,-0.22755148108253298,-0.002278107728881564,3685.3720354352677,1.0090077234813177,1.0097166499498496,3612.1463448660716,3566.934261067708,1,1.33318825058452,0.9936924051918841,4,7,3,0,1,2604587.714285714,0.6406449630580415,0
2024-07-08,3701.328369140625,3736.597257975855,3687.2858057778326,3728.023360391662,1758882.0,-0.46363209132167515,-0.00464710198493404,3693.191231863839,1.0022032807850785,1.0133733740196524,3623.9379534040177,3571.3741536458333,1,1.2068115436836544,0.9949855420468282,0,7,3,1,0,2209205.714285714,0.7961603523955605,0
2024-07-09,3694.19140625,3714.073535288671,3684.551654684545,3693.727952303663,1305801.0,-0.19282166235583542,-0.001930078026408865,3703.963309151786,0.9973617711391359,1.0080123399997911,3636.1069684709823,3575.651847330729,1,1.1473036553791804,0.9875025349981789,1,7,3,0,0,2005524.2857142857,0.6511020630871728,0
2024-07-10,3623.421630859375,3710.690138295104,3616.794330433944,3692.522654420404,2669716.0,-1.915704077241187,-0.01934291456813014,3694.8200334821427,0.9806760811147062,1.0259610581312468,3644.1776994977677,3577.791463216146,1,1.1680786618442534,1.1464144147430384,2,7,3,0,0,2007094.7142857143,1.3301395200724744,1
2024-07-11,3636.907958984375,3689.092911509367,3610.861986517304,3643.6744309405326,4872189.0,0.37219869777620485,0.003715077523522734,3682.4127022879466,0.9876426823980651,1.021665443122493,3651.65584891183,3581.500634765625,1,1.0802110244930805,1.1418637759705164,3,7,3,0,0,2373486.1428571427,2.0527564547459214,1
2024-07-12,3878.13525390625,3892.9657755821577,3681.028215979909,3689.092266882023,13509164.0,6.632757761327546,0.06422057461037628,3711.371895926339,1.0449330766779132,1.0575756411434705,3675.96395438058,3595.3378011067707,1,2.756299011215769,2.0595386785612733,4,7,3,0,1,4043195.5714285714,3.341209635136903,0
2024-07-15,3864.463623046875,3930.088504778696,3853.201332828978,3926.1029828505975,4848030.0,-0.3525310481526933,-0.003531539031212015,3731.00244140625,1.0357708641944288,1.0199541018774818,3697.862147739955,3610.732185872396,1,2.772172236891059,2.07790859134129,0,7,3,1,0,4376056.857142857,1.107853521621128,1
2024-07-16,3873.0380859375,3887.960939474929,3841.940057628319,3867.059349578485,2029521.0,0.22187976720724478,0.002216339775562904,3753.0694754464284,1.0319654648750678,1.0119785528030907,3719.2207554408483,3625.4267578125,1,2.7563111152286246,2.0801843703677494,1,7,3,0,0,4427614.714285715,0.45837795990959723,1
2024-07-18,4000.116943359375,4008.8764034741735,3855.936610046835,3855.936610046835,5613364.0,3.2811156152396714,0.032284362343618304,3795.7535574776784,1.053840003779776,1.0396634615384615,3744.472394670759,3643.981901041667,1,2.873092936967137,2.1714106041214514,3,7,3,0,0,4978255.0,1.1275766307672066,0
2024-07-19,3997.190185546875,4049.5428404415234,3981.2568871814256,4011.1260943754655,3903354.0,-0.07316680621947125,-0.0007319358619062954,3839.0390973772323,1.0411954877661154,1.0171518581179628,3771.501203264509,3661.4677897135416,1,2.864117257503854,2.1437132365387264,4,7,3,0,1,5349334.0,0.7296897146448511,0
2024-07-22,3983.2080078125,4013.4954737488206,3962.443412915425,3994.914261964928,1896386.0,-0.34980016174691597,-0.003504133929862592,3890.4371512276784,1.0238458694945236,1.0128839848329425,3792.628592354911,3675.893806966146,1,2.6352554234983585,2.1340158137580967,0,7,3,1,0,5238858.285714285,0.3619845959893988,1
2024-07-23,3997.143798828125,4052.283633900068,3963.6508933891937,3979.166386228548,2365208.0,0.34986350168737523,0.0034925290309826473,3941.8994140625,1.0140146611982395,1.022361389258247,3812.1560581752233,3688.820841471354,1,2.636706775505288,2.131331225848099,1,7,3,0,0,4880718.142857143,0.4846024561900683,1
2024-07-24,4000.767333984375,4031.287066378296,3965.3237617134737,3983.347447189088,1809793.0,0.09065310978584318,0.0009061204467026955,3959.418282645089,1.0104432137217043,1.0166350362867518,3835.395089285714,3702.9577799479166,1,1.2756570532308387,2.071284342357403,2,7,3,0,0,3209379.4285714286,0.5639074594572266,1
2024-07-25,4015.8642578125,4034.909999231854,3970.990814364529,3990.315092493855,2810342.0,0.37735070719771,0.0037664052543984142,3981.046944754464,1.0087457680206238,1.0160965330456333,3856.0246930803573,3717.8018717447917,1,1.2278142393276217,2.059778668163249,3,7,3,0,0,2918281.1428571427,0.9630127675939183,1
2024-07-26,4076.578857421875,4108.724446589915,4029.382304290341,4041.413821146082,3552210.0,1.5118688210454367,0.015005539854972294,4010.124197823661,1.0165717210539962,1.019690894610594,3881.596836635045,3735.3016438802083,1,1.265393100549177,2.0614942655987947,4,7,3,0,1,3135808.1428571427,1.1327893283558665,0
2024-07-29,4070.3076171875,4116.66765190009,4060.924014095079,4101.8026818187545,1746803.0,-0.15383586221955348,-0.0015395431107554274,4020.151436941964,1.0124761917634846,1.0137268359643101,3907.9524972098216,3751.1556477864583,1,0.6152471681693559,2.0499290942430246,0,7,3,1,0,2583442.285714286,0.6761532896087258,0
2024-07-30,4055.6748046875,4086.008542726552,4020.323776464771,4079.598115277588,1797906.0,-0.3595013909565625,-0.003601491501419047,4028.5063825334823,1.0067440434677757,1.0163381781950758,3933.7727399553573,3767.9462320963544,1,0.6489423578768576,2.055988344404949,1,7,3,0,0,2282664.0,0.787634973872633,1
2024-07-31,4074.2568359375,4100.874336906317,4036.769142242399,4041.414446203552,2330091.0,0.45817359982913697,0.004571271796544879,4041.513357979911,1.0081017863996262,1.015880322209436,3965.975254603795,3785.879931640625,1,0.6031163475833728,1.9179873179557534,2,7,3,0,0,2344621.8571428573,0.993802473051853,1
2024-08-01,4085.172607421875,4105.797481325745,4055.395941895072,4087.309265424453,2202244.0,0.26792055395454817,0.0026756228661029245,4054.0889020647323,1.0076672480816373,1.012428265982611,3997.994158063616,3804.591512044271,1,0.6033471357730436,1.9202187299189382,3,8,3,0,0,2321341.285714286,0.9486946247640449,0
2024-08-02,3979.21337890625,4086.0090912967016,3967.0893178346782,4055.350087201024,2811282.0,-2.5937515669012368,-0.026279825106730423,4051.009765625,0.9822769159116868,1.029976580796253,4005.214024135045,3820.217578125,1,1.2619924922521277,1.2488848601258933,4,8,3,0,1,2464411.1428571427,1.140752024331747,0
2024-08-05,3860.292724609375,3938.287536567773,3818.903259981559,3938.287536567773,2787771.0,-2.9885468049356545,-0.030341140278994306,4028.7852608816966,0.9581778314400785,1.031261403722175,4004.91610281808,3831.1535400390626,1,1.6458720786875551,1.5088172141993548,0,8,3,1,0,2461186.714285714,1.132693827663972,1
2024-08-06,3875.297119140625,3956.171649619004,3865.634527574703,3875.064854028805,2203067.0,0.38868540811936025,0.0038793197807098522,4000.0307268415177,0.968816837614799,1.0234210247757445,4005.077462332589,3842.4027180989583,1,1.4549063137122071,1.5113361842405313,1,8,3,0,0,2268452.0,0.9711763793106488,1
2024-08-07,3902.472900390625,3943.816098379541,3883.751965802685,3928.06833926144,1237666.0,0.701256714376175,0.006988093443818265,3976.0543387276784,0.9814938549455038,1.0154654913871262,3998.1028878348216,3853.888850911458,1,1.5427809719709777,1.209600018521198,2,8,3,0,0,2195718.1428571427,0.5636725296578855,0
2024-08-08,3876.5517578125,3931.784593830913,3864.8922283404063,3884.402501608471,2441283.0,-0.6642235126227414,-0.006664392942751903,3950.46533203125,0.9812899068827557,1.0173076923076922,3989.485857282366,3863.973323567708,1,1.539508690557514,1.216275868276254,3,8,3,0,0,2287629.1428571427,1.0671672931002054,1
2024-08-09,3928.7646484375,3951.8981645067097,3907.210263056336,3917.8481873983887,1302536.0,1.346890068468043,0.013379001372205176,3929.680733816964,0.9997668804563229,1.0114372911724023,3985.5970458984375,3873.379012044271,1,1.6751549828645993,1.2840973391729458,4,8,3,0,1,2140835.5714285714,0.6084241206487534,0
2024-08-12,3898.01318359375,3938.288053067427,3889.373101098671,3929.926507307199,936912.0,-0.7827260626563692,-0.007858054423657059,3902.943673270089,0.9987367253824065,1.0125765645766764,3978.516287667411,3882.686555989583,1,1.6409786127842187,1.2898830338331282,0,8,3,1,0,1960073.857142857,0.47799831449500046,1
2024-08-13,3899.220703125,3933.64221368893,3886.260127506092,3914.1319429077616,1495593.0,0.030977820606969964,0.00030973023470795433,3891.5161481584823,1.0019798337391363,1.0121922065503228,3971.262956891741,3889.7464274088543,1,1.407720496082539,1.2890487288001788,1,8,3,0,0,1772118.2857142857,0.8439577719255761,1
2024-08-14,3990.54736328125,4000.7207578523953,3891.044886752686,3910.415890122992,3226545.0,2.3421772479577108,0.023151691815256007,3910.123953683036,1.0205679949154711,1.0281867401409601,3969.454607282366,3898.639363606771,1,1.1091918632865134,1.450713319822448,2,8,3,0,0,1834800.2857142857,1.7585265410746924,1
2024-08-16,4102.77783203125,4112.951226936545,4018.280043659057,4041.413561593398,3457058.0,2.812407886263446,0.027735859032119364,3942.6211983816966,1.0406218669232774,1.0235601257873705,3971.3259626116073,3912.8845947265627,1,1.4125815480601815,1.5921532109067065,4,8,3,0,1,2013941.857142857,1.7165629622021292,1
2024-08-19,4171.4814453125,4175.429952248486,4078.900661647877,4107.376273881194,2055210.0,1.6745633347452271,0.016606971079920717,3981.0509905133927,1.047834216455125,1.0236655164241268,3978.552664620536,3927.698982747396,1,1.4456926038655655,1.647505807438064,0,8,3,1,0,2130733.8571428573,0.9645550020760788,1
2024-08-20,4202.41943359375,4241.161440255413,4180.772504085293,4185.417806867609,2212298.0,0.7416547019768016,0.007389179665797049,4027.603515625,1.0434044506343674,1.0144444444444443,3989.034423828125,3943.8273356119794,1,1.2682852631630737,1.645632520488694,1,8,3,0,0,2098021.714285714,1.0544685905470679,1
2024-08-21,4228.619140625,4236.516155388334,4173.8508391327405,4197.495611851862,1896990.0,0.6234434102843744,0.006215080416421318,4070.439871651786,1.038860485343326,1.01501378910527,4000.060302734375,3961.4036946614583,1,1.2805584100405225,1.6477022844814704,2,8,3,0,0,2182943.714285714,0.8690054569825307,0
2024-08-22,4182.630859375,4237.39916370202,4178.171549911448,4236.516374666815,1829872.0,-1.0875484341491881,-0.010935054719515846,4111.099539620535,1.0173995591848568,1.0141754863540313,4007.0216064453125,3977.685009765625,1,1.3567110722106774,1.687717448911993,3,8,3,0,0,2310509.4285714286,0.7919777246403173,0
2024-08-23,4147.234375,4186.347925037084,4138.96582468713,4180.773560290031,1809253.0,-0.8462732085395941,-0.008498744321106897,4146.530064174107,1.0001698554731289,1.0114478114478114,4019.023106166295,3995.1454345703123,1,1.4965671515388217,1.5232603035877332,4,8,3,0,1,2355318.0,0.7681565716391587,1
2024-08-26,4183.048828125,4229.222864979793,4166.836540173764,4170.5527823500615,1844164.0,0.8635743699679344,0.008598668957468997,4174.0302734375,1.0021606347095495,1.0149721075459868,4042.0771135602677,4013.350130208333,1,1.3558938297244179,1.1947420088880922,0,8,3,1,0,2157835.0,0.8546362441984674,0
2024-08-27,4178.125,4190.06352004845,4168.509131570201,4185.4182168111465,930697.0,-0.11770907601876823,-0.0011777840756334132,4184.794154575893,0.9984063362904958,1.0051707667652703,4063.707676478795,4023.349788411458,1,0.9926078069935151,1.2086224948611772,1,8,3,0,0,1796926.2857142857,0.5179383302471109,1
2024-08-28,4186.3935546875,4238.83920976465,4141.101848062617,4179.611593409034,1848058.0,0.19790108451758215,0.001977055182972564,4186.924455915178,0.9998732001894783,1.0236017768429817,4083.987723214286,4034.0807861328126,1,0.7763547733222651,1.2111202994604562,2,8,3,0,0,1767333.142857143,1.0456760840304018,1
2024-08-29,4191.7353515625,4232.8000107357375,4143.61019488178,4143.61019488178,2133641.0,0.12759901345200664,0.0012751767509477899,4185.398158482143,1.0015141195270787,1.02152466367713,4106.500837053572,4044.7040283203123,1,0.7181600416767251,1.1698704493183734,3,8,3,0,0,1756096.4285714286,1.2149907973650975,1
2024-08-30,4230.7099609375,4266.478796182319,4169.438229236293,4180.77295069311,3637222.0,0.9297965187728741,0.00925500519775809,4185.696847098215,1.010754031045151,1.023274254614344,4128.068359375,4052.3904622395835,1,0.772212854616295,1.1536586080171474,4,8,3,0,1,2004701.0,1.8143463788365446,0
2024-09-02,4200.32958984375,4262.530383589784,4191.921772178967,4251.381655472286,1216500.0,-0.7180915584914738,-0.00720682245711079,4188.225237165178,1.0028900911467609,1.0168439716312059,4149.662388392857,4059.1617757161457,1,0.6933207409742653,1.1480894258482053,0,9,3,1,0,1917076.4285714286,0.6345599903424374,0
2024-09-03,4192.2470703125,4232.707481664155,4176.963840595747,4200.329626081671,1717263.0,-0.19242584083861702,-0.0019261121720592447,4194.655622209822,0.9994258046156236,1.0133454928497676,4170.592843191965,4066.129744466146,1,0.58627892585752,1.157240161362218,1,9,3,0,0,1903935.0,0.9019546360563779,0
2024-09-04,4161.49462890625,4168.694848446134,4121.9632824379705,4159.357971016076,1265505.0,-0.7335550813315384,-0.007362588270421555,4191.576450892857,0.9928232677277784,1.011337210646021,4182.803362165178,4071.60810546875,1,0.5756102377549076,1.074753510427339,2,9,3,0,0,1821269.4285714286,0.6948477694443264,0
2024-09-05,4158.4287109375,4179.843374955519,4138.174918953167,4163.120285213532,1688793.0,-0.07367348133657803,-0.0007370063358266166,4188.7626953125,0.992758247105059,1.010069283396288,4186.778424944197,4076.863484700521,1,0.5752724863329023,0.7980637313761085,3,9,3,0,0,1929568.857142857,0.8752177947671804,0
2024-09-06,4140.59130859375,4198.379066063604,4125.02954174146,4156.5713342216295,1649179.0,-0.4289457288719212,-0.004298683403437591,4182.219517299107,0.9900463836168407,1.0177815755208333,4184.571986607143,4081.0210530598956,1,0.5761223968308801,0.6656995153513108,4,9,3,0,1,1901157.5714285714,0.8674604487206028,0
2024-09-09,4133.9013671875,4171.714314661398,4116.202944403391,4138.964928860649,1184938.0,-0.16156971088562289,-0.0016170037550493248,4173.95751953125,0.9904033157605666,1.0134860625211601,4179.677839006697,4082.9318033854165,1,0.5626399975578799,0.6255240896769602,0,9,3,1,0,1765628.5714285714,0.6711139699338156,1
2024-09-10,4188.06591796875,4217.88885396822,4125.447324234446,4127.305445435125,1385591.0,1.3102526153907945,0.013017430563585347,4167.865513392857,1.0048467025893666,1.0224076378798337,4176.781180245535,4086.857080078125,1,0.6929149015374294,0.709264608748644,1,9,3,0,0,1443967.0,0.9595724833046738,0
2024-09-11,4161.58740234375,4226.621639858806,4154.061921274154,4200.700941634944,1325919.0,-0.6322373177412244,-0.006342444020337455,4162.330915178572,0.9998213710418578,1.0174671730849876,4175.278076171875,4090.3875,1,0.6816992066747565,0.6680868912390372,2,9,3,0,0,1459598.2857142857,0.9084136457115206,1
2024-09-12,4197.21728515625,4211.0601974701785,4116.94608580757,4190.295602177849,2742216.0,0.8561608676639576,0.00852516596284548,4163.040945870535,1.0082094650833582,1.0228601758927691,4178.848284040178,4094.486181640625,1,0.7746470505317019,0.6637795869002573,3,9,3,0,0,1606020.142857143,1.7074605273141477,1
2024-09-13,4201.76953125,4224.43851900476,4185.417974074432,4208.644488913913,1458786.0,0.10845867117361685,0.0010839989724995877,4168.794503348215,1.0079099672280083,1.009322974472808,4180.185477120535,4098.372745768229,1,0.7000026722644993,0.6254528651696858,4,9,3,0,1,1633631.7142857143,0.8929711557649556,0
2024-09-16,4193.08251953125,4223.555524057743,4175.6163626806965,4205.857102070119,1155120.0,-0.20674650654067817,-0.002069605221612692,4173.745047433035,1.0046331225023215,1.0114807389408424,4181.253871372768,4105.501717122396,1,0.7085208026676333,0.6275601304426378,0,9,3,1,0,1557392.7142857143,0.7417011710689725,0
2024-09-17,4186.021484375,4214.032568613279,4149.184325105708,4193.082435128378,1699364.0,-0.16839723815020857,-0.0016853918567881973,4180.235072544643,1.0013842312046903,1.0156291546546126,4181.227294921875,4116.359342447917,1,0.6811441378008983,0.6275384742094605,1,9,3,0,0,1564562.0,1.0861595769295176,0
2024-09-18,4037.836669921875,4178.03182491242,4014.47088636393,4178.03182491242,2961779.0,-3.539991732155434,-0.036041685634594894,4166.51154436384,0.9691168803753761,1.0407428383909976,4170.234531947544,4121.777327473958,1,1.5666393203092324,1.1328190843839634,2,9,3,0,0,1818396.4285714286,1.6287861950580476,0
2024-09-19,3991.38330078125,4108.491652642897,3978.0511914620456,4078.621993722427,2927551.0,-1.1504519112092715,-0.01157120806840296,4138.414027622768,0.9644717213260614,1.032790040877506,4153.1397705078125,4124.7410074869795,1,1.4065454109812952,1.1006136663151922,3,9,3,0,0,2038676.4285714286,1.4360057137911957,0
2024-09-20,3980.931640625,4023.4828879317256,3927.603653363493,4010.661579574174,5447908.0,-0.261855586613402,-0.0026219902803264594,4112.606061662947,0.9679827294266294,1.0244116369751628,4137.468488420759,4128.2203369140625,0,1.415412213125887,1.0975196342869349,4,9,3,0,1,2627532.0,2.073393587594747,0
2024-09-23,3965.6953125,4003.693801666292,3951.2948726865407,3994.960722443481,1702319.0,-0.3827327244083967,-0.0038346702029261816,4079.531494140625,0.9720957708491462,1.0132612044071834,4121.286220005581,4129.451359049479,0,1.269530826436055,1.0962383939966485,0,9,3,1,0,2478975.285714286,0.6867026911522831,1
2024-09-24,3968.29638671875,3986.599062122256,3939.216971195143,3950.04043653129,3012026.0,0.06558936110274693,0.0006556786068210961,4046.1781877790177,0.9807517619230166,1.0120283018867928,4107.486345563616,4131.794132486979,0,1.2645101376932328,1.0977992097771256,1,9,3,0,0,2700866.714285714,1.1152071977741327,1
2024-09-25,3971.501708984375,3985.29834930729,3939.2168538730334,3950.69084274909,2713073.0,0.08077325767179566,0.0008074065363173668,4014.5237862723216,0.9892833921086579,1.0116981362396815,4094.1344168526784,4134.203499348959,0,1.2916126996645858,1.101379063556974,2,9,3,0,0,2923431.4285714286,0.9280440011297878,1
2024-09-26,3987.992431640625,4010.5684216660406,3957.7979636084015,3957.7979636084015,3964251.0,0.4152263769380937,0.004143666911573506,3986.2339215959823,1.0004411457228126,1.0133332874853287,4083.2344970703125,4134.118334960937,0,1.3538995985607973,1.1180709634412014,3,9,3,0,0,3246986.714285714,1.2209015154138296,1
2024-09-27,4003.043701171875,4067.4274211040574,3995.006963841728,4027.477814181381,3012477.0,0.37741469647318837,0.003767042741387574,3981.263497488839,1.0054706762556092,1.0181277424339426,4073.887520926339,4130.793863932292,0,0.5415391431555826,1.1309986263012177,4,9,3,0,1,3254229.285714286,0.9257113545208532,0
2024-09-30,3965.6953125,3993.799396652073,3957.844568692927,3982.789937420948,2503416.0,-0.9329997736707507,-0.009373794796099323,3977.5937848772323,0.9970086255608931,1.0090844466818008,4058.00390625,4123.934326171875,0,0.4748625462272925,1.0532277220744228,0,9,3,1,0,3193638.5714285714,0.7838758031032226,1
2024-10-01,3983.719482421875,3991.012700007254,3941.958474070988,3953.664276557342,1823365.0,0.45450213648694504,0.004534723944806353,3977.9920479910716,1.001439780261425,1.012444125492171,4045.299054827009,4116.6443277994795,0,0.5079964058321724,1.0733558202771285,1,10,4,0,0,2675846.714285714,0.6814160879490909,0
2024-10-03,3932.481689453125,3975.4507469540895,3911.345558466164,3960.214242158008,3350119.0,-1.2861797421941046,-0.012945226475503602,3973.247244698661,0.9897399903064358,1.0163895486935868,4026.3893694196427,4106.773079427084,0,0.7023305459025284,1.047311141281174,3,10,4,0,0,2911246.714285714,1.1507506332461297,1
2024-10-04,3950.597412109375,3993.101928919065,3924.3977252089007,3925.280514118904,2965463.0,0.4606689639480299,0.004596111319679491,3970.718819754464,0.9949325528806058,1.0175069420891856,4008.448503766741,4099.038631184896,0,0.734668495088216,1.066055956011439,4,10,4,0,1,2904594.8571428573,1.020955811688318,1
2024-10-07,3969.736572265625,3992.4055595878863,3929.368708787632,3970.711904413128,1472619.0,0.48446242833006803,0.004832926855625841,3970.4666573660716,0.9998161210851394,1.0160424881124743,3992.4952218191966,4093.122037760417,0,0.7629974032691794,1.0930515033718442,0,10,4,1,0,2727387.1428571427,0.5399376483300867,0
2024-10-08,3951.52685546875,3975.821698560318,3905.724350985821,3969.504268163657,1541867.0,-0.4587134804887594,-0.0045976879927103085,3965.2572893415177,0.9965373157727558,1.0179473360829483,3975.74560546875,4085.404638671875,0,0.7544498142747241,1.0913875202489303,1,10,4,0,0,2381332.285714286,0.6474808279590908,0
2024-10-09,3951.24853515625,3990.315352669941,3945.441906296137,3957.798231053306,1082504.0,-0.0070433612798237455,-7.043609336162074e-05,3957.857979910714,0.9983300449920102,1.0113734905847163,3969.5607386997767,4077.84208984375,0,0.7248799927837478,0.6155332894915835,2,10,4,0,0,2105621.8571428573,0.5141018062326074,0
2024-10-10,3927.511474609375,3989.247745274278,3900.754705439287,3951.527786647516,2378875.0,-0.6007483542397885,-0.006025601068589932,3952.403145926339,0.9937021426210989,1.0226861329454,3964.998465401786,4069.212687174479,0,0.6769242165932186,0.5622337683104558,3,10,4,0,0,2087830.2857142857,1.1394005615672649,0
2024-10-11,3854.858642578125,3941.029018137021,3820.71566358309,3849.098285072824,5759183.0,-1.84984391518489,-0.018671674998774614,3933.994454520089,0.9798841068901257,1.0314897430606234,3955.99325125558,4057.983463541667,0,0.8735618056629608,0.7296758750872725,4,10,4,0,1,2650090.0,2.1732027968861436,0
2024-10-14,3843.19873046875,3869.909224735711,3829.7740759707513,3846.311174442351,2137590.0,-0.3024731433881267,-0.0030293151794045163,3921.23974609375,0.9800978719287076,1.0104797692941683,3947.243495396205,4045.0664225260416,0,0.7951073510053515,0.7286737951304184,0,10,4,1,0,2476871.5714285714,0.8630201196774664,0
2024-10-15,3824.75634765625,3874.1362795372975,3804.5030088222256,3837.995460690613,2759474.0,-0.4798706521806806,-0.004810257281232689,3903.262451171875,0.9798870548681513,1.0183028559981684,3936.99063546317,4032.547314453125,0,0.715758531914473,0.7267293500012623,1,10,4,0,0,2447444.5714285714,1.1274919286075178,0
2024-10-16,3804.456787109375,3823.084498132853,3778.675354588552,3795.212679191423,2359151.0,-0.5307412734752215,-0.005321547083116396,3879.651053292411,0.9806182914004024,1.0117525691881344,3925.058855329241,4019.6209716796875,0,0.5832803961058641,0.7230174146287022,2,10,4,0,0,2574092.0,0.9164983225152792,1
2024-10-17,3817.510009765625,3836.974010815032,3802.5985417542856,3821.0402585925135,2522659.0,0.34310345436117107,0.003425161973419128,3860.505789620536,0.988862656294802,1.009039994278462,3912.8815394810267,4008.154817708333,0,0.6862551904008624,0.71773605704527,3,10,4,0,0,2714205.1428571427,0.9294282735550676,1
2024-10-18,3839.908447265625,3861.422196631944,3799.8149930258223,3809.128265067552,2361000.0,0.586728978907769,0.00585014427678068,3844.6000627790177,0.9987796869799764,1.0162132113587623,3901.229021344866,3997.5374755859375,0,0.7853878608263684,0.73510831457034,4,10,4,0,1,2896847.4285714286,0.8150239383384854,0
2024-10-21,3799.67529296875,3855.6481475353057,3790.501629279664,3848.802801800323,1595450.0,-1.0477633737732694,-0.010532910594906133,3826.3377511160716,0.9930318597359722,1.0171867801750614,3889.370448521205,3986.1736083984374,0,0.8213234598341024,0.7433728326009831,0,10,4,1,0,2784929.5714285714,0.5728870188920397,0
2024-10-22,3739.744384765625,3808.942041444194,3731.2228318055472,3786.7764085312,1928049.0,-1.577263939211504,-0.0158983510912248,3809.8928571428573,0.9815878096819136,1.0208294205792685,3871.9436558314733,3973.0350423177083,0,0.7481278258115092,0.7815795474218137,1,10,4,0,0,2237624.714285714,0.8616498502589449,1
2024-10-23,3787.0087890625,3831.06037862844,3720.7913418501,3724.935929310656,1966476.0,1.2638405044316237,0.012559206996529222,3801.86572265625,0.9960921992838374,1.029635909850164,3861.552734375,3959.666471354167,0,0.9882440102802962,0.8639063063454154,2,10,4,0,0,2213179.8571428573,0.8885296844056118,0
2024-10-24,3769.919189453125,3798.883555612545,3729.034017325969,3729.034017325969,2676744.0,-0.4512690770280936,-0.004522903696041231,3794.0318429129466,0.9936445832670427,1.0187312687312688,3848.647147042411,3946.6108642578124,0,0.9869812552648298,0.8389693719810586,3,10,4,0,0,2201361.285714286,1.2159494297327322,1
2024-10-25,3778.906494140625,3810.990668738502,3755.762923689694,3778.440830569176,1759676.0,0.23839515479915363,0.002381114443618224,3790.3818010602677,0.996972519518632,1.0147048006412906,3835.016427176339,3932.667171223958,0,0.9870848775231911,0.823007475960115,4,10,4,0,1,2115722.0,0.8317141855120852,1
2024-10-28,3809.919677734375,3850.106352412569,3772.806200682952,3789.5234771784335,1532534.0,0.820692008173185,0.008173426441421125,3789.2974679129466,1.0054422251079662,1.020488768205381,3824.901628766741,3919.605509440104,0,1.0373972050808116,0.8789156113877409,0,10,4,1,0,1974275.5714285714,0.7762513106977612,0
2024-10-29,3795.39111328125,3821.701106275593,3781.2815973687175,3814.576544255364,1445885.0,-0.3813351902936857,-0.0038206412664777544,3782.9378487723216,1.0032919558836977,1.0106893675771205,3813.76895577567,3906.349129231771,0,1.0065083401528663,0.8764253793486283,1,10,4,0,0,1843544.857142857,0.7842960774173111,1
2024-10-30,3804.1455078125,3824.960761415852,3781.234995410785,3795.158291397516,1935002.0,0.23065856113262395,0.0023039295262759843,3783.5764508928573,1.0054364057887053,1.0115638848307857,3804.957101004464,3893.6199300130206,0,0.9322673936930371,0.8814264491287216,2,10,4,0,0,1892052.2857142857,1.0227000673342914,0
2024-10-31,3695.9248046875,3798.231172594493,3688.05513655037,3790.501112565659,3740372.0,-2.8448097714125042,-0.028860586696307495,3777.3165108816966,0.9784525056452846,1.029873749704072,3793.6046840122767,3882.222867838542,0,1.3318182912165706,1.0471303461339525,3,10,4,0,0,2150955.5714285714,1.738935034123372,1
2024-11-01,3710.593505859375,3724.330581026832,3703.003280699814,3715.855640568731,154895.0,0.3968885176795389,0.003961029929545288,3766.4000418526784,0.9851830566660008,1.0057594602840827,3784.132882254464,3872.8632080078123,0,1.2122240169484293,1.0633110032357536,4,11,4,0,1,1892158.2857142857,0.08186154465482652,0
2024-11-04,3691.920654296875,3717.7649842744486,3644.5161904410857,3693.923144215517,2269192.0,-0.5032308587026302,-0.0050450132924717,3755.257393973214,0.9831338486203401,1.0200983587411359,3774.64461844308,3863.2295084635416,0,1.213574516410303,1.063725838566415,0,11,4,1,0,1833936.5714285714,1.2373339598284907,1
2024-11-05,3698.626220703125,3712.2700726947455,3670.453574014962,3670.453574014962,967590.0,0.18162812893731672,0.0018146338450253632,3743.7887834821427,0.987936669136283,1.011392733305721,3767.085292271205,3854.3272054036456,0,1.2096241344341825,1.0661374190936266,1,11,4,0,0,1720781.4285714286,0.5622968634681752,1
2024-11-06,3855.367919921875,3864.820798500877,3702.25784431487,3728.661057052419,3792017.0,4.237835614244712,0.04150498312717736,3750.2813895089284,1.0280209721614268,1.0439091389692472,3769.7894287109375,3850.562923177083,0,2.0994658310872234,1.594728350956217,2,11,4,0,0,2043564.7142857143,1.8555893892136521,1
2024-11-07,3865.84619140625,3916.9759664857033,3804.5184284133866,3883.35541655753,3724349.0,0.2717839568626035,0.0027141529209661983,3760.3464006696427,1.0280558702564795,1.029558941608075,3771.6421247209823,3847.0410725911456,0,2.084393394762825,1.5892760088134765,3,11,4,0,0,2369059.5714285714,1.572079083580905,0
2024-11-08,3862.213134765625,3883.400824376408,3834.878595900271,3869.6637508924937,1648039.0,-0.09397830282801278,-0.0009402249012150647,3768.641775948661,1.0248289342367676,1.0126528721216912,3776.109113420759,3842.848429361979,0,2.0893197472364733,1.558290627130627,4,11,4,0,1,2328064.8571428573,0.7079008108144262,1
2024-11-11,3910.36376953125,3943.518654670436,3834.8794257124814,3844.7052007056577,1406487.0,1.2467109681803423,0.012390035206046486,3799.2759137834823,1.0292392177532432,1.0283292424344659,3788.296212332589,3839.759098307292,0,1.598804802815062,1.502365755459287,0,11,4,1,0,1994652.7142857143,0.7051287624791684,0
2024-11-12,3909.152587890625,3928.3380186185295,3878.3724067000553,3926.475364271153,1587640.0,-0.030973630894959303,-0.0003097842871474496,3827.6414969308034,1.0212953828160714,1.0128831392859945,3797.020769391741,3837.8743408203127,0,1.625615398747751,1.4801164983321051,1,11,4,0,0,2199330.5714285714,0.7218742014615617,0
2024-11-13,3865.33349609375,3908.5469823117096,3847.358610327207,3891.177822956001,1098813.0,-1.1209358246238144,-0.011272656569287987,3852.4147600446427,1.0033534125616728,1.015903994969499,3803.8360770089284,3833.9281412760415,1,1.7195739300868447,1.514494617624612,2,11,4,0,0,2032133.5714285714,0.5407188855344506,0
2024-11-14,3861.189208984375,3874.3210129831054,3833.761896778277,3851.0378338185446,1825432.0,-0.10721680583481996,-0.0010727432416864269,3875.6380440848216,0.9962718822201421,1.0105794562356396,3809.7134137834823,3831.551725260417,1,1.736635541325202,1.5164472201490269,3,11,4,0,0,2154682.4285714286,0.8471930600047988,0
2024-11-18,3743.46923828125,3923.681030197514,3716.181309069103,3923.681030197514,3313944.0,-3.0488008831374924,-0.030962435970941775,3859.652518136161,0.9698979948819288,1.0558368130806808,3804.966953822545,3824.647452799479,1,1.354831054412606,1.7258347180827758,0,11,4,1,0,2086386.2857142857,1.5883655019642986,1
2024-11-19,3762.142578125,3848.383334503383,3738.440347986104,3743.8418634756777,1776233.0,0.49882445013287313,0.004975844429025224,3844.837716238839,0.9784919041538287,1.0294087844885649,3802.592058454241,3817.7276529947917,1,1.3764714335584398,1.7312850312321912,1,11,4,0,0,1808084.0,0.9823841148973167,1
2024-11-21,3793.15576171875,3811.409636894372,3747.660340835974,3767.124986745769,2384347.0,0.8243489700277884,0.00820969772126281,3834.9723772321427,0.989095979996713,1.0170104252415195,3801.8070765904017,3812.4486165364583,1,1.4500150716834186,1.7458707943834306,3,11,4,0,0,1913270.857142857,1.246215082981306,1
2024-11-22,3953.111083984375,3962.7504103811857,3775.6000484761134,3791.4326091135326,3096553.0,4.2169457916789055,0.04130455766804571,3841.0791364397323,1.0291667897393242,1.049568375755427,3820.1775251116073,3812.510701497396,1,2.200691103972692,1.8779129261766372,4,11,4,0,1,2154708.8571428573,1.437109700336048,1
2024-11-25,4018.769775390625,4030.8770280377776,3960.1893900708537,3986.080102293397,4052167.0,1.6609371710362364,0.016472944668443193,3856.7387346540177,1.0420124493476073,1.0178495599589643,3842.190115792411,3815.5526448567707,1,2.266105985718206,1.9029067178706602,0,11,4,1,0,2506784.1428571427,1.6164802268860234,1
2024-11-26,4053.787841796875,4066.733198149224,4014.0199908462,4024.3109738880953,2060669.0,0.8713628389634742,0.008675883832662809,3883.6607840401784,1.0438058489700826,1.013132273238109,3868.037772042411,3822.1836181640624,1,2.163433846229591,1.877557284510096,1,11,4,0,0,2644192.1428571427,0.7793189332199492,0
2024-11-27,4035.021240234375,4076.791353638208,4027.104959501749,4059.6086406624336,1558993.0,-0.4629399044766336,-0.004640147899178007,3908.4939313616073,1.032372394864814,1.0123379933317176,3892.065987723214,3828.577701822917,1,2.1896383367839545,1.898669272884379,2,11,4,0,0,2606129.4285714286,0.5982024464742624,0
2024-11-28,3953.390380859375,4041.91329602,3942.307679137016,4022.401811054281,2558544.0,-2.0230589757752715,-0.020438030675065198,3938.482666015625,1.0037851416669636,1.0252658150986298,3899.0675920758927,3832.8655029296874,1,1.9182360140616281,1.7145379484590701,3,11,4,0,0,2498215.1428571427,1.0241487837087804,1
2024-11-29,3977.55859375,4003.496145463694,3907.5226111522825,3930.200517886687,2017425.0,0.6113287725805439,0.006094677390770689,3969.2563825334823,1.002091628863545,1.024561223020821,3907.047049386161,3838.635563151042,1,1.9157807322870906,1.7181347873131627,4,11,4,0,1,2532671.1428571427,0.7965601873301694,1
2024-12-02,3982.960205078125,3993.7173066183545,3939.560268502564,3976.766970418375,1670944.0,0.13580218118252052,0.0013571005341869375,3996.3713030133927,0.9966441812037947,1.0137469754045356,3915.6718401227677,3844.150569661458,1,1.9327697688061152,1.7160284564874024,0,12,4,1,0,2430756.4285714286,0.6874172913252459,1
2024-12-03,4007.26806640625,4027.990096381856,3972.529744122267,4018.071552759184,2010905.0,0.6102963644259773,0.006084415987167844,4004.1080147879466,1.000789202390803,1.0139609658912303,3922.593575613839,3849.7292236328126,1,1.1767327539866625,1.6954361731260599,1,12,4,0,0,2275663.8571428573,0.8836564300514631,1
2024-12-04,4055.370849609375,4085.685821181156,3994.50852942798,4017.326044595098,3302642.0,1.2003884543282828,0.011932409339411622,4009.336739676339,1.011481727009229,1.0228256595477172,3933.0377371651784,3858.252408854167,1,1.0912400717602275,1.7150137282435338,2,12,4,0,0,2168588.8571428573,1.5229452042612042,1
2024-12-05,4157.4912109375,4180.728007626903,4060.586792883336,4098.584762623309,3746747.0,2.5181509932183266,0.024869679773719094,4024.1515066964284,1.0331348618507992,1.0295871559633027,3953.9061453683034,3872.1773030598956,1,1.4080393198923706,1.7620948371016825,3,12,4,0,0,2409457.1428571427,1.555017075571261,0
2024-12-06,4140.21484375,4158.375723168091,4109.713879599103,4147.199797372343,1842087.0,-0.4155478944140478,-0.00416413694050684,4039.1791643415177,1.0250139137922973,1.0118406889128093,3973.8365478515625,3883.9508382161457,1,1.403473342904357,1.7726500396739844,4,12,4,0,1,2449899.1428571427,0.7519031978809158,1
2024-12-09,4146.40771484375,4162.47310676674,4112.321053205062,4126.198190317889,2066639.0,0.1495784959830937,0.0014946673878007298,4066.7530691964284,1.0195867917948265,1.0121955588858003,4002.6178676060267,3896.500455729167,1,0.9518879374862812,1.4559527618334984,0,12,4,1,0,2379627.0,0.8684718235252836,0
2024-12-10,4128.15380859375,4185.1975942064855,4109.108442002176,4122.193406026578,2087828.0,-0.4402342341939147,-0.004412061185259533,4088.266671316964,1.0097564910715418,1.0185171925438976,4028.7615269252233,3908.1420328776044,1,1.0443343303933725,1.4892968015336272,1,12,4,0,0,2389684.5714285714,0.8736835082597871,0
2024-12-11,4123.40478515625,4143.148648906342,4104.358962055129,4127.502533877997,1635256.0,-0.11503988605302551,-0.0011510610772236809,4108.330182756697,1.003669277231617,1.009450851450817,4052.350742885045,3918.5915364583334,1,1.0645008318234852,1.503172996629524,2,12,4,0,0,2384586.285714286,0.6857608843079338,1
2024-12-12,4149.01611328125,4177.002312539005,4122.054010099808,4125.825703197917,1914642.0,0.6211208809088431,0.006191998755718435,4128.57990373884,1.0049499367867152,1.0133303208314506,4066.3439592633927,3930.3790364583333,1,1.0646937655244928,1.0894267600275025,3,12,4,0,0,2370834.4285714286,0.8075814898443532,1
2024-12-13,4166.6650390625,4186.222911998922,4092.6245200889,4130.390114251639,1967048.0,0.4253761686958679,0.004244740017686187,4144.479073660715,1.005353137271891,1.0228700168927272,4076.9079066685267,3942.4630208333333,1,1.019373451031561,1.023232026481635,4,12,4,0,1,2180035.285714286,0.9023009915894545,0
2024-12-16,4111.99560546875,4167.6887843067,4095.045270300907,4152.787550664486,1646224.0,-1.3120669187761447,-0.013207505571738162,4137.979701450893,0.9937205839910156,1.0177393677507391,4081.065604073661,3956.3320475260416,1,0.6482813365986458,1.087788278382001,0,12,4,1,0,1879960.5714285714,0.875669428933312,0
2024-12-17,4031.248779296875,4128.526062963465,4021.469846136977,4107.151927157033,3225027.0,-1.9636895055161419,-0.019832260691509083,4122.413120814732,0.9778856851930843,1.0266211661214681,4080.796142578125,3967.020556640625,1,0.9470912296054639,1.214838927838247,1,12,4,0,0,2077523.4285714286,1.5523420605743212,1
2024-12-18,4049.270751953125,4062.448939888911,3995.020946646264,4015.603367163245,1575404.0,0.4470568214198334,0.004460604907511276,4108.536411830357,0.9855749946120523,1.0168780074355432,4087.6447405133927,3978.9322265625,1,0.9807046622965825,1.0690132471230889,2,12,4,0,0,2007347.0,0.784818967522805,0
2024-12-19,3978.5361328125,4064.311449354893,3969.316085506543,3987.942627437592,3015763.0,-1.746848345631291,-0.01762285784614516,4087.1624581473216,0.9734225574718014,1.023932426091037,4087.7145647321427,3988.262556966146,1,1.1189167692919277,1.1757077098770967,3,12,4,0,0,2139909.1428571427,1.4092948806104186,0
2024-12-20,3883.91357421875,4081.075721006082,3867.3361322404735,4031.715380245397,4116989.0,-2.378325983101215,-0.024070647377628367,4052.9494280133927,0.9582931253406984,1.05526791089705,4080.639805385045,3989.214078776042,1,1.2952995342673337,1.3358179132995611,4,12,4,0,1,2494442.4285714286,1.650464630028686,0
2024-12-23,3872.737060546875,3927.406139864292,3832.317557835385,3911.619964587505,2195338.0,-0.2877642217907317,-0.002881790590540651,4013.4809919084823,0.9649322043270271,1.0248122919340266,4071.030447823661,3989.4437744140623,1,1.1627392839068926,1.316819687245867,0,12,4,1,0,2534541.8571428573,0.8661675852040434,1
2024-12-24,3892.48193359375,3928.338029883583,3872.737615555093,3872.737615555093,1181886.0,0.5098428511458808,0.005085475532718168,3974.3119768415177,0.9794102617699378,1.0143568761552986,4059.395525251116,3990.452734375,0,1.1799894507877504,1.2710322620379926,1,12,4,0,0,2422375.8571428573,0.4879036407644891,0
2024-12-26,3882.7958984375,3911.527430384508,3858.62777832456,3892.48160931481,1208464.0,-0.24883956615586733,-0.0024914968637899416,3941.569161551339,0.9850888667165473,1.0137094467512795,4039.774431501116,3989.5338053385417,0,1.1956963548985913,0.9844644493840383,3,12,4,0,0,2359838.714285714,0.5120960143099369,0
2024-12-27,3878.837646484375,3893.832103292384,3862.446199068469,3877.114600451393,858100.0,-0.10194334331912192,-0.001019953408870672,3919.796142578125,0.9895508606560313,1.0081259136325276,4021.1046316964284,3988.5233072916667,0,1.0994365737509642,0.989659860064263,4,12,4,0,1,2021706.2857142857,0.4244434545529575,0
2024-12-30,3873.203125,3910.921874141445,3829.617196780828,3865.938955213331,1527169.0,-0.14526314318625833,-0.001453687523766432,3894.643624441964,0.9944948751389194,1.0212304972489057,4001.590018136161,3988.7856282552084,0,1.0311353863411565,0.9787643469923162,0,12,4,1,0,2014815.5714285714,0.7579696234515332,0
2024-12-31,3813.597900390625,3855.647451475401,3755.15713029295,3851.0372008587256,1555429.0,-1.5389129535873458,-0.015508771231346434,3871.0810198102677,0.985150628693775,1.0267606168519001,3979.121738978795,3987.199251302083,0,0.9959410807250831,1.0184687352558661,1,12,4,0,0,1806196.4285714286,0.8611627037875567,1
2025-01-01,3830.03662109375,3850.1065398065934,3804.8905600046846,3813.225892742417,763161.0,0.4310554267255462,0.00430129044015542,3863.3843122209823,0.9913682697779395,1.0118836479233329,3958.1668701171875,3990.0848307291667,0,0.6729843516160816,1.0468691188154233,2,1,1,0,0,1327078.142857143,0.5750686228295093,1
2025-01-02,3888.9892578125,3895.741379495824,3815.6008619680624,3837.06777038556,1720835.0,1.5392186172338729,0.015274928181810461,3865.7060546875,1.0060230143719198,1.0210033807064467,3939.593523297991,3994.313053385417,0,0.9352629876240283,1.1477864421206279,3,1,1,0,0,1259292.0,1.3665099119187607,0
2025-01-03,3818.34814453125,3892.9011567771527,3811.270194517517,3892.9011567771527,1791953.0,-1.8164388893422867,-0.018331386772767137,3855.1155133928573,0.9904627063096098,1.0214183088821833,3914.7137451171875,3995.152799479167,0,1.1409501063191207,1.1716358490939973,4,1,1,0,1,1346444.4285714286,1.3308778008025581,0
2025-01-06,3813.78466796875,3864.681605615779,3787.148620607623,3823.563603014824,2085593.0,-0.11951441800915896,-0.001195858934443617,3845.256766183036,0.9918153454689773,1.0204726544361802,3893.4129638671875,3990.508585611979,0,1.1423720758562992,1.1603717547632384,0,1,1,1,0,1471748.5714285714,1.4170851193526846,0
2025-01-07,3751.6650390625,3856.020287112112,3736.065309985075,3832.364669490885,2669054.0,-1.6288184654991378,-0.016422295409189366,3827.0892508370534,0.9802920165088763,1.0321073019806273,3873.442696707589,3981.6050944010417,0,1.2500312661594517,1.1316413532642413,1,1,1,0,0,1730456.2857142857,1.5423989742094446,1
2025-01-08,3826.264404296875,3842.655853224678,3741.839688389106,3757.811858196048,2181277.0,1.9884335210538007,0.019689224013856834,3820.383719308036,1.0015392917101804,1.026942940700641,3857.513671875,3974.0209798177084,0,1.5629366266201308,1.2947368484415278,2,1,1,0,0,1823900.2857142857,1.1959409278483426,0
2025-01-09,3761.490966796875,3853.599136272882,3748.871437714519,3819.372861544339,2392472.0,-1.6928636041790512,-0.017073563343729375,3812.939871651786,0.9865067620820827,1.0279357935577034,3842.0104457310267,3964.9033040364584,0,1.5864221178765348,1.2904776185362978,3,1,1,0,0,1943477.857142857,1.231026117023642,1
2025-01-10,3972.71533203125,4001.912527410841,3883.633986340052,3911.57379919142,7894300.0,5.6154425757998006,0.05463441110580883,3833.3225446428573,1.0363634381832014,1.0304556354916068,3848.35342843192,3965.547469075521,0,2.7243391540534287,1.9460280086812147,4,1,1,0,1,2962212.0,2.6650016946795163,1
2025-01-13,3996.417724609375,4026.080583062269,3937.092007703587,3953.483455264251,4003771.0,0.5966295240692698,0.0059485673793987495,3848.6694684709823,1.0383894375312752,1.0226026151241985,3857.187761579241,3966.1761067708335,0,2.6906749000857406,1.9440699095732068,0,1,1,1,0,3288345.714285714,1.2175638901366819,0
2025-01-14,3942.354248046875,4017.652139793191,3929.3156678223904,4006.5694375522967,3441709.0,-1.3527984382009084,-0.01362032126294177,3866.3846261160716,1.0196487492262554,1.0224813884754025,3860.750069754464,3964.822574869792,0,2.631490539693068,1.987579407453452,1,1,1,0,0,3524025.1428571427,0.976641442804689,1
2025-01-15,3957.768310546875,3964.147993059357,3918.5129585242826,3928.338278958004,1653474.0,0.3909862364001482,0.0039022387172938534,3886.9537179129466,1.0182185324995203,1.0116460083246122,3866.105242047991,3963.1725830078126,0,2.6189357450028905,1.9860749195899245,2,1,1,0,0,3462293.8571428573,0.4775660496259767,0
2025-01-16,3917.44091796875,3999.118484852635,3903.9835145012657,3967.453364106248,2637705.0,-1.018942732717787,-0.010241694895998297,3910.635986328125,1.001740108684218,1.024368691619212,3868.862618582589,3958.574918619792,0,2.543044952510614,2.0101635546921877,3,1,1,0,0,3457815.4285714286,0.7628241166966361,0
2025-01-17,3911.75,3946.179522038897,3888.749747352948,3945.515411973339,1761466.0,-0.14527131583903508,-0.0014537693691887771,3922.848214285714,0.9971708784843374,1.0147681847424204,3871.615966796875,3950.383544921875,0,2.4825740150540083,2.0101636280070916,4,1,1,0,1,3397842.4285714286,0.5184072060518067,0
2025-01-20,3867.64697265625,3932.142300220547,3858.446917151911,3932.142300220547,1287799.0,-1.1274500503291374,-0.011338539477364379,3938.013357979911,0.9821315016158917,1.0190997529967405,3875.4766148158483,3941.29794921875,0,2.4135767978407783,1.9874080354611423,0,1,1,1,0,3240032.0,0.39746490158121894,0
2025-01-21,3827.85888671875,3899.135870393051,3822.3102791739225,3884.245030505511,1971591.0,-1.0287414083755997,-0.010340695260033441,3917.319580078125,0.977162778902611,1.0200992555831265,3875.321062360491,3930.679654947917,0,0.7944801843127232,2.007939540519386,1,1,1,0,0,2393930.714285714,0.8235789733740355,1
2025-01-22,3942.3857421875,3948.597996435551,3835.778244591172,3841.279382364056,2409223.0,2.991929923700054,0.029480448916663533,3909.6007254464284,1.008385771091069,1.0294124802452973,3879.135096958705,3924.4873860677085,0,1.532184954899409,2.1268233132262604,2,1,1,0,0,2166138.1428571427,1.1122203853638934,0
2025-01-23,3931.810546875,3975.344954872413,3926.688470425829,3953.198226312215,1822998.0,-0.26824354601668876,-0.0026860396369230515,3908.094482421875,1.0060684470551562,1.0123912260453163,3887.2395542689733,3918.1009114583335,0,1.446790901712094,2.0576255908651664,3,1,1,0,0,1934893.7142857143,0.9421695809648016,1
2025-01-24,3938.35546875,3962.683483197874,3892.4971314131344,3892.4971314131344,1910099.0,0.16646076399082776,0.0016632237161913332,3905.321219308036,1.0084587790829194,1.0180311890838207,3896.137468610491,3911.078889973958,0,1.438382364904487,2.055321808659411,4,1,1,0,1,1971554.4285714286,0.9688289464998647,0
2025-01-27,3855.649169921875,3942.149290655583,3832.791321518994,3890.6001684958624,1551782.0,-2.100021175954825,-0.021223852753537956,3896.493826729911,0.9895175871888101,1.0285322001546509,3903.5649065290177,3900.7116943359374,0,1.60653084242486,2.0919701817512455,0,1,1,1,0,1816422.5714285714,0.8543067149730262,0
2025-01-28,3832.07958984375,3890.599779117484,3820.69802052405,3861.007745197988,2468272.0,-0.6112999144733511,-0.0061317600198903125,3885.1123395647323,0.9863497512849464,1.018295546577598,3903.9802769252233,3891.3811604817706,0,1.6127600448013226,2.037143898337249,1,1,1,0,0,1917394.857142857,1.2873050070020604,1
2025-01-29,3888.5126953125,3896.148108723218,3845.0732274227375,3845.0732274227375,1217089.0,1.4726496187165816,0.014619114297808171,3888.0931570870534,1.0001079033368019,1.013283201197891,3913.0532575334823,3886.623291015625,1,1.6835820470708547,2.006691515328133,2,1,1,0,0,1907293.4285714286,0.6381236267938096,1
2025-01-30,3888.75,3917.061745659292,3849.3415023779007,3888.6078230102007,1531251.0,0.006102710884459128,6.10252467663421e-05,3896.7918875558034,0.9979362799482608,1.0175926826028705,3907.055733816964,3881.272599283854,1,1.6130359409358048,1.2841563284033717,3,1,1,0,0,1844387.7142857143,0.8302218606964727,1
2025-01-31,3900.463623046875,3915.686749530312,3874.7129156799374,3898.187401859017,1492943.0,0.3012182075699199,0.0030076545448236556,3890.8030133928573,1.0024829346591857,1.010574676044918,3900.2018694196427,3878.6701822916666,1,1.0793845639043005,1.273417391686104,4,1,1,0,1,1713490.5714285714,0.8712875488747531,0
2025-02-01,3863.236572265625,3922.7526963272944,3846.970505085766,3901.032960408717,437172.0,-0.9544263036138756,-0.009590101410085638,3881.0067313058034,0.9954212501367655,1.0196991869683802,3894.550606863839,3877.980948893229,1,1.1224667243978028,1.2490750705442368,5,2,1,0,0,1515515.4285714286,0.28846423583565345,0
2025-02-03,3858.96826171875,3866.8880293594016,3792.623246059982,3823.1637429283855,1265713.0,-0.11048535255431258,-0.0011054643261378188,3869.665701729911,0.9972355648172971,1.0195813763933896,3887.4934605189733,3877.5219889322916,0,1.1103366584991403,1.2399105762696168,0,2,1,1,0,1423460.2857142857,0.8891804096697163,1
2025-02-04,3895.38916015625,3906.581314014397,3856.502364977536,3873.242663132477,2547132.0,0.9437988593686608,0.009393729042171855,3875.342843191964,1.0051727854219408,1.0129855875343545,3885.9183349609375,3877.618896484375,0,0.8456042027151983,1.2478793401048478,1,2,1,0,0,1565653.142857143,1.6268814147121802,0
2025-02-05,3880.26171875,3936.126163727403,3865.939817675396,3936.126163727403,1693912.0,-0.3883422370473344,-0.0038909824340877443,3882.226004464286,0.9994940310759788,1.0181550539744848,3883.669172014509,3877.534423828125,1,0.8158398265587533,1.2512460943413426,2,2,1,0,0,1455030.2857142857,1.1641764550408966,0
2025-02-06,3872.342041015625,3926.167381981307,3842.750005598202,3893.8246615705457,2284536.0,-0.20410163819893912,-0.002043102094390508,3879.9159109933034,0.9980479293491339,1.021707729168325,3884.0045340401784,3877.317903645833,1,0.5878710653976084,1.2138898849059707,3,2,1,0,0,1607522.7142857143,1.421153169219826,0
2025-02-07,3821.741455078125,3879.218476720966,3801.4444143514993,3879.218476720966,1548940.0,-1.3067178829127557,-0.01315330552175545,3870.34326171875,0.9874425074588754,1.0204590818363273,3883.5675746372767,3875.6025146484376,0,0.7508261132696255,1.2343840952400646,4,2,1,0,1,1610049.7142857143,0.9620448277196054,1
2025-02-10,3828.90234375,3843.176775667303,3807.46719267282,3831.7952057492353,1339511.0,0.1873723996258292,0.001871970765157051,3860.1202218191966,0.9919127187042677,1.0093788288086114,3875.4616176060267,3876.1126627604167,0,0.7381335900980125,0.8903396616642358,0,2,1,1,0,1588130.857142857,0.8434512773146797,0
2025-02-11,3759.28515625,3831.795194749814,3751.1757413949294,3811.308276332649,1810908.0,-1.8182022222018146,-0.018349346486940313,3845.27001953125,0.9776387970559914,1.0214917825537295,3863.1383754185267,3873.7542805989583,0,0.9224100963558542,0.9896721591542155,1,2,1,0,0,1784378.857142857,1.014867438465182,0
2025-02-12,3746.575439453125,3814.485562859376,3737.090798282343,3766.445947952812,1678002.0,-0.3380886596416999,-0.0033866147078801434,3829.2139020647323,0.9784189484512609,1.020709896749794,3849.4398018973216,3869.0071533203127,0,0.9150933564876123,0.9799127026367901,2,2,1,0,0,1843277.2857142857,0.9103361783952977,0
2025-02-13,3708.636962890625,3779.107894775717,3701.144188811121,3763.5057059907817,2277310.0,-1.0126174469354265,-0.010177792934753838,3802.5350167410716,0.9753064591286996,1.0210647578119996,3838.9389299665177,3865.3501139322916,0,0.7044636945984998,0.8672766547878854,3,2,1,0,0,1804731.2857142857,1.2618554451992419,1
2025-02-14,3732.064208984375,3744.536419785488,3699.010141125482,3722.721744594235,1681975.0,0.6316942404491988,0.006297074150998823,3781.363943917411,0.9869624464441361,1.0123076923076924,3831.7949741908483,3862.6260986328125,0,0.8659896960601804,0.8933014690828607,4,2,1,0,1,1803026.0,0.9328623103604717,0
2025-02-17,3703.2783203125,3731.258013089865,3657.467454978852,3657.7520405391615,1799806.0,-0.7713127925981889,-0.007743027944862262,3757.211983816964,0.9856452966357057,1.02017531502859,3818.563947405134,3861.0132080078124,0,0.8545245876123319,0.7651084549229991,0,2,1,1,0,1733778.857142857,1.0380827938840775,0
2025-02-18,3673.591064453125,3722.1523795147264,3665.33947318774,3697.492313192335,2149879.0,-0.8016479802919529,-0.008048784539812741,3736.0476422991073,0.9832827137590924,1.0155000394213352,3803.1954520089284,3855.9240966796874,0,0.8081796845762408,0.7670251308616177,1,2,1,0,0,1819627.2857142857,1.1814941537085577,0
2025-02-19,3589.083251953125,3675.251080308744,3573.955063643061,3672.642803918544,4366672.0,-2.3004142545348993,-0.023272867015230823,3701.787772042411,0.969554029828376,1.0283428344402372,3780.9539969308034,3850.1771728515623,0,0.9577104708816778,0.888780691834856,2,2,1,0,0,2252078.8571428573,1.938951642901111,0
2025-02-20,3584.625244140625,3592.782128290818,3557.9735409942346,3567.6478288188787,2888572.0,-0.12421020911326242,-0.0012428741393096768,3676.836356026786,0.9749210726403378,1.0097832619876248,3761.0531877790177,3837.2408365885417,0,0.9042115626634752,0.8902060000496005,3,2,1,0,0,2406030.8571428573,1.2005548438519016,1
2025-02-21,3590.885009765625,3620.287396269253,3580.451904877241,3581.495307989525,1833931.0,0.17462817445790257,0.001744758767387035,3654.5948660714284,0.9825671904436594,1.0111258278145696,3741.90438406808,3823.723079427083,0,0.9552630580290499,0.9036888250763493,4,2,1,0,1,2428306.4285714286,0.7552304677951623,0
2025-02-24,3486.1748046875,3569.260122487774,3480.8633130033377,3550.24337061046,2508516.0,-2.915999949688153,-0.02959360232884839,3622.8145577566966,0.9622835364905329,1.0253950820631812,3712.674787248884,3808.517097981771,0,1.3005835454497414,1.0089667791617516,0,2,1,1,0,2461335.8571428573,1.0191685107581823,0
2025-02-25,3442.497802734375,3469.4815591448155,3434.6255046618817,3438.1822449152423,4101954.0,-1.2528632211556645,-0.012607777271827277,3581.447928292411,0.9612028072611724,1.0101484294097343,3681.405936104911,3791.341414388021,0,1.119817224141166,1.00928788812784,1,2,1,0,0,2807047.1428571427,1.461305703553251,0
2025-02-27,3426.373779296875,3450.5121425585785,3415.1343879133137,3425.5674922476032,3823856.0,-0.4683815171847794,-0.004694818606276309,3541.89013671875,0.9673856746079394,1.010359110543489,3649.5510602678573,3774.972509765625,0,1.1421469740720724,0.9987630691876088,3,2,1,0,0,3096197.1428571427,1.235016965512532,0
2025-02-28,3303.737548828125,3414.470731581497,3278.8403664103434,3400.1963006835795,7085018.0,-3.5791842445722977,-0.03644807660844861,3489.0539202008927,0.946886354980121,1.041365345675441,3612.55078125,3754.705428059896,0,1.460083061235185,1.2331473680064204,4,2,1,0,1,3801217.0,1.863881488481189,1
2025-03-03,3313.03271484375,3341.6762855972443,3297.0035319217445,3305.397532195103,4990439.0,0.2813530396481356,0.002809579828130061,3449.6181291852677,0.9604056422402394,1.0135495013101976,3575.702950613839,3736.2182861328124,0,1.5463196686446283,1.240505133311778,0,3,1,1,0,3890326.5714285714,1.2827815116219035,1
2025-03-04,3350.02294921875,3367.996299096229,3285.764501101665,3294.964557324782,2797737.0,1.116506764610814,0.011103198368839419,3416.103515625,0.9806561580748351,1.0250266864734199,3546.4699358258927,3720.290421549479,0,1.739392225771185,1.3394555622528965,1,3,1,0,0,3877350.1428571427,0.7215590279237466,1
2025-03-05,3364.24951171875,3414.8026927498004,3339.3997995005207,3339.3997995005207,2501894.0,0.4246705982511978,0.004237714174714971,3383.7270159040177,0.9942437720023748,1.0225797741440117,3519.1609409877233,3701.0192138671873,0,1.7686378067571333,1.3752266245088676,2,3,1,0,0,3972773.4285714286,0.6297600517580125,1
2025-03-06,3415.988525390625,3423.4338299242468,3353.8641244726305,3373.6869322947687,2786513.0,1.5379065521642143,0.015262006341710724,3373.7004045758927,1.012534640229872,1.0207431496535524,3498.257481166295,3683.825146484375,0,1.7288340578492207,1.5018641624041897,3,3,1,0,0,4012487.285714286,0.6944602690507857,1
2025-03-07,3425.093505859375,3438.1823567291294,3390.189980726236,3414.4707542689284,2051315.0,0.26654013621749684,0.0026618554793672758,3371.2140764508927,1.0159822034989854,1.0141562497310586,3476.3310023716517,3666.716414388021,0,1.6806230305549759,1.4823433998359636,4,3,1,0,1,3719538.8571428573,0.5514971287531342,0
2025-03-10,3404.654296875,3435.4321442725973,3397.9678097594306,3420.636010676855,1004626.0,-0.5967489339899545,-0.005985365958912545,3368.1112932477677,1.0108497019384401,1.0110255118973064,3455.000714983259,3651.683251953125,0,1.6865107451752757,1.4815335285647806,0,3,1,1,0,3316791.714285714,0.30289089172316347,0
2025-03-11,3391.0439453125,3403.8007419067008,3355.3341308822914,3374.6354690920352,1995450.0,-0.39975722571869987,-0.004005583907725361,3380.5836356026784,1.003094231895244,1.0144446451929559,3434.818777901786,3636.9820638020833,0,0.7604521536822457,1.480977570740158,1,3,1,0,0,2589710.5714285714,0.7705301210162813,0
2025-03-12,3325.5048828125,3385.305592458114,3307.15224085139,3381.2746199098347,3174167.0,-1.932710503224111,-0.019516315420222793,3382.3653738839284,0.9831891339976272,1.023631615938734,3415.9917515345983,3618.21513671875,0,1.1611522272019428,1.4506829055342803,2,3,1,0,0,2330243.1428571427,1.3621612876449067,1
2025-03-13,3330.10498046875,3342.672130004524,3304.5439188567675,3321.8059194545594,1693004.0,0.13832779738274237,0.0013823221262180803,3379.519949776786,0.985378109896555,1.0115381160256898,3397.8117327008927,3599.5936360677083,0,1.0678546266521807,1.4580581039530642,3,3,1,0,0,2172424.1428571427,0.7793155887935328,0
2025-03-17,3317.443115234375,3348.505317121511,3298.1420081114443,3309.191523182192,2690906.0,-0.3802242064030237,-0.0038094889618591333,3372.833321707589,0.9835775441031366,1.0152702063422991,3378.2801688058034,3580.159619140625,0,1.0475658266341297,1.4453655887106793,0,3,1,1,0,2199425.8571428573,1.2234583817685927,0
2025-03-18,3317.443115234375,3317.443115234375,3317.443115234375,3317.443115234375,0.0,0.0,0.0,3358.7554059709823,0.9877001193170646,1.0,3366.2279052734375,3561.96650390625,0,0.7394607412577021,1.2794372150322666,1,3,1,0,0,1801352.5714285714,0.0,0
2025-03-19,3316.8740234375,3364.2022912119846,3284.294187734508,3364.2022912119846,3051244.0,-0.017154530676399826,-0.00017156002234308438,3343.295479910714,0.9920971817681159,1.0243303732582485,3357.2547781808034,3543.896695963542,0,0.7027486843199643,1.2544457279101953,2,3,1,0,0,1944199.5714285714,1.5694088430222148,1
2025-03-20,3379.519775390625,3394.505554527131,3331.005929154097,3331.005929154097,2845192.0,1.8886985610686802,0.01871084093653603,3339.704833984375,1.0119216946962195,1.019063197941878,3353.9080636160716,3526.7010498046875,0,1.1221847835285674,1.3762656860450808,3,3,1,0,0,2207137.5714285714,1.289086841178843,1
2025-03-21,3393.699462890625,3429.883275405574,3286.428081377204,3295.9127223046994,4161925.0,0.41957699443735397,0.004186992245897117,3340.0841936383927,1.0160520711886094,1.0436507936507937,3360.333914620536,3510.4823079427083,0,1.1284692389892617,0.9430641087425669,4,3,1,0,1,2516634.0,1.6537664992207846,1
2025-03-24,3441.9287109375,3461.6568103088644,3382.792113898217,3414.470721860925,1834751.0,1.4211408103236955,0.014111372691812712,3356.7161690848216,1.0253856857596366,1.0233134918597662,3369.540771484375,3496.1351969401044,0,0.8372949233278507,0.9985456223366878,0,3,1,1,0,2325288.8571428573,0.789042184743622,1
2025-03-25,3469.24462890625,3518.8018790902024,3450.5124625687754,3457.151711397248,3135390.0,0.7936224211137155,0.007904898015760914,3376.59326171875,1.0274393034653924,1.0197910940076964,3378.0566057477677,3484.385302734375,0,0.8272432163906108,0.9812589526813351,1,3,1,0,0,2531344.0,1.2386265952000202,0
2025-03-26,3448.42578125,3490.8220797184467,3438.988609875757,3459.7598808023267,1734499.0,-0.6000974241707979,-0.006019052448485972,3395.3050711495534,1.0156453423145453,1.015072300528661,3384.0691964285716,3471.7027506510417,0,0.8730985000000583,1.0055154374076773,2,3,1,0,0,2394714.4285714286,0.7243030648271154,1
2025-03-27,3463.0322265625,3474.2241497420814,3424.429782321536,3428.5556939598323,2528474.0,0.4235684987601962,0.004226739724593152,3416.103515625,1.0137374967482256,1.0145409223099293,3387.429460797991,3461.8276529947916,0,0.8421113872491072,0.9312340724604783,3,3,1,0,0,2755925.0,0.9174683636165716,0
2025-03-28,3420.3037109375,3472.279589767322,3406.7880975546004,3462.8424183134416,2051919.0,-1.2338468957135196,-0.01241521984430273,3430.8791852678573,0.9969175614298025,1.0192238232426993,3387.087332589286,3450.9519287109374,0,1.0855501211198553,0.9949675775977107,4,3,1,0,1,2613164.285714286,0.7852238801890428,0
2025-04-01,3367.806396484375,3399.295358516048,3343.335976219048,3388.577667798288,2618493.0,-1.5348728911192433,-0.01546774000057811,3429.2058454241073,0.9820951404764275,1.0167375886524823,3384.455339704241,3439.5909098307293,0,1.09768343908472,1.0668507492864083,1,4,2,0,0,2580778.714285714,1.0146135294380418,0
2025-04-02,3361.30908203125,3380.4207713370747,3348.125524523068,3361.3565515448827,1764313.0,-0.19292422687680055,-0.001931105653633404,3424.5786481584823,0.9815248611208697,1.009645769424552,3382.3314208984375,3427.2324055989584,0,1.0787821405304558,1.0633954400726437,2,4,2,0,0,2238262.714285714,0.7882510791692461,0
2025-04-03,3227.765625,3321.52139726939,3221.126376061997,3311.088291795385,4537821.0,-3.9729597538394,-0.040540364950745936,3393.9839215959823,0.9510256087136029,1.0311676753676866,3375.3500453404017,3411.381982421875,0,1.5899498611137741,1.4201044537420817,3,4,2,0,0,2624415.5714285714,1.7290786754210148,0
2025-04-04,3129.3623046875,3224.445829064787,3125.663387385046,3189.305420015634,5317367.0,-3.048651350343945,-0.03096089362098021,3345.4293038504466,0.9354142683827565,1.0316036723846913,3361.0112827845983,3393.2410237630206,0,1.5699127769589019,1.6045716625895703,4,4,2,0,1,2936126.5714285714,1.8110142293398601,0
2025-04-07,3105.31884765625,3121.7745604042666,2898.5536795332505,2940.238629272013,6623955.0,-0.7683181009509488,-0.007712848703929165,3296.4140276227677,0.9420293754470135,1.077011125392358,3345.859549386161,3377.115543619792,0,1.5559348602599585,1.6069774054860493,0,4,2,1,0,3634620.285714286,1.822461352024904,1
2025-04-08,3123.244873046875,3176.4063332063806,3087.535291604866,3131.875989149625,5557558.0,0.5772684310390463,0.005756086214726783,3247.872977120536,0.9616277776404445,1.0287838140160401,3331.9882463727677,3361.7361979166667,0,1.587954672158648,1.626935523054781,1,4,2,0,0,4067346.5714285714,1.3663841775961625,0
2025-04-09,3079.28369140625,3101.477659095596,3046.5142098890965,3092.5147195117684,2990265.0,-1.4075483488343532,-0.014175482572016966,3199.155831473214,0.9625300715621086,1.0180414222353162,3315.017508370536,3344.682820638021,0,1.5853056323436643,1.6429755715401466,2,4,2,0,0,4201396.0,0.7117312912184426,0
2025-04-11,3064.9619140625,3128.9357749466626,3040.7760781322527,3120.0203045213184,7108961.0,-0.46510093836822364,-0.004661858981952542,3155.892333984375,0.971187096928914,1.0289924988059498,3292.549089704241,3330.6423909505206,0,1.6298782901268563,1.4913146987216328,4,4,2,0,1,4842891.428571428,1.4679166578171718,1
2025-04-15,3080.80078125,3143.5890530173965,3071.695665599668,3143.5890530173965,3512160.0,0.5167720719408964,0.00515441387504076,3115.8197195870534,0.9887609228104844,1.023405114062201,3270.1991838727677,3318.5858235677083,0,1.7310041103131883,1.4970672096934108,1,4,2,0,0,5092583.857142857,0.6896616920846271,1
2025-04-16,3105.081787109375,3109.1602290119804,3062.590549525205,3080.801013758816,2384391.0,0.7881394346285209,0.007850498387182703,3098.29345703125,1.002190990031212,1.0152059763568444,3246.138689313616,3307.8760904947917,0,1.368247877228989,1.4371523568140159,2,4,2,0,0,4784951.0,0.49831043201905306,1
2025-04-17,3128.88818359375,3133.3461501914685,3052.15752913606,3078.240292358944,2932346.0,0.7666914470081387,0.0076376730472241285,3098.2257254464284,1.009896779920031,1.0266004032493008,3221.8275146484375,3302.0477783203123,0,0.8753177304873756,1.4349822712566807,3,4,2,0,0,4444233.714285715,0.6598091343788143,1
2025-04-21,3150.418212890625,3181.148354821814,3114.85081178573,3120.5415959625134,2432946.0,0.6881047846249988,0.006857481482272933,3104.6684919084823,1.0147357829350792,1.0212843397780826,3200.541259765625,3296.627294921875,0,0.8340612789973968,1.4840780820517323,0,4,2,1,0,3845518.1428571427,0.6326705295927612,0
2025-04-22,3143.589599609375,3162.084651201983,3125.189487058646,3151.367191167024,2710498.0,-0.21675259663334057,-0.002169878450736187,3107.574881417411,1.011589332378545,1.011805736674886,3177.7239292689733,3289.7461832682293,0,0.8296411778154102,1.4586565399120281,1,4,2,0,0,3438795.285714286,0.7882115028074408,1
2025-04-23,3237.10791015625,3244.6006837766467,3165.3092254984945,3191.5816342442954,3543923.0,2.9748892972064622,0.029314979288138594,3130.1211983816966,1.0341797345833978,1.0250501460139854,3164.638514927455,3285.5081298828127,0,1.1117264482038585,1.7417150551317255,2,4,2,0,0,3517889.285714286,1.0074003790828308,0
2025-04-24,3226.295654296875,3236.633820616935,3213.1118640484187,3225.8214222352462,2252175.0,-0.3340097444837098,-0.0033456880224948813,3153.168875558036,1.0231915199042099,1.0073206155165975,3154.530604771205,3279.1850341796876,0,1.089277604059646,1.7096459857146395,3,4,2,0,0,2824062.714285714,0.7974946833181923,1
2025-04-25,3270.304443359375,3298.568721809185,3229.520484233953,3243.7474467195657,2742991.0,1.364065596526709,0.013548459683359822,3180.2408272879466,1.0283197471394747,1.021380337394457,3148.0302734375,3274.025398763021,0,1.1071957814126827,1.7663209149401335,4,4,2,0,1,2714181.4285714286,1.0106144604503224,0
2025-04-28,3266.036376953125,3279.59946092724,3229.5205063236217,3257.9744314894683,1593296.0,-0.1305097577357528,-0.0013059499589088528,3203.2343401227677,1.019605820293482,1.0155066222696405,3150.763898577009,3269.4048014322916,0,1.1700143866333121,1.3903354627198308,0,4,2,1,0,2601167.8571428573,0.6125310197205376,1
2025-04-29,3293.541259765625,3314.881699893696,3253.610832502552,3276.943139666014,1578332.0,0.8421486976259329,0.008386224093766197,3226.7562081473216,1.0206972722171188,1.0188316521383156,3162.490966796875,3266.1547119140623,0,1.1707523373370172,1.0647382081953203,1,4,2,0,0,2407737.285714286,0.6555250065547611,0
2025-04-30,3275.710693359375,3329.014333983257,3192.530431054501,3293.067634171488,2809332.0,-0.5413797793903719,-0.005428505504244685,3244.6551339285716,1.0095712974565658,1.0427510107973113,3174.6618129185267,3264.494905598958,0,1.2682039552888411,1.0476468025772674,2,4,2,0,0,2461506.714285714,1.1413058447883286,0
2025-05-02,3254.18017578125,3311.562251162995,3243.747071166388,3293.067202073011,1721761.0,-0.6572777511082539,-0.006594473333317597,3260.453787667411,0.9980758470155625,1.0209064327485378,3184.014334542411,3261.964078776042,0,1.323227409131174,1.0818297116014204,4,5,2,0,1,2320258.5714285714,0.7420556575898869,1
2025-05-05,3276.280029296875,3323.892887233721,3268.787022960017,3272.2015868044905,1284443.0,0.6791220006839183,0.006768263548546149,3266.0498046875,1.0031322928985016,1.0168581996583563,3198.0855015345983,3260.591975911458,1,0.782242033270812,0.9661632296844561,0,5,2,1,0,1997475.7142857143,0.643033099633609,1
2025-05-06,3281.685791015625,3294.01582433447,3259.871116682284,3281.685791015625,1324763.0,0.16499693769798096,0.0016486096729485327,3273.9626813616073,1.002358948590949,1.0104742508001163,3213.5657784598216,3259.4000651041665,1,0.7502507605603518,0.9345029667814962,1,5,2,0,0,1864988.2857142857,0.7103331480136451,0
2025-05-07,3267.553955078125,3281.2117462953,3244.316583265945,3244.316583265945,1477128.0,-0.43062733111710605,-0.0043155720108496,3273.569754464286,0.9981623121432018,1.0113722449959597,3226.905290876116,3257.756062825521,1,0.5950422388684498,0.9664233008483573,2,5,2,0,0,1684150.7142857143,0.8770758979409291,1
2025-05-08,3271.15771484375,3297.809648457028,3251.9987864937443,3270.304189784248,2543591.0,0.11028921986198092,0.0011022844598247937,3274.3013741629466,0.9990398992151417,1.0140869861801751,3238.7678571428573,3254.143994140625,1,0.5939076382592137,0.9638365080675992,3,5,2,0,0,1819907.142857143,1.397648781138755,0
2025-05-09,3263.0009765625,3268.5968219353003,3222.975839240067,3223.829364277068,2531757.0,-0.2493532563176859,-0.002496646593199286,3269.9384765625,0.9978784004501231,1.014154925438718,3248.347342354911,3249.7873779296874,1,0.47456800158036055,0.9704766736355531,4,5,2,0,1,1956110.7142857143,1.2942810350714153,1
2025-05-12,3433.8193359375,3443.3989159735165,3321.7109255991563,3324.3666713915923,2228678.0,5.235007914553358,0.051025833811416135,3292.5254255022323,1.0429135366247673,1.0366341301515907,3268.5902797154017,3249.5170654296876,1,2.0502920700234077,1.6391668571905136,0,5,2,1,0,1873160.142857143,1.1897957622569224,0
2025-05-13,3333.8515625,3436.285693012091,3329.5834737286627,3433.819593542976,3062887.0,-2.9112706190236093,-0.029544889714267233,3303.907052176339,1.009063363421176,1.0320467169918817,3282.180419921875,3245.0039632161456,1,2.438054699139592,1.8857904847347398,1,5,2,0,0,2064749.5714285714,1.4834181551038323,1
2025-05-14,3365.814697265625,3377.4808526725133,3327.7814236222675,3339.5422865093847,2119499.0,0.9587449880838816,0.009541781943910572,3316.6977190290177,1.0148090005172334,1.0149347035527796,3291.373761858259,3242.2502604166666,1,2.44621838683591,1.7490902087031863,2,5,2,0,0,2184043.285714286,0.9704473413432477,1
2025-05-15,3395.40625,3414.470469410984,3332.9975027782,3380.3257647168743,3548330.0,0.8791794972674793,0.008753372182556703,3332.9434988839284,1.0187410171030467,1.024444352738,3303.4530901227677,3239.996061197917,1,2.449134367533209,1.7456937269822275,3,5,2,0,0,2501695.714285714,1.4183699399321719,0
2025-05-16,3377.765380859375,3408.685172821976,3363.3487722739774,3408.685172821976,1666727.0,-0.5195510593356878,-0.005209054189484667,3348.68798828125,1.0086832194220188,1.0134795418547529,3311.1288713727677,3238.578116861979,1,2.4550688745870777,1.7365380309369542,4,5,2,0,1,2528781.285714286,0.6591028688071029,0
2025-05-19,3337.45556640625,3367.0476004136544,3323.133665679634,3367.0476004136544,2537377.0,-1.19338704462858,-0.012005650727491286,3358.159109933036,0.993834853308306,1.0132146158270885,3316.230242047991,3237.5664225260416,1,2.537656501537353,1.7769792794262411,0,5,2,1,0,2527893.5714285714,1.0037515141771056,0
2025-05-20,3318.011962890625,3374.635222590325,3313.93352100354,3349.785509814958,2038374.0,-0.5825876368613869,-0.005842912987392692,3366.017822265625,0.9857380852063677,1.018317115054379,3317.9781494140625,3236.123185221354,1,2.5530691498091667,1.7762625901779576,1,5,2,0,0,2457410.285714286,0.8294805356068222,1
2025-05-21,3344.094970703125,3354.7177229486574,3318.012206388427,3327.212262398612,1440153.0,0.786103489204315,0.007830297935034217,3353.2000558035716,0.9972846579539184,1.0110625019671593,3322.8627406529017,3240.000830078125,1,1.4063049736619728,1.7767036268219032,2,5,2,0,0,2344763.8571428573,0.6141995901262551,0
2025-05-22,3297.809326171875,3317.537423672657,3273.433847697106,3314.881678162411,2034383.0,-1.3841007787382953,-0.01393768767030192,3348.0511648995534,0.9849937064121344,1.0134731838270012,3325.9791085379466,3245.615730794271,1,1.008313150516557,1.8127413846209846,3,5,2,0,0,2197834.714285714,0.9256305702957126,1
2025-05-23,3333.471923828125,3352.820498295267,3286.9971842477944,3297.809582057325,1274331.0,1.0814026564006207,0.010755973131314383,3343.4307686941966,0.9970213694988632,1.0200253636854075,3330.0642438616073,3253.2208333333333,1,1.0316052571885046,1.8255962941066513,4,5,2,0,1,2077096.4285714286,0.6135155703273972,1
2025-05-26,3355.002197265625,3362.3053247198645,3329.204019365113,3339.542185709067,967470.0,0.6458813492202786,0.006438044736052936,3337.658761160714,1.0051962879808838,1.009942708576047,3335.3011300223216,3260.946077473958,1,0.99661932358779,1.8306417118924154,0,5,2,1,0,1708402.142857143,0.5663010925413596,0
2025-05-27,3318.391357421875,3357.5629717372003,3303.5954561426133,3349.9752588067204,2467680.0,-1.091231471430576,-0.010972290737775722,3329.1767578125,0.9967603401155211,1.0163359940135046,3338.932373046875,3268.9163330078127,1,1.052233706149808,1.855746462472722,1,5,2,0,0,1822824.0,1.3537675606641124,0
2025-05-28,3317.443115234375,3347.1300903725864,3312.985379901231,3338.593912754748,1222933.0,-0.028575357315197003,-0.0002857944084836678,3326.3178362165177,0.9973319684350317,1.0103063269395933,3342.2384730747767,3277.332373046875,1,0.9664692898416912,1.8562084146019988,2,5,2,0,0,1635046.2857142857,0.7479500798754146,1
2025-05-29,3317.822265625,3350.449337105284,3306.819989757275,3324.0819895702,3188072.0,0.011428994483253518,0.00011428341423437334,3326.2907366071427,0.9974540797384475,1.0131937473110568,3346.154279436384,3285.233089192708,1,0.9409178964100436,1.8535648802305722,3,5,2,0,0,1799288.857142857,1.771851132931725,0
2025-05-30,3284.910400390625,3325.97894134562,3275.1414056184462,3310.139637529337,3404365.0,-0.9919719201165633,-0.009969247425262595,3317.8357979910716,0.9900762425854882,1.0155222414641283,3335.5179268973216,3291.2273763020835,1,0.9342537463113645,1.1486389765283724,4,5,2,0,1,2079890.5714285714,1.6368000541786745,0
2025-06-02,3272.011474609375,3281.6857620470387,3242.41944121709,3272.201121116267,1877585.0,-0.39267207348231414,-0.003934450544525878,3314.150390625,0.9872851527393486,1.012110191646029,3331.1007777622767,3295.998152669271,1,0.7992457331005073,0.8743760976785225,0,6,2,1,0,2057490.857142857,0.9125605557282116,0
2025-06-03,3229.7099609375,3294.490106360913,3225.252225904789,3268.407343175387,2848125.0,-1.292829013593999,-0.013012587816974971,3299.3272530691966,0.9788995492741936,1.0214674312601089,3321.3790108816966,3298.6412109375,1,0.7082861479692778,0.8657233015154902,1,6,2,0,0,2282318.5714285714,1.2479086117313034,1
2025-06-04,3235.164306640625,3248.465279476926,3224.7342507303856,3242.9152450223373,2544807.0,0.16888035672224522,0.0016873791419689263,3282.2075544084823,0.9856671928913602,1.0073590649341617,3309.9331577845983,3301.693701171875,0,0.6001298898902221,0.8109558374841006,2,6,2,0,0,2507652.4285714286,1.0148164757624476,0
2025-06-05,3225.786865234375,3262.053070221624,3218.7057063727016,3262.053070221624,3584683.0,-0.28985981908249414,-0.0029028072621329008,3268.978341238839,0.9867874695100929,1.0134673274922585,3299.07754952567,3301.3163330078123,0,0.5462873392471755,0.8094019829732719,3,6,2,0,0,2667224.285714286,1.3439750902088152,1
2025-06-06,3238.322021484375,3244.7331673196672,3213.9212139850256,3225.7868448606714,2070390.0,0.38859220319533705,0.0038783913397514723,3257.6753278459823,0.9940591666099506,1.0095870282073396,3291.99658203125,3301.7172119140623,0,0.6125763248714385,0.7890530835262881,4,6,2,0,1,2788289.5714285714,0.7425304822049893,1
2025-06-09,3274.39697265625,3285.975488762853,3244.7332451805223,3253.4410779830223,1718678.0,1.1140013541747429,0.011078420599555196,3251.4717145647323,1.00705073274629,1.0127105190060195,3288.8812255859375,3301.8536295572917,0,0.8240404328852122,0.8553030557944428,0,6,2,1,0,2578376.1428571427,0.6665738064483887,1
2025-06-10,3313.629638671875,3335.5426613582063,3275.640976404185,3291.7168496023487,2419874.0,1.1981646191114859,0.011910434526023706,3255.574462890625,1.0178325442845817,1.0182870117285496,3286.7051304408483,3303.4400716145833,0,0.8804820063415478,0.8940239956942888,1,6,2,0,0,2437734.5714285714,0.9926732911622512,1
2025-06-11,3322.24169921875,3338.604687522634,3300.424692969312,3320.423693236899,2847013.0,0.25989810226125787,0.0025956095118328712,3262.7502092633927,1.018233541074169,1.0115682065507066,3288.4502999441966,3304.3967529296874,0,0.8502229914744787,0.8110791005937309,2,6,2,0,0,2576224.285714286,1.10511069078391,0
2025-06-12,3286.16650390625,3324.920724772973,3275.64066613998,3322.241373890929,4060134.0,-1.0858690781282765,-0.010918076657216698,3270.8154296875,1.0046933477442404,1.0150444031124648,3285.0713413783483,3304.7452799479165,0,0.7902946074706256,0.8070866806595617,3,6,2,0,0,2749368.4285714286,1.4767515178420976,1
2025-06-13,3297.1708984375,3301.76403815699,3246.933943792306,3246.933943792306,2178493.0,0.3348702665604275,0.0033431082467175357,3279.673514229911,1.0053350994029349,1.0168867292386752,3280.9405343191966,3306.1783040364585,0,0.7899260817437118,0.7890858729254547,4,6,2,0,1,2697037.8571428573,0.807735417665889,1
2025-06-16,3345.58984375,3357.742355566309,3278.511454741814,3291.7166438153617,1934088.0,1.4684997169981395,0.014578216710181372,3296.7882254464284,1.0148027762071261,1.024166729907227,3282.883283342634,3308.488631184896,0,0.8573406652032663,0.8418312996739412,0,6,2,1,0,2461238.5714285714,0.785818986607788,1
2025-06-17,3363.77099609375,3368.2683531373627,3337.743514633776,3358.6994089523137,2111940.0,0.5434363802160336,0.005419650926536239,3314.7095075334823,1.014801142739285,1.0091453517532896,3286.1924176897323,3311.2248046875,1,0.8552159558813048,0.8509492301566801,1,6,2,0,0,2467174.285714286,0.8560157311256023,0
2025-06-18,3302.62548828125,3385.492643029953,3294.6834510545355,3367.4074309500347,2696327.0,-1.8177666637683276,-0.01834491025255445,3318.7421526227677,0.9951437431411233,1.027562341974417,3285.10693359375,3312.3938557942706,1,1.185640034043333,0.9943498292931368,2,6,2,0,0,2606838.4285714286,1.0343283919892234,0
2025-06-19,3276.40625,3302.242397415304,3265.880412164136,3301.2855030665887,2672768.0,-0.7938907506855997,-0.00797058841901294,3313.4245256696427,0.9888277896831945,1.0111338997949018,3284.499494280134,3312.568806966146,1,1.1236224743661192,0.9808994723380122,3,6,2,0,0,2642966.1428571427,1.0112759133231424,1
2025-06-20,3287.60205078125,3297.745224890876,3263.871022884297,3277.3633274014865,2351248.0,0.34170978587437784,0.003411272845843268,3308.476004464286,0.9936907646738651,1.010378535723095,3285.613106863839,3313.3888427734373,0,1.129079631789312,0.9787276071398135,4,6,2,0,1,2572142.5714285714,0.9141204014574176,0
2025-06-23,3247.31689453125,3277.3632849229502,3224.734093486232,3267.7943410253647,3123421.0,-1.225365954508606,-0.012329354627984705,3302.9260602678573,0.9831636661790432,1.016320474777448,3286.8707449776784,3307.1720947265626,0,1.1495172665853388,0.9718106336192696,0,6,2,1,0,2438326.4285714286,1.2809691776297385,0
2025-06-24,3244.254638671875,3293.726265410323,3236.2168192617623,3286.549557502439,3403048.0,-0.09430110946462289,-0.0009434560093368597,3295.3665945870534,0.9844897511557182,1.0177705788457274,3287.5200544084823,3304.1855305989584,0,1.1297456419249616,0.9717386937884264,1,6,2,0,0,2613262.8571428573,1.3022218529216896,1
2025-06-25,3296.309814453125,3301.2856185170967,3253.440899408153,3260.4262751214173,1757699.0,1.6045342175286192,0.015917976285766678,3288.326590401786,1.002427746706985,1.0147058823529411,3292.5574079241073,3301.868701171875,0,1.1643786566816803,1.0530971110720893,2,6,2,0,0,2588064.4285714286,0.6791558125816144,0
2025-06-26,3293.439208984375,3302.625255099875,3268.081507258558,3296.3098921986184,2879106.0,-0.08708542674488173,-0.0008712336813185024,3278.2791922433034,1.004624382443369,1.0105700386494627,3296.4943498883927,3298.4697998046877,0,1.1202992067896638,1.0528194237261943,3,6,2,0,0,2697659.5714285714,1.067260684221672,0
2025-06-27,3292.76953125,3316.978773543857,3283.1048040170426,3306.0702704397795,1778433.0,-0.020333690464002796,-0.0002033575803912319,3276.8711983816966,1.0048516807362324,1.0103176631721802,3297.8066755022323,3295.6366048177083,0,0.8971424368343837,1.0138433875225576,4,6,2,0,1,2566531.8571428573,0.692932369045209,1
2025-06-30,3312.768310546875,3315.543210774505,3282.1476906920225,3291.620851512901,1468351.0,0.607354359516421,0.006055173970881686,3282.0657784598216,1.0093546364270192,1.0101748986424925,3297.7451520647323,3294.8136962890626,0,0.8560857381833643,0.9736388991960397,0,6,2,1,0,2394472.285714286,0.6132253059516961,0
2025-07-01,3281.860595703125,3334.776901436363,3266.35895353028,3306.0700701470973,2375183.0,-0.932987518183781,-0.009373671087031889,3281.2455705915177,1.0001874364775132,1.0209462428592353,3294.8607875279017,3293.608650716146,0,0.9424391986385064,1.001191780315549,1,7,3,0,0,2397891.5714285714,0.9905297755331604,0
2025-07-02,3275.736328125,3339.4653488059707,3272.578530188305,3336.8817809002294,3090585.0,-0.18660961974263923,-0.0018678395240831838,3285.305489676339,0.9970872840953728,1.0204385679367691,3294.1157749720983,3291.330029296875,0,0.7908103250930654,0.959872352527795,2,7,3,0,0,2393200.714285714,1.2914023389477511,0
2025-07-03,3254.20654296875,3287.2193999790024,3251.144527592608,3282.147812903343,2531870.0,-0.6572502484830212,-0.006594196487457093,3286.7271902901784,0.990105461926532,1.0110960531222852,3291.046892438616,3289.876603190104,0,0.843933222676109,0.9683685289206834,3,7,3,0,0,2268746.714285714,1.1159773737885619,1
2025-07-04,3272.3876953125,3279.27728864699,3243.967976797223,3261.096294049881,1109320.0,0.558696938982961,0.005571420164826692,3283.309744698661,0.9966734635975799,1.010884605551695,3285.8181675502233,3287.8404622395833,0,0.5704669471065732,0.8825070607820671,4,7,3,0,1,2176121.1428571427,0.5097694140977446,0
2025-07-07,3264.63671875,3278.416138875185,3261.4789203702617,3270.952315509477,1639174.0,-0.23685997150040272,-0.0023714092846830784,3279.1951032366073,0.995560378681879,1.0051931099107028,3278.737147739955,3284.8282796223957,0,0.5725927847860053,0.8593902650617327,0,7,3,1,0,1998988.0,0.8200019209720119,0
2025-07-08,3259.37353515625,3277.363195918518,3247.125240576613,3258.225308643081,2325242.0,-0.16121804804564155,-0.001613481441851591,3274.424246651786,0.9954035548353498,1.0093122233057248,3275.647722516741,3282.861018880208,0,0.5708149713445181,0.7244447782404896,1,7,3,0,0,2077103.5714285714,1.1194636762387185,0
2025-07-09,3237.939453125,3266.837618492581,3221.863579808002,3263.010040732191,2034938.0,-0.6576135505813485,-0.006597853551143632,3263.7344098772323,0.9920964902431498,1.013959013959014,3272.9000941685267,3280.210896809896,0,0.4873971689973362,0.7151395282437241,2,7,3,0,0,2158044.5714285714,0.9429545742203657,0
2025-07-10,3236.217041015625,3252.484246721499,3211.3377852301705,3234.303252109052,3035012.0,-0.05319469787221642,-0.0005320885127108608,3257.2139020647323,0.9935537358980945,1.012812872467223,3269.229736328125,3277.49072265625,0,0.41204727359925625,0.704857727025674,3,7,3,0,0,2252305.8571428573,1.3475132564144896,0
2025-07-11,3125.21728515625,3191.243002448284,3120.528595780786,3157.655913683438,7635550.0,-3.4299231001064134,-0.03490125569712894,3235.711181640625,0.9658517431619622,1.0226610346603169,3260.5083356584823,3272.167618815104,0,1.2880029757850142,1.1055355087184058,4,7,3,0,1,2901586.5714285714,2.631508594362119,0
2025-07-14,3083.78369140625,3130.9586344245786,3062.062234156067,3125.217267735536,3924009.0,-1.3257828166635344,-0.013346497753279405,3211.365059988839,0.9602719198224594,1.0225,3249.046125139509,3265.893359375,0,1.3121105636821337,1.1391642885826907,0,7,3,1,0,3100463.5714285714,1.2656200950595176,1
2025-07-15,3112.107666015625,3118.901476002968,3067.8034091107847,3067.8034091107847,2590889.0,0.9184812374586127,0.009142888498503617,3188.4679129464284,0.9760511163933151,1.0166562390342329,3235.888828822545,3261.973282877604,0,1.3776913311889707,1.060391389270462,1,7,3,0,0,3312116.285714286,0.782245783813491,0
2025-07-16,3104.234375,3115.563860083304,3092.2326031663256,3098.3774165813243,2540733.0,-0.2529890306046223,-0.0025330958861786348,3165.553292410714,0.9806293207706457,1.007545117043617,3222.374197823661,3257.608951822917,0,1.3767879822234592,1.0574932191574158,2,7,3,0,0,3440910.4285714286,0.7383897525791866,0
2025-07-17,3081.287109375,3112.779808234124,3076.390526695053,3095.593363266516,2947640.0,-0.739224647784531,-0.007419704533338026,3140.112374441964,0.981266509585531,1.0118285637741071,3207.268310546875,3252.7922932942706,0,1.355637456681129,1.0542282186698895,3,7,3,0,0,3529824.4285714286,0.835067029436632,0
2025-07-18,3062.75634765625,3100.1060057073505,3059.972030096825,3096.4574198500977,3432645.0,-0.6013967884514582,-0.0060321246219968575,3115.0862165178573,0.9832011491097337,1.0131157981889316,3189.410313197545,3246.9401041666665,0,1.3567286383395012,1.0078806731817465,4,7,3,0,1,3729496.8571428573,0.9204043149750035,0
2025-07-21,3032.31982421875,3070.1495522628406,3026.3669918654064,3062.8523807267275,3844346.0,-0.993762480021998,-0.009987332585945934,3085.9580426897323,0.9826186170618733,1.014467036058455,3171.5859723772323,3238.8708658854166,0,1.3183882397280502,1.0097670823475389,0,7,3,1,0,3845116.0,0.9997997459634508,1
2025-07-22,3033.6640625,3053.3469689942053,3028.8633535989743,3033.6640625,3198036.0,0.04433035956543652,0.00044320536564481055,3072.8790108816966,0.9872383688902725,1.0080834334656066,3154.295096261161,3229.538680013021,0,0.7438040903390083,1.0181606758425081,1,7,3,0,0,3211185.4285714286,0.9959051170155321,1
2025-07-23,3052.38671875,3055.171036049811,3031.743671209123,3033.6639547012974,1922875.0,0.6171631355441187,0.006152664834893398,3068.393729073661,0.9947832606448153,1.007727356723184,3139.87939453125,3220.5435139973956,0,0.7119437075269199,1.0630427677575898,2,7,3,0,0,2925309.1428571427,0.6573236899406578,0
2025-07-24,3022.526611328125,3047.2022105424912,3014.845476356516,3038.945131093794,2934778.0,-0.9782544013329786,-0.009830707461794354,3055.596435546875,0.9891772932334792,1.0107324685260748,3122.0321742466517,3211.755517578125,0,0.5908580594503384,1.0295896683225034,3,7,3,0,0,2974436.1428571427,0.9866670047859731,0
2025-07-25,3010.8125,3031.0713499661365,3001.0191011832776,3014.845048405756,2568917.0,-0.38756023798837136,-0.0038831319875937496,3042.2504534040177,0.9896662178589402,1.0100140144962788,3103.901872907366,3202.210237630208,0,0.5868888464747342,1.0267269414584563,4,7,3,0,1,2978462.4285714286,0.8624977019542729,0
2025-07-28,2956.564697265625,2993.72213811463,2947.539223682625,2986.041003699968,3374473.0,-1.801766225375212,-0.01818195679120547,3024.4329659598216,0.9775600023349639,1.0156682951191756,3082.2726702008927,3189.2427327473956,0,0.7834490498565547,1.0690463256266547,0,7,3,1,0,3039438.5714285714,1.1102290507598442,0
2025-07-29,2934.193603515625,2951.476157463034,2919.983456721383,2938.034171059493,4785312.0,-0.756658353212758,-0.007595355353448103,3006.0668596540177,0.9760905996127229,1.0107852325906708,3060.5765380859375,3174.923486328125,0,0.7861542870214036,1.0691526554295747,1,7,3,0,0,3232676.714285714,1.4802940172931438,0
2025-07-30,2931.888916015625,2946.675005072937,2925.7438682234083,2938.0337293982366,2880121.0,-0.07854585659373692,-0.0007857672001402731,2991.7195870535716,0.9800012436670672,1.0071541248285136,3038.8388148716517,3162.5656005859373,0,0.7874233356858809,1.068001505426376,2,7,3,0,0,3094930.285714286,0.9305931746812482,0
2025-07-31,2915.758544921875,2937.841805411508,2894.827407662822,2920.463145784084,2968371.0,-0.5501699264810811,-0.0055168893520242375,2974.8759416852677,0.9801277774528296,1.0148590543376865,3023.8774762834823,3150.544010416667,0,0.7530938660193318,0.7228008648367105,3,7,3,0,0,3062121.0,0.9693839662116552,0
2025-08-01,2883.3056640625,2915.758501968501,2880.4252388236764,2909.133383273443,2053847.0,-1.1130167453644368,-0.0111925712425444,2950.721505301339,0.9771527603951379,1.0122666829427083,3009.5576171875,3137.0674641927085,0,0.560886817762349,0.7059588134166628,4,8,3,0,1,3080831.285714286,0.6666535131357636,1
2025-08-04,2951.85986328125,2956.660572292837,2872.360309577052,2889.162791117609,2519252.0,2.3776251013969407,0.023497997872478586,2940.6262555803573,1.0038201412639824,1.029348777183249,2998.111345563616,3127.218896484375,0,1.3170357656686182,0.9816542094154167,0,8,3,1,0,3021470.4285714286,0.8337834374209379,0
2025-08-05,2941.778564453125,2954.8365875722943,2920.751551387464,2951.86005402892,1927996.0,-0.3415236256140819,-0.0034210814878428432,2930.7642647879466,1.0037581663586905,1.0116699539776461,2986.5073590959823,3117.1363606770833,0,1.3168154329963762,0.9811104931682532,1,8,3,0,0,2929910.285714286,0.6580392612704085,0
2025-08-06,2911.437744140625,2944.5626330221426,2905.3888045064286,2940.9140476547227,1487081.0,-1.0313767555152564,-0.010367323013019517,2924.317557198661,0.9955956175052432,1.0134831622036105,2974.375261579241,3104.3072916666665,0,1.199649411270177,0.9924090190857813,2,8,3,0,0,2660282.8571428573,0.5589935656680975,1
2025-08-07,2925.552001953125,2929.9687479023937,2890.890789951502,2895.7876067904904,2543076.0,0.48478652311578774,0.004836152172806564,2923.0830426897323,1.0008446421902268,1.0135176181980736,2964.574951171875,3092.044384765625,0,1.1977110273344915,1.0175615547756516,3,8,3,0,0,2339963.4285714286,1.0868016008064594,0
2025-08-08,2915.37451171875,2937.841970823321,2904.428988797544,2926.6083584758467,2762140.0,-0.3478827321332978,-0.003484892511684233,2920.7238420758927,0.9981684915636048,1.0115041483729337,2956.2217145647323,3079.46455078125,0,1.2036161276771833,0.9992414406279546,4,8,3,0,1,2323109.0,1.1889842448201957,1
2025-08-11,2919.59912109375,2928.3362704951187,2900.8763567070323,2915.3743566889298,1884215.0,0.14490794777888283,0.001448030575295471,2921.2724958147323,0.999427176094192,1.0094660752170967,2948.07421875,3066.3589111328124,0,1.1863825394763658,1.0020785248645265,0,8,3,1,0,2168229.5714285714,0.8690108394557852,0
2025-08-12,2914.4140625,2972.982707005533,2906.2528579377536,2919.7909498577897,3358232.0,-0.1775948813071193,-0.0017775276797657202,2925.716552734375,0.9961368471515767,1.0229607857022909,2938.2190290178573,3054.110693359375,0,1.0852324920098952,0.9700306770077315,1,8,3,0,0,2354570.285714286,1.426261097566362,1
2025-08-13,2915.182373046875,2923.0554886191444,2907.8854362960733,2915.0864995163706,2148166.0,0.026362436167226555,0.0002635896188761295,2920.4769112723216,0.9981870980712051,1.0052168672581523,2930.551583426339,3042.0922281901044,0,0.47769756115132694,0.955071774968534,2,8,3,0,0,2301558.0,0.9333529722040461,0
2025-08-14,2901.836669921875,2934.0972944331475,2898.764262979319,2913.070282335708,3342174.0,-0.4577999389812293,-0.004588510521256221,2914.770926339286,0.9955625135750702,1.0121889978792251,2922.767595563616,3030.3465657552083,0,0.48629698658549714,0.9560128300470903,3,8,3,0,0,2503583.4285714286,1.33495611205059,0
2025-08-18,2891.17919921875,2927.472609378642,2883.6900456286708,2925.072254664491,2945609.0,-0.3672663873053872,-0.0036794246614945997,2911.8768484933034,0.9928919901659773,1.015182825843693,2918.0972028459823,3017.639615885417,0,0.3378454371850626,0.8487733237447889,0,8,3,1,0,2711944.5714285714,1.086161211048772,1
2025-08-19,2895.979736328125,2904.429031301108,2891.083153648401,2891.1790271854784,2650784.0,0.16604080129907217,0.0016590310595981708,2907.6522391183034,0.9959855918692264,1.004616220614708,2915.3676409040177,3005.3510498046876,0,0.25807867491000336,0.8342691355665145,1,8,3,0,0,2727331.4285714286,0.9719332136279734,1
2025-08-20,2975.095458984375,2979.7039520714934,2890.890836056874,2890.890836056874,4952358.0,2.7319156161141667,0.026952648161662277,2916.1838030133927,1.0202016264921665,1.030721712112713,2918.4538225446427,2995.8751139322917,0,1.1014030481920298,1.124863710882727,2,8,3,0,0,3040219.714285714,1.6289474003241684,1
2025-08-21,2978.936279296875,3005.2440729447403,2960.213512708241,3005.2440729447403,3230726.0,0.12909906137301697,0.0012901580018668268,2924.6605398995534,1.0185579620803396,1.015211929829785,2922.9665178571427,2987.2416748046876,0,1.1017787824865983,1.1087149774775342,3,8,3,0,0,3232578.4285714286,0.9994269501537671,0
2025-08-22,2932.27294921875,2972.310813922428,2928.43238216018,2962.997485687316,1593791.0,-1.5664427064931763,-0.01578841066163689,2927.2118094308034,1.0017289967783134,1.0149835905481557,2926.464181082589,2977.110205078125,0,1.3066441182433375,1.1544084279262357,4,8,3,0,1,2980515.4285714286,0.5347367051758257,1
2025-08-25,3015.421142578125,3026.3666642879166,2954.4521441065885,2964.2455426484435,3448370.0,2.8356225630880694,0.0279616299949874,2941.5316336495534,1.025119399731526,1.0243410678777722,2931.0042724609375,2973.450333658854,0,1.6645957842489412,1.2272976031517873,0,8,3,1,0,3166258.8571428573,1.0890992036929388,1
2025-08-26,3031.35986328125,3035.9685911364395,2995.6426326203955,3004.283909445262,5522097.0,0.5285736203831881,0.00527181573197216,2960.0349469866073,1.0240959710179278,1.0134615384615386,2937.4029366629466,2971.702872721354,0,1.611306160525291,1.222009778382194,1,8,3,0,0,3477676.4285714286,1.5878696921405036,0
2025-08-28,2970.390625,3021.086158669707,2963.4776509563167,3019.645945976872,3116051.0,-2.0112834183683703,-0.02031785086840991,2971.3508649553573,0.9996768338715287,1.019439494573141,2941.61385672433,2966.978971354167,1,1.8795345886182677,1.3231590905646786,3,8,3,0,0,3502025.285714286,0.8897854086637295,0
2025-08-29,2961.749267578125,2990.841610057071,2954.548204311535,2969.7184911417403,2271789.0,-0.2909165329686214,-0.00291340517608329,2980.746512276786,0.9936266822353337,1.0122839105121297,2944.199375697545,2962.2294677734376,1,1.8969478226370686,1.324363568095965,4,8,3,0,1,3447883.1428571427,0.6588938504793542,1
2025-09-01,2988.537353515625,3006.2999761800884,2966.8380558481663,2966.8380558481663,1246862.0,0.9044683907157625,0.009004025730010898,2982.6667829241073,1.0019682287760494,1.013301002477751,2949.42529296875,2959.1378092447917,1,1.6175349366690346,1.3343360768396269,0,9,3,1,0,2918526.5714285714,0.4272231105265152,0
2025-09-02,2987.481201171875,3029.247369338668,2979.416103841445,2996.698656186325,2185229.0,-0.03534010851521385,-0.0003534635460318938,2983.8874860491073,1.0012043735360565,1.0167251782767013,2954.27401297433,2956.6286376953126,1,1.6178223317159146,1.335625871933953,1,9,3,0,0,2769169.8571428573,0.7891278299030204,0
2025-09-03,2974.039306640625,3016.669509959856,2964.917959291768,3005.147808045509,1799774.0,-0.449940723509068,-0.004509560033654186,2989.8541085379466,0.994710510505459,1.0174546315880018,2958.532958984375,2954.6859537760415,1,1.4808996363724256,1.3430802478515778,2,9,3,0,0,2798596.0,0.6430988967325044,0
2025-09-04,2972.310791015625,2993.721999084069,2967.6061901689773,2991.8017155695825,1481391.0,-0.05812013382406889,-0.0005813703012093161,2983.695486886161,0.9961843640141652,1.0088002946622796,2962.6135602678573,2952.6408447265626,1,0.9264064976462146,1.3438829274920459,3,9,3,0,0,2517599.0,0.5884141994018904,0
2025-09-05,2926.80029296875,2979.703965451406,2907.885546409113,2973.655259644998,2802055.0,-1.5311487003458413,-0.015429918281807769,2968.7584054129466,0.9858667810867687,1.024697814922936,2964.3966761997767,2948.454630533854,1,0.9812454135885157,1.410032176028827,4,9,3,0,1,2129021.5714285714,1.3161233486797523,0
2025-09-08,2898.668212890625,2942.7386295513115,2895.7877873726816,2928.432609909376,2626187.0,-0.9611889183457012,-0.009658381549805188,2958.5123465401784,0.9797722210895831,1.0162134954720656,2964.9316057477677,2944.3260172526043,1,0.7681067944688953,1.4329603216541487,0,9,3,1,0,2059041.0,1.2754418197597814,1
2025-09-09,2927.856201171875,2938.0337976334035,2909.997705008497,2911.245936183532,2489301.0,1.0069447807599552,0.01001908869483762,2953.670479910714,0.9912602712745331,1.0096344036892717,2967.20849609375,2941.5608072916666,1,0.924372585739408,1.4566222042747048,1,9,3,0,0,2090114.142857143,1.1909880656551977,1
2025-09-10,2986.041015625,2998.2347696750494,2931.696895660388,2934.5773210773896,2079428.0,1.9872838847015961,0.019677951727460802,2953.3138602120534,1.011081502665144,1.0226960277214039,2967.99032156808,2942.543351236979,1,1.185914758303544,1.3632578924190255,2,9,3,0,0,2209052.1428571427,0.941321374746053,1
2025-09-11,2999.675048828125,3013.885194748687,2986.137189714118,3013.885194748687,2263446.0,0.45659229500809584,0.004555530745218651,2955.055838448661,1.0150992782603012,1.0092922740221542,2969.471662248884,2944.726066080729,1,1.1983915415636535,1.3678020945433889,3,9,3,0,0,2220226.0,1.0194664867450431,1
2025-09-12,3008.508056640625,3023.198272253378,2996.602392740264,3018.685652923867,1447167.0,0.29446548938527606,0.0029403278899052367,2959.9799455915177,1.0163947431878324,1.008875344816365,2974.9170270647323,2947.280037434896,1,1.1780035950336478,1.2857321860762505,4,9,3,0,1,2169853.5714285714,0.6669422393545319,0
2025-09-15,2987.865234375,3009.0844623500607,2972.599073208612,3009.0844623500607,1732539.0,-0.6861481464229602,-0.006885129664711542,2962.2020089285716,1.0086635635817798,1.0122739018087852,2972.948747907366,2949.68359375,1,1.2214490383523917,1.0517694968828881,0,9,3,1,0,2205731.8571428573,0.7854712685902826,1
2025-09-16,3020.318359375,3024.447016469888,2985.177306115137,3003.3238944500986,2573429.0,1.0861642830015006,0.01080307887308935,2975.5617327008927,1.0150414041766433,1.0131549004725136,2972.16006905692,2954.25068359375,1,1.0315432769452992,1.0857954416571152,1,9,3,0,0,2173071.0,1.1842360419885039,1
2025-09-17,3046.337890625,3055.555111079816,3017.149439827381,3026.366894691811,2418271.0,0.861483067479818,0.008577934770900828,2996.657400948661,1.0165786351354718,1.0127291246318355,2977.58487374442,2957.399951171875,1,0.8236097115393682,0.9426657169845523,2,9,3,0,0,2143368.714285714,1.1282571140849642,1
2025-09-18,3050.082275390625,3075.334050504916,3035.392059613066,3058.0514988629902,2633138.0,0.12291429578932256,0.0012283881801109777,3014.1182686941966,1.0119318498779444,1.0131587584428687,2983.894374302455,2961.010074869792,1,0.8390608060294132,0.9330465948534302,3,9,3,0,0,2163916.8571428573,1.216838803814617,0
2025-09-19,3042.881591796875,3053.731241896356,3018.6860633617807,3043.64975218093,4901694.0,-0.23608161825168228,-0.002363607302787229,3022.238351004464,1.0068304476334733,1.0116094147582697,2987.776105608259,2965.391536458333,1,0.6114669645199163,0.9178064115796092,4,9,3,0,1,2567097.714285714,1.9094302381722463,0
2025-09-22,2951.283935546875,2983.06448873766,2942.8346407567424,2971.638894989272,3634901.0,-3.0102274270853213,-0.030564650436253355,3015.3253348214284,0.9787613633146003,1.013670441221452,2985.190586635045,2966.249267578125,1,1.3699604638044525,1.2455595447115295,0,9,3,1,0,2763019.8571428573,1.3155537013616416,0
2025-09-23,2940.337890625,2957.908530869745,2930.352510565157,2947.635061413838,3177741.0,-0.37089094648043996,-0.0037158045235590503,3005.586739676339,0.978290811511111,1.0094036537260405,2982.7833426339284,2967.0813802083335,1,1.3509494270830993,1.2439305816548032,1,9,3,0,0,3010244.714285714,1.0556420828244957,0
2025-09-24,2914.4140625,2935.153217269077,2912.1098161521463,2928.4322252766387,1625714.0,-0.881661533106648,-0.008855711651796914,2995.0937151227677,0.9730627284831184,1.0079129574678534,2978.64786202567,2966.908544921875,1,1.3617836043168048,1.2624491803506845,2,9,3,0,0,2994984.0,0.542812248746571,0
2025-09-25,2839.523193359375,2908.845617084501,2833.3783797594588,2901.548445826189,4974361.0,-2.569671554370112,-0.02603264346312438,2969.2658342633927,0.9563048079404437,1.0266350720624364,2972.4137834821427,2964.4121826171877,1,1.4203557467926216,1.3763021265739253,3,9,3,0,0,3337974.285714286,1.4902334692298407,0
2025-09-26,2783.547119140625,2837.026969231378,2776.057966398974,2823.7769658283983,3934636.0,-1.9713194929929734,-0.019910091898821612,2931.724295479911,0.9494573290647612,1.021962438670361,2964.190848214286,2960.0243408203123,0,1.2367756682696716,1.44370105307416,4,9,3,0,1,3554597.8571428573,1.106914525392364,0
2025-09-29,2780.66650390625,2812.5431618400235,2778.6501125486475,2799.7732301976,3110035.0,-0.1034872093440331,-0.0010354079432878236,2893.236328125,0.9610920742545417,1.0121976671831807,2953.6772984095983,2955.9853352864584,0,1.196464313692194,1.3973590986598263,0,9,3,1,0,3622726.0,0.858479222552299,0
2025-09-30,2773.2734375,2799.101392157332,2770.105157137798,2794.9727356006983,2253458.0,-0.2658738973502994,-0.002662279697266925,2854.720877511161,0.9714692106493545,1.0104675575022193,2938.4796142578125,2952.055143229167,0,1.1920682228790522,1.2255832679850933,1,9,3,0,0,3244406.5714285714,0.6945670804161148,1
2025-10-01,2798.045166015625,2808.222762784315,2752.342557318892,2775.7699233020426,1952902.0,0.8932306558979475,0.008892649486550006,2832.8296247209823,0.9877209492580115,1.020302780014366,2924.077479771205,2948.7906575520833,0,1.17731282083983,1.2574756911058615,2,10,4,0,0,3004121.0,0.6500743478708081,0
2025-10-03,2786.2353515625,2807.454578770542,2775.866007814296,2807.454578770542,2899519.0,-0.4220737605155289,-0.004229670061350675,2810.8149762834823,0.9912553387795443,1.0113797174890002,2908.200857979911,2942.495320638021,0,1.1747015838867485,1.2375871244660677,4,10,4,0,1,2964375.0,0.9781215264600464,1
2025-10-06,2869.287841796875,2874.28076699856,2780.1868646812827,2786.3316788238635,2112774.0,2.980813885223288,0.029372511931584862,2804.3683733258927,1.0231494082904629,1.0338444525123904,2899.73104422433,2938.840372721354,0,1.8315808378458425,1.5522205819104073,0,10,4,1,0,3033955.0,0.6963761822439687,0
2025-10-07,2855.173583984375,2884.745997894136,2837.699050349848,2875.624650921264,3062943.0,-0.49190804794477794,-0.004931218979027676,2806.6041434151784,1.0173054118384133,1.016579259008628,2887.934988839286,2936.2703938802083,0,1.5283938408041047,1.5020546343578292,1,10,4,0,0,2760895.285714286,1.1094020899121386,1
2025-10-08,2906.541259765625,2921.711547346886,2849.7009111158586,2856.4219038307547,4121889.0,1.7991086800952738,0.01783116249172227,2824.174734933036,1.029164811870092,1.025269541778976,2877.9495152064733,2932.641064453125,0,1.333448134656138,1.5809931992412467,2,10,4,0,0,2787645.714285714,1.478627279957691,1
2025-10-09,2939.666015625,2943.794672125363,2899.628150625765,2913.070135429991,3211304.0,1.1396623305476972,0.011332171024077999,2846.8889508928573,1.0325889299977948,1.0152317880794701,2870.0626395089284,2929.5846028645833,0,1.302347397528198,1.6257887703557476,3,10,4,0,0,2802112.714285714,1.1460295596348247,0
2025-10-10,2907.597412109375,2947.635277630445,2887.0502372807746,2928.4324419455565,8817365.0,-1.0908927526179113,-0.010968866185658413,2866.0780901227677,1.0144864587359617,1.0209851008366013,2860.399483816964,2927.491495768229,0,1.4449090742260857,1.6411746491067354,4,10,4,0,1,3739813.714285714,2.3577016593951052,0
2025-10-13,2887.33837890625,2914.5104387736105,2878.6971026918,2906.349233459963,2866865.0,-0.6967619767011546,-0.006992006976174289,2878.8342633928573,1.0029540135816537,1.0124408143004424,2855.83194405692,2925.0111328125,0,1.5295535642186422,1.4544174808501829,0,10,4,1,0,3870379.8571428573,0.7407192848808233,0
2025-10-14,2842.307861328125,2906.5412549765147,2837.699133735008,2900.5884226064827,3611416.0,-1.559585738446878,-0.01571875220963423,2886.8446219308034,0.984572512055432,1.0242598379874388,2848.8297991071427,2920.13681640625,0,1.6907770717109396,1.5024262752374702,1,10,4,0,0,3972079.4285714286,0.9092003483170168,1
2025-10-15,2862.063720703125,2871.604481316868,2843.945686891503,2863.220140886024,4282226.0,0.6950640232817218,0.006926595884441581,2885.8126046316966,0.9917704691252457,1.009725500227677,2845.090488978795,2915.956233723958,0,1.2491677078139782,1.5090191827244082,2,10,4,0,0,4282001.142857143,1.000052512163205,1
2025-10-16,2862.93115234375,2867.075207263124,2836.332545372744,2862.1601270799792,3251495.0,0.030307908043769594,0.00030303316125105875,2886.920828683036,0.9916902202163163,1.010838877810902,2846.7624860491073,2912.2526285807294,0,1.2324190319540465,1.3340396055501988,3,10,4,0,0,4308937.142857143,0.754593277228458,0
2025-10-17,2854.73974609375,2880.374867719902,2848.186383733,2862.2568312933195,4374683.0,-0.2861195681668427,-0.002865296726495341,2879.5206124441966,0.9913941000306256,1.0113013966258464,2851.847673688616,2908.33359375,0,0.9596742731130932,1.2058546866282216,4,10,4,0,1,4345050.571428572,1.0068198121251521,1
2025-10-20,2905.81689453125,2913.333979311689,2870.4483153754104,2877.1943748710046,3133039.0,1.7892050757828626,0.017733871992699834,2874.6850237165177,1.0108296632701985,1.014940406244754,2860.7869873046875,2907.6341471354167,0,1.1325614715403203,1.274874670037232,0,10,4,1,0,4333869.857142857,0.7229194930337581,0
2025-10-21,2897.62548828125,2921.815026282457,2887.3137006926995,2921.1404673344027,310644.0,-0.28189684853908714,-0.0028229492599304014,2873.2604631696427,1.0084799221734075,1.0119492819853555,2869.669276646205,2907.5993896484374,0,1.0607146029893006,1.275450508671113,1,10,4,0,0,3118624.0,0.09960931487733052,1
2025-10-23,2961.712890625,2985.613263353556,2925.958915568601,2944.1731825516827,5564758.0,2.2117213767940624,0.021876175780335863,2883.8853934151784,1.0269870284677491,1.0203879649394743,2881.3598284040177,2908.7279459635415,0,1.3042169247507014,1.3663676242154876,3,10,4,0,0,3504037.285714286,1.5880989687772809,0
2025-10-24,2952.075439453125,2977.9032558486515,2947.3532921577225,2968.2660284834456,2684318.0,-0.3254012636532466,-0.0032593184488987487,2899.566476004464,1.0181092462901615,1.0103652194571366,2893.205548967634,2907.5957600911456,0,1.0603069052033984,1.3620467783756374,4,10,4,0,1,3371594.714285714,0.7961567826127891,1
2025-10-27,2972.988525390625,2981.951194951016,2949.1846180560947,2955.256119066933,1946312.0,0.7084197665820469,0.007059222620271405,2915.4128766741073,1.0197487118127158,1.0111103851194365,2900.6127406529017,2906.7062093098957,1,1.0606285475003758,1.1530768647064957,0,10,4,1,0,3037892.714285714,0.6406783198259283,0
2025-10-28,2946.9677734375,2978.0960660621163,2929.9099274122086,2964.4112497423184,3470737.0,-0.8752388961779212,-0.008790916085697697,2927.4181082589284,1.0066781253840773,1.0164462866926653,2907.1694684709823,2904.6548665364585,1,1.1827020474311531,1.1766176299738327,1,10,4,0,0,3069213.0,1.130823113286696,0
2025-10-29,2946.678955078125,2964.4113606511696,2935.596142774,2946.96788369373,2895420.0,-0.009800526560832523,-9.801006843817302e-05,2940.5522809709823,1.0020835113685242,1.009815797703679,2910.036446707589,2903.281990559896,1,1.1595880404260726,1.0873032647987058,2,10,4,0,0,2857889.714285714,1.0131321672514806,0
2025-10-30,2925.187744140625,2952.653842834952,2922.778437237614,2938.487165302022,2241536.0,-0.7293366961630965,-0.00732009359316103,2943.3195452008927,0.9938396763308178,1.0102215772556382,2909.002284458705,2900.1109700520833,1,1.0651525167558014,1.0647989246621608,3,10,4,0,0,2730532.1428571427,0.8209154416525298,1
2025-10-31,2947.064208984375,2956.1231088421955,2915.357824198127,2924.898585437403,1868085.0,0.747865325484498,0.0074508267778534655,2950.3822195870534,0.9988753963535129,1.013982943810776,2911.8213413783483,2896.8018473307293,1,1.0747206986188567,1.036915528989939,4,10,4,0,1,2953023.714285714,0.6326007444379287,0
2025-11-03,2907.359130859375,2947.06446508497,2900.80576844531,2936.367047373489,2194877.0,-1.3472756380385476,-0.01356433745921812,2942.6173967633927,0.9880180597237009,1.0159468438538206,2913.251395089286,2892.0444091796876,1,0.7959746691095624,1.0887107493256634,0,11,4,1,0,2471612.1428571427,0.8880345592827354,0
2025-11-04,2881.72412109375,2919.405779977123,2868.039303195767,2910.0577150577624,2670720.0,-0.8817283524945041,-0.008856385789513631,2932.567208426339,0.9826626011548862,1.0179099626438592,2916.0668422154017,2886.6724934895833,1,0.8304413517451432,1.0245725938412165,1,11,4,0,0,2469669.5714285714,1.0814078251185366,1
2025-11-06,2901.6728515625,2914.2977142131544,2881.531139384038,2881.627605776501,2542721.0,0.6922498348377104,0.006898647863384236,2922.3792550223216,0.9929145392665116,1.011371237458194,2918.896065848214,2885.018790690104,1,0.827051249466621,1.0244478256454685,3,11,4,0,0,2554870.8571428573,0.9952444339372815,0
2025-11-07,2883.265869140625,2895.023240036059,2853.1012989769483,2892.1320716871546,1830520.0,-0.6343576055434119,-0.00636378203144283,2913.278982979911,0.9896978236500419,1.0146934639419019,2920.34854561942,2883.116389973958,1,0.805973572202571,1.0433069512706854,4,11,4,0,1,2320554.1428571427,0.7888288259226753,1
2025-11-10,2915.4541015625,2937.3305615709287,2883.458552382941,2884.422275161144,1556656.0,1.1163810027504883,0.011101954635817417,2908.818289620536,1.0022812741399636,1.018683122441093,2924.685285295759,2883.151057942708,1,0.9711135538350465,1.0748296637097283,0,11,4,1,0,2129302.1428571427,0.7310639334215134,1
2025-11-11,2936.46337890625,2944.847720230334,2908.5154176367123,2934.5359333014544,2806868.0,0.7206176675012665,0.0071803362500589855,2910.4290945870534,1.0089451704450096,1.012491700189488,2926.8743198939733,2886.3823974609377,1,0.9810418785284919,0.9840164352562125,1,11,4,0,0,2210063.8571428573,1.2700393207772211,1
2025-11-12,3018.18701171875,3022.619995280987,2946.1969680097523,2948.991669923252,4460315.0,2.783063238573047,0.02745039897087269,2920.5894949776784,1.0334170608053281,1.0259395512591478,2935.485857282366,2894.2037272135417,1,1.4217646331898228,1.2119830631034347,2,11,4,0,0,2580382.4285714286,1.7285480441243566,0
2025-11-13,2993.03369140625,3018.2831803470704,2989.4679642954256,3018.186949242595,1740435.0,-0.8333917088250931,-0.008368838331110975,2932.8287179129466,1.020527954164383,1.0096389111359607,2937.72305733817,2901.2826334635415,1,1.3298238153898385,1.1112492047691274,3,11,4,0,0,2515462.1428571427,0.6918947299374413,1
2025-11-14,2993.322998046875,3000.1655239975616,2965.6642009169345,2977.9034333434784,2210794.0,0.009666000134100905,9.665533006409409e-05,2948.771414620536,1.01510852391116,1.0116335905696807,2940.6693115234375,2908.6176188151044,1,1.2223705184839804,1.105419244002185,4,11,4,0,1,2449758.4285714286,0.902453880438007,0
2025-11-17,2989.66064453125,3010.187986001932,2974.6267109195564,2993.322838009285,2232853.0,-0.12235076261447597,-0.0012242567226795984,2961.3410993303573,1.0095630811348604,1.011954869816718,2941.860177176339,2915.0048014322915,1,1.2452005509107584,1.0927490513771154,0,11,4,1,0,2405491.5714285714,0.9282314793869575,0
2025-11-18,2975.108642578125,2992.3591859617445,2966.338671301208,2989.468017666129,2548350.0,-0.4867442724559301,-0.004879327304589619,2974.461495535714,1.0002175677995435,1.0087719298245614,2943.8702392578125,2921.300577799479,1,1.2251766570538798,1.0723118445042341,1,11,4,0,0,2508038.714285714,1.0160728323229917,1
2025-11-19,3033.51025390625,3040.5454775036865,2971.639296317787,2984.6495543039355,3151053.0,1.9630076862509505,0.019439891772965963,2991.32666015625,1.0141019683045236,1.0231879357872546,2950.0724748883927,2926.774658203125,1,1.337913213223992,1.1843386591194627,2,11,4,0,0,2735809.714285714,1.1517807629477992,0
2025-11-20,3030.715576171875,3049.7008686990343,3024.258680324472,3033.79944214396,2700767.0,-0.09212685965956924,-0.0009216932253273382,3004.791259765625,1.0086276596825139,1.0084127024384808,2957.610177176339,2932.6260579427085,1,1.3584070791599092,1.15722579661334,3,11,4,0,0,2720652.4285714286,0.9926909338500581,1
2025-11-21,3036.30517578125,3055.0013041600305,3021.463703354114,3030.715536432949,4177037.0,0.18443167855544118,0.0018426181216139332,3007.379568917411,1.0096182095412225,1.0110997860966149,2963.984531947545,2936.951521809896,1,0.8932216854320376,1.1487062980335134,4,11,4,0,1,2680184.1428571427,1.5584888117229045,0
2025-11-24,3027.24609375,3063.578397230728,3017.416167982308,3043.4366842823783,6703764.0,-0.2983587454748915,-0.002988047224750604,3012.2670549665177,1.004972679550037,1.0152985954467422,2972.5478864397323,2939.870857747396,1,0.8211266221153125,1.0701860982684044,0,11,4,1,0,3389231.1428571427,1.9779601087781478,0
2025-11-25,3006.04443359375,3035.534448554938,3001.9968444557608,3031.197695489111,2737920.0,-0.7003613019774813,-0.007028253432782985,3014.084402901786,0.9973325334551696,1.0111717652738763,2981.427908761161,2943.1524251302085,1,0.8849394953532573,1.0558566495585315,1,11,4,0,0,3464534.8571428573,0.7902705883750051,1
2025-11-26,3048.15869140625,3062.71099952004,3003.923909850209,3005.658657913636,2508527.0,1.4009858717275225,0.013912627722590385,3022.4412667410716,1.008508825282454,1.0195700994546038,2991.891183035714,2948.5131022135415,1,1.0099688965878821,1.0921032565872533,2,11,4,0,0,3503916.8571428573,0.7159208115587218,0
2025-11-27,3022.81298828125,3064.6384631299097,3011.6337098367826,3064.6384631299097,2836233.0,-0.8315086480391476,-0.00834984965195746,3029.256173270089,0.9978730141591545,1.0175999999999998,3001.8588344029017,2954.5299397786457,1,1.0608066563828535,1.1070508765411364,3,11,4,0,0,3545043.0,0.8000560218874637,1
2025-11-28,3023.68017578125,3033.12470593688,3011.6336412163846,3026.089482694223,1616690.0,0.028688096265372387,0.0002868398201788311,3027.851876395089,0.9986222243411702,1.007136015625,3009.58926827567,2959.9171549479165,1,0.73750066069651,1.0866401029594244,4,11,4,0,1,3325848.285714286,0.48609854121857116,0
2025-12-01,3019.72900390625,3039.581788202742,3008.935355329588,3024.0657566161144,1747647.0,-0.1306742659705762,-0.0013075971924124594,3026.2823660714284,0.9978345172814506,1.01018514167108,3015.5368129185267,2965.14375,1,0.7380632941193176,1.0830630760234203,0,12,4,1,0,3189688.285714286,0.5479052632908419,1
2025-12-02,3021.94580078125,3029.9447477765,3007.2007935969305,3017.416350282513,2512003.0,0.07341045743285424,0.0007338352513649369,3024.231026785714,0.9992443612990463,1.0075631644644405,3015.8052978515625,2970.71728515625,1,0.7333754450262976,0.7892288984149426,1,12,4,0,0,2951826.285714286,0.850999603925589,1
2025-12-03,3064.638427734375,3095.3810901757683,3025.125793917674,3026.089516693691,3952112.0,1.4127529005347528,0.014028665510677775,3029.5727887834823,1.0115744500613149,1.0232239255634756,3020.919921875,2976.011336263021,1,0.9073258029407049,0.8313838957048553,2,12,4,0,0,2558733.1428571427,1.5445580993987427,1
2025-12-04,3112.0537109375,3132.0991928283806,3071.770049646805,3078.130714428876,5025905.0,1.5471738125459211,0.015353271149263268,3044.716971261161,1.0221159274612142,1.0196398630778083,3029.4006870814733,2983.158943684896,1,0.9412974337021619,0.906424462078289,3,12,4,0,0,2885588.1428571427,1.7417263833859669,1
2025-12-05,3120.727294921875,3152.9157793761647,3105.5004267906515,3112.824814585589,5244013.0,0.2787093279878583,0.0027832165369621074,3055.083914620536,1.0214866046681053,1.015268184211623,3038.7625906808034,2988.459423828125,1,0.8537930573629797,0.89896831355845,4,12,4,0,1,3276371.8571428573,1.6005548907910025,0
2025-12-08,3119.0888671875,3141.6398867746047,3092.2010949656524,3125.353065437683,2544725.0,-0.05250147095650082,-0.0005251525780450698,3068.8376116071427,1.016374687077053,1.0159882201353083,3049.046892438616,2994.0265380859373,1,0.7151957295830786,0.876550360821248,0,12,4,1,0,3234727.8571428573,0.7866890546544101,0
2025-12-09,3091.911865234375,3116.390329915732,3065.794883587669,3112.824602659864,2734893.0,-0.8713122039908594,-0.008751303234477547,3078.5849958147323,1.0043288944231719,1.0165032065905384,3053.218436104911,2997.9906494140623,1,0.8682953754240705,0.7969801385285761,1,12,4,0,0,3394471.1428571427,0.8056904551258101,0
2025-12-10,3073.504638671875,3108.005961204973,3062.8074569989867,3108.005961204973,1386849.0,-0.5953347755306981,-0.005971139579141893,3086.2672293526784,0.995864716263251,1.0147572137134186,3056.2747977120534,3002.208544921875,1,0.9246475445087665,0.8192531404881019,2,12,4,0,0,3342928.5714285714,0.4148604944338796,1
2025-12-11,3076.10693359375,3092.0083609433445,3038.714674477584,3088.73179730002,1914362.0,0.0846686511916106,0.0008463282750866425,3094.0045340401784,0.9942153929480324,1.0175382331593612,3059.1177804129466,3006.522810872396,1,0.9242864801237246,0.8189269087958123,3,12,4,0,0,3257551.285714286,0.5876690286950421,1
2025-12-12,3103.669189453125,3106.078496384854,3070.131589906683,3081.696263178982,1146554.0,0.8960109792794047,0.008920206192339701,3099.5803571428573,1.001319156737087,1.0117085881909262,3064.57657296317,3012.4721923828124,1,0.8327683239747828,0.8366849570593119,4,12,4,0,1,2856757.285714286,0.4013480619209562,1
2025-12-15,3113.017333984375,3120.727116365754,3081.31094805451,3094.610369719165,1562190.0,0.30119655029656744,0.0030074386224642107,3099.718017578125,1.0042904923386033,1.0127920125478185,3072.2174944196427,3018.0039632161456,1,0.5908358871354502,0.7973794000773129,0,12,4,1,0,2361940.8571428573,0.6614009810092015,0
2025-12-16,3088.827880859375,3103.187255724176,3075.3357623562265,3103.187255724176,1734623.0,-0.7770420312449677,-0.0078007673366751636,3095.160958426339,0.9979538777943929,1.0090564073389536,3075.1224365234375,3024.0529215494794,1,0.6421197678395372,0.7681113257017925,1,12,4,0,0,1860599.4285714286,0.9322925576365712,1
2025-12-17,3101.067138671875,3119.474102184826,3084.394687896739,3084.394687896739,1376350.0,0.39624279126535544,0.003954598171546633,3092.58642578125,1.0027422719119266,1.011373192421106,3080.7120186941966,3031.36435546875,1,0.6744676046998707,0.7226335125827086,2,12,4,0,0,1693688.7142857143,0.8126345699719993,1
2025-12-18,3161.78173828125,3168.5277977297296,3104.1510690788923,3110.897128527372,2307422.0,1.9578615003923439,0.01938941939237809,3102.5678362165177,1.019085449598724,1.0207389161217402,3090.576416015625,3040.0346516927084,1,0.9235065149175818,0.861162428291244,3,12,4,0,0,1632621.4285714286,1.413323358140064,1
2025-12-19,3162.938232421875,3197.535786859188,3159.854366515901,3179.321520036492,3902511.0,0.03657729205728266,0.00036570604196587304,3115.344063895089,1.0152773393726788,1.0119250496929817,3100.805646623884,3049.3570638020833,1,0.8464012178613507,0.8555272342196599,4,12,4,0,1,1992001.7142857143,1.959090181505868,1
2025-12-22,3204.281982421875,3207.8479451634685,3171.6118722001,3189.9226061933546,2632816.0,1.3071311218222137,0.012986618858180284,3133.65478515625,1.022538282646888,1.0114251284279094,3113.829659598214,3058.984659830729,1,0.8920924934023894,0.8893912946772595,0,12,4,1,0,2094638.0,1.2569312692694394,0
2025-12-23,3189.922607421875,3199.463369445318,3174.0211805268714,3199.463369445318,2365420.0,-0.44813081616327244,-0.004491379322298534,3145.9767020089284,1.0139689227148072,1.0080157590234553,3122.7785295758927,3067.43330078125,1,0.9571074185326962,0.8689146215395298,1,12,4,0,0,2268761.714285714,1.0426039830915947,1
2025-12-24,3198.595947265625,3206.4021959958864,3176.5267894381177,3184.236571775606,1367708.0,0.27189812767149935,0.0027152915338380587,3158.202218191964,1.0127901021793297,1.009405054179648,3128.960117885045,3073.4469319661457,1,0.9576563395961332,0.790280734265848,2,12,4,0,0,2240978.5714285714,0.6103173039839102,0
2025-12-26,3161.010986328125,3199.559900795541,3153.108505919085,3192.9103071634727,1176664.0,-1.1750455999179898,-0.011820038226323798,3168.514090401786,0.9976319802091493,1.0147319366870047,3131.8375244140625,3079.046175130208,1,1.0463458843811686,0.8704442929288619,4,12,4,0,1,2161270.1428571427,0.5444317101630252,0
2025-12-29,3133.544677734375,3168.7205598617948,3125.2565675579217,3161.010777477703,2079473.0,-0.8689089886921075,-0.00872706013975277,3173.153738839286,0.9875174465642501,1.013907335722467,3132.8700823102677,3083.7202311197916,1,1.139194207070563,0.9076498222784184,0,12,4,1,0,2261716.285714286,0.9194225699901477,0
2025-12-30,3129.01513671875,3148.96415100114,3121.9799134409154,3132.099002526,2807593.0,-0.1445500696961477,-0.0014465464409645441,3168.4727957589284,0.9875467893891993,1.0086433091526472,3135.5203159877233,3088.365380859375,1,0.8157185605546627,0.8717884225449358,1,12,4,0,0,2333169.285714286,1.203338744938292,0
2025-12-31,3089.887939453125,3128.2441532690227,3082.467321081629,3122.461816571668,3362634.0,-1.250463662079171,-0.012583477530077268,3158.037039620536,0.9784204240442983,1.0148507112709084,3136.6905517578125,3092.191357421875,1,0.9076162935185119,0.9271572450051871,2,12,4,0,0,2256044.0,1.4905001852800743,1
2026-01-01,3110.31884765625,3116.775978595714,3082.1781891606697,3098.368779137981,1255735.0,0.6612184196796766,0.006590419595227597,3144.6137346540177,0.9890940859858768,1.0112251100720644,3139.134259905134,3094.751643880208,1,0.7286603459740706,0.9418876372271735,3,1,1,0,0,2059318.142857143,0.6097819340618084,1
2026-01-02,3132.7734375,3136.242933448354,3102.7053353217875,3116.679314934201,1184324.0,0.7219385196045147,0.007193450183164959,3136.4495675223216,0.9988279326852925,1.0108091470191412,3141.213134765625,3098.153572591146,1,0.8463649502257563,0.9314224443330595,4,1,1,0,1,1890590.142857143,0.6264308551879983,0
2026-01-05,3099.428955078125,3129.207895137578,3075.2394189664337,3122.94369701057,2341703.0,-1.064375802690809,-0.010700807997884056,3122.2828543526784,0.9926803879274764,1.0175493575681605,3140.2425362723216,3100.2576985677083,1,0.8583700175233347,0.9758709844864675,0,1,1,1,0,2029732.2857142857,1.1537004246724727,1
2026-01-06,3137.688720703125,3144.8201752673103,3088.731555696464,3093.550169667909,2912325.0,1.2344133767710597,0.012268566190461084,3118.951102120536,1.006007666670327,1.01815911113007,3143.732596261161,3103.9391194661457,1,0.9901575715254753,1.0045719654757572,1,1,1,0,0,2277683.8571428573,1.2786344298252352,1
2026-01-07,3176.044921875,3180.8635358265738,3106.271250685878,3125.2565425983025,1989442.0,1.2224348743963276,0.012150234778190468,3125.0225655691966,1.016327036120621,1.0240134486401422,3149.088152204241,3109.6058024088543,1,1.034543251256553,1.045674417033057,2,1,1,0,0,2264822.285714286,0.8784097598070766,0
2026-01-08,3087.671630859375,3167.6606296336045,3066.566193971062,3167.6606296336045,4159336.0,-2.782494995802931,-0.028219398100657652,3119.1163504464284,0.9899187090014924,1.03296665692764,3143.7945731026784,3110.922900390625,1,1.5378297747416558,1.1827572588757802,3,1,1,0,0,2457928.4285714286,1.6922120073355618,1
2026-01-09,3091.43017578125,3112.5356118812538,3075.239584998998,3075.239584998998,1938673.0,0.12172748177980974,0.0012165345394942663,3119.336669921875,0.9910537088190214,1.012127844303314,3138.686854771205,3113.210139973958,1,1.4642765854590203,1.184079258689076,4,1,1,0,1,2254505.4285714286,0.859910548642344,1
2026-01-12,3122.076416015625,3134.026484388671,3059.145271347969,3086.804068110982,2228342.0,0.9913288831319145,0.009864474525360776,3121.0163225446427,1.0003396629051007,1.0244778218746398,3132.81502859933,3116.4900146484374,1,1.4935281299470984,1.1567407729336792,0,1,1,1,0,2393449.285714286,0.9310170110142892,1
2026-01-13,3149.4462890625,3161.0109633185434,3094.0322249189585,3127.2806634050835,5645341.0,0.8766560903658016,0.008728357719956802,3123.3981584821427,1.0083396766145933,1.0216477184239214,3129.9238630022323,3120.813924153646,1,1.505987973973281,1.1868454128664268,1,1,1,0,0,3030737.4285714286,1.8626955099376568,0
2026-01-14,3076.68505859375,3141.7363480080267,3067.529691935444,3141.7363480080267,3539511.0,-2.3102864373790943,-0.023373918432965112,3120.1490304129466,0.9860699051886492,1.024191014765944,3121.2159423828125,3122.638566080729,0,1.7226067624479053,1.320321002868033,2,1,1,0,0,3201852.8571428573,1.105457108094108,0
2026-01-15,3076.68505859375,3076.68505859375,3076.68505859375,3076.68505859375,0.0,0.0,0.0,3111.4342215401784,0.9888317860921297,1.0,3115.1926618303573,3123.0401204427085,0,1.6245445687098776,1.2954092099636147,3,1,1,0,0,2785806.4285714286,0.0,1
2026-01-16,3146.54931640625,3161.464149941515,3111.519017760894,3159.0110444402844,4293470.0,2.2707640360314585,0.022453659575674408,3107.2205636160716,1.0126572130896332,1.0160516879040524,3116.121564592634,3124.189973958333,0,1.8213175597941276,1.4324441544616728,4,1,1,0,1,3114953.285714286,1.3783416976718705,0
2026-01-19,3104.258056640625,3159.600023336744,3092.973770842994,3128.2002715520307,3387562.0,-1.3440520237555598,-0.013531661609291472,3109.5900530133927,0.9982853056892176,1.0215411631103457,3114.353201729911,3123.6409993489583,0,1.5282811052718546,1.4793818296463126,0,1,1,1,0,3004699.8571428573,1.127421093972828,0
2026-01-20,3044.10791015625,3100.7255406282875,3033.118044759914,3092.4832014713097,4499273.0,-1.9376657928196983,-0.019566846181492407,3102.8297293526784,0.981074752945377,1.0222897674507505,3111.0831996372767,3121.141634114583,0,1.7080382945883845,1.5328366525064088,1,1,1,0,0,3370499.8571428573,1.3348978462245045,1
2026-01-21,3064.027099609375,3079.6287553253787,3024.188569033875,3041.8509292683366,2015150.0,0.6543522779421718,0.006522206871131057,3094.5369698660716,0.9901407316978937,1.0183322517845557,3107.7766462053573,3120.2121419270834,0,1.6730049286685298,1.5325769545335886,2,1,1,0,0,3340043.8571428573,0.6033304010935356,1
2026-01-22,3091.305419921875,3100.725441137108,3063.7326570458863,3090.9130188550284,2269827.0,0.8902767314289628,0.008863371330892562,3086.231131417411,1.0016441699562968,1.012074416482178,3104.8146449497767,3120.8055013020835,0,1.674548699898464,1.5401304168898435,3,1,1,0,0,2857827.5714285714,0.7942491082012196,1
2026-01-23,3103.178466796875,3134.578217290946,3092.875423666008,3130.457047950816,2068857.0,0.38407873898465006,0.0038334303977042637,3090.0159040178573,1.0042597071302781,1.013483502538071,3105.0824672154017,3121.7078857421875,0,1.4121706278925423,1.517698539307868,4,1,1,0,1,2647734.1428571427,0.7813688566811763,0
2026-01-27,3098.762939453125,3115.4440572399217,3071.2881572160486,3115.4440572399217,4279874.0,-0.14229047381563165,-0.0014239180284276649,3093.1698869977677,1.0018081943959392,1.014376996805112,3102.3020542689733,3121.5443440755207,0,1.4153927759034466,1.476972182688044,1,1,1,0,0,3259144.714285714,1.3131893104470487,1
2026-01-28,3140.073486328125,3145.0776781720924,3111.1268393421374,3116.425451779539,2751234.0,1.333130274311678,0.013243222876088654,3092.2447684151784,1.0154673130670246,1.0109127144546552,3099.732666015625,3122.4462158203123,0,1.205752634000861,1.484750680581564,2,1,1,0,0,3038825.285714286,0.9053610330721311,0
2026-01-29,3085.41796875,3140.07335254898,3066.9708064954257,3140.07335254898,2457641.0,-1.7405808436043002,-0.017559070557594023,3089.5533272879466,0.9986615027805406,1.0238354228539552,3099.57169015067,3122.332552083333,0,1.284870113354116,1.3591887740634347,3,1,1,0,0,2905979.4285714286,0.8457186502549227,0
2026-01-30,3065.302734375,3082.082073579965,3034.001200735196,3082.082073579965,3022068.0,-0.6519452009009163,-0.006540796456234068,3092.5811593191966,0.9911793988455256,1.0158473479948253,3097.7054443359375,3121.1404052734374,0,1.0444228514314973,1.3696947101182964,4,1,1,0,1,2694950.1428571427,1.121381784375444,1
2026-02-02,3110.1455078125,3138.0126916764966,3075.2131881532646,3138.0126916764966,2636272.0,1.462914998072562,0.014523176252942863,3099.169503348214,1.00354159540239,1.0204211869814934,3096.8532366071427,3119.419197591146,0,1.1543762174743788,1.4027241309921872,0,2,1,1,0,2783681.8571428573,0.9470450056048584,1
2026-02-03,3164.80078125,3287.1616459496977,3126.532332237451,3287.1616459496977,4366060.0,1.7573220706301074,0.01742059712763103,3109.6688406808034,1.0177291999224993,1.0513761882632746,3097.9499860491073,3119.4812825520835,0,1.2782340353352877,1.4643336323731528,1,2,1,0,0,3083143.714285714,1.4161065472783207,0
2026-02-04,2942.84375,3061.475843095512,2929.9893806035893,3061.475843095512,10852595.0,-7.013301834510221,-0.07271373354327433,3086.7638811383927,0.9533750760730959,1.044876088412592,3088.389892578125,3110.7666748046877,0,3.057856192083202,2.329827360610038,2,2,1,0,0,4337963.428571428,2.501771897965023,0
2026-02-05,2935.38623046875,2972.869637012123,2916.5464269268496,2933.9143670738968,3521545.0,-0.25341201112869527,-0.0025373364284946025,3063.4243512834823,0.9582042491889547,1.0193116110085794,3078.297119140625,3102.28212890625,0,3.0546831700063324,2.328374776158153,3,2,1,0,0,4229630.714285715,0.8325892348251274,0
2026-02-06,2886.422119140625,2929.0079343210614,2861.302223276454,2920.765595757455,4687389.0,-1.6680636714816899,-0.016821325245926534,3027.1884416852677,0.9534993194984992,1.0236625514403292,3059.7166050502233,3091.8763346354167,0,2.9248018135410563,2.2284610090258257,4,2,1,0,1,4506224.285714285,1.0402032173276519,1
2026-02-09,2892.8984375,2921.15826303242,2882.3991930324937,2903.5941220720847,2380318.0,0.22437183793835302,0.0022412050021389115,2999.6856515066966,0.9644005317847025,1.0134468085106383,3044.6194893973216,3082.939249674479,0,2.9537368165685174,2.2270965190209906,0,2,1,1,0,4495178.142857143,0.5295269562970125,1
2026-02-10,2928.61572265625,2955.109263473934,2888.286570253781,2894.468444356794,3547763.0,1.2346539613439234,0.012270942697411275,2980.158935546875,0.9827045422726199,1.02313575595592,3036.370047433036,3076.1082845052083,0,3.061835318668526,2.2286109775747955,1,2,1,0,0,4570277.428571428,0.7762686303944912,0
2026-02-11,2855.21875,2941.76426862986,2849.723697569715,2924.1019081110685,3363513.0,-2.506200184900975,-0.02538140164633394,2943.7408272879466,0.9699287123148332,1.0322980684543692,3021.45516531808,3066.98173828125,0,2.980869138049552,2.288993805867676,2,2,1,0,0,4674169.0,0.7195959324534479,0
2026-02-12,2698.514404296875,2825.977676593803,2688.603761759382,2815.9690535680857,10612156.0,-5.488348159072753,-0.05644705918521065,2877.128487723214,0.93791932331542,1.051094890510949,2993.398664202009,3053.9359537760415,0,3.0501570561554985,2.6082900381087533,3,2,1,0,0,5566468.428571428,1.9064432208993038,0
2026-02-13,2641.700439453125,2662.110326952746,2536.5113141072056,2536.5113141072056,11168735.0,-2.1053793432892043,-0.021278585288040205,2834.1080147879466,0.9321100062768011,1.0495164410058027,2960.43594796317,3038.3153401692707,0,2.2105544433911444,2.5963937822196614,4,2,1,0,1,5611631.285714285,1.9902831157907,1
2026-02-16,2655.830322265625,2668.7826718221954,2620.898002964758,2649.3540277067937,2918730.0,0.534878315552878,0.005334529219789579,2794.171456473214,0.9504893896589286,1.0182703290258799,2928.7979038783483,3022.417236328125,0,2.303306724554461,2.6220141196267783,0,2,1,1,0,5525514.857142857,0.5282276992209957,1
2026-02-17,2666.427490234375,2708.228504276998,2644.6439610469733,2665.053846962437,4209118.0,0.39901524882470785,0.003982212942797605,2762.74365234375,0.9651374958267785,1.02404276120588,2894.966047014509,3007.983854166667,0,2.393401444239468,2.5676755220704233,1,2,1,0,0,5457190.428571428,0.7712976219343429,0
2026-02-18,2644.349609375,2678.7913077273606,2607.4550449905755,2678.7913077273606,2950820.0,-0.827994796042042,-0.008314417130021803,2727.2366768973216,0.9696076735017295,1.0273585781944106,2863.461164202009,2991.5392171223957,0,2.328444791388791,2.562549626930487,2,2,1,0,0,5538690.714285715,0.5327648991825943,0
2026-02-19,2627.66845703125,2697.140454434555,2616.5806115438327,2657.2039438116426,3238849.0,-0.6308225011023683,-0.006328205936188727,2684.244210379464,0.9789230230507916,1.0307882136462023,2832.20157296317,2973.260001627604,0,2.091158624339003,2.5628173493201603,3,2,1,0,0,5494560.142857143,0.5894646551845395,1
2026-02-20,2635.81298828125,2651.905505554349,2597.838959616639,2616.973184248376,2293482.0,0.3099527730831664,0.003094734097533193,2652.9005301339284,0.9935589210154759,1.0208121237606231,2798.3206787109375,2958.198046875,0,2.1396516181710017,2.4929824007605337,4,2,1,0,1,5341698.571428572,0.42935444022754665,0
2026-02-23,2626.0986328125,2653.2789947204583,2610.3005370564806,2635.616634548502,4699596.0,-0.36855253054521864,-0.0036923335870512617,2642.555419921875,0.9937723966031858,1.016464946106337,2759.841953822545,2942.6869954427084,0,0.927403073757512,2.3639938913007996,0,2,1,1,0,4497047.142857143,1.0450404122324077,0
2026-02-24,2525.423095703125,2597.8388206557183,2513.255787797201,2591.460746119642,7798833.0,-3.8336540696323196,-0.03909072392642306,2625.9443708147323,0.961719952551615,1.0336547649742616,2730.026192801339,2922.798551432292,0,1.5094300536563479,1.8746686242475743,1,2,1,0,0,4015632.5714285714,1.9421181747277105,1
2026-02-25,2579.980224609375,2604.413060135397,2546.3235684513456,2547.304810674256,3621285.0,2.1603163841764195,0.021373122679090955,2615.108642578125,0.9865671286474285,1.0228130833032272,2704.64004952567,2903.8163492838544,0,1.8131508639491063,2.057608723117666,2,2,1,0,0,4115997.5714285714,0.8798073704263951,1
2026-02-26,2598.03515625,2620.898149456997,2585.573427113137,2600.292061423079,3464267.0,0.6998089159136356,0.0069737161766669385,2605.338309151786,0.9971968504527293,1.0136622390891838,2684.0409807477677,2887.8613525390624,0,1.8385961781603748,2.086517478046771,3,2,1,0,0,4009590.285714286,0.8639952596510395,0
2026-02-27,2587.92822265625,2638.168017666852,2576.8403768444346,2631.299321894741,5083717.0,-0.3890222027764345,-0.003897808623563562,2597.2781110491073,0.9964001204364362,1.0237995497794545,2662.257393973214,2871.5694580078125,0,1.827259627009637,2.071356195286897,4,2,1,0,1,4314289.857142857,1.178343868477742,0
2026-03-02,2564.4765625,2574.5834053591284,2531.8993684474203,2543.37985460111,3374385.0,-0.9061943817042617,-0.00910325298016622,2588.2506975446427,0.9908145933980831,1.0168585045059995,2636.2474539620534,2852.167032877604,0,1.83866982683024,1.989195134291755,0,3,1,1,0,4333652.142857143,0.7786469446011637,0
2026-03-04,2539.2587890625,2585.5733762002424,2531.997452542583,2575.760953520165,3446434.0,-0.9833497332849994,-0.009882165482658235,2574.4572405133927,0.9863278166376251,1.021159548799648,2613.678885323661,2833.3337239583334,0,1.8283056863702885,1.9370418581908928,2,3,1,0,0,4498359.571428572,0.766153515581569,0
2026-03-05,2530.427490234375,2560.551578540278,2498.635098502049,2551.229777430436,2960636.0,-0.34779042081746203,-0.0034839661763929114,2560.7899344308034,0.9881433288267055,1.0247801209849923,2601.672677176339,2816.211043294271,0,1.8286039082845436,1.3945633478267874,3,3,1,0,0,4249936.714285715,0.6966306086507439,0
2026-03-06,2509.625244140625,2570.069622274581,2505.700275187988,2523.7550365456814,3998643.0,-0.822084259439626,-0.008254820064633323,2558.5330984933034,0.9808844160032638,1.0256891647113555,2592.2387346540177,2797.7309814453124,0,1.143353130278846,1.3173682606514698,4,3,1,0,1,3707052.4285714286,1.0786583349027357,0
2026-03-09,2479.99169921875,2511.9802941008847,2458.0119674698108,2482.54302502939,3653428.0,-1.1807956184319623,-0.011878223791240462,2544.2490234375,0.9747440900529726,1.0219560878243514,2579.6788330078125,2777.353857421875,0,0.6343662224876758,1.3077306185666702,0,3,1,1,0,3711644.285714286,0.9843152303311085,0
2026-03-10,2465.9599609375,2497.45769299971,2443.39138949283,2493.3365235176843,4323710.0,-0.5657977922131852,-0.005674044912327482,2525.3811383928573,0.9764704121084975,1.0221275657020723,2565.3597237723216,2756.113240559896,0,0.31496194344947037,1.2830286913937243,1,3,1,0,0,3834421.8571428573,1.1276041502699252,0
2026-03-11,2418.6640625,2473.711851651557,2413.954291083466,2461.053921737681,2720664.0,-1.9179507853614663,-0.019365820720750805,2501.2005440848216,0.9670012539458241,1.0247550505777263,2549.239327566964,2733.4432779947915,0,0.5031691439011095,1.3333430483587037,2,3,1,0,0,3496842.8571428573,0.7780343902050421,0
2026-03-12,2396.5859375,2426.513825649523,2390.3060830242093,2413.6596961154,2752075.0,-0.9128231300207679,-0.00917014888749043,2477.2161690848216,0.9674512734935807,1.0151477431624587,2532.7334333147323,2708.660359700521,0,0.503055986602407,1.3355359333334917,3,3,1,0,0,3407941.4285714286,0.8075476230099528,0
2026-03-13,2365.284423828125,2400.0203033629555,2352.037653563997,2391.287343235487,2466488.0,-1.306087680065715,-0.013146920073612877,2452.3626883370534,0.9644920937171915,1.020400459884752,2513.4099644252233,2684.655908203125,0,0.5198985131840225,1.316161131365749,4,3,1,0,1,3267949.1428571427,0.7547510356429747,0
2026-03-16,2364.0087890625,2379.5124645789865,2321.7173916761253,2364.793830777467,3807907.0,-0.05393155904525049,-0.0005394610734153957,2428.5885881696427,0.9734085059026755,1.024893242007003,2494.6892613002233,2661.279443359375,0,0.5892900162832918,1.3260525519011646,0,3,1,1,0,3388987.8571428573,1.1236118748475894,0
2026-03-17,2346.837158203125,2374.606363172278,2315.7318252423875,2374.606363172278,2993367.0,-0.7263776234175845,-0.007290285908335549,2405.3331473214284,0.9756807121776688,1.025423728813559,2481.933122907366,2635.835831705729,0,0.5942650623359597,0.9844541392833012,1,3,1,0,0,3245377.0,0.9223480045615656,1
2026-03-18,2395.01611328125,2436.326267951688,2364.793804301608,2364.793804301608,3082388.0,2.052931321192042,0.020321427217715217,2393.193777901786,1.00076146586887,1.0302489221343363,2468.7214006696427,2610.1763427734377,0,1.2650492099588462,0.9621463856851198,2,3,1,0,0,3163799.8571428573,0.9742676968143054,0
2026-03-19,2311.806640625,2378.5311107279285,2306.115387909886,2371.6624152761565,2757060.0,-3.474276110078034,-0.03536064435882141,2371.171875,0.97496375737208,1.031401604272575,2448.2765066964284,2589.1417724609373,0,1.6977318659385219,1.176120201051124,3,3,1,0,0,2939992.714285714,0.9377778341433208,1
2026-03-20,2345.7578125,2362.6351312433567,2319.8528734315287,2341.2440023374425,4206320.0,1.4685991154442357,0.014579196308753225,2360.7566964285716,0.9936465778319035,1.018441797883736,2430.9786202566966,2569.4874918619794,0,1.8378736539247467,1.324387686126237,4,3,1,0,1,3152229.285714286,1.3343953179620498,0
2026-03-23,2339.085205078125,2361.6537756859007,2303.956686393805,2320.6378037995523,3860515.0,-0.284454234206033,-0.0028485957411633358,2352.542306082589,0.994279762378908,1.0250426102334433,2414.879237583705,2551.242928059896,0,1.8251902588538114,1.3270431653683392,0,3,1,1,0,3310577.8571428573,1.1661151516707593,1
2026-03-24,2353.803955078125,2389.7172776589064,2334.47353068287,2359.0045869106293,3420182.0,0.6292524089351659,0.006272808822282005,2350.9022391183034,1.0012342988625975,1.0236643278452064,2401.6324637276784,2533.2731119791665,0,1.7994339841913702,1.3650198180586561,1,3,1,0,0,3446819.8571428573,0.9922717582447323,0
2026-03-25,2332.80517578125,2376.1762738846405,2325.3478785890734,2355.864368126978,5843778.0,-0.8921209963800081,-0.008961242226072468,2346.444580078125,0.9941872037325421,1.0218584048277575,2387.516584123884,2513.4127604166665,0,1.8269920885495714,1.3671339212090552,2,3,1,0,0,3737658.5714285714,1.5634863078909982,1
2026-03-27,2344.97265625,2376.666827205697,2340.262645780238,2358.808027526138,4979411.0,0.521581510323732,0.005202259853661801,2346.17822265625,0.9994861573623827,1.0155555965015721,2375.755684988839,2496.4045572916666,0,1.8251318990868757,1.3949881917165239,4,3,1,0,1,4021379.1428571427,1.2382346511257296,0
2026-03-30,2314.652099609375,2353.0187649541185,2302.1903717438945,2330.548414691208,6804756.0,-1.293002566994217,-0.013014346083887702,2334.6976492745534,0.9914140703951936,1.02207827546934,2363.94571358817,2483.6091471354166,0,1.6261000667024528,1.399673103485238,0,3,1,1,0,4553146.0,1.4945174171880278,1
2026-04-01,2363.02734375,2425.6306420517385,2352.9205014959025,2383.437228779803,4132661.0,2.089957456189162,0.020684174464262767,2342.014892578125,1.0089719545501028,1.0309020812686231,2356.5933837890625,2474.3200439453126,0,1.226423050289496,1.5584683637690546,2,4,2,0,0,4749660.428571428,0.8700960967946492,1
2026-04-02,2404.730224609375,2423.570027038862,2331.1370592120925,2341.24390183887,5378361.0,1.7648073759990668,0.017494154783426856,2350.439522879464,1.0230981062058557,1.0396514514071562,2355.5981096540177,2465.9500406901043,0,1.2767374486591856,1.573783143931016,3,4,2,0,0,4917094.857142857,1.0938086728563068,1
2026-04-06,2427.4951171875,2435.4432752720936,2402.27723916318,2427.593337237373,2572417.0,0.9466713706658192,0.009422185177759425,2363.069510323661,1.0272635259277731,1.0138060818161299,2357.805908203125,2457.985628255208,0,1.2574480385947882,1.5719847092696182,0,4,2,1,0,4733080.857142857,0.5434973704533013,1
2026-04-07,2492.1591796875,2496.182129281132,2402.0810908677395,2414.837240451596,4516550.0,2.663818437456622,0.026289565440237722,2382.834542410714,1.0458800790952871,1.039174796709048,2366.868390764509,2452.9126139322916,0,1.4947582118148472,1.6541422541794137,1,4,2,0,0,4889704.857142857,0.9236856072002476,1
2026-04-08,2511.195068359375,2531.899375247164,2492.453485493659,2523.755016821873,4769337.0,0.76383117206269,0.00760928752121577,2408.3188127790177,1.0427170418777096,1.0158261287454646,2377.3816964285716,2449.030167643229,0,1.2946474179191765,1.651823487990472,2,4,2,0,0,4736213.285714285,1.0069937125478754,1
2026-04-09,2540.436279296875,2556.136155878084,2483.622446743067,2506.0927992754805,5628261.0,1.164434069895015,0.011577067097977458,2436.2421875,1.0427683636427771,1.0291967521996384,2391.210205078125,2445.8509440104167,0,1.2722505386910157,1.6257668564019974,3,4,2,0,0,4828906.142857143,1.1655353890705151,0
2026-04-10,2476.94970703125,2517.671257898199,2454.184936145557,2517.671257898199,10480239.0,-2.499042104815019,-0.025307983466550804,2459.427559988839,1.0071244818621494,1.0258685972754569,2397.0626046316966,2440.8793131510415,1,1.676732563572983,1.7583382280807418,4,4,2,0,1,5353975.142857143,1.9574687443183072,0
2026-04-13,2426.2197265625,2457.913660155405,2423.6684008424363,2443.195026142192,3739587.0,-2.04808278200983,-0.020693468353772917,2468.4550432477677,0.9828899793817195,1.014129515118927,2405.2349679129466,2437.5725341796874,1,1.9322024817383912,1.5552438331206824,0,4,2,1,0,5297821.714285715,0.7058725645515979,1
2026-04-15,2506.975830078125,2510.9990192902537,2446.629429262826,2454.9699887251027,5261384.0,3.328474442421636,0.0327428001924924,2483.0615583147323,1.0096309621013275,1.0263094971627242,2416.7505405970983,2435.139054361979,1,2.1902766375530254,1.7274163780741751,2,4,2,0,0,5281110.714285715,0.9962646656446053,1
2026-04-16,2528.56298828125,2545.342326116709,2510.0176060935014,2523.754997213638,3905403.0,0.8610836189215432,0.008573974395372826,2497.499825613839,1.0124377036381877,1.0140734949179044,2430.28466796875,2432.8233154296877,1,2.188368670947516,1.715010665093337,3,4,2,0,0,5471537.285714285,0.7137670449942235,1
2026-04-17,2533.07666015625,2540.435976426315,2507.956764796665,2521.7923752088177,2718206.0,0.17850739316833675,0.0017834825807172192,2503.3451799665177,1.0118767001960673,1.0129504671234966,2443.089861188616,2430.9949300130206,1,1.9914052112878948,1.7180722404801612,4,4,2,0,1,5214631.0,0.5212652630646348,0
2026-04-20,2531.212646484375,2545.342439297516,2513.15764504414,2538.571963483115,2288558.0,-0.07358694275600985,-0.0007361403123660245,2506.204833984375,1.0099783593746576,1.012806516263253,2457.2618233816966,2429.8861328125,1,1.980508478889517,1.679096878062129,0,4,2,1,0,4860234.0,0.4708740361060805,1
2026-04-21,2561.532958984375,2564.9673069470045,2511.9802240950007,2511.9802240950007,2719959.0,1.1978571828847429,0.011907396558933187,2509.2186453683034,1.0208488461986511,1.02109375,2472.7304164341517,2430.6286051432294,1,1.983455380135143,1.6864466385699008,1,4,2,0,0,4444762.285714285,0.6119470120465386,0
2026-04-22,2490.883544921875,2531.6050998221144,2456.638284938645,2531.6050998221144,5232045.0,-2.7580911584488055,-0.027968406523550492,2511.2091936383927,0.9919060312585632,1.030516016681447,2485.318376813616,2429.3104736328123,1,2.0423352272786013,1.8532399169693832,2,4,2,0,0,3695020.285714286,1.4159719285515617,0
2026-04-23,2474.496826171875,2511.4896121641627,2469.099993639388,2481.5617226658205,2509050.0,-0.6578677186015902,-0.006600412059696442,2518.1059221540177,0.9826817864973532,1.0171680444834046,2493.2804827008927,2428.1395263671875,1,1.858148712724956,1.8218708238551902,3,4,2,0,0,3519229.285714286,0.7129543989034937,0
2026-04-24,2351.939453125,2458.0118361710306,2343.991534636913,2441.3307179215667,5107719.0,-4.952819973363032,-0.050796785809000794,2495.9578683035716,0.9422993404626431,1.0486436490274182,2489.5097133091517,2423.8711181640624,1,2.2092135108413395,2.252864749618659,4,4,2,0,1,3497277.1428571427,1.460484483030472,1
2026-04-27,2401.6884765625,2412.874541687738,2351.9393059532576,2351.9393059532576,5853425.0,2.115234019795831,0.020931734906316793,2477.832938058036,0.9692697355313983,1.0259085068990685,2487.6663818359375,2421.7287353515626,1,2.415753744194324,2.3167505484465414,0,4,2,1,0,3775566.0,1.5503437100556579,0
2026-04-28,2398.8427734375,2440.349366669426,2381.867235359066,2398.155951805419,4508363.0,-0.1184876037325644,-0.0011855785579256031,2458.656668526786,0.9756721237841126,1.0245530609104432,2481.0009242466517,2421.0680257161457,1,2.4001621332311247,2.1813158792970606,1,4,2,0,0,4031302.714285714,1.1183389885417756,1
2026-04-29,2428.280029296875,2441.2323784506298,2401.688509360205,2405.024637022461,2835961.0,1.2271440290016145,0.012196756530733932,2443.9520089285716,0.993587443790041,1.0164650282233973,2475.0784214564733,2422.1244954427084,1,2.50910680250507,2.201301696452902,2,4,2,0,0,4109503.1428571427,0.6900982677016012,0
2026-04-30,2427.4951171875,2444.2744555611544,2392.26861608113,2432.499548509073,3970446.0,-0.032323788850752155,-0.00032329014113412745,2424.8037458147323,1.0011099336915052,1.0217391304347825,2467.0111955915177,2424.1981852213544,1,2.4061168186635777,2.166500074408754,3,4,2,0,0,4288144.142857143,0.9259124385111122,0
2026-05-01,2427.4951171875,2427.4951171875,2427.4951171875,2427.4951171875,0.0,0.0,0.0,2415.7482561383927,1.0048626180394662,1.0,2463.4787248883927,2426.3143961588544,0,2.240624029480042,2.0724928397111615,4,5,2,0,1,3540709.1428571427,0.0,0
2026-05-04,2385.6943359375,2451.4375668418284,2379.512461835769,2447.2181772447047,2632358.0,-1.7219717952895564,-0.017369701573512697,2403.062186104911,0.9927726172598296,1.0302268242590207,2460.584054129464,2427.6096354166666,0,2.3006350140163336,2.050921495584494,0,5,2,1,0,3558324.5714285714,0.7397745616396031,0
2026-05-05,2381.76953125,2414.248508305356,2366.952676393544,2384.418837601779,3385720.0,-0.1645141470295597,-0.0016464962015444895,2407.3236258370534,0.9893848528246102,1.0199817395520874,2451.6407470703125,2427.1680826822917,0,1.2072084846819326,1.7986412977230677,1,5,2,0,0,3312324.714285714,1.0221582399206635,1
2026-05-06,2389.71728515625,2424.6496051586114,2361.3594798924314,2396.0953597954776,3147628.0,0.3336911402203935,0.0033313562679144646,2405.613455636161,0.9933920512280694,1.0268024101392064,2441.7231968470983,2429.765104166667,0,0.8748463929779409,1.7767145937687456,2,5,2,0,0,2925782.285714286,1.0758244095498561,0
2026-05-07,2356.35498046875,2393.9366055534624,2353.018852732181,2392.4647422177254,5829594.0,-1.3960774730437886,-0.014059142950141958,2399.543770926339,0.9820012491620788,1.0173894708806817,2429.1002197265625,2430.118343098958,0,1.009953199272295,1.7879201558618198,3,5,2,0,0,3114529.5714285714,1.871741419146675,0
2026-05-08,2349.486083984375,2361.8498307717123,2330.5483023329007,2353.018651512491,3792199.0,-0.2915051654487355,-0.002919308692564927,2388.2874930245534,0.9837534596846044,1.0134309717620864,2416.1197509765625,2430.4650390625,0,0.7755183255564735,1.7848670233815311,4,5,2,0,1,3251135.0,1.1664231106982639,0
2026-05-11,2348.014404296875,2369.699953108347,2326.5252955775945,2326.5252955775945,1975188.0,-0.06263836579122328,-0.0006265799181160849,2376.93310546875,0.9878336074728649,1.0185575706452974,2400.868425641741,2430.2720540364585,0,0.7727627517440343,1.7224817372600152,0,5,2,1,0,2966098.1428571427,0.6659213231890458,0
2026-05-12,2257.151611328125,2330.450360002076,2240.176072372522,2330.450360002076,6347884.0,-3.8697715313190106,-0.03946636724949595,2352.598318917411,0.9594292375278041,1.0402978537012704,2384.1732875279017,2427.7502685546874,0,1.4586994575881778,1.8502244530169527,1,5,2,0,0,3872938.714285714,1.639035489145544,0
2026-05-13,2230.167236328125,2265.8843552424923,2226.438468195925,2262.7444282326155,3171843.0,-1.1955056481173676,-0.012027092877355613,2330.3801618303573,0.9569971770513521,1.0177170344521267,2366.721173967634,2423.9234212239585,0,1.4300465658287758,1.8551878066778265,2,5,2,0,0,3950008.0,0.8029966015258704,0
2026-05-14,2203.8701171875,2222.513720137884,2165.012827845418,2222.513720137884,5633313.0,-1.1791545814260118,-0.011861617470733585,2304.9659598214284,0.9561399845393983,1.0265591462336459,2356.144792829241,2420.2306884765626,0,1.3880272939181555,1.4154632122066917,3,5,2,0,0,4271092.714285715,1.3189395259807886,1
2026-05-15,2221.532470703125,2261.665183205434,2209.7575636145925,2209.7575636145925,3410637.0,0.8014244295923012,0.007982300795287127,2280.9395577566966,0.973954992866186,1.0234901875416298,2343.2765066964284,2415.514192708333,0,1.4766624915825455,1.2678821293848073,4,5,2,0,1,4308665.428571428,0.7915761983707386,1
2026-05-18,2240.3720703125,2249.8900714309348,2209.953563101145,2221.5322685970373,3773336.0,0.8480452056328636,0.008444695037687635,2264.3705705915177,0.989401690434111,1.0180711979638832,2331.9571707589284,2410.0355875651044,0,1.6199814401849906,1.3183684878027813,0,5,2,1,0,4014914.285714286,0.9398297775437298,1
2026-05-19,2283.448974609375,2333.0017090765828,2254.0117066090534,2256.857213357978,10394707.0,1.9227567093740072,0.019045053246409906,2254.936697823661,1.0126443801341443,1.0350441846579237,2321.6120954241073,2405.2340494791665,0,1.9056349860301487,1.3982930213500075,1,5,2,0,0,4958129.714285715,2.0964975906237453,1
2026-05-20,2283.7431640625,2298.0693970332622,2274.3233820043192,2280.308816116464,2537422.0,0.012883557127674194,0.0001288272726872902,2245.7550920758927,1.016915500768827,1.0104409140832102,2311.3440987723216,2398.2868489583334,0,1.908014126615131,1.3993316238864422,2,5,2,0,0,5038448.857142857,0.503611740824316,0
2026-05-21,2283.546875,2292.083634508432,2270.594525446405,2287.275643394801,3299087.0,-0.008595058568272584,-8.59542796459825e-05,2249.5258440290177,1.0151236453056476,1.0094640891718887,2301.062081473214,2390.6985758463543,0,1.1307802356950873,1.3991322741223327,3,5,2,0,0,4602906.428571428,0.7167399666266765,0
2026-05-22,2273.83251953125,2296.1066687906364,2264.805139514887,2287.373709336333,2617262.0,-0.42540644009113615,-0.004263138677055616,2255.763741629464,1.0080100489108552,1.0138208487474796,2293.071951729911,2381.8117838541666,0,1.0061938700125868,1.3487911642834345,4,5,2,0,1,4523680.571428572,0.5785691448973093,1
2026-05-25,2295.61328125,2313.415817804508,2280.496215777924,2312.3217190072714,3298364.0,0.9578876866111585,0.009533290305937294,2268.8699079241073,1.011787089789719,1.0144352802687526,2286.9179338727677,2375.767236328125,0,0.7900670922787196,1.3922889487042933,0,5,2,1,0,4190116.4285714286,0.7871771718583339,0
2026-05-26,2263.78759765625,2315.205623652634,2260.008270887014,2295.613098349941,3587597.0,-1.3863695533430809,-0.013960694109638927,2274.9063546316966,0.9951124331105723,1.024423518036045,2277.9229561941966,2370.35283203125,0,1.0731313739011243,1.412216828178882,1,5,2,0,0,4215396.428571428,0.8510698959850413,1
2026-05-27,2271.744140625,2283.0821217701528,2248.571147658945,2262.594357061604,2653950.0,0.35147038427931765,0.0035085417057453346,2279.3880789620534,0.9966464954311184,1.015347957367121,2271.879324776786,2362.5117757161456,0,1.0449375655946447,1.3922630793622388,2,5,2,0,0,4055484.1428571427,0.6544101533905288,0
2026-05-28,2271.744140625,2271.744140625,2271.744140625,2271.744140625,0.0,0.0,0.0,2277.7159598214284,0.9973781545628294,1.0,2266.326328822545,2353.9511474609376,0,0.7198221689575355,1.3938016991477913,3,5,2,0,0,2570526.0,0.0,0
2026-05-29,2246.58203125,2321.2726050840133,2222.81245602518,2278.507085795833,16331582.0,-1.107611941196751,-0.011137916359852255,2272.4072265625,0.9886353136838215,1.0442953020134227,2259.0811593191966,2344.401326497396,0,0.8161567889510339,1.4119582580323287,4,5,2,0,1,4541120.285714285,3.596377319353733,1
2026-06-01,2284.8720703125,2322.267132829976,2267.5670504720965,2271.5452382799426,7505095.0,1.7043686155183702,0.016900072048646506,2272.5965401785716,1.0054015439682769,1.0241228070175439,2261.061192103795,2336.189973958333,0,1.101096167365933,1.0753916616628174,0,6,2,1,0,5141978.571428572,1.4595733715620862,1
2026-06-02,2433.556884765625,2443.9996279549005,2303.569644295269,2307.34897134468,11306127.0,6.507358393714768,0.06304388967331427,2295.414306640625,1.060181980100653,1.0609619005908515,2275.589024135045,2331.924104817708,0,2.6578869592551895,1.9667634361162618,1,6,2,0,0,6383245.0,1.7712193406331733,0
2026-06-03,2229.475830078125,2379.9508308808004,2212.6680838914085,2379.9508308808004,15660062.0,-8.386122221554515,-0.08758742165209774,2285.9660993303573,0.9752882296597573,1.0756022777240013,2277.4180036272323,2323.210514322917,0,4.436273262390507,3.098111127129303,2,6,2,0,0,8149201.857142857,1.9216681921155012,0
2026-06-04,2228.77978515625,2240.8139007540485,2204.5129359355733,2229.4759194813155,4867263.0,-0.03122011517167067,-0.0003122498966420185,2280.9649832589284,0.9771214383010305,1.0164666599259802,2277.9356689453125,2315.0199462890623,0,4.412044167644241,3.0921755259056583,3,6,2,0,0,8332011.285714285,0.584164235152346,0
2026-06-05,2186.9091796875,2259.4117976453776,2180.0469028924485,2250.560184151513,5019717.0,-1.8786335800248022,-0.01896504068605294,2268.845703125,0.9638862513547551,1.0364051317646557,2274.1168910435267,2309.518937174479,0,4.451203011466684,3.124997226351228,4,6,2,0,1,8669978.0,0.5789769016714922,0
2026-06-08,2139.668212890625,2165.128711955583,2131.612528274496,2158.166883299777,6536734.0,-2.160170492476765,-0.021838437174846084,2249.977713448661,0.9509730696892288,1.0157233940204968,2263.846836635045,2300.7849283854166,0,4.489041785988187,3.1095476272251172,0,6,2,1,0,9603797.142857144,0.6806405740110533,0
2026-06-09,2139.2705078125,2162.145087858845,2121.169801728995,2162.145087858845,4148655.0,-0.01858723122253325,-0.0001858895886243945,2234.6474958147323,0.957319000790566,1.0193173059961773,2253.527361188616,2292.13251953125,0,4.494040078169377,3.1092236384801666,1,6,2,0,0,7863379.0,0.5275918914756621,1
2026-06-10,2142.154541015625,2168.907999188303,2133.1043096144995,2139.568864676436,2848650.0,0.13481386260374428,0.0013472307030723402,2214.25927734375,0.9674361819024994,1.0167847814157172,2243.427908761161,2282.595003255208,0,4.397499861810359,3.110919478924012,2,6,2,0,0,7198172.571428572,0.3957462775075769,0
2026-06-11,2123.95458984375,2142.850982127736,2098.494090484758,2115.4013888441136,3079815.0,-0.8496096254216212,-0.00853239381795066,2170.0303780691966,0.978767215108554,1.0211374870408767,2232.722342354911,2272.476985677083,0,3.011423333122887,3.113147474541313,3,6,2,0,0,6022985.142857143,0.5113436156575041,1
2026-06-12,2149.61376953125,2156.177876796519,2126.3414670622496,2138.276030955957,2124656.0,1.2080851356331301,0.012008460318622589,2158.621512276786,0.995827085621863,1.0140318054256314,2222.2938058035716,2263.2142740885415,0,1.1937184038090887,3.122494608871312,4,6,2,0,1,4089355.714285714,0.519557639013341,1
2026-06-15,2150.21044921875,2180.046856932239,2147.525221086398,2180.046856932239,3337083.0,0.027757530025041,0.00027753678335415,2147.3973214285716,1.0013100173694485,1.0151437736453632,2214.18115234375,2255.364811197917,0,1.1978915181270284,3.1117634291536533,0,6,2,1,0,3870758.5714285714,0.8621263606137003,1
2026-06-16,2187.0087890625,2196.954258771743,2148.818282502735,2155.183285992923,3079898.0,1.711383174475789,0.016969039755409365,2147.411551339286,1.018439519755083,1.022401138644885,2208.1286272321427,2248.8727864583334,0,1.2777163449250464,3.155300737645281,1,6,2,0,0,3593641.5714285714,0.8570409538020943,1
2026-06-17,2210.8779296875,2218.8343055028395,2188.6994835403766,2196.954272010656,2865010.0,1.091405793354494,0.010854929435465663,2157.5843680245534,1.0247005690497013,1.013768368928254,2203.7810407366073,2242.911474609375,0,0.8906859707563913,3.174687991652717,2,6,2,0,0,3069109.5714285714,0.9334987667665545,0
2026-06-18,2191.285400390625,2201.927004470057,2170.101501243751,2196.9542695909468,3735188.0,-0.8861877462246093,-0.008901377434085941,2165.015066964286,1.012134018754509,1.0146654445462877,2199.831281389509,2237.4091552734376,0,1.0211679329013403,3.170078090824457,3,6,2,0,0,3010042.8571428573,1.2409085774763529,0
2026-06-19,2113.412353515625,2126.341464384191,2048.667247350076,2093.521413717831,13286502.0,-3.553761041857817,-0.03618444212821572,2160.9090401785716,0.9780200435188047,1.0379145110727892,2187.584158761161,2229.540030924479,0,1.8024555717858648,3.2465424295820204,4,6,2,0,1,4501164.571428572,2.9517920949473644,1
2026-06-22,2116.197021484375,2145.237743488044,2109.434053749718,2120.572930884224,4566101.0,0.13176169639199653,0.00131674966844672,2159.8008161272323,0.9798111963301116,1.0169731258840171,2164.915597098214,2221.812784830729,0,1.779595765857965,2.5621063402331594,0,6,2,1,0,4713491.142857143,0.9687301538519917,0
2026-06-23,2048.368896484375,2102.4721508294924,2043.7938836114508,2099.4885101234904,6392736.0,-3.205189512667539,-0.03257680381071635,2145.3372628348216,0.9548004092268859,1.0287104622871046,2151.9793875558034,2214.8533610026043,0,2.0286784282068475,1.6011408301742271,1,6,2,0,0,5323216.857142857,1.2009159445424487,1
2026-06-24,2097.49951171875,2109.1356624395376,2049.761258251466,2049.761258251466,4747277.0,2.398523787326501,0.023702110374012864,2137.80712890625,0.9811453443846816,1.028966497414787,2142.602225167411,2210.431103515625,0,2.338603565021362,1.787372932002203,2,6,2,0,0,5524673.142857143,0.8592864912085814,0
2026-06-25,2083.27734375,2136.78401555451,2076.61392807904,2121.965363861958,4738903.0,-0.6780534579050257,-0.0068036268481216425,2122.988351004464,0.9812947597024376,1.0289750957854407,2135.199951171875,2206.411344401042,0,2.158365783684942,1.7400647794739077,3,6,2,0,0,5761673.857142857,0.8224872003341688,0
2026-06-26,2083.27734375,2083.27734375,2083.27734375,2083.27734375,0.0,0.0,0.0,2104.759695870536,0.9897934419009051,1.0,2131.172031947545,2201.802840169271,0,2.0462915201441576,1.6593878513421243,4,6,2,0,1,5352386.714285715,0.0,1
2026-06-29,2086.4599609375,2093.521341445675,2059.706744956766,2078.6031371123327,3412470.0,0.15276973068651944,0.0015265315644511647,2089.7846330915177,0.9984090838350652,1.0164171897633993,2127.3998500279017,2196.6724365234377,0,2.0787518027179006,1.6612825686574484,0,6,2,1,0,5306284.142857143,0.643099748925728,0
2026-06-30,2020.422119140625,2092.8251853118586,2007.791421498655,2078.60311543387,6848411.0,-3.165066334040867,-0.03216237182996464,2076.500313895089,0.972993890547855,1.0423518911888432,2118.70467703683,2187.9048746744793,0,1.9925716680822774,1.8398979033044724,1,6,2,0,0,4386556.857142857,1.5612269994513757,0
2026-07-01,1971.788818359375,2040.8104030555385,1966.0205187179013,2028.776408877907,4658295.0,-2.407086139105219,-0.024365299089108935,2055.8705705915177,0.9591016314767565,1.0380412531942493,2107.835693359375,2177.506396484375,0,2.062015284625697,1.9146659669597736,2,7,3,0,0,4399727.428571428,1.0587689977677839,1
2026-07-02,2056.82275390625,2065.5745732846704,1991.580373389582,1997.0503819057585,6040621.0,4.312527526027221,0.042221279314356375,2057.0782645089284,0.9998757895569231,1.0371535092852684,2101.207763671875,2169.94892578125,0,2.6010198195785703,2.275095595605001,3,7,3,0,0,4349425.285714285,1.388831995767454,1
2026-07-03,2082.083984375,2105.05811543188,2073.630335525137,2088.5485393778363,4028819.0,1.2281675910466694,0.01220686801693672,2054.876046316964,1.0132406711863724,1.0151559221372908,2096.3415876116073,2163.557307942708,0,2.4615988322712794,2.3103661945407943,4,7,3,0,1,4246788.428571428,0.9486742906463201,0
2026-07-06,2046.3798828125,2081.5867473982344,2039.418054225884,2078.6031065753987,2567386.0,-1.7148252342576664,-0.017296986427167496,2049.60498046875,0.9984264784253635,1.0206768264530033,2086.2966657366073,2155.2495279947916,0,2.533745820629983,2.2729248344978576,0,7,3,1,0,3936571.714285714,0.6521882964009076,1
2026-07-07,2084.669921875,2111.124724588052,2037.826664240907,2038.8212111731864,4769048.0,1.8711109987005425,0.0185382105983961,2049.8039202008927,1.017009432624507,1.03596874142112,2077.281808035714,2149.2789388020833,0,2.657442684965252,2.322599333709627,1,7,3,0,0,4617864.285714285,1.0327388820744283,0
2026-07-08,2046.2803955078125,2098.1956989000228,2037.627885410664,2082.5813599967723,3666985.0,-1.8415158181329327,-0.018586828024686874,2044.0639822823662,1.0010843169512589,1.0297246685339467,2066.924307686942,2141.7634806315104,0,2.748631723202837,2.3520210282300633,2,7,3,0,0,4654223.571428572,0.7878832943288223,0
2026-07-09,2038.323974609375,2053.7394523387943,2005.006651774823,2046.280350211656,3791498.0,-0.3888235901543191,-0.0038958147426831347,2046.6213902064733,0.9959457984574953,1.0243055555555556,2061.5608520507812,2133.9828084309897,0,2.440082634460944,2.177650648309995,3,7,3,0,0,4217521.714285715,0.898987191259105,1
2026-07-10,2057.717529296875,2121.666943317309,2053.341620075063,2093.7200783959847,6714551.0,0.9514461356034731,0.00946948393415715,2058.8969203404017,0.9994271733412804,1.0332751854704763,2057.3837454659597,2127.687325032552,0,2.168220682120941,2.1992148505676177,4,7,3,0,1,4511272.571428572,1.4883939938645123,1
2026-07-13,2169.604248046875,2192.8765503750355,2053.8390761022306,2063.684994131224,12382622.0,5.437418749512801,0.05294740371448214,2075.008562360491,1.0455880941420184,1.0676963818103362,2066.0434134347097,2123.8450642903645,0,2.5024649070147866,2.4791658719343497,0,7,3,1,0,5417272.714285715,2.285766778428228,1
2026-07-14,2188.60009765625,2215.850586742918,2167.1177865856457,2170.996422535663,9546290.0,0.8755444513198984,0.008717337874394476,2090.2251499720983,1.047064282852718,1.0224873795318954,2072.5505981445312,2115.6798380533855,0,2.4957582346138123,2.419295682850379,1,7,3,0,0,6205482.857142857,1.5383637695512586,1
2026-07-15,2189.199951171875,2202.89990234375,2145.39990234375,2174.10009765625,5426489.0,0.027408091421876613,0.000274043360906604,2110.62801688058,1.037226803426698,1.0268015300724047,2080.1164986746653,2114.3373087565105,0,2.2882196552713974,2.4039608427315065,2,7,3,0,0,6613926.142857143,0.8204641060076635,1
2026-07-16,2201.0,2231.39990234375,2187.800048828125,2206.0,5197595.0,0.5390119263344761,0.005375644560793901,2127.246599469866,1.0346708277961352,1.0199286280933118,2088.5252598353795,2113.4113159179688,1,2.2579568898270557,2.401698501728852,3,7,3,0,0,6675147.142857143,0.778648753168202,1
2026-07-17,2269.0,2275.0,2215.10009765625,2224.800048828125,5615138.0,3.0895047705588263,0.030427403253379958,2159.0636858258927,1.0509185138427513,1.0270416232689117,2101.5638340541295,2116.147676595052,1,2.056703900901444,2.5027007004629,4,7,3,0,1,6953454.714285715,0.8075321161528278,0
2026-07-20,2251.10009765625,2283.39990234375,2245.10009765625,2280.10009765625,2202693.0,-0.7888894818752767,-0.007920176778155921,2189.460274832589,1.0281529761157113,1.017059286010224,2118.0408325195312,2119.8620727539064,1,2.122588170317592,2.2977382753755853,0,7,3,1,0,6726482.571428572,0.32746580052941276,0
2026-07-21,2221.10009765625,2259.89990234375,2218.5,2245.10009765625,2382160.0,-1.3326817421950632,-0.013416416389707538,2212.8006417410716,1.003750656863805,1.0186612135874464,2135.8487810407364,2122.589725748698,1,2.372397365895861,2.1981928496892142,1,7,3,0,0,6107569.571428572,0.3900340343471206,0
2026-07-22,2208.300048828125,2226.800048828125,2201.0,2216.0,1599665.0,-0.5762932000062393,-0.005779601768025776,2218.32861328125,0.9954792250376777,1.011721966755168,2146.6685878208705,2124.7945760091147,1,1.4636201135684757,1.988619639985498,2,7,3,0,0,4567147.142857143,0.35025475421824753,1
2026-07-23,2242.89990234375,2250.0,2193.60009765625,2204.0,2503539.0,1.5668094348857187,0.015546616994655378,2226.0857282366073,1.007553246442338,1.0257111140740787,2158.155439104353,2128.7594197591147,1,1.5335692595221124,1.9998336435722581,3,7,3,0,0,3561039.8571428573,0.703035939060978,1
2026-07-24,2254.300048828125,2264.300048828125,2205.10009765625,2205.10009765625,3211699.0,0.508277095757248,0.005069897281473176,2235.3857421875,1.0084613166683778,1.0268468316856896,2173.0068795340403,2132.2489624023438,1,1.5269072294115553,1.8913936404369516,4,7,3,0,1,3244641.285714286,0.989847171747667,1
2026-07-27,2295.60009765625,2315.0,2272.39990234375,2286.0,4007292.0,1.832056422550954,0.01815476465474669,2248.9000418526784,1.0207657321065722,1.0187467433053101,2188.073320661272,2137.095284016927,1,1.6178831327461862,1.8895771266364143,0,7,3,1,0,3074598.0,1.3033547800395369,1
2026-07-28,2398.0,2417.39990234375,2323.0,2325.0,8247714.0,4.460702996497412,0.04364076681263171,2267.32861328125,1.057632310532016,1.040637065150129,2213.1961495535716,2144.1283243815105,1,2.004385624537346,1.9840466036091537,1,7,3,0,0,3450680.285714286,2.390170435129934,0
