Date,Close,High,Low,Open,Volume,daily_return,log_return,ma_7,price_ma_ratio,high_low_ratio,ma_14,ma_30,ma_crossover,volatility_7,volatility_14,day_of_week,month,quarter,is_monday,is_friday,volume_ma_7,volume_ratio,target
2021-07-28,663.1528930664062,673.1658801980516,656.9298171089981,671.4580955262957,20670342.0,,,,,1.024715064937233,,,0,,,2,7,3,0,0,,,1
2021-07-29,663.5973510742188,669.0717431809376,661.281275286732,668.2763382138219,13702230.0,0.06702195111558673,0.0006699950143617876,,,1.011780868724625,,,0,,,3,7,3,0,0,,,1
2021-07-30,667.4341430664062,669.9140292656406,658.7780162695392,663.9483202569891,11655488.0,0.5781807275114348,0.0057651567765853945,,,1.0169040446418678,,,0,,,4,7,3,0,1,,,0
2021-08-02,665.6560668945312,671.434604155067,662.6615039265599,671.434604155067,13258786.0,-0.2664047367588851,-0.0026676022567763222,,,1.0132391879964697,,,0,,,0,8,3,1,0,,,1
2021-08-03,671.2943725585938,673.7274805415707,659.7372952682458,659.7372952682458,12033120.0,0.8470298618874939,0.008434626931215144,,,1.0212056910738032,,,0,,,1,8,3,0,0,,,1
2021-08-04,685.6119995117188,689.9166447776518,673.7741393555907,674.2420380634766,22053948.0,2.132838816829996,0.02110412132674431,,,1.0239583333333333,,,0,,,2,8,3,0,0,,,1
2021-08-05,694.7593994140625,705.1467852148428,681.915602462393,686.4541971765548,18822408.0,1.3341948374384405,0.013253728399129285,673.0723179408482,1.0322210272137804,1.0340675336780125,,,0,,,3,8,3,0,0,16028046.0,1.174342025222538,1
2021-08-06,698.4089965820312,701.8480405574549,689.6826745211256,694.151129892624,13339270.0,0.525303748469863,0.005239288411868659,678.108904157366,1.0299363307283076,1.01763907734057,,,0,0.8002442011015064,,4,8,3,0,1,14980750.0,0.8904273818066518,1
2021-08-09,703.6729125976562,705.2871403721247,690.6185265864331,698.1049062784269,10998048.0,0.7537010607518324,0.0075087492582949335,683.833984375,1.0290113224495392,1.0212398208576812,,,0,0.7432792203106476,,0,8,3,1,0,14594438.285714285,0.7535780264160903,1
2021-08-10,705.4276123046875,711.0891761612265,696.7012885698742,696.7012885698742,14838346.0,0.24936297470279367,0.0024905258113436957,689.2616228376116,1.0234540687185256,1.0206514439220953,,,0,0.7726550501169526,,1,8,3,0,0,15049132.285714285,0.9859934591767541,0
2021-08-11,699.4852294921875,710.6680212967121,697.6604700186167,708.8198440384862,12585786.0,-0.8423802398499491,-0.00845948314157442,694.0943603515625,1.0077667669535515,1.0186445295915194,,,0,0.9211253111948735,,2,8,3,0,0,14952989.42857143,0.8416902894314702,1
2021-08-12,702.5031127929688,705.4040618582296,696.8415500011622,700.4443471096191,8597674.0,0.43144346349845986,0.004305154145675943,698.552751813616,1.005655064659178,1.0122876023352125,,,0,0.9245307526743543,,3,8,3,0,0,14462211.42857143,0.594492345964083,1
2021-08-13,714.1069946289062,716.3529313032537,702.3159698799373,702.4095267761425,16658428.0,1.6517908069906717,0.016382971314165804,702.6234654017857,1.0163437883768285,1.0199866755496334,,,0,0.8067419323460002,,4,8,3,0,1,13691422.857142856,1.2167053909454888,1
2021-08-16,716.165771484375,718.2245372816506,711.8844867606579,714.0836450209575,6252778.0,0.28830089481739485,0.002878861048252308,705.6815185546875,1.0148569186722651,1.0089060102290504,689.3769182477679,,0,0.7391410845496569,,0,8,3,1,0,11895761.42857143,0.5256307498721333,0
2021-08-17,708.7028198242188,713.0776615079304,704.3279781405072,709.8959273107525,8282666.0,-1.0420704196303587,-0.010475379905567636,707.1520647321429,1.0021929584447486,1.0124227400287622,692.6304844447544,,0,0.9225161033952901,0.8744792944206031,1,8,3,0,0,11173389.42857143,0.7412850015609792,0
2021-08-18,707.9307861328125,732.4252734894459,705.7550455915143,728.377938007942,22985932.0,-0.10893616757412516,-0.0010899554614422994,707.7603323800223,1.0002408354141819,1.0377896382952225,695.7971583775112,,0,0.8954500755483193,0.8820898322926168,2,8,3,0,0,12885944.285714285,1.7837988035911998,1
2021-08-20,708.7495727539062,711.112484091962,695.3209025897706,695.3209025897706,13150406.0,0.1156591346403335,0.0011559230099105456,708.2348981584821,1.000726700416433,1.022711213546687,698.7482604980469,,0,0.8928977146546712,0.8862408942754845,4,8,3,0,1,12644810.0,1.0399844679358567,1
2021-08-23,713.3583374023438,717.3588940823976,705.8953760801488,715.8148055456828,10843054.0,0.6502670090550833,0.006481618941235371,710.2167707170759,1.004423391300794,1.0162396842233277,702.1555655343192,,0,0.8132200585394186,0.8641353866756775,0,8,3,1,0,12395848.285714285,0.874732712927455,1
2021-08-24,729.3839111328125,732.0275503345746,714.6918798434089,715.8850444307441,18381314.0,2.2464970114213667,0.022216349290961113,714.056884765625,1.021464713378148,1.02425614587221,706.3048182896206,,0,1.1051233827858546,0.9805852262271989,1,8,3,0,0,13793511.142857144,1.3326058760258885,0
2021-08-25,728.7055053710938,732.1679674526881,724.3072458142872,726.2256192151633,7727974.0,-0.09301079326867745,-0.0009305407514695989,716.1423863002232,1.017542767068676,1.010852744721011,709.3829258510044,,0,1.005669556556465,0.888924962387058,2,8,3,0,0,12517732.0,0.6173621547417695,0
2021-08-26,727.4889526367188,735.0688890534149,722.1782564719654,725.2430159343049,11119002.0,-0.16694710351549125,-0.0016708661548810527,717.7599836077009,1.0135546272447746,1.0178496547991125,711.7207510811942,,0,1.0206935404555164,0.8629246512534116,3,8,3,0,0,13212906.857142856,0.8415257989947232,0
2021-08-27,724.5177612304688,729.2903625174678,723.0205081501615,726.1788245585184,6382138.0,-0.40841739183545833,-0.004092536935095712,720.0192609514509,1.006247749918625,1.0086717517644799,713.5856628417969,,0,0.9114541803678913,0.8827556864499759,4,8,3,0,1,12941402.857142856,0.49315658205303864,1
2021-08-30,733.7821044921875,734.6009271817212,725.9915800513157,727.8631747702501,9049166.0,1.278690980050623,0.012705847561715883,723.7123064313616,1.0139140898549595,1.011858742397256,715.7363194056919,,0,0.9527556356820018,0.9156022928080363,0,8,3,1,0,10950436.285714285,0.8263749282579139,1
2021-08-31,739.93505859375,740.8474382651433,730.9513687618706,731.5596599538288,12062576.0,0.8385260507028258,0.008350299512216504,728.1673758370536,1.0161606838581159,1.0135386154622505,718.2011369977679,,0,0.9410405623288669,0.9263942217434877,1,8,3,0,0,10795032.0,1.1174191980162727,0
2021-09-01,738.85888671875,747.702184301824,736.7065639444443,736.9405133137502,12422558.0,-0.14544139549831359,-0.0014554726415962611,731.8103114536831,1.0096316971143322,1.0149253731343284,721.0135410853794,,0,0.9839675346020055,0.8749378206756284,2,9,3,0,0,11020675.42857143,1.1272047780115317,1
2021-09-02,743.4910278320312,744.8947239198199,735.185825979282,736.5193258393732,9618524.0,0.6269317722972012,0.006249747303476921,733.8256138392857,1.0131712682283973,1.013206046141607,723.9412493024554,,0,0.6355297775276307,0.8771136057610942,3,9,3,0,0,9768848.285714285,0.9846118722169004,0
2021-09-03,737.4318237304688,747.7021781113503,733.8056085362491,742.1341717446589,10735334.0,-0.8149666740741579,-0.008183056810436722,735.0722307477679,1.0032100151304866,1.01893767152151,725.6073085239956,,0,0.7530630591290755,0.8558511722112251,4,9,3,0,1,10198471.142857144,1.0526415037727364,0
2021-09-06,732.5889892578125,739.724444603404,730.8343690908638,739.2565458922177,7876896.0,-0.6567162301401197,-0.006588820987896926,735.8008074079241,0.9956349352735474,1.0121642822074708,726.7803955078125,,0,0.8104375337420613,0.8878417715086356,0,9,3,1,0,9735313.142857144,0.8091055607984551,1
2021-09-07,734.2500610351562,740.2157696718924,727.6760612202143,731.0917446980607,7245496.0,0.2267399321721486,0.0022648326509256303,737.1911359514509,0.9960104309820563,1.017232542225796,728.6051984514509,,0,0.7786120050659213,0.8170018383220303,1,9,3,0,0,9858650.0,0.7349379478934742,1
2021-09-08,737.5955810546875,739.5139544547029,732.5422518441904,735.5133974033473,6724080.0,0.45563769035505963,0.00454602804194257,737.7359183175223,0.9998097730375459,1.009517133780285,730.7241123744419,709.9349344889323,1,0.636599015782526,0.8114996644813381,2,9,3,0,0,9526494.857142856,0.7058293843467897,0
2021-09-09,733.9458618164062,739.0225510973258,730.3898432533427,736.4725261247671,8250948.0,-0.4948130563719677,-0.00496041309555614,736.8803187779018,0.9960177292204488,1.0118193152926809,732.5238473074777,712.2947001139323,1,0.5659019292253168,0.837945244891252,3,9,3,0,0,8981976.57142857,0.9186116145354962,0
2021-09-13,727.8399047851562,741.1516010354179,726.950885759595,730.8578287988149,8959164.0,-0.8319356166323622,-0.008354155147650196,735.3061785016741,0.9898460342986213,1.0195346282039184,733.5582449776786,714.4361185709636,1,0.6281826052384741,0.876642506991603,0,9,3,1,0,8487206.0,1.055608170698343,0
2021-09-14,724.5645141601562,732.027475160657,723.6520774763231,729.9219311285555,9758506.0,-0.4500152579524741,-0.00451030874713412,732.6023908342634,0.989028323174111,1.0115737907000037,733.2140023367746,716.3404642740885,1,0.5087994239232901,0.6457414211116821,1,9,3,0,0,8507203.42857143,1.1470874162037872,0
2021-09-15,723.7457885742188,727.4889784667846,718.2245606360663,718.2245606360663,14822998.0,-0.11299554007091483,-0.0011305942816295872,730.6472429547991,0.9905543277592203,1.0128990546111563,732.8597368512835,718.2767883300781,1,0.47365997955672007,0.6458768177596279,2,9,3,0,0,9091155.42857143,1.630485598498811,1
2021-09-16,729.8986206054688,731.9340258288291,718.8328610372279,719.5112913673174,10260550.0,0.8501371791566514,0.008465438640819088,730.2629045758929,0.9995011605161079,1.0182256063985404,733.0318559919085,720.2302632649739,1,0.5938232783857214,0.6872064965768329,3,9,3,0,0,9431677.42857143,1.087881776884954,1
2021-09-17,740.2860107421875,743.4911057217695,729.547700275712,734.1331308228171,20498102.0,1.4231277938437703,0.01413096391352986,731.1251831054688,1.0125297662403145,1.0191123972302125,734.1581595284598,722.0527303059896,1,0.8172388196724673,0.7677946662757028,4,9,3,0,1,11324906.857142856,1.8100018179903543,0
2021-09-20,729.8517456054688,740.0753203546,728.9861444695539,731.7935365535188,8781610.0,-1.4094910595781385,-0.014195187223352149,730.0189208984375,0.9997709986848519,1.015211778672577,733.87741960798,723.2224751790365,1,0.9777995271194465,0.8010183192174122,0,9,3,1,0,11618839.714285715,0.7558078272826799,0
2021-09-21,726.1553344726562,733.9692767081914,715.393664819418,730.8577390590561,14774996.0,-0.5064605455928683,-0.005077474038055884,728.905988420759,0.9962263254908055,1.0259655806337933,732.8931535993304,724.1473531087239,1,0.9785005624353177,0.7681243328199755,1,9,3,0,0,12550846.57142857,1.177211108104421,0
2021-09-22,717.6162719726562,725.3132404864232,715.8850694878332,724.7751455141527,10582202.0,-1.1759278069892853,-0.011828965232811085,727.4454694475446,0.9864880628339701,1.0131699505974265,731.3758239746094,724.6121317545573,1,1.0260427928032918,0.8173638954516695,2,9,3,0,0,12782709.142857144,0.8278528347735452,1
2021-09-23,734.6009521484375,735.5367495397094,721.4997886706309,721.4997886706309,13664304.0,2.3668192652728015,0.023392443495483424,728.8792463030134,1.007850005161274,1.019455252918288,730.7408185686384,725.5845764160156,1,1.3960862015247342,1.0521475856377533,3,9,3,0,0,13340680.285714285,1.024258411666777,1
2021-09-24,749.36328125,752.3577876180659,736.9405463365646,738.8121413748796,20806702.0,2.0095711907788916,0.019896458097646997,732.5388881138393,1.0229672354726185,1.0209206039186507,731.5930655343192,727.2471781412761,1,1.5387200525667626,1.1652614325488222,4,9,3,0,1,14195495.142857144,1.46572569611772,1
2021-09-27,760.38232421875,765.2484831349393,752.3812662066539,755.9840640999529,16415462.0,1.470454083414574,0.014597477343784686,736.8937029157366,1.0318751825535675,1.0171019900497513,733.5783037458148,729.1764851888021,1,1.5790256071095052,1.1943753601824867,0,9,3,1,0,15074768.285714285,1.0889362734388583,0
2021-09-28,755.6798095703125,763.6106695972712,740.2157348669626,763.6106695972712,12773790.0,-0.618440815713206,-0.006203610821606417,739.0928170340402,1.022442367391467,1.031605562579014,735.1090000697544,730.562245686849,1,1.5894853693237367,1.2180149859532752,1,9,3,0,0,13971295.142857144,0.9142881793983595,0
2021-09-29,745.7603759765625,751.7260847567792,741.6896798907969,747.2342683926307,16263036.0,-1.3126503405444079,-0.013213417373460887,741.365478515625,1.0059281118264867,1.0135318114005039,735.6921997070312,731.5487325032552,1,1.5724033387723577,1.2809274562298565,2,9,3,0,0,15040070.285714285,1.0813138297264036,1
2021-09-30,746.2750244140625,751.6090811295566,740.7304361257566,742.0873538076034,15975348.0,0.06900989300029359,0.0006898609212297786,744.2397199358259,1.0027347431529348,1.0146863750606747,736.5728541782925,732.8011393229167,1,1.5366876727107524,1.2700709459142765,3,9,3,0,0,15211549.142857144,1.0502117733026233,0
2021-10-01,740.5432739257812,743.4910586790553,732.3784641896735,740.6836663870009,11128596.0,-0.7680480118950173,-0.007710126904971425,747.5150059291294,0.9906734554516633,1.0151732950007986,737.4802376883371,733.8882222493489,1,1.4733434485980301,1.2664719809738134,4,10,4,0,1,15289605.42857143,0.7278537076701914,1
2021-10-04,741.970458984375,749.2696682201581,740.9644652266392,743.4911299550193,7051028.0,0.19272135860850526,0.0019253588925266319,748.5677926199777,0.9911867252363181,1.0112086387178887,738.7235194614956,734.9955851236979,1,1.209865018902668,1.2553880628753722,0,10,4,1,0,14344851.714285715,0.4915371828471423,1
2021-10-05,746.509033203125,747.4682484812844,737.5254001055553,744.8948053722721,10257178.0,0.6116920375728307,0.0060982879616767885,748.1600428989956,0.9977932399470664,1.0134813639968279,740.3494655064175,736.1006083170573,1,0.9359214550853807,1.2574502546766206,1,10,4,0,0,12837776.857142856,0.798983976286593,1
2021-10-06,755.6096801757812,761.2010472242603,742.5552940183129,746.7663826422353,18600830.0,1.2190940186761257,0.01211722914205669,747.4782366071429,1.01087850210268,1.0251102555676985,742.1859697614398,736.9748006184896,1,0.8703551917290415,1.2752161158460673,2,10,4,0,0,13149972.285714285,1.414514768233189,0
2021-10-07,753.5509033203125,761.5987386153337,751.9132577682348,761.084061436561,11265724.0,-0.2724656538266923,-0.002728375171093424,747.1741071428571,1.008534551875519,1.0128811146060206,743.1334620884487,737.8029805501302,1,0.8445651955458394,1.2356556607910945,3,10,4,0,0,12934534.285714285,0.8709802572824423,0
2021-10-08,749.8779296875,758.9317589146212,748.7081828334393,754.2527714983781,7245562.0,-0.48742209937359116,-0.004886138751177303,747.7623291015625,1.0028292419978944,1.0136549543808797,744.5639038085938,738.5492797851563,1,0.6780413951420252,1.1698807100061317,4,10,4,0,1,11646323.714285715,0.6221329732671251,1
2021-10-11,764.4530029296875,769.6934460990624,748.1701035333743,748.5912238329689,13080848.0,1.9436594497802329,0.019250116354628335,750.3591831752232,1.0187827644020093,1.0287679799874923,747.2994515555246,739.8804545084636,1,0.9769892699277701,1.2374060925616015,0,10,4,1,0,11232823.714285715,1.1645200114165417,0
2021-10-12,762.4877319335938,768.079155828651,760.3354092752614,760.3354092752614,8176946.0,-0.25708199046403646,-0.002574130136688802,753.4941057477679,1.011935894544126,1.0101846454326924,750.5045558384487,740.8373087565104,1,0.8953434632581023,1.1714343186216047,1,10,4,0,0,10811159.42857143,0.7563431150955184,1
2021-10-13,767.0731201171875,771.0970374085115,762.6748610290496,765.9501518432847,6225644.0,0.6013720603694983,0.005995710355608843,757.0802001953125,1.0131992884232042,1.011042944785276,752.823996407645,741.7419108072917,1,0.8912568534322051,1.0352213320670667,2,10,4,0,0,10693247.42857143,0.5822033055520272,1
2021-10-14,789.5322265625,790.7487516802391,766.4180208593087,766.4180208593087,14757288.0,2.9278964229487503,0.02885852237417041,763.2263706752232,1.0344666496048927,1.0317460317460316,755.6932067871094,743.4310221354167,1,1.2893957799007598,1.1710751248818014,3,10,4,0,0,11336120.285714285,1.3017935261852374,0
2021-10-18,781.53125,807.125286978139,780.0105791694615,797.7673126363635,28856456.0,-1.013381885288589,-0.010185515548335296,766.9294520786831,1.019039297397877,1.0347619744305887,757.2038443429129,744.6990295410156,1,1.4389719902947102,1.181267069436972,0,10,4,1,0,12801209.714285715,2.2541975832016234,1
2021-10-19,790.1405029296875,791.8951230348935,781.8587188797318,783.9408452246269,8987540.0,1.10158780339078,0.010955645190881005,772.1565377371652,1.0232905690926675,1.012836595554683,759.6653224400112,746.455985514323,1,1.4107842531564747,1.1787527232821546,1,10,4,0,0,12475754.857142856,0.720400497037202,0
2021-10-20,783.1922607421875,794.8429502889365,778.7940013526002,790.327716219395,10908568.0,-0.8793679303538138,-0.008832571875125064,776.9157278878348,1.0080787820725632,1.020607437792873,762.3390284946987,748.1427612304688,1,1.4716783480756686,1.1373984270927697,2,10,4,0,0,12999041.42857143,0.8391824935662838,1
2021-10-21,784.3386840820312,786.9822662811649,777.109614248012,782.2331397429754,9738190.0,0.1463782773794664,0.0014627124881067665,779.7565394810268,1.0058763785476608,1.0127043236271198,765.057861328125,749.8123819986979,1,1.3570367328685844,1.136081983473172,3,10,4,0,0,12521518.857142856,0.7777163546293654,1
2021-10-22,786.4207153320312,799.1709545066842,781.7417284789476,786.1165697632731,12175554.0,0.2654505371536997,0.002650988394667732,783.175537109375,1.0041436154078993,1.0222953763279965,768.3348214285714,751.4398864746094,1,1.3305638616503876,1.089639683195161,4,10,4,0,1,13092748.57142857,0.9299463694407069,0
2021-10-25,775.3081665039062,790.7488240142435,755.0949649733542,790.7488240142435,16426766.0,-1.4130539304821332,-0.014231325948280948,784.3519723074777,0.9884697098714936,1.0472177152474424,770.716086251395,752.8186299641927,1,1.499484278885756,1.1964640033272265,0,10,4,1,0,14550051.714285715,1.1289833412668675,0
2021-10-26,773.3196411132812,783.1922930858217,770.3250777594776,772.0329195806469,12090656.0,-0.2564819353821357,-0.00256811413786992,782.035888671875,0.9888544148870246,1.0167036173400572,772.6311296735491,754.3346211751302,1,0.8725849101357053,1.202722222804811,1,10,4,0,0,14169104.285714285,0.853311243688859,0
2021-10-27,768.6640625,779.0748093238908,766.090619464881,773.3196320532794,13249642.0,-0.6020251349854511,-0.006038446124510377,780.1977190290179,0.9852170081407416,1.0169486344423317,773.5635855538504,755.8046061197916,1,0.8287087439171773,1.18930393423379,2,10,4,0,0,11939559.42857143,1.1097262071742393,0
2021-10-28,745.6433715820312,772.0328702050767,742.6254477542099,772.0328702050767,17797750.0,-2.994896215532228,-0.03040659253418003,773.8409859793527,0.963561487555954,1.039599265739948,772.998761858259,756.5345255533854,1,1.1226873569944744,1.4532604424039728,3,10,4,0,0,13198160.857142856,1.3485022794193209,0
2021-10-29,740.613525390625,749.5737978809885,729.9220503710001,743.9590128781347,12406874.0,-0.6745645952346391,-0.006768500659832096,767.7583095005581,0.9646441024811685,1.0269230769230768,772.3370186941964,756.891689046224,1,1.1235245844418713,1.4582915954103741,4,10,4,0,1,13412204.57142857,0.9250435999484989,1
2021-11-01,751.1177978515625,753.7847975661676,740.9410012363768,741.6194314974399,8122320.0,1.418320365591108,0.014083563066245593,763.012468610491,0.9844109090634,1.0173344386507954,771.384504045759,757.2527486165365,1,1.3749125251044492,1.4081412430330826,0,11,4,1,0,13181366.0,0.6161971376866404,1
2021-11-02,751.7963256835938,758.931781707664,748.6614268671785,751.4454016168362,13237722.0,0.09033574147385703,0.0009029496329924862,758.0661272321429,0.9917292155350068,1.0137182903671988,770.620832170759,757.9842346191406,1,1.3578549473932457,1.408532845027435,1,11,4,0,0,13333104.285714285,0.9928462056794619,0
2021-11-03,739.9583740234375,753.2701262679756,737.1978173950451,751.0241896681732,10207338.0,-1.57462217567933,-0.01587151046288254,753.0161568777902,0.9826593589857436,1.021801894272725,768.684064592634,758.4443359375,0,1.3745906243123764,1.4457488435805639,2,11,4,0,0,12444614.57142857,0.8202213046786435,1
2021-11-04,745.8071899414062,747.6320064902674,744.0057911766709,746.2985064756734,1096808.0,0.7904249919041373,0.007873174977644755,749.0858067103794,0.9956231759571427,1.0048739073762605,765.5608476911273,759.384033203125,0,1.4783736509446777,1.1715301719154338,3,11,4,0,0,10874064.857142856,0.10086458140623823,1
2021-11-08,748.7548828125,750.8370091478968,734.8114789267887,744.9414970446072,18943580.0,0.3952352445576901,0.003944562419855079,746.2416381835938,1.003367869735899,1.0218090363048136,763.2196786063058,759.8558308919271,0,1.5152498661493339,1.1752539974410596,0,11,4,1,0,11687484.57142857,1.6208432091803404,0
2021-11-09,735.65380859375,746.1113342173927,734.1565554425947,746.1113342173927,12695476.0,-1.7497146956209852,-0.01765203138157293,744.8145577566964,0.9877006308918858,1.0162836913818618,759.3277718680246,759.398848470052,0,1.193985975413804,1.1608214081802535,1,11,4,0,0,10958588.285714285,1.1584955716011283,0
2021-11-10,727.699462890625,734.1330701015211,725.2429946828283,733.6651713952741,13714126.0,-1.0812620841765597,-0.010871502051291842,742.9696916852679,0.9794470367155818,1.012258064516129,755.3640005929129,758.3094197591146,0,1.2310215625583543,1.1670971135156534,2,11,4,0,0,11145338.57142857,1.2304808788094241,0
2021-11-11,724.4476318359375,727.5357520533504,718.5052836512886,725.2664546194623,7999404.0,-0.4468645671071858,-0.004478659912673034,739.15966796875,0.9800962677343558,1.0125684091788036,751.0860682896206,757.2683471679687,0,0.9892414930684569,1.1518214275754273,3,11,4,0,0,11127779.142857144,0.7188679697273441,1
2021-11-12,726.6466674804688,729.4774774090271,722.9268957318046,725.2429714067782,14914092.0,0.3035465295066597,0.0030308675720904406,735.5668596540179,0.9878730368878434,1.0090611951442081,746.8164934430804,756.6312235514323,0,1.0138168151930935,1.1539634037004756,4,11,4,0,1,11367260.57142857,1.3120216525594859,1
2021-11-15,728.6353149414062,735.4666251415645,727.3018149519153,730.904612413564,9533594.0,0.2736746138027213,0.002733008066863283,733.9492797851562,0.9927597655722129,1.0112261650140237,743.4827183314732,756.0432332356771,0,0.9174662619444179,1.1457147915020938,0,11,4,1,0,11271011.42857143,0.8458507970130199,0
2021-11-16,724.3072509765625,728.6118965466009,721.3126876112315,727.582542163149,8245406.0,-0.5939959093516856,-0.005957670823328686,730.8778599330357,0.9910099767462169,1.0101193408361389,739.9818333217075,755.5020324707032,0,0.8067921923005192,1.1451897443039056,1,11,4,0,0,12292239.714285715,0.6707814191434461,0
2021-11-17,716.2593383789062,722.4355782478812,715.1831485439678,719.1135089681062,7598878.0,-1.111118601505845,-0.011173376343692821,726.2356392996652,0.9862629973235967,1.010140660778541,736.2386387416294,754.6449951171875,0,0.754082531919644,1.1580414446140062,2,11,4,0,0,10671568.0,0.712067617429791,1
2021-11-18,720.2833251953125,722.2016985884679,713.6625466615229,714.0368884967193,9152874.0,0.5618058433295436,0.005602336001887772,724.0398559570312,0.9948117072136127,1.0119652515980988,734.4272068568638,753.7708048502604,0,0.6846364157728574,0.9368734380047353,3,11,4,0,0,10165482.0,0.9003876058213471,0
2021-11-22,709.0302734375,726.5062782081744,701.403559006971,723.3713798098189,15261272.0,-1.5623090753574154,-0.01574641741809543,721.3728288922991,0.9828901852683422,1.0357892669332092,732.1712602887835,752.2181579589844,0,0.7919546571587678,0.9964921588639654,0,11,4,1,0,10386502.857142856,1.469336908669383,1
2021-11-23,709.1239013671875,714.8556604723817,700.1402120099383,702.7838511021728,11235214.0,0.01320506799147303,0.0001320419619911607,719.1837245396206,0.9860121651405935,1.0210178592944958,729.1716962541852,750.7372578938802,0,0.8033176950642805,0.8724867953109477,1,11,4,0,0,10848761.42857143,1.0356218148931549,1
2021-11-24,710.293701171875,718.8562137965511,708.422106222235,713.0776758128465,30802286.0,0.16496409194952655,0.001648281756462296,716.8475864955357,0.9908573517618986,1.0147286589205375,726.2072230747768,749.417783610026,0,0.787453069051299,0.8759770971362919,2,11,4,0,0,13118503.42857143,2.3480030452951057,1
2021-11-25,713.9900512695312,717.4291526623336,705.1233930948175,708.7730260715878,10251652.0,0.5203974203287887,0.005190480323821762,714.7554059709821,0.9989292075372118,1.017451923575398,724.3523428780692,747.7356852213542,0,0.8232645615791193,0.8382376190096168,3,11,4,0,0,13221083.142857144,0.7754018251930126,0
2021-11-26,697.1222534179688,704.9829169569663,694.8295384670594,701.8480186535953,18624936.0,-2.3624695920580696,-0.02390823361460288,710.8718348911831,0.9806581428629549,1.0146127617319025,720.8748474121094,745.5568359375,0,1.1426660258028036,0.9525038388406489,4,11,4,0,1,14703873.142857144,1.2666687082408374,1
2021-11-29,702.4329223632812,705.4274854622762,684.0678984147324,699.4149985992442,12990996.0,0.7617987977394769,0.007589117636883078,708.8966326032366,0.9908820130570812,1.0312243669042835,717.5661359514509,743.4021626790365,0,1.2040975671308607,0.9828723466785405,0,11,4,1,0,15474175.714285715,0.8395274966411781,0
2021-11-30,698.8302001953125,715.4171880192514,695.554908948658,699.5086305355009,25221542.0,-0.5128919863049197,-0.00514211791972103,705.8319004603794,0.9900802156143693,1.0285560188204488,714.9358782087054,740.3787618001302,0,1.1472673021281854,0.910004195665337,1,11,4,0,0,17769699.714285713,1.419356680502793,1
2021-12-01,704.0237426757812,705.1467109030004,696.7478955371545,699.5085091034117,8677634.0,0.7431765941164681,0.007404286432196341,705.116681780134,0.9984499883032217,1.0120543103461703,713.2447553362165,737.7951782226562,0,1.096258276501372,0.9295424206596714,2,12,4,0,0,16829180.0,0.5156302327267283,1
2021-12-02,713.896484375,715.3235983422754,701.8480921268228,703.9536364032033,11203110.0,1.4023307881202207,0.01392589098095192,705.7984793526786,1.0114735370778194,1.0192000325520834,712.4911019461496,735.2537109375,0,1.2361245810060402,1.023305890334479,3,12,4,0,0,16824593.714285713,0.6658770006723831,0
2021-12-03,708.1880493164062,718.6689337496501,705.1467079850636,713.9198079793211,8124694.0,-0.7996166368001267,-0.008028307156345787,705.4976719447544,1.0038134461368746,1.0191764715221119,711.172629220145,732.7535705566406,0,1.2809479913571973,1.0322877810013378,4,12,4,0,1,13584937.714285715,0.598066341626005,0
2021-12-06,703.6260375976562,710.6445175958379,700.6080569285162,707.9306824832598,7029532.0,-0.6441808391363768,-0.0064626463767841254,704.0170985630581,0.9994445291652717,1.0143253571923248,709.38625226702,730.0631490071614,0,1.2723400855735125,1.0304960473767701,0,12,4,1,0,13124634.857142856,0.5355982910392588,1
2021-12-07,713.8731079101562,716.820892914321,706.4803418484618,708.3752975369557,12427534.0,1.456323354304212,0.014458208102813876,706.4100777762277,1.0105647277250378,1.0146367145033417,708.6409563337054,727.6448954264323,0,0.9755211589026102,1.1188650926877846,1,12,4,0,0,12239291.714285715,1.015380161704502,1
2021-12-08,727.0211181640625,727.6059916156952,717.7566998435823,718.6924973661944,15295534.0,1.8417853408705387,0.018250298948623123,709.9226771763393,1.0240849342293599,1.0137223264850879,709.4096548897879,726.0353271484375,0,1.1263774471800438,1.1892549015369227,2,12,4,0,0,12568511.42857143,1.2169725975050119,0
2021-12-09,714.4111328125,727.4421004421224,712.1418354958904,722.9970627041388,11747744.0,-1.7344730485142401,-0.017496912595330302,712.1485246930804,1.003177157630699,1.021484856223308,708.99021257673,724.0717102050781,0,1.376077371490396,1.2776814683259496,3,12,4,0,0,10643683.142857144,1.1037292112443031,0
2021-12-10,712.3992309570312,714.9492561772763,705.8018132009037,713.4987815442046,7779384.0,-0.2816168118137119,-0.0028201409801565736,713.3450230189732,0.9986741450049806,1.0129603563001457,709.2308523995536,722.1962158203125,0,1.378513105566355,1.2049165202218353,4,12,4,0,1,10515361.714285715,0.7398113551749025,0
2021-12-13,707.0650634765625,719.4643778261712,705.2168295205678,714.0133470755834,10322142.0,-0.7487609824203267,-0.007515782694384409,712.3691057477679,0.9925543622984074,1.0202030747270872,709.0837925502232,720.9102722167969,0,1.2972608400842935,1.2233187920063189,0,12,4,1,0,10389509.142857144,0.9935158493119515,0
2021-12-14,702.994384765625,709.3344350495244,700.4677774580217,703.0178025474343,9191100.0,-0.5757148699898185,-0.005773784962828909,711.6271536690848,0.9878689720326859,1.01265819481901,708.5624128069196,719.6563008626302,0,1.2806549258519124,1.2309851386222948,1,12,4,0,0,10541852.857142856,0.8718676047325375,0
2021-12-15,701.8480834960938,712.7735072392076,699.8127354772637,703.2517796630859,10115148.0,-0.16305980451229996,-0.001631928917056921,711.3731602260044,0.986610295042781,1.0185203428072866,707.6951293945312,718.0139770507812,0,1.2591929279259388,1.2194085240033943,2,12,4,0,0,10982655.142857144,0.921011164279218,1
2021-12-16,701.8948364257812,709.8023359689812,699.0406657466433,707.8371842532578,13210432.0,0.006661403056718029,6.661181195117284e-05,709.6619785853794,0.9890551524613437,1.0153949129852744,708.0360281808036,716.3505940755208,0,1.0806809347584163,1.0338764297644036,3,12,4,0,0,11094497.714285715,1.1907192502270494,0
2021-12-17,689.23828125,704.6555223213686,686.7349772271347,700.4444335425557,14994768.0,-1.8031982170194416,-0.01819653955945304,704.2644304547991,0.9786640520875155,1.0260952852097218,707.0935538155692,714.6599243164062,0,0.7353966193583994,1.1222373082059383,4,12,4,0,1,11051531.142857144,1.3568045736080163,0
2021-12-20,667.0598754882812,682.1963888799697,661.6556219890123,679.3889963331386,21156668.0,-3.2178139788602733,-0.03270723734815457,697.4999651227679,0.9563582922486185,1.0310444983890708,704.8242449079241,712.0350138346354,0,1.1568765260018128,1.3934021375525603,0,12,4,1,0,12395663.142857144,1.7067798435770887,1
2021-12-21,674.6163940429688,678.8040647198691,669.0951663273568,673.5402041456153,9118750.0,1.1328096370893492,0.011264413969503947,692.1024169921875,0.9747349199772898,1.0145104895104895,702.7237200055804,709.563730875651,0,1.395808663421589,1.4199673660953862,1,12,4,0,0,12587001.142857144,0.7244577081153836,1
2021-12-22,676.2071533203125,681.2604819395565,671.76211583513,679.5292796603638,8577484.0,0.23580204859985354,0.002355244718380579,687.6941441127232,0.9832963667194936,1.0141394786644349,700.0316249302456,707.5821756998698,0,1.4466346705800948,1.3449581293125972,2,12,4,0,0,12337764.285714285,0.6952219057979363,0
2021-12-23,675.6925048828125,682.1027513772324,672.3002392895576,679.9737894341596,9779166.0,-0.07610810311203808,-0.000761370800322904,683.7938755580357,0.9881523205094346,1.014580557189796,697.7105146135602,705.8486104329427,0,1.461794811313473,1.3414161346053817,3,12,4,0,0,12421773.714285715,0.7872600342697781,0
2021-12-24,673.259521484375,679.3889836741034,668.1594136960191,676.347641805039,5561024.0,-0.36007257455955566,-0.0036072239620963025,679.7097952706473,0.9905102533005222,1.0168067226890756,695.5414777483259,704.1423400878906,0,1.4548713791418246,1.3383867091229715,4,12,4,0,1,11771184.57142857,0.4724268799163944,1
2021-12-27,678.8275146484375,680.3247677693998,665.4222043278841,668.5805208219992,4705098.0,0.8270203370887907,0.008236192627499625,676.4144635881696,1.0035674149359068,1.0223956509785668,693.0382210867746,702.5483683268229,0,1.5408025772420126,1.2841034586129842,0,12,4,1,0,10556136.857142856,0.44572158012675583,1
2021-12-28,683.5064086914062,686.3605791914649,680.0439470659825,683.45957313058,5450678.0,0.6892611071299903,0.006868965618038477,675.5956246512277,1.0117093476504713,1.0092885645887082,689.9300275530134,701.0440714518229,0,1.466468140661174,1.1640277262078602,1,12,4,0,0,9192695.42857143,0.5929357762750387,0
2021-12-29,680.2545166015625,683.6000037447715,677.2365928197368,681.2839280160719,7668702.0,-0.4757661447636785,-0.004769015144539809,677.4805733816964,1.004094498541884,1.0093961416032469,687.4902692522321,699.5756469726563,0,0.6196273130620734,1.1028153745175309,2,12,4,0,0,7265843.142857143,1.05544557585707,1
2021-12-30,683.8339233398438,686.3371698637603,676.1135950913953,682.4302272946713,7215918.0,0.5261863980210446,0.005248068745210571,678.79736328125,1.0074198285542058,1.0151210903708912,685.4498901367188,698.4947998046875,0,0.514234888517032,1.1271719853162028,3,12,4,0,0,6994010.0,1.0317282932109049,1
2021-12-31,692.2094116210938,694.7360762558859,683.8340127004611,683.8340127004611,6325736.0,1.2247839709887742,0.012173441781042368,681.0834001813616,1.0163357548235201,1.0159425582128805,684.3887721470425,697.5590026855468,0,0.6461830268829799,1.1866721510707579,4,12,4,0,1,6672331.714285715,0.9480547836757516,1
2022-01-03,711.0422973632812,712.6097466433577,692.7240511526534,694.8295953810808,9069184.0,2.72069195044351,0.026843390208553204,686.1333705357143,1.0363033309517051,1.0287065180682202,684.963623046875,697.6260701497396,0,1.0725479910488376,1.402103327950077,0,1,1,1,0,6570905.714285715,1.3802030335457125,1
2022-01-04,715.2066650390625,717.242013200678,705.4977658695926,711.2061078358669,8857352.0,0.5856708793870347,0.005839624945883505,692.1258196149554,1.0333477595691307,1.0166467533977368,685.9178074428013,697.8288289388021,0,0.9657099908535937,1.4059613848690091,1,1,1,0,0,7041809.714285715,1.2578232527401438,1
2022-01-05,732.1912841796875,735.5367713761124,714.9960066045779,719.066759647386,14332638.0,2.374784795901941,0.02347025406720072,699.7492152622768,1.0463624227220474,1.028728502791337,688.0818394252232,698.5587483723958,1,1.118958520558971,1.5255376708582502,2,1,1,0,0,8417172.57142857,1.7027853330049345,0
2022-01-06,720.4470825195312,727.4655635961949,715.9084876032401,721.967753419475,9628930.0,-1.6039799863657112,-0.01616982976379793,705.0264543805804,1.0218724106636523,1.0161432308641098,690.311039515904,698.7739827473958,1,1.520323215590416,1.5050701882288307,3,1,1,0,0,9014065.714285715,1.0682116489055358,1
2022-01-07,725.5004272460938,733.0803641242641,718.6456991580834,722.4356675971685,11179384.0,0.7014178902481127,0.006989693977398608,711.4901559012277,1.019691447912051,1.0200859268803686,694.4853646414621,699.719921875,1,1.422190566505316,1.1067079887952667,4,1,1,0,1,9515591.714285715,1.1748490620101366,1
2022-01-10,729.5242309570312,735.5367175108321,723.1374026164065,728.9861360571732,8856496.0,0.554624581850538,0.005530922030718179,718.0173427036831,1.016025919666535,1.0171465545131027,698.4073529924665,700.6229654947916,1,1.4208754869065088,1.096329340573339,0,1,1,1,0,9749960.0,0.9083622907170901,1
2022-01-11,732.6826782226562,733.9927604780729,724.2137221071267,730.6473300440902,8389198.0,0.4329461766446885,0.004320116610142132,723.7992379324777,1.0122733484986168,1.0135029730484721,702.4413190569196,701.7513814290364,1,1.4256445044661465,1.0930226920959767,1,1,1,0,0,10044740.285714285,0.8351831666500316,0
2022-01-12,728.3545532226562,737.7125276138084,726.1788127534048,733.6651922663265,21085530.0,-0.5907229867231467,-0.005924746567097861,726.2724173409598,1.0028668800190974,1.0158827476894734,706.2028939383371,702.5624084472656,1,1.2268207127769142,1.124974784245405,2,1,1,0,0,11761361.142857144,1.792779742402993,0
2022-01-13,714.94921875,727.5824837410013,711.393200027693,727.5824837410013,41963896.0,-1.8404957329288818,-0.01857643585214966,726.2356392996652,0.9844590103557171,1.022757152742925,709.1807294573102,702.597499593099,1,1.468312753004126,1.2758821267414968,3,1,1,0,0,16490867.42857143,2.5446748742455476,1
2022-01-14,722.9736938476562,724.634699976791,710.7381313157847,715.8850170593487,11208968.0,1.122383924229764,0.011161319332622264,724.9188406808036,0.9973167384761024,1.0195523049189434,712.3340279715402,703.0903544108073,1,1.1791203777965433,1.2852244957263332,4,1,1,0,1,16044628.857142856,0.6986118594454066,0
2022-01-17,711.9078979492188,728.0504036864833,710.8083473875251,715.8850370439071,22989372.0,-1.5305945420428069,-0.015424290545357171,723.698957170759,0.9837072319854704,1.024256969353735,714.3627057756696,703.3664164225261,1,1.1645319513293892,1.3874595887894685,0,1,1,1,0,17953263.42857143,1.2805121526493026,1
2022-01-18,715.5340576171875,725.6640754798688,712.609690862172,717.2886776701968,12341152.0,0.5093579771223933,0.00508065137640384,722.2751900809152,0.9906668087782823,1.018319123055852,716.8826729910714,703.4217814127604,1,1.142793895876492,1.3699522747823547,1,1,1,0,0,18119230.285714287,0.6811079612874126,0
2022-01-19,710.4808349609375,720.4471011947609,708.0945627563246,717.7566833789662,14317626.0,-0.7062169302014532,-0.0070872244517980534,719.554704938616,0.9873896037154637,1.0174447582118875,718.7860238211496,702.870438639323,1,1.1042550440707406,1.3984773007327924,2,1,1,0,0,18899391.714285713,0.7575707311880077,0
2022-01-20,706.0591430664062,715.183167778,701.894833184986,715.1597499962256,15197846.0,-0.6223520293512697,-0.006242967123078475,715.7513427734375,0.9864587055198872,1.0189320877783292,719.7752903529575,702.5920389811198,1,1.0465911248126907,1.3898439925436772,3,1,1,0,0,19872055.714285713,0.7647847921981471,1
2022-01-21,711.9547119140625,715.791515854972,695.1103572609701,701.8481105455162,11537694.0,0.8349964596523485,0.008315296493407662,713.4085083007812,0.9979621824385282,1.0297523384279503,719.8404628208706,702.5772216796875,1,1.163353083953228,1.2000147703005455,4,1,1,0,1,18508079.14285714,0.6233868955792079,0
2022-01-24,695.6016235351562,711.790907358927,686.6647696631117,706.5036291281489,11868508.0,-2.296928176083224,-0.023237186042459945,710.6445661272321,0.9788319740850835,1.0365915637526337,718.4401027134487,702.1951070149739,1,1.2706849727720875,1.3344877494600282,0,1,1,1,0,14208738.0,0.8352964211177657,1
2022-01-25,696.2567138671875,699.5085871279545,675.6457523831212,682.5004800615633,13594248.0,0.09417607864425914,0.0009413176079767255,706.8278547014509,0.9850442497930018,1.0353185595567866,715.8733476911273,701.970517985026,1,1.1177264028769909,1.1191348632404983,1,1,1,0,0,14549492.285714285,0.9343451807832353,0
2022-01-27,690.127197265625,694.8296022690124,671.4346661656787,678.4531469966787,28617838.0,-0.8803529616996597,-0.008842509626930967,703.716326032366,0.9806894791778412,1.0348432055749128,713.7076416015625,701.5798217773438,1,1.0455010243867602,1.072656703720589,3,1,1,0,0,15353558.857142856,1.8639221216575643,0
2022-01-28,684.6527709960938,695.6249726359689,683.1321002250448,691.3203274537698,24925208.0,-0.7932488809630489,-0.007964118377490819,699.3047136579241,0.97904784227009,1.0182876377889556,710.7899518694196,701.0050862630209,0,0.9612717327824314,1.0390377277739449,4,1,1,0,1,17151281.14285714,1.4532563365029092,1
2022-01-31,695.1571655273438,697.8944189691098,686.3139246484154,689.0978994263672,12842546.0,1.5342659777696221,0.015226151361191957,697.1156180245536,0.9971906345998106,1.0168734654868423,708.3351614815848,701.202382405599,0,1.2569630441165807,1.1372048458585973,0,1,1,1,0,16940555.42857143,0.7580947421794771,1
2022-02-01,700.4444580078125,709.8024333986984,689.4254191384247,705.825293857572,14739484.0,0.7605895102092308,0.007577116116452378,696.3135201590402,1.005932583138453,1.0295565172020187,706.0324314662388,702.3152018229167,0,1.3063365803897788,1.157482779681921,1,2,1,0,0,16875075.14285714,0.873447014322713,1
2022-02-02,716.446533203125,718.2245712750496,704.4683367927917,707.439482390718,13969290.0,2.28456018351908,0.022588548731565874,696.9552089146206,1.0279663944528925,1.0195271153631764,705.1818586077009,703.7095397949219,0,1.5689743648026981,1.3446801043368777,2,2,1,0,0,17222446.0,0.8111095253252645,0
2022-02-03,709.0302734375,720.5405698688631,706.0591281584843,715.3001273507508,10564762.0,-1.0351449022257153,-0.010405397892948606,698.8735874720982,1.0145329372113485,1.0205102393451788,704.7590767996652,704.8036437988281,0,1.2964584063283129,1.2806225236848763,3,2,1,0,0,17036196.57142857,0.6201361880103085,1
2022-02-04,713.07763671875,717.2185288944974,708.4454280490403,715.1364024737923,11579958.0,0.5708308139831253,0.005692077486011159,701.2765764508929,1.0168279686847397,1.0123835944140638,704.0522155761719,706.049814860026,0,1.2975464986111307,1.2498371901350636,4,2,1,0,1,16748440.857142856,0.6914051342911357,0
2022-02-07,686.9454956054688,710.7381333465257,683.1321097339879,707.5096208566665,12268042.0,-3.6646978908957406,-0.03733534963387463,700.8220476422991,0.9801996068994778,1.0404109589041095,702.2691868373325,706.5060139973958,0,1.9829069191163444,1.536232921179703,0,2,1,1,0,14412755.714285715,0.8511933625462128,0
2022-02-08,683.9976806640625,691.76478740517,675.9030676903482,690.8056293716563,13981130.0,-0.42911918926087367,-0.004300425481407068,700.7284633091518,0.9761237290603565,1.0234674474389107,700.0165884835379,706.6783528645833,0,1.9648216926753097,1.5212531241358558,1,2,1,0,0,12849316.0,1.0880835991581186,1
2022-02-09,700.7251586914062,701.7077346460622,686.4074683215063,689.6827595813908,11308342.0,2.4455460157560394,0.024161213039768998,701.5238909040179,0.9988614326283566,1.0222903552637186,699.3197544642857,707.2523111979167,0,2.108146663527495,1.6828350019575484,2,2,1,0,0,12630144.0,0.8953454529101172,1
2022-02-10,713.5923461914062,718.4585044373451,702.6201437504593,708.3986816790235,14314530.0,1.836267378215628,0.018196115765088165,703.4021606445312,1.014486997790194,1.02254185398435,699.8578404017857,708.3635721842448,0,2.198755970380882,1.7494681064778481,3,2,1,0,0,12569436.285714285,1.1388362751215095,0
2022-02-11,710.6679077148438,713.5454960566752,701.6140795652357,701.9650035796898,10711104.0,-0.40981920450392506,-0.004106612648098101,702.576642717634,1.011516558486647,1.0170056685561855,699.7659258161273,709.2580383300781,0,2.0192736658772654,1.7403078473509008,4,2,1,0,1,12103981.142857144,0.884924048838335,0
2022-02-14,689.5423583984375,701.5907510950923,687.4836496114692,697.1691307967247,14656620.0,-2.9726330803842793,-0.03017711408487862,699.7926548549107,0.9853523806153719,1.0205199083521415,699.3331211635044,709.1691365559896,0,2.2845032283091453,1.8166414004853417,0,2,1,1,0,12688532.285714285,1.1551075940045121,1
2022-02-15,710.1767578125,713.4988275713342,689.2382883898335,690.6185668794573,13135066.0,2.9924774254606934,0.02948576487011541,699.3782435825893,1.015440163214965,1.0351990590049445,700.327410016741,709.1402852376302,0,2.6115231685032496,1.990771444991696,1,2,1,0,0,12910690.57142857,1.0173790416035509,0
2022-02-16,709.217529296875,718.1076055341441,705.1234152402379,717.9204346111028,10032264.0,-0.13506898178132776,-0.0013516028215210605,702.5599626813616,1.0094761543058963,1.0184140676841407,701.6910051618304,708.9406473795573,0,2.0789615441353217,1.9706759836974066,2,2,1,0,0,12591293.714285715,0.79676197121966,0
2022-02-17,704.8894653320312,712.1418959411561,702.7839209616402,707.9775856519622,7351208.0,-0.6102590229452809,-0.006121287138399587,705.5445033482143,0.9990715851189053,1.0133155792276964,703.1364833286831,708.030586751302,0,2.0931751018070575,1.9640829391912182,3,2,1,0,0,11644162.0,0.6313213436913708,1
2022-02-18,707.6265258789062,709.8022660676812,697.3795338182344,701.0525839865,7796128.0,0.3882964183023585,0.003875444935959586,706.5304129464286,1.001551402335119,1.0178134454010013,704.0271519252232,707.6032348632813,0,1.9018952638476136,1.928943145022084,4,2,1,0,1,11142417.142857144,0.6996801412158326,1
2022-02-21,712.1885986328125,716.2125160226459,699.7659224389105,703.7196436005554,7468066.0,0.6447006418025314,0.006426313363366921,706.3298775809152,1.0082945961056646,1.023502993010025,704.8660191127232,707.1595072428386,0,1.775527990613974,1.926342432771806,0,2,1,1,0,10164350.857142856,0.7347312292699854,0
2022-02-22,706.8544921875,712.1885484055308,696.209797531363,697.0754557570692,9536196.0,-0.7489738610744978,-0.007517927542998638,705.7851039341518,1.0015151754370943,1.0229510571825124,704.1808733258929,706.4038492838541,0,1.7926545539908596,1.8345138763236577,1,2,1,0,0,9996506.857142856,0.95395282935119,0
2022-02-23,702.2692260742188,713.873080486644,699.8127577039627,713.592352667638,9029562.0,-0.648685997466214,-0.006507991083427389,707.6032278878348,0.992461874672989,1.020091549672247,703.6979413713727,705.390067545573,1,1.3157696353755997,1.8219091559254308,2,2,1,0,0,9192641.42857143,0.982259785738562,0
2022-02-24,664.135498046875,690.127239373635,658.4037383518357,678.4064099406461,23630766.0,-5.430072486661064,-0.05583065144781072,701.0259050641741,0.9473765423634065,1.0481824436495635,700.2020743233817,703.2494323730468,0,2.054027282991918,2.305576315514968,3,2,1,0,0,10692027.142857144,2.21012963063666,1
2022-02-25,681.307373046875,685.8928037417243,670.4287268763292,673.7507966491863,18318654.0,2.5855981272646877,0.025527367765935647,697.0387398856027,0.9774311441551878,1.0230659520474987,699.7993512834821,702.1280375162761,0,2.449748958469023,2.246171056417591,4,2,1,0,1,11875797.142857144,1.5425199487360728,0
2022-02-28,667.340576171875,673.0957535053741,661.6322344054892,667.2236014871822,24880832.0,-2.049999372902578,-0.020713035195321902,691.6746128627232,0.9648186643859404,1.0173261194116177,698.6095581054688,700.2736002604166,0,2.5156329219378373,2.3089378973399524,0,2,1,1,0,14380029.142857144,1.7302351582756577,0
2022-03-02,643.009765625,654.3095302517596,633.7219881833586,648.7415244963162,38505560.0,-3.6459360356065895,-0.03714061283307696,682.4436471121652,0.9422166479913265,1.0324867093966832,694.4870300292969,697.9769958496094,0,2.668509108224433,2.355497784866093,2,3,1,0,0,18767090.85714286,2.0517596623317127,0
2022-03-03,641.4891967773438,651.315070688594,637.6992282634567,646.1681843541296,17527922.0,-0.23647678914771042,-0.0023675683709277764,672.343732561384,0.9541089857913961,1.0213515115303105,689.3368050711496,695.5088338216145,0,2.579252406221344,2.25451148561343,3,3,1,0,0,20204213.14285714,0.8675379672579182,0
2022-03-04,639.3836669921875,648.5076929756106,625.5338748714294,636.3423249977131,21219364.0,-0.3282252913585748,-0.003287651321543622,662.7050432477679,0.964808814278389,1.0367267369955036,684.2450735909598,693.1389282226562,0,2.603198660969871,2.255519398193465,4,3,1,0,1,21873237.14285714,0.9701062472561055,0
2022-03-07,619.8722534179688,623.4048545200336,606.8880638056838,616.9244686053191,27054458.0,-3.0515971210220427,-0.030991278091874075,650.9340471540179,0.9522811967328242,1.027215547148474,679.2686375209263,690.2660319010416,0,2.6466968496543637,2.2616539999753753,0,3,1,1,0,24448222.285714287,1.1066022585948345,1
2022-03-08,621.2759399414062,624.1768891432812,604.5251430083352,609.2976870802052,39212492.0,0.2264477101044049,0.0022619170368495356,644.8112531389509,0.9635004614405001,1.0325077399380806,672.9185791015625,687.2434061686198,0,2.147548077842385,2.0188736106535377,1,3,1,0,0,26674183.14285714,1.4700540890040483,1
2022-03-09,641.559326171875,643.2203323186494,617.0882008482499,622.3052828761213,23134694.0,3.264795065519799,0.032126329200284236,639.1329607282366,1.0037963390917497,1.0423474819879528,668.0858503069196,685.4419962565104,0,2.339545781678788,2.3060895458156763,2,3,1,0,0,27362188.85714286,0.8454986595109595,1
2022-03-10,651.6425170898438,667.6914658500247,645.8172009386801,667.6914658500247,22273206.0,1.5716692917760566,0.015594464718254849,636.890380859375,1.0231627555915717,1.033870675602246,664.2824968610491,683.9548563639323,0,2.4241168228765653,2.384198868824545,3,3,1,0,0,26989670.85714286,0.8252492636124669,1
2022-03-11,653.5609741210938,659.2458980426811,642.284568944958,649.4434424176493,15150780.0,0.2944032933605456,0.0029397077555467564,638.3976963588169,1.0237520872157944,1.026407810366026,660.420671735491,682.7359822591146,0,1.9282920569034059,2.381539290482602,4,3,1,0,1,23653273.714285713,0.6405362819121939,1
2022-03-14,674.9673461914062,678.4531689369124,662.0767131349869,662.0767131349869,25018126.0,3.2753442934838173,0.032228481043562074,643.1802891322544,1.0494216903040317,1.0247349823321557,657.7620108468192,682.413134765625,0,2.2163439529284172,2.577844039029175,0,3,1,1,0,24723302.85714286,1.0119249092469844,0
2022-03-15,666.2877807617188,678.219198184067,660.5560214117672,675.4118058493968,18867928.0,-1.2859237530027379,-0.012942633233151344,647.0237339564732,1.0297733232866872,1.026739861873561,654.8643886021206,681.4508219401042,0,2.3211078024623584,2.5881854722450917,1,3,1,0,0,24387383.42857143,0.7736757842538768,1
2022-03-16,677.5875854492188,680.7926804596888,671.9961611232817,677.0494904640341,13364108.0,1.6959345516710078,0.016817141357581965,655.268781389509,1.0340605331637842,1.0130901333152011,653.1014142717634,680.6889261881511,0,1.6754722959610382,2.645376917707793,2,3,1,0,0,22431619.14285714,0.5957709924945613,1
2022-03-17,692.5134887695312,697.0755010615136,688.0684511517023,688.746881415176,14823954.0,2.20280058856408,0.021788894425274822,665.445574079241,1.0406763764681182,1.0130903399141975,655.128413609096,679.8911580403645,0,1.6319801602581563,2.2459363057867883,3,3,1,0,0,18947542.285714287,0.7823681708406418,1
2022-03-21,695.5314331054688,698.8769203085982,689.1212436187219,695.765382460701,12257876.0,0.4357957476467167,0.004348489078400965,673.1558750697544,1.033239787194007,1.0141566912647288,656.1444178989956,679.4411966959635,0,1.4874129655082702,2.1508007655612147,0,3,1,1,0,17393711.14285714,0.7047303418646106,1
2022-03-22,699.1109008789062,700.912299571318,681.8220084853747,693.0984136042903,10461814.0,0.5146378154982312,0.0051331808105764525,679.9370727539062,1.0281994156420116,1.02799893645022,658.4137268066406,678.9756388346354,1,1.4934822897625901,2.05429860359925,1,3,1,0,0,15706369.42857143,0.666087350585867,0
2022-03-23,692.1392822265625,710.6447021406568,689.495642650756,705.1234735950176,31188256.0,-0.9972121223655872,-0.01002217586985192,685.448259626116,1.0097615283232262,1.0306732315357259,661.9229779924665,679.1487650553386,1,1.6675670870958008,1.758396717201971,2,3,1,0,0,17997437.42857143,1.7329275972638072,0
2022-03-24,675.0140991210938,687.6473645478017,671.22413091639,685.93952279829,20160044.0,-2.474239440705961,-0.025053632017279365,685.4549386160714,0.9847680147785387,1.0244675852296756,664.3176138741629,678.8493123372396,1,1.6808719690891958,1.9280852335952343,3,3,1,0,0,17303425.714285713,1.165089753490597,0
2022-03-25,669.5162353515625,679.3888861163086,663.9482296136653,678.9209874344103,16366462.0,-0.8144813236775073,-0.008178163438998746,685.9161464146206,0.9760905015156988,1.0232558139534884,666.4699401855469,677.8090148925781,1,1.6287852261960376,1.9461537867170078,4,3,1,0,1,16946073.42857143,0.9657967120811484,1
2022-03-28,670.4053344726562,672.8383850629837,655.8068595810566,669.5163154473864,15754886.0,0.13279724585422148,0.001327091482971504,684.8901105608259,0.9788509486926178,1.025970337505782,670.0794459751675,676.3694478352865,1,1.4697833860557599,1.6872514599140493,0,3,1,1,0,17287613.14285714,0.911339574168431,1
2022-03-29,679.29541015625,683.2491316427125,669.0951948290217,674.2420809430911,12377448.0,1.326074723224968,0.013173593163590312,683.0018136160714,0.994573362199145,1.021153846153846,674.2236938476562,675.3236979166667,1,1.258798873940123,1.6953787380156975,1,3,1,0,0,16938112.285714287,0.7307454214032587,1
2022-03-30,691.0630493164062,693.7768849654531,680.3482134276455,688.746973305781,20109742.0,1.7323301444727157,0.01717496374027203,682.3634730747768,1.0127491821952728,1.0197379390035477,677.7596740722656,675.3743876139323,1,1.459082428315785,1.5576569755713534,2,3,1,0,0,18059807.42857143,1.1135081079649545,0
2022-03-31,687.974853515625,694.6891885485168,685.8927271127579,688.2789990989702,14295714.0,-0.4468761285726486,-0.004478776046294379,680.7726091657366,1.0105795154695112,1.0128248355581597,680.3548409598214,674.6343241373698,1,1.4385722396252234,1.5485671297231856,3,3,1,0,0,18607507.42857143,0.768276678371722,1
2022-04-01,704.655517578125,706.5271125783324,687.9515550478917,690.8057259998988,14568556.0,2.4246037449275892,0.023956768703433443,682.5606427873884,1.0323705666657066,1.0270012581469454,684.0044512067523,674.4822570800782,1,1.689955260946783,1.6394452126700465,4,4,2,0,1,16233264.57142857,0.8974507829830761,1
2022-04-04,775.214599609375,805.7683508673401,731.1151465312183,739.2799561112737,97450970.0,10.013273191098948,0.09543083789847105,696.875,1.1124155689461883,1.102108682456265,691.1649693080357,676.8264282226562,1,3.703473482554119,2.9587363883850823,0,4,2,1,0,27274825.42857143,3.572927359524595,0
2022-04-05,752.4981079101562,779.8467649375319,749.573740943305,779.8467649375319,30922582.0,-2.930348797696203,-0.029741411529876544,708.7295532226562,1.0617563561283434,1.0403869857502341,697.3228498186384,678.3221476236979,1,4.046893309622065,3.087699708193858,1,4,2,0,0,29354271.14285714,1.0534270072491472,0
2022-04-06,725.6406860351562,743.8653746340015,724.0030405883982,742.8827416727144,27027860.0,-3.5691015821406658,-0.03634351272127716,716.6203177315848,1.0125873744860108,1.0274340478314306,700.7552141462054,678.7705505371093,1,4.508987480498801,3.298737015978668,2,4,2,0,0,30964696.0,0.8728604989372413,0
2022-04-07,709.6853637695312,721.1956605372436,708.2582498667109,721.1722998718208,40781732.0,-2.1987910232547203,-0.022233247298313358,720.9617396763393,0.9843592589089812,1.0182665160242996,701.9817766462054,678.864912923177,1,4.688598951293703,3.337521135157158,3,4,2,0,0,35022450.85714286,1.164445405786972,0
2022-04-08,708.7028198242188,713.8964842819717,700.5847883163185,707.5096552211411,41256322.0,-0.13844782427154811,-0.0013854375182173581,723.481706891741,0.979572549068288,1.019000834999065,702.922589983259,679.0793660481771,1,4.674432914978729,3.3382583506292876,4,4,2,0,1,38043390.85714286,1.0844543840721783,0
2022-04-11,700.0466918945312,706.5270778408221,698.6897741627865,704.6554829326345,20799066.0,-1.2214044713176775,-0.012289249151602481,725.2062552315848,0.9653070238217689,1.0112171438138289,702.9894321986607,680.2764058430989,1,4.708262233169384,3.3572163226903,0,4,2,1,0,38972441.14285714,0.5336865074414783,0
2022-04-12,698.8067016601562,705.0531378211556,692.5602654991568,694.3616640533457,27435402.0,-0.17712964702671918,-0.0017728670708001251,724.3707101004464,0.9647086663170777,1.0180386790065044,703.4656764439175,680.859716796875,1,4.618100012047156,3.344483714332455,1,4,2,0,0,40810562.0,0.6722622932759417,0
2022-04-13,685.4481811523438,702.9242433781278,684.3720484068768,697.1690664926792,28892520.0,-1.9116188319425964,-0.019301265085034287,711.5469360351562,0.9633211056627711,1.0271083470086744,704.2109680175781,681.4633036295573,1,1.3088673510322635,3.3141765562554895,2,4,2,0,0,31016497.714285713,0.9315210332948893,0
2022-04-18,652.9292602539062,669.8672285581865,650.4026528038955,663.8781019646151,45620376.0,-4.744183702372395,-0.048604110353426835,697.3228149414062,0.9363371544193198,1.0299269624291643,703.0261840820312,681.7939534505208,1,1.7046102191015458,3.5602138122010767,0,4,2,1,0,33116182.57142857,1.3775855928321759,0
2022-04-19,628.0136108398438,650.1686599267982,620.9015734629207,646.1213247578577,74096022.0,-3.815979912490597,-0.03890695347090107,683.3760899135044,0.9189868069854947,1.0471364346858516,699.9982038225446,681.3447672526041,1,1.7447036989245475,3.6924342440718125,1,4,2,0,0,39840205.71428572,1.85983030638396,1
2022-04-20,633.6752319335938,636.29545322895,624.8085173031893,633.7453710453256,49325736.0,0.9015124825366039,0.008974731175245184,672.5174996512277,0.9422434840167314,1.0183847300535223,696.7396196637835,681.1544860839844,0,2.0596896859580096,3.6788496365802548,2,4,2,0,0,41060777.71428572,1.2012859654832784,1
2022-04-21,643.0565795898438,645.6066618250044,633.2073460307391,638.6817380819679,52446270.0,1.4804662046871808,0.014696142787297,663.1394653320312,0.9697154417854892,1.0195817623910879,693.3105861118862,681.9272969563802,0,2.3234225740637195,3.6680385888115623,3,4,2,0,0,42659341.71428572,1.2294205182832638,0
2022-04-22,634.2835083007812,643.524508237747,631.2655843325418,636.3422741404268,20659148.0,-1.364276732019154,-0.013736685046995573,653.7447248186384,0.970231168560089,1.0194195980415548,689.4754900251116,682.3608825683593,0,2.322675924990069,3.6761174016413447,4,4,2,0,1,42639353.428571425,0.4845089415956502,1
2022-04-25,639.03271484375,641.3254301314081,618.6791193133066,631.663309565486,20935488.0,0.74875138338244,0.007459621544856704,645.205583844866,0.9904327098901855,1.0366042914835034,684.7881469726562,682.2766621907552,0,2.4263671399755573,3.5994142967418354,0,4,2,1,0,41710794.28571428,0.5019201470150447,1
2022-04-26,641.9804077148438,646.6125589606428,635.0087059489563,641.956989934193,17016842.0,0.4612741730780634,0.004602135640573327,638.9959019252232,1.004670618044073,1.0182735337373772,675.2714189801898,681.9545918782552,0,2.4825928934047816,1.954742078803123,1,4,2,0,0,40014268.85714286,0.4252693473108996,1
2022-04-27,642.21435546875,645.2322791052595,634.5173879201604,636.3422041937295,18054334.0,0.03644157221853739,0.0003643493389030041,637.4652012416294,1.0074500603607388,1.0168866785829473,667.3940080915179,681.5763712565105,0,1.8192568274784768,1.9273520518577678,2,4,2,0,0,36076262.85714286,0.5004491200070453,0
2022-04-28,641.65283203125,645.2322682931671,637.3247693178985,641.9569775911713,20773722.0,-0.08743551630672197,-0.0008747376345029792,639.4136614118304,1.0035019123840356,1.0124073303846823,661.3948756626675,680.4658874511719,0,0.9102426513764423,1.8061824087177951,3,4,2,0,0,28458791.42857143,0.7299579833577914,1
2022-04-29,647.8525390625,657.2807094431166,641.7464951987836,645.8639695553754,28401476.0,0.9662089406858643,0.009615709930126826,641.4389910016741,1.0099986875615565,1.0242061536144755,656.9782453264509,679.8513793945312,0,0.917537542172052,1.8236237258469994,4,4,2,0,1,25469611.42857143,1.1151122615141136,1
2022-05-02,656.7893676757812,658.0760890720459,637.3014329492237,637.3014329492237,19494316.0,1.3794541310609976,0.013700262656737383,643.4008178710938,1.0208090344817837,1.0325978493829582,653.2701416015625,679.15810546875,0,0.896808761536906,1.8988759960426969,0,5,2,1,0,20762189.42857143,0.9389335391176677,0
2022-05-04,634.4706420898438,656.7426089581849,631.6632498682072,655.0581850485112,29055916.0,-3.398155738257158,-0.0345723532153956,643.4275512695312,0.9860793819568111,1.039703685619213,648.5861380440848,677.2233439127605,0,1.5897940006000781,2.0438789670970188,2,5,2,0,0,21961727.714285713,1.3230250542219246,0
2022-05-05,633.0435791015625,643.3607691923194,630.0256550672423,643.3607691923194,17862912.0,-0.22492183146264333,-0.0022517516054688133,642.5719604492188,0.9851714952812523,1.0211659858893427,643.8887721470425,675.1404154459635,0,1.5571788102821167,2.043013583364798,3,5,2,0,0,21522788.285714287,0.8299534318170325,0
2022-05-06,616.5032958984375,624.6447444402929,614.3509733708648,622.3052510154229,26731268.0,-2.612819045822967,-0.02647559638138385,638.932373046875,0.9648960076299155,1.016755521706017,638.9641374860491,672.3868286132813,0,1.7819120270860516,2.0836227250215966,4,5,2,0,1,22910563.42857143,1.16676606768491,1
2022-05-09,617.55615234375,620.6676904474025,606.162829230765,608.2683736009221,32762434.0,0.1707787212683387,0.0017063306022527965,635.4097726004464,0.9719021944160071,1.0239289849478967,636.4374869210379,669.9007242838542,0,1.7901487140871715,1.7419972759579052,0,5,2,1,0,25011720.57142857,1.3098832567890286,1
2022-05-10,627.4756469726562,633.0670142369999,615.310279367215,615.310279367215,20113812.0,1.606249827041606,0.015934861310063924,633.3844604492188,0.9906710476092644,1.0288581801169419,636.3990609305246,668.3161092122396,0,1.9677645948995783,1.5068657239853103,1,5,2,0,0,24917447.714285713,0.8072179875978356,1
2022-05-11,631.0081787109375,634.002741829974,621.6736224435258,633.0669444250589,17102924.0,0.5629751139067274,0.005613963316748048,630.9781232561384,1.000047633117047,1.0198321417241218,636.2085571289062,667.0325073242187,0,1.9299946636920766,1.494026011515376,2,5,2,0,0,23303368.85714286,0.7339249575821599,0
2022-05-12,616.7843627929688,628.0261632360961,612.0272830721492,625.3280964613642,22382290.0,-2.2541412929109828,-0.022799354187974945,625.2631225585938,0.9864396932111882,1.0261407956907385,634.3319702148438,665.2451416015625,0,1.8721155138111838,1.538328127028272,3,5,2,0,0,23715936.57142857,0.9437658062791725,0
2022-05-13,611.2462768554688,623.8607721581939,609.1872638600877,620.0977504004504,16768238.0,-0.8978966185883897,-0.009019520039737744,621.9453560965402,0.9827973966905692,1.0240870240870241,632.6864536830357,662.9768371582031,0,1.5159127931093952,1.518107856615644,4,5,2,0,1,21960554.0,0.763561702496212,1
2022-05-16,617.7546997070312,621.0207502699137,608.382622442987,614.867343445593,9804356.0,1.0647791402582873,0.010591502884762528,619.76123046875,0.9967624132277504,1.0207733215261439,631.1665954589844,660.5332255045573,0,1.6318898554546055,1.5363900508772466,0,5,2,1,0,20809331.714285713,0.47115189159434945,1
2022-05-17,621.9674682617188,623.3874853125446,614.4886886817793,621.3047820818717,16641444.0,0.6819484427533107,0.006796336920060848,620.5418265206473,1.0022974144209826,1.014481628050559,629.7370997837612,658.3329793294271,0,1.3094220788910382,1.5451404195006457,1,5,2,0,0,19367928.285714287,0.8592268493824746,0
2022-05-18,621.9201049804688,631.1028928608465,620.0740713797754,626.7245072423251,15732384.0,-0.007615073724409616,-7.61536368586937e-05,621.1652483258929,1.0012152267961067,1.0177862968153626,628.2875104631696,655.5751322428385,0,1.310311945307581,1.5446342540060924,2,5,2,0,0,16935064.0,0.9289828488395439,0
2022-05-19,609.2109375,613.636645262878,605.0692215597546,608.8085531555822,20537506.0,-2.043537003980256,-0.020647061170727204,618.5560041155134,0.984892125283181,1.0141594108539156,625.970232282366,650.0416768391927,0,1.34059586688241,1.6186237572972875,3,5,2,0,0,16995591.714285713,1.2084019400593813,1
2022-05-20,625.2571411132812,626.7954928932373,611.7196570057959,616.7607290100877,13919350.0,2.6339322926685282,0.02599841617150076,617.7344273158482,1.0121779092515863,1.024645008076467,624.3562752859933,645.8003112792969,0,1.756095554239604,1.777151088618448,4,5,2,0,1,16540795.42857143,0.8415163623846453,0
2022-05-23,617.2340698242188,629.5171940370686,614.9146971161438,621.9674599302327,19486320.0,-1.28316347971289,-0.012914671317245283,617.7986711774554,0.9990861078542617,1.0237471912598746,621.5308968680246,642.186757405599,0,1.5896586554456458,1.7325974441070349,0,5,2,1,0,16127085.42857143,1.2082976856733956,1
2022-05-24,624.3104248046875,627.1741487470705,613.8733349599582,615.3406742424088,12870796.0,1.146462148870686,0.011399400729951789,619.6649780273438,1.007496706998243,1.0216670329685844,620.8051670619419,639.3409261067708,0,1.580426037196775,1.5495085295438185,1,5,2,0,0,15570308.0,0.8266243673535553,1
2022-05-25,628.9728393554688,632.3571667282956,626.3220949288518,629.5408230008094,12887112.0,0.7468102990975778,0.007440354775219554,621.2675694056919,1.012402498261977,1.0096357319154283,620.514399937221,636.6832600911458,0,1.5596590927551581,1.5653615960647964,2,5,2,0,0,16010701.714285715,0.804906132783758,1
2022-05-26,646.9124145507812,648.9477954459832,634.2742858480068,635.2919762956078,26992428.0,2.85220188739721,0.028122838607012337,624.8311331612723,1.035339598521269,1.023134328358209,622.6864798409598,634.9121175130208,0,1.8452564684646895,1.5543583067872195,3,5,2,0,0,17489413.714285713,1.5433580816921284,1
2022-05-27,658.9115600585938,660.1658621498103,648.8294165218157,649.326445570491,24031718.0,1.8548330868166651,0.01837840854675672,630.1156267438616,1.045699443233198,1.0174721511376073,625.6404375348773,633.5822794596354,0,1.8806975452473966,1.6033383528703355,4,5,2,0,1,18675032.85714286,1.2868367185125624,1
2022-05-30,663.4082641601562,672.3780146327596,661.9408671117387,667.5262901343535,12624674.0,0.682444257187198,0.006801261469304539,637.8581019810268,1.0400561850665173,1.0157674922936266,628.20705304827,632.8476155598959,1,1.4052971826049458,1.5719462533184712,0,5,2,1,0,17544628.285714287,0.7195748917792485,0
2022-05-31,657.4441528320312,664.9466218858126,653.2077920753914,660.7338934097787,13485388.0,-0.8990107073319709,-0.00903076193035168,642.4562465122768,1.023329069335258,1.0179710498754528,630.0953369140625,632.9981119791667,1,1.452094210534983,1.6091239440121408,1,5,2,0,0,17482633.714285713,0.771359065252313,1
2022-06-01,660.2368774414062,662.887564224445,652.8054784242131,653.2078050088518,12091896.0,0.4247850706930789,0.004238854057733323,648.5995047433036,1.0179423089487378,1.0154442420191827,633.1990879603794,634.0722208658855,1,1.174710296689999,1.4307094854547922,2,6,2,0,0,16426287.42857143,0.7361307935576296,0
2022-06-02,655.621826171875,656.9945208046117,652.5451227243029,656.6395165606611,11475020.0,-0.6989993178532883,-0.007014537624732567,653.0725620814732,1.0039034928711088,1.0068185293635068,636.3687700544085,634.8037740071615,1,1.3264816406943991,1.4167125119779673,3,6,2,0,0,16226890.857142856,0.7071607309756972,0
2022-06-03,653.3497924804688,663.0295511428869,651.4564366321221,661.8698937980286,6957244.0,-0.34654637791308174,-0.0034714824076488176,656.5549839564732,0.9951181674736675,1.0177649860527822,638.9112766810825,635.1468811035156,1,1.3843960429481064,1.4244778764132087,4,6,2,0,1,15379766.857142856,0.4523634242718597,0
2022-06-06,652.4741821289062,656.5212540676084,644.0487818135849,651.4565494087609,6173266.0,-0.13401861631243683,-0.0013410850157766295,657.3495221819196,0.9925833367356368,1.0193657260229607,641.090327671596,635.7532368977865,1,0.9495566369416764,1.429194413174595,0,6,2,1,0,12405600.857142856,0.4976192665787387,0
2022-06-07,644.9717407226562,650.5098419561832,640.9483590300321,644.6877488651877,10253966.0,-1.1498449458599125,-0.011565067792623972,655.3581194196429,0.9841515983563546,1.0149177118428399,642.7368730817523,635.9512044270833,1,0.678283749417188,1.482899298229776,1,6,2,0,0,10437350.57142857,0.982429969159935,1
2022-06-08,647.2437744140625,653.6811733997421,642.3210371494931,650.0364861317101,5986588.0,0.35226871937994453,0.0035164970642672677,653.0489065987723,0.991110723674672,1.0176860722181282,645.4535042898996,636.126649983724,1,0.605956282389653,1.3251712312966233,2,6,2,0,0,9489052.57142857,0.630894175676247,1
2022-06-09,652.119140625,654.178211573515,642.3920584937911,644.8060759244232,7311816.0,0.7532503831884751,0.007504276186173812,652.2881905691964,0.9997408354978051,1.0183472895156251,647.3722185407366,636.4568094889323,1,0.6744746647561588,1.1723455468020862,3,6,2,0,0,8607113.714285715,0.849508469705026,0
2022-06-10,639.5283203125,647.5040710182226,635.9782777627149,643.7883713722422,9155430.0,-1.9307546011351207,-0.01949637112896573,649.3298252650669,0.9849051982964655,1.018122935418571,648.9646650041852,636.3859924316406,1,0.9079655082337078,1.2501204482171966,4,6,2,0,1,8187618.571428572,1.1182042641737968,0
2022-06-13,627.9315185546875,629.5408827433928,619.2694493477306,626.511501525943,10892572.0,-1.8133367029228409,-0.01829979148963233,645.3740670340402,0.972972963479128,1.0165863719039925,649.2233145577567,635.7219584147135,1,1.0459623271382459,1.336167037656333,0,6,2,1,0,8104411.714285715,1.3440299412231949,0
2022-06-14,621.020751953125,627.6474977818931,617.707379038741,620.6657477122982,11870356.0,-1.1005605543529695,-0.01106661526581074,640.755632672991,0.9692006129738734,1.0160919540229885,648.6553083147321,634.5296712239583,1,1.0531274566493836,1.353126406626254,1,6,2,0,0,8806284.857142856,1.3479414069114342,0
2022-06-15,618.8670043945312,622.8194309622124,614.5833214454613,616.1216730760376,11810470.0,-0.34680766332206847,-0.003474104351415218,635.954607282366,0.9731307821467706,1.0134011276085078,646.6520647321429,634.0095499674479,1,1.0364143552329148,1.0571934414061013,2,6,2,0,0,9611599.714285715,1.2287725613922629,0
2022-06-16,606.4891967773438,625.0677498612076,604.9271551892505,620.0740010155853,12169192.0,-2.000075546004809,-0.02020347819541667,630.4571010044643,0.9619832908711249,1.0332942479093308,642.9076102120536,633.1244038899739,0,1.1363629078748188,0.9458891919329613,3,6,2,0,0,9885203.42857143,1.2310512462320307,1
2022-06-17,610.489013671875,614.867399697434,601.8978987250547,603.5072629824699,14723922.0,0.6595034034876157,0.006573381943300154,625.2064208984375,0.9764599230996169,1.0215476761089406,639.127663748605,632.9239278157552,0,1.1957932743221376,0.9435392665751268,4,6,2,0,1,11133394.0,1.322500757630602,1
2022-06-20,625.8251342773438,627.174138793338,612.5716430424657,617.5653345357969,15936840.0,2.512104274117477,0.02481069609743465,621.4501342773438,1.0070399856057437,1.023838021097983,636.86916242327,633.199560546875,0,1.6725669919579176,1.2482405095148008,0,6,2,1,0,12365540.285714285,1.2888106489298798,1
2022-06-21,632.641357421875,640.9011010850471,626.7246190440588,632.8070145403242,13220684.0,1.0891577808555208,0.010832691763759492,620.4662824358259,1.0196224602862418,1.0226199539801255,634.8980538504464,633.3717508951823,0,1.6537340143318826,1.2916008975868012,1,6,2,0,0,12946290.857142856,1.0211947302810482,0
2022-06-22,629.6591796875,632.8305277490141,626.3221167580701,630.6058576498191,8159698.0,-0.4713852010130859,-0.004724997248981728,620.7130911690848,1.0144125984221883,1.0103914755950698,633.0435791015625,633.3267842610677,0,1.4982873357870579,1.2875744929117077,2,6,2,0,0,12555880.285714285,0.6498706434214626,1
2022-06-23,631.978515625,638.0609096242678,624.0974104893153,629.7774779340417,15372244.0,0.36834783202097654,0.0036767109272145084,622.2784859793527,1.0155879238382814,1.0223739097459235,631.5170593261719,633.8332560221354,0,1.4107851160248783,1.2988801612519632,3,6,2,0,0,13056150.0,1.1773948675528392,1
2022-06-24,640.8063354492188,644.5220348931247,633.5879159905552,633.5879159905552,8013432.0,1.3968544192500598,0.013871883181404874,625.4126761300223,1.0246136029964255,1.017257461240363,630.6836417061942,634.8185913085938,0,1.439695250951519,1.3700222951584649,4,6,2,0,1,12513716.0,0.6403718927295458,1
2022-06-27,641.9659423828125,651.3143865207373,639.9542518721198,648.474352858583,9804164.0,0.18096059128080988,0.0018079705486408126,630.4807826450893,1.018216510405819,1.017751479289941,630.4689418247768,635.6256327311198,0,0.9638652145057989,1.3388925035883126,0,6,2,1,0,12175854.857142856,0.8052136063570497,0
2022-06-28,637.0670166015625,639.4810341157448,633.5169738511049,636.1676608819845,9770574.0,-0.7631130341691383,-0.0076603964006473554,634.2776402064732,1.0043977214681277,1.0094142075284658,629.7420305524554,636.1289510091145,0,1.137524609634312,1.3478693152889392,1,6,2,0,0,11468233.714285715,0.8519685108814116,0
2022-06-29,636.1438598632812,639.362587841217,630.1324782999224,630.1324782999224,9994046.0,-0.144907319673504,-0.001450124118664346,635.7517438616071,1.0006167753458173,1.0146478873239435,628.6009390694754,636.603076171875,0,0.7894845724732027,1.3250742280010148,2,6,2,0,0,10619263.142857144,0.9411242442675803,1
2022-06-30,638.06103515625,640.9010694373609,632.3809665940282,632.3809665940282,12475822.0,0.3013744867993884,0.003009212642626575,636.5259835379464,1.002411608729264,1.0134730538922154,628.4961329868862,637.56474609375,0,0.6986098899738609,1.227462534415798,3,6,2,0,0,10512854.285714285,1.1867207193153197,1
2022-07-01,640.7826538085938,643.7410224780701,629.5645429261943,636.1439086225995,11472452.0,0.4265451896270811,0.004256380642513876,638.1150512695312,1.0041804413385256,1.0225179129148283,629.4140712193081,638.0822631835938,1,0.6519417414027077,1.1150793196246844,4,7,3,0,1,10986104.857142856,1.044269297369844,1
2022-07-04,641.6820068359375,643.8356645501927,635.3392528781949,640.7589611464242,8487480.0,0.14035227420690077,0.0014025387246448695,639.5012642996652,1.0034100675917514,1.0133730312325386,630.889875139509,638.8971944173177,1,0.6508718432647455,1.0557173155968982,0,7,3,1,0,10002567.142857144,0.8485301701834542,0
2022-07-05,640.23828125,652.9000987367396,638.202958341074,645.6343570808499,14325718.0,-0.2249908164101977,-0.002252443010303256,639.4201136997768,1.001279546158611,1.0230289443249665,632.4163949148996,639.4281229654948,0,0.40376781367538966,1.0510073517683742,1,7,3,0,0,10904322.285714285,1.3137650946696682,1
2022-07-06,649.0660400390625,650.0837303452961,637.6348927549916,638.0609093693026,15049078.0,1.3788239547043668,0.013694046620947552,640.4344133649554,1.0134777683615641,1.0195234572821408,635.4575980050223,640.0978963216146,1,0.6671169346351674,0.8669153809308267,2,7,3,0,0,11653595.714285715,1.2913677777196173,1
2022-07-07,660.6865844726562,661.7279071370114,650.5807508251304,653.2078053283803,17743142.0,1.790348549570453,0.01774510567277467,643.8086373465402,1.02621578237235,1.0171341625120986,639.0431387765067,640.5570353190104,1,0.7690938385756699,0.9340794130319868,3,7,3,0,0,12792534.0,1.386991975163013,1
2022-07-08,661.3019409179688,667.4080259025676,660.1896057642597,667.4080259025676,12474030.0,0.09313893452274069,0.0009309558713056531,647.4026489257812,1.0214693159122075,1.0109338591145367,641.5771963936942,640.6367146809896,1,0.7392757673748828,0.7534735355167552,4,7,3,0,1,13146817.42857143,0.9488250725145625,1
2022-07-11,665.5856323242188,667.3606535366644,659.4795477972783,659.8345520397675,7462880.0,0.64776634411563,0.00645677354261993,651.334734235491,1.021879530354626,1.0119504930300107,643.9303588867188,640.7092936197917,1,0.7307841200854105,0.7312001286221418,0,7,3,1,0,12430682.857142856,0.6003596170673534,0
2022-07-12,658.793212890625,665.1595990343833,657.6571877869562,665.1595990343833,9876974.0,-1.0205177371204188,-0.01025760720262671,653.9076712472098,1.0074713019256938,1.0114077841567777,646.0113612583706,640.7542622884115,1,0.9593934665356143,0.791778471007586,1,7,3,0,0,12202757.42857143,0.8094050920715788,0
2022-07-13,642.723388671875,659.9292508118748,641.019379724398,657.9412500032589,15945610.0,-2.439281993850473,-0.02469525303082481,654.0564400809152,0.9826726705609103,1.02949968703849,646.7788521902902,640.170479329427,1,1.4473943755183698,1.082539999993167,2,7,3,0,0,13268204.57142857,1.2017910874193851,0
2022-07-14,639.5046997070312,649.7288108809627,638.6526663672696,644.6877388120965,10372410.0,-0.500789145310998,-0.005020472963648937,653.951642717634,0.977908239590063,1.0173429864102743,646.6858782087054,639.633241780599,1,1.4592668198198517,1.0286289472581773,3,7,3,0,0,12703446.285714285,0.816503629543767,1
2022-07-15,644.7113647460938,646.0603692493304,637.4929454810771,640.4276239716492,13595646.0,0.8141715051426246,0.008108750096078665,653.3295462472098,0.9868088294022217,1.013439244824565,646.8819798060825,639.3452941894532,1,1.383520946009543,1.0513231262124176,4,7,3,0,1,12495813.142857144,1.0880161094415486,0
2022-07-18,637.8479614257812,646.6283647787831,635.2445970528642,638.0609408531288,20332220.0,-1.0645699293691746,-0.010702770151257968,650.0668858119419,0.981203588964697,1.0179202905128708,646.937761579241,638.857753499349,1,1.136265333313705,1.0718282996332398,0,7,3,1,0,12865681.42857143,1.5803453639732812,1
2022-07-19,638.0846557617188,643.0547152126437,632.8542367511087,632.8542367511087,15792538.0,0.03710826878060569,0.0003710138536537106,646.7501307896206,0.9866015102040689,1.0161182115393605,647.0763898577009,638.628184000651,1,1.1316135531387024,1.0708546093288953,1,7,3,0,0,13339754.0,1.1838702572776079,1
2022-07-20,646.13134765625,648.9950135948013,641.4926028997119,643.6936405421574,20347862.0,1.2610696436392788,0.012531843836209911,643.970947265625,1.0033548103370165,1.011695241162839,647.6528407505581,638.5911031087239,1,1.2528723934030483,1.119379690523961,2,7,3,0,0,15180465.714285715,1.3403977442438713,0
2022-07-21,644.0960693359375,648.237785747247,642.8417093809554,644.0014246445072,12640278.0,-0.31499451739884776,-0.0031549166940435156,641.871355329241,1.0034659811319284,1.008394098092185,647.8895132882254,638.3236673990885,1,1.224197013752013,1.1200621414376521,3,7,3,0,0,15575223.42857143,0.8115631893159542,1
2022-07-22,659.12451171875,661.2545370708034,644.8770203644754,646.581029089991,12729592.0,2.3332609991405073,0.023064566081956447,644.214372907366,1.0231446851210317,1.0253963409908322,649.1354064941406,638.9768737792969,1,1.172028066877341,1.277097241247654,4,7,3,0,1,15115792.285714285,0.842138589852849,1
2022-07-25,661.0652465820312,664.8519586435416,654.7698724481547,660.3079157258574,10143126.0,0.2944413124950529,0.0029400868308097103,647.294451032366,1.0212743914731577,1.015397907905705,650.623046875,640.0813313802083,1,1.110901611423173,1.271354131032153,0,7,3,1,0,15083037.42857143,0.6724856348089493,0
2022-07-26,659.7161865234375,663.6212330086884,656.1898343247683,660.7811992012332,8527964.0,-0.20407366225481116,-0.002042821762827128,649.4379970005581,1.0158262829867508,1.0113250743842552,651.383771623884,641.3711791992188,1,1.1264194513912753,1.2317104413483029,1,7,3,0,0,14359082.857142856,0.593907290935215,1
2022-07-27,664.7572631835938,665.5145939819267,655.219471350983,657.4205091247603,9212778.0,0.7641280846422127,0.007612234135478308,653.2821829659598,1.0175652735017753,1.0157124796821384,651.6745343889509,642.9008544921875,1,0.9453382804932119,1.1528877807733735,2,7,3,0,0,12770591.142857144,0.721405759290391,1
2022-07-28,670.6503295898438,674.0347148899765,667.8813080826944,669.7983540849104,17420406.0,0.8864989873186957,0.008825926544719804,657.9344220842634,1.0193270135727173,1.0092133238837704,652.3422764369419,645.0395589192708,1,0.9157153236806285,1.174464421461135,3,7,3,0,0,13003143.714285715,1.339707257165921,1
2022-07-29,678.86279296875,680.9454961932345,669.9167317996424,680.6615043400415,20019736.0,1.2245522020288613,0.012171152132043816,662.6103428431919,1.024527914936885,1.0164628884010178,653.2906450544085,647.3186848958334,1,0.9121977277344789,1.2046324083820876,4,7,3,0,1,12956268.57142857,1.5451776018403889,1
2022-08-01,684.5191650390625,685.6078100048894,676.8984191557296,681.1347798374608,13193036.0,0.8332128566917785,0.008297608004312996,668.3850708007812,1.0241389207256697,1.0128666142550942,655.1282130650112,649.2751525878906,1,0.7920778764127883,1.1676309216797272,0,8,3,1,0,13035234.0,1.0121058049283964,0
2022-08-02,676.9931030273438,683.7855061039321,673.5850853482716,682.5548362631915,15036510.0,-1.0994669537542134,-0.01105555762424497,670.937726702009,1.0090252434530698,1.0151434777543902,657.5760498046875,650.7535441080729,1,0.802062982075096,0.964883897411544,1,8,3,0,0,13364793.714285715,1.1250835831403352,1
2022-08-03,678.5787963867188,679.5964868191563,670.7213803397141,674.4844023747412,10975498.0,0.2342259252397394,0.0023395204390349172,673.4396623883929,1.007631172152973,1.0132321806633733,660.3670567103794,652.3841979980468,1,0.8035253553180346,0.9329731650517397,2,8,3,0,0,13483704.0,0.8139824190741654,0
2022-08-04,677.7741088867188,684.7794912450086,668.8043003902649,681.6081431357295,12012206.0,-0.11858423874792079,-0.0011865460549106313,676.0193655831473,1.0025956997578875,1.02388619637377,662.7286812918527,653.9107177734375,1,0.7938124423706385,0.9366139799702285,3,8,3,0,0,13981452.857142856,0.8591529165628302,0
2022-08-05,675.4784545898438,680.1644645453026,672.6857428860559,678.2947985756512,9268982.0,-0.3387049264312769,-0.003392798300856259,677.5509643554688,0.9969411750928633,1.0111177050180378,665.4165736607143,655.066455078125,1,0.8161298496325006,0.8692423564326764,4,8,3,0,1,13989482.0,0.6625679206706867,1
2022-08-08,692.0453491210938,693.2050066276399,675.502115421205,675.9281321026083,15357736.0,2.4526162779402894,0.024230225490714477,680.6073957170759,1.0168055085442718,1.026207010758799,669.2709089006696,656.7357686360677,1,1.16546130214606,1.01605812419455,0,8,3,1,0,13694814.857142856,1.1214270627389904,1
2022-08-10,694.0569458007812,696.5182853005304,685.8918486744243,691.7138832613585,17353102.0,0.2906741129381496,0.0029025247260707206,682.7779889787946,1.0165192156221323,1.0154928749286685,672.6941659109933,658.6354329427083,1,1.11510565118487,0.999449063075321,2,8,3,0,0,13313867.142857144,1.3033855463481845,1
2022-08-11,703.23974609375,705.748465966316,697.9620623413853,703.6184404151097,18301766.0,1.3230615079248276,0.013143854913959427,685.4523577008929,1.025949853688619,1.0111559123984626,676.9187142508371,660.8719624837239,1,1.1667100607031329,0.9903997143111443,3,8,3,0,0,14043685.714285715,1.3032024763543961,0
2022-08-12,702.9794921875,704.9438607746496,698.6247383178145,702.9084797748282,8850370.0,-0.0370078494134618,-0.00037014699008030075,689.1646990094866,1.0200457063425752,1.00904508831458,680.0512128557477,663.0359110514323,1,0.9971327620925955,0.87323460613815,4,8,3,0,1,13159951.42857143,0.6725229988907905,1
2022-08-16,711.0262451171875,714.0319364423374,704.3521762597685,707.5472147556159,12563756.0,1.1446639651816914,0.01138162255328547,693.800048828125,1.0248287620016152,1.0137427845172142,683.619855608259,665.377364095052,1,1.009332533576474,0.889890187274868,1,8,3,0,0,13386845.42857143,0.9385150569666909,1
2022-08-17,714.694580078125,716.0435846954439,703.2634314733141,710.0085123405493,12384350.0,0.5159211753615223,0.005145948619309122,699.0744018554688,1.0223440855239407,1.0181726400807671,687.5468837193081,667.8111165364584,1,0.9532427551281364,0.8649441460154724,2,8,3,0,0,13440008.857142856,0.9214540058445115,1
2022-08-18,715.5465698242188,716.5879503313682,709.8428693302802,710.008526430319,8342138.0,0.11921032701838197,0.0011913932792793956,704.7984183175223,1.0152499654189835,1.009502217029315,691.1746913364956,670.3213928222656,1,0.8776340383805752,0.8713522359961557,3,8,3,0,0,13307602.57142857,0.626870088374188,0
2022-08-19,706.7188110351562,715.6885618964038,705.2751039852128,714.7418839044774,8063702.0,-1.2337084910114426,-0.012413818507906089,706.8946271623884,0.9997512838257975,1.014765100671141,693.7510114397321,672.2431518554688,1,0.8470800397124741,0.9819952001932314,4,8,3,0,1,12265597.714285715,0.6574243007014835,0
2022-08-22,695.9739990234375,704.494101169479,694.7196390958088,702.8137823590608,8234066.0,-1.5203800781785404,-0.015320563564695772,707.1684919084821,0.9841699778579879,1.014069649861046,694.9732404436384,673.4193990071615,1,1.0925665473832002,1.0703132446377708,0,8,3,1,0,10962878.285714285,0.7510861459375867,0
2022-08-23,693.8203125,698.6246570090722,686.5308805205054,687.903575143371,14966884.0,-0.3094492792057535,-0.003099290635361908,705.8228585379464,0.9829949598645633,1.017615779321387,695.6376081194196,674.5033447265625,1,0.9373868558013628,1.0604604266580067,1,8,3,0,0,10486466.57142857,1.4272571125891704,1
2022-08-24,697.1572875976562,698.4116474192263,690.6961991270781,691.9742490093071,13455520.0,0.4809566738731341,0.004798037724222526,704.9911150251116,0.98888804800444,1.011170538222013,697.0779070172991,675.555733235677,1,0.971188734048535,1.005457425704876,2,8,3,0,0,11144345.142857144,1.2073854342732897,0
2022-08-25,693.3706665039062,703.7604928802608,689.654966674725,700.4944420172992,11823040.0,-0.543151618883364,-0.005446320503807004,702.4688895089286,0.9870482193006689,1.0204530190996053,698.1344691685268,676.7083150227865,1,0.8010319849123296,1.0255511344839292,3,8,3,0,0,11038528.57142857,1.0710702901654854,1
2022-08-26,693.4888916015625,701.3936868205767,691.6428581204374,696.778632008081,7706176.0,0.01705077866249738,0.0001704932518244982,699.4395054408482,0.9914923109246809,1.0140980689465044,699.2569536481585,678.4004984537761,1,0.7295523810957733,1.0233653725831804,4,8,3,0,1,10370218.0,0.7431064612142194,0
2022-08-29,681.3241577148438,684.4481835108402,676.2120734809305,680.1881325761254,8653178.0,-1.754135363095033,-0.017697026334157137,694.5505894252232,0.980956849059296,1.0121797737025202,699.6745038713727,679.7944803873698,1,0.8321482087470135,1.1405572290598331,0,8,3,1,0,10414652.285714285,0.8308657612956998,1
2022-08-30,703.4290771484375,705.251420744394,683.0755001251575,684.6611742208433,10135400.0,3.244405644991888,0.03192886177002918,694.0806274414062,1.0134688238475875,1.0324648162833732,700.4876273018973,681.7517374674479,1,1.6591139534376003,1.279132513432952,1,8,3,0,0,10710609.142857144,0.9462953847736337,0
2022-09-01,696.8259887695312,705.014718429371,690.6015696459982,693.3232687724303,22403136.0,-0.9386999476441726,-0.009431335026010717,694.2023402622768,1.0037793714528003,1.020870425751799,700.6854160853794,683.7176717122396,1,1.5864612716997075,1.3086783484040614,3,9,3,0,0,12734762.0,1.7592112047323696,1
2022-09-02,703.1450805664062,705.5117755531663,693.5362758079048,696.8260165078848,12038086.0,0.9068392825062999,0.009027521854365688,695.5344499860491,1.0109421331761637,1.0172673011679327,700.6786542619977,685.8863525390625,1,1.6097601452061467,1.281647026963941,4,9,3,0,1,12316362.285714285,0.9774059678289053,1
2022-09-05,707.6654663085938,709.5351321703702,702.482369800808,703.4290477623429,12131932.0,0.6428809455007789,0.0064082328013426535,697.0356183733259,1.015250078554199,1.0100397713490832,701.0133666992188,687.937489827474,1,1.61559142305517,1.292700547125189,0,9,3,1,0,12127278.285714285,1.000383739382908,0
2022-09-06,704.9674072265625,713.156194796427,703.5947126110668,709.4878176550125,12238696.0,-0.38126193950160925,-0.0038199059548242073,698.6922956194196,1.0089812234176416,1.0135894741873162,700.5805925641741,689.9665344238281,1,1.6038785123061583,1.2576270171074142,1,9,3,0,0,12186657.714285715,1.004270103168097,0
2022-09-07,701.6304321289062,705.2751193650466,696.4237030597683,696.4237030597683,9776206.0,-0.4733516845529584,-0.004744755415725664,699.8553728376116,1.0025363230178508,1.0127098148244944,699.64743913923,691.3833984375,1,1.626210486362108,1.2509266057676542,2,9,3,0,0,12482376.285714285,0.7832007124467624,1
2022-09-08,708.8724975585938,710.0085227511238,701.5594328865137,705.3224549448381,11164690.0,1.032176641442617,0.01026886072548421,703.7908499581473,1.0072203945259428,1.0120432987834642,699.1707196916852,692.976973470052,1,1.3996558312976592,1.2878595527724315,3,9,3,0,0,12841163.714285715,0.8694453437720253,1
2022-09-09,709.3458251953125,714.2685624302175,707.1921673792319,708.2098000210051,15128888.0,0.06677190021462387,0.0006674961769975318,704.6360996791294,1.0066839117642818,1.0100063255468592,699.3583635602679,694.6312947591146,1,0.7584591446920419,1.2427437148941438,4,9,3,0,1,13554519.142857144,1.1161508453785691,0
2022-09-12,706.9554443359375,711.9018134782359,705.2750678740501,710.0084575913257,11080492.0,-0.3369838482825793,-0.003375529176601816,706.0831647600446,1.0012353779546483,1.0093959731543625,700.1427525111607,696.037900797526,1,0.6435820686239251,1.166841907033794,0,9,3,1,0,11936998.57142857,0.9282477444976298,1
2022-09-13,716.2091674804688,717.534539678244,709.3221202937293,709.4877773732925,13001966.0,1.3089542231651485,0.01300461448118208,707.949462890625,1.0116670822181553,1.0115778419276054,701.7419564383371,697.5565287272135,1,0.7286618514290092,1.2008925575501577,1,9,3,0,0,12074695.714285715,1.0767945054397703,1
2022-09-14,723.5697021484375,728.4214270878097,706.3874726655264,707.1921836653196,20219760.0,1.0277074075806913,0.010224623999488957,710.2214965820312,1.0187944262890452,1.0311924478772805,703.6285574776786,699.0467590332031,1,0.7749194527204428,1.2183143005359878,2,9,3,0,0,13230099.714285715,1.5283150117279107,0
2022-09-15,719.8065795898438,729.3916941454547,715.6885534856144,724.2086553128241,13539372.0,-0.5200774089103244,-0.005214345188597561,712.3413783482143,1.0104798085139175,1.019146793103092,705.5168369838169,700.2230061848958,1,0.7973256366472254,1.2171405979354275,3,9,3,0,0,13415910.57142857,1.0092026126675562,0
2022-09-16,706.5768432617188,716.9666119495581,701.9617876785321,711.4758907092803,20560046.0,-1.8379571267136074,-0.01855057413444833,713.0480085100446,0.990924642981827,1.0213755570949932,706.4516906738281,701.209130859375,1,1.1197590560905089,1.3418936040376885,4,9,3,0,1,14956459.142857144,1.3746599916210114,1
2022-09-19,711.2391357421875,716.6352116395905,700.5416864112245,704.8017372069685,12076038.0,0.6598422414958449,0.006576748117645138,713.3860996791294,0.9969904600917966,1.0229729729729728,708.5884748186384,702.2978088378907,1,1.0764250718166066,1.229936470697551,0,9,3,1,0,15086651.714285715,0.8004452033955995,1
2022-09-20,719.8065795898438,721.3686213704209,714.694553161901,716.6352314664156,10781668.0,1.2045799249665867,0.011973826016803142,714.8804931640625,1.0068907831069476,1.009338350458938,709.758296421596,703.6988911946614,1,1.1614674617522154,0.9436364272683502,1,9,3,0,0,14465620.285714285,0.7453304999750048,0
2022-09-21,718.6942138671875,720.1852431794865,712.3751501709676,713.7951670816074,9072304.0,-0.15453675392771427,-0.0015465628513158707,716.5574602399554,1.0029819710850776,1.0109634551495017,711.3203125,705.1394165039062,1,1.1489923423694512,0.8948619904386139,2,9,3,0,0,14178736.285714285,0.639852792039073,0
2022-09-22,703.3817749023438,714.8129236481702,701.8434231066286,710.9551991274026,12048144.0,-2.1305916576745187,-0.021536163911177703,714.7249755859375,0.9841292789939312,1.0184791936699122,711.3372192382812,705.5172973632813,1,1.3364405203569085,1.068179821178751,3,9,3,0,0,14042476.0,0.8579786071914953,0
2022-09-23,684.5191650390625,698.1749828076821,680.1881018946707,696.920622977358,15806252.0,-2.6817029579562446,-0.02718316676631716,709.1463274274554,0.9652721005018359,1.0264439805149617,709.6839120047433,705.1993713378906,1,1.473675247153454,1.2671353778348586,4,9,3,0,1,13411974.857142856,1.1785178669330725,0
2022-09-26,675.2890625,679.9277498021432,671.1946687964193,674.6736987181858,8923486.0,-1.348406737236607,-0.013575802988322488,702.7866821289062,0.9608734480488311,1.0130112490633814,707.5640302385602,704.2676818847656,0,1.4825493446404476,1.3019172647436061,0,9,3,1,0,12752562.57142857,0.699740616838265,0
2022-09-27,669.2303466796875,681.6081733278456,665.9879860224158,678.0108084136324,12639700.0,-0.8972033099251431,-0.009012524161603556,697.4514683314732,0.9595367951274092,1.023454157782516,705.249738420759,703.1427103678385,0,1.4246935838974706,1.3111831020315243,1,9,3,0,0,11621084.57142857,1.0876523548478239,0
2022-09-28,657.7282104492188,667.6919614261478,656.0005115959231,665.5146136488581,11816132.0,-1.7187110966403907,-0.01733652381631005,689.8070504324777,0.9534959232974686,1.0178223181591455,701.5965750558036,701.3661092122396,0,1.3073145340891958,1.2975426888800645,2,9,3,0,0,11583955.142857144,1.02004296928636,0
2022-09-29,654.320068359375,663.7158347077755,652.6397498004962,660.923181202472,14410388.0,-0.5181687565926407,-0.005195159065828158,680.4518345424107,0.9615964498051376,1.0169712079453712,697.6661638532366,699.3536254882813,0,0.8985921286919638,1.2863705513728887,3,9,3,0,0,12102343.714285715,1.1907105218793157,1
2022-09-30,672.7803344726562,677.561046520772,646.1076950288735,652.6397959370244,15781756.0,2.821289916961889,0.027822245950205774,673.8927089146206,0.9983493300532129,1.0486812829097987,695.2250845772879,697.9280843098958,0,1.805070600299265,1.5745386121696268,4,9,3,0,1,13060836.857142856,1.2083265546165287,0
2022-10-03,668.922607421875,671.1236451823496,663.1952174570123,667.3842557736752,11541112.0,-0.5734006856495055,-0.005750509387798064,668.969970703125,0.9999291996900844,1.0119548927927111,691.8474731445312,696.6682108561198,0,1.7259187914698675,1.5014058003494795,0,10,4,1,0,12988403.714285715,0.8885704705425914,1
2022-10-04,687.7616577148438,690.1283530270076,675.0525154446527,676.6381897476731,11538526.0,2.8163273424973934,0.02777398071029884,669.4331839425223,1.0273790935555043,1.0223328366866755,689.2897556849888,696.3944661458333,0,1.915614015623481,1.7019327567181999,1,10,4,0,0,12378728.57142857,0.9321252932738304,0
2022-10-06,680.1881713867188,692.3056387362966,678.8627990191503,691.0512787778197,12549198.0,-1.1011789103348213,-0.011072867656303763,670.133056640625,1.0150046541451037,1.0198019978949635,686.4598693847656,695.9400614420573,0,1.886886050207147,1.7134864751372576,3,10,4,0,0,12896687.42857143,0.9730559160640275,0
2022-10-07,677.2534790039062,679.2177896720063,672.3070516782196,676.9931194360024,13297994.0,-0.4314530164247765,-0.004323864608353041,671.2792184012277,1.0088998146209671,1.0102791395338426,684.3653433663504,695.276601155599,0,1.8530116229066385,1.6625343239723531,4,10,4,0,1,12990729.42857143,1.0236526034290871,0
2022-10-10,669.774658203125,674.9813869948101,661.8225402090238,666.4612853356891,13109302.0,-1.1042868043706466,-0.01110429313575203,673.0001395089286,0.9952073096030009,1.0198827419531984,681.4035949707031,694.490067545573,0,1.760027356106895,1.6518641216828798,0,10,4,1,0,13175468.0,0.9949780911008247,0
2022-10-11,662.9822998046875,670.7213811074919,662.4142583209682,663.1952792481815,14521620.0,-1.014125917612363,-0.010193032070610893,674.2376011439732,0.9833066246673444,1.0125406762945892,677.3447178431919,693.4731811523437,0,1.8065399113266072,1.5897375494722403,1,10,4,0,0,13191358.285714285,1.1008434222976367,1
2022-10-12,667.3132934570312,669.7036205529012,661.3965564168059,664.1892100752841,9225050.0,0.6532593183286473,0.006511348269164956,673.4565952845982,0.9908779543172032,1.0125598841655599,673.6746520996094,693.00615234375,0,1.4290137359284893,1.62049552815042,2,10,4,0,0,12254686.0,0.7527773457434976,0
2022-10-13,659.645263671875,665.6330139849169,655.1012205192,663.6450131620727,14714234.0,-1.1490899192839188,-0.011557429729819583,672.1312604631696,0.9814232761876148,1.0160765895953758,670.5506155831473,691.5466918945312,0,1.4760642631159315,1.5655859421738283,3,10,4,0,0,12707989.142857144,1.1578727235748796,1
2022-10-14,681.1348266601562,684.9215386916234,669.8930253167381,670.7213685736215,12849920.0,3.25774536281227,0.032058058659977635,671.1845703125,1.0148249181935507,1.0224341989047872,670.3088771275112,691.0236531575521,0,1.6275631915974609,1.7111796184783903,4,10,4,0,1,12895331.142857144,0.9964784818354744,1
2022-10-17,684.70849609375,689.9388569363749,675.454696308178,679.2414079903542,18410500.0,0.5246640303384176,0.005232924639334744,671.8303309849331,1.0191687759764239,1.021443570838078,670.981693812779,690.4091003417968,0,1.5807092206339945,1.6722737029581956,0,10,4,1,0,13732660.0,1.3406361185669782,0
2022-10-18,683.430419921875,692.4475498801688,681.6080765511114,690.1518675673558,10561108.0,-0.18665989675408223,-0.0018683432342959517,672.7127511160714,1.0159320137577625,1.0159027947319879,671.9959847586496,689.6012654622396,0,1.5695250428461565,1.6499270911208692,1,10,4,0,0,13341676.285714285,0.7915877865593544,1
2022-10-19,690.4359741210938,699.3110807594875,687.9509442623435,692.968326325787,12967040.0,1.025057415503916,0.01019839330594465,675.6643676757812,1.0218623434237406,1.0165130037132588,674.332253592355,689.116884358724,0,1.4925863605495258,1.5703065468341733,2,10,4,0,0,13321353.142857144,0.9734026161563681,0
2022-10-20,685.7735595703125,687.7142378951055,682.7915007873737,683.5015092803935,7898078.0,-0.6752855768728416,-0.006775759467729603,678.9202619280134,1.0100944072914204,1.0072097222974437,676.5789315359933,688.5883219401042,0,1.4420399611331531,1.5775988983818814,3,10,4,0,0,12375132.857142856,0.638221673348846,0
2022-10-21,680.9454345703125,689.9625651125049,678.768086852019,687.2881883606218,10492606.0,-0.7040407044892727,-0.0070653076530112924,680.8677106584821,1.0001141542044272,1.0164923461743811,677.1621529715402,687.6574198404948,0,1.5066746322026752,1.426452065772275,4,10,4,0,1,12556212.285714285,0.8356505736955296,1
2022-10-24,691.5719604492188,692.4949483754677,688.3769222390107,688.3769222390107,2167794.0,1.560554684621951,0.015485032478035897,685.4286673409598,1.0089627023218786,1.0059822257304367,678.7799639020648,687.0649576822917,0,1.4181300017287588,1.4630178870296053,0,10,4,1,0,10763863.714285715,0.2013955265080996,0
2022-10-25,686.767578125,694.7670189147169,683.9748664222344,691.5956128933714,13773394.0,-0.694704614845576,-0.0069712892172709385,686.2333461216518,1.0007784990431716,1.0157785805038928,678.7089582170759,686.3920288085938,0,0.9244252908187386,1.2781321187258021,1,10,4,0,0,10895788.57142857,1.264102539224854,1
2022-10-27,688.4242553710938,694.5539723285599,686.9332259601686,693.2049677303476,15937276.0,0.24122822609313754,0.0024093773787374696,686.7641688755581,1.0024172584575193,1.0110938677594745,679.2972499302456,685.4658650716145,1,0.9099098582623512,1.239154287781586,3,10,4,0,0,10542470.857142856,1.511721134064316,1
2022-10-28,690.4595336914062,694.3882702618566,685.1108379889911,686.3415077571179,10474278.0,0.295643028907433,0.002952068643533306,687.768327985491,1.0039129538194902,1.0135415056344717,680.2405395507812,684.3621927897135,1,0.904519378120862,1.2306878977610771,4,10,4,0,1,10530066.57142857,0.9947019735297835,1
2022-10-31,708.4464721679688,709.061835992368,694.5066614551414,696.7550217495098,12830528.0,2.6050677264746858,0.025717138574343722,690.3412562779018,1.0262264723793046,1.0209575736922816,683.0028119768415,683.9835225423177,1,1.2789728480460478,1.335841273713326,0,10,4,1,0,10510564.857142856,1.2207267805669382,1
2022-11-01,716.2802124023438,723.7353013468916,709.4878095867721,711.6651573414332,19073756.0,1.1057631793129463,0.010996943154604559,694.6993495396206,1.0310650396851888,1.020081376406478,686.8098057338169,684.3069681803386,1,1.2104145369851174,1.2810242176814994,1,11,4,0,0,12107090.285714285,1.5754203156893944,1
2022-11-02,716.7298583984375,723.3802941610854,715.4991886100082,718.0552306509842,12720406.0,0.0627751525601461,0.0006275545720334716,699.8114100864956,1.0241757251569403,1.0110148350641568,690.3395603724888,684.4899922688802,1,1.0991516135421613,1.2874706731187586,2,11,4,0,0,12425347.42857143,1.0237465047255017,0
2022-11-03,713.5822143554688,719.5935963898347,708.5884649206265,708.9197790999174,10332352.0,-0.439167422158504,-0.004401345949926825,702.9557320731027,1.01511685842724,1.0155310621242486,694.1921997070312,684.2825134277343,1,1.109997244995675,1.2293786870199175,3,11,4,0,0,13591712.857142856,0.7601949885639349,0
2022-11-04,708.6594848632812,717.6292356675809,705.0857523541924,711.5231511022943,10818060.0,-0.6898615735026259,-0.006922521191030816,706.0831473214286,1.0036487735922124,1.0177900110327112,696.1582467215402,683.9480224609375,1,1.1091632649397236,0.9960394850521769,4,11,4,0,1,13169522.285714285,0.8214466527563382,1
2022-11-07,714.1739501953125,715.6886119761264,706.2691537412114,714.7419339179569,9835834.0,0.7781544521477946,0.007751424456751631,709.7616751534598,1.0062165585946843,1.0133369242943977,698.262922014509,684.3077616373698,1,1.1105216431838987,1.0029539919348491,0,11,4,1,0,12297887.714285715,0.7997986506718796,0
2022-11-09,713.9608764648438,718.5049193556288,711.9018633497144,717.1322824659693,9269790.0,-0.029834990538435413,-0.00029839442057166365,713.1190098353794,1.0011805415615813,1.009275233491938,700.4436689104352,685.2891520182292,1,1.1286929772017817,0.9978908579546028,2,11,4,0,0,12125818.0,0.7644671889352125,1
2022-11-10,721.7236328125,722.7886455515248,707.6654877696277,708.6357980412447,12774182.0,1.0872803543652498,0.010814119604633124,715.0157470703125,1.009381451764765,1.0213704893671745,702.6785016741071,686.8369710286458,1,0.7282092615777652,1.0014182381107244,3,11,4,0,0,12117768.57142857,1.0541694970243225,1
2022-11-11,762.6201171875,774.8559183927981,727.9953588809551,731.3087317757319,56722338.0,5.666502039794596,0.05511774123684946,721.6357334681919,1.0567937282184414,1.064369310793238,708.1675415039062,689.9499633789062,1,2.1853067421256545,1.7037809084261504,4,11,4,0,1,17496137.42857143,3.2419920243294187,1
2022-11-14,764.4661254882812,770.5958420285266,756.3956729493768,763.0224185196467,19195390.0,0.2420613171849162,0.0024176882069733923,728.4552001953125,1.049434646472856,1.018773466833542,714.133305140904,693.5078938802084,1,2.1746179937690724,1.6587867451888272,0,11,4,1,0,18421135.14285714,1.0420307896955567,1
2022-11-15,766.3358154296875,768.3001837702703,759.8274043968535,768.3001837702703,11030202.0,0.2445745964495316,0.002442759995457386,735.9914289202009,1.0412292661532838,1.0111509262819265,719.4735804966518,697.2417521158854,1,2.1166657912123332,1.6522246504708633,1,11,4,0,0,18520828.0,0.5955566349409432,1
2022-11-16,772.915283203125,777.2226566503574,763.022486309608,766.170202291269,13578150.0,0.8585619569076774,0.008548972745119092,745.1708286830357,1.0372323411654787,1.0186104218362282,725.6269880022321,700.5795837402344,1,1.9820559899688328,1.5991758801695195,2,11,4,0,0,18915126.57142857,0.7178461084426413,0
2022-11-17,765.9334716796875,772.2762254819945,763.9217810419066,765.9097816187531,12100930.0,-0.9033087681360574,-0.009074133384481571,752.5650460379464,1.017763814187388,1.0109362563647464,731.1633605957031,703.8132792154948,1,2.1458571717216417,1.661248281123919,3,11,4,0,0,19238711.714285713,0.6289885819648958,0
2022-11-18,763.921875,768.2292486333745,759.8274808186842,767.2825705697473,10459232.0,-0.26263334272049743,-0.0026297882912494526,759.7023315429688,1.0055542062750569,1.0110574676841613,736.4106706891741,706.351953125,1,2.166609837372681,1.6802944351956144,4,11,4,0,1,19408632.0,0.5388958892105327,0
2022-11-21,756.0880737304688,763.0225019450933,752.7036881737774,760.9634887596205,8344816.0,-1.0254715208320553,-0.010307657046972889,764.6115373883929,0.9888525568329287,1.013708998552075,739.8136422293527,708.8819498697917,1,2.294268609479983,1.6497859859841262,0,11,4,1,0,18775865.42857143,0.44444374783926643,0
2022-11-22,754.9756469726562,759.4013547263689,753.0822911181793,757.3423417907524,8546314.0,-0.14712925603017624,-0.0014723759740101763,763.5194702148438,0.9888099471257971,1.0083909337435182,742.5776018415179,711.4726888020833,1,0.6674277568281979,1.6471070876114844,1,11,4,0,0,11893576.285714285,0.7185655344276239,1
2022-11-23,756.9400634765625,759.7090850341104,754.5023561024125,759.7090850341104,10185738.0,0.2601960092068145,0.0025985808543995794,762.444318498884,0.9927807777056319,1.006900878293601,745.4497593470982,714.3782023111979,1,0.6691994001884511,1.6449452964833473,2,11,4,0,0,10606483.142857144,0.960331324041137,1
2022-11-24,769.2468872070312,772.4892478000642,756.9400732102165,760.1587437409996,17197960.0,1.625865022118722,0.01612789374642451,762.8601858956473,1.0083720469746178,1.020542147443592,749.4258074079241,717.9203552246094,1,0.9471793420420114,1.6561808166561134,3,11,4,0,0,11487591.42857143,1.497090152181596,0
2022-11-25,765.6968383789062,772.3472166038309,764.0164618309748,771.400538611901,8410496.0,-0.46149667774600944,-0.004625648613521126,761.8289794921875,1.0050770697766012,1.0109038943387312,753.4999040876116,721.1998067220052,1,0.8909698272220593,1.6441068593630186,4,11,4,0,1,10749355.142857144,0.7824186556519815,0
2022-11-28,757.460693359375,760.8687108608916,754.5260148319932,758.7150531969597,16105980.0,-1.0756404632632943,-0.010814672968173325,760.6185825892857,0.9958482617934988,1.0084061992618116,756.591814313616,724.4603210449219,1,0.9178556837857428,1.6994820455076625,0,11,4,1,0,11321505.142857144,1.4226005991934236,0
2022-11-29,756.3246459960938,763.1880609189634,753.9579511951042,756.040654176102,12638236.0,-0.1499810317869832,-0.0015009361592044001,759.5332641601562,0.9957755396432697,1.0122422075517985,759.6177978515625,726.9666483561198,1,0.9166445901508089,1.7023068125699843,1,11,4,0,0,11632791.42857143,1.0864319263009468,1
2022-11-30,761.342041015625,763.4484340945068,755.969655277555,755.969655277555,15184806.0,0.6633917122882194,0.006612009530081588,760.2838309151786,1.0013918619039586,1.0098929616615444,762.4476841517857,729.5210998535156,1,0.8652818830866266,1.6933803076119993,2,11,4,0,0,12609932.857142856,1.2041940406842544,1
2022-12-01,766.5724487304688,774.8558805629993,764.4424234021038,767.755796135116,20446366.0,0.6869984097904736,0.006846493283463984,761.9405168805804,1.006079125269321,1.013622291021672,762.7299935477121,732.2925008138021,1,0.8824918655950003,0.7749596036554652,3,12,4,0,0,14309940.285714285,1.4288225940685266,0
2022-12-02,760.7030639648438,766.1464622403034,759.7800760651729,762.075758564348,7811078.0,-0.7656660209149679,-0.007686122918918525,762.4780883789062,0.9976720322313309,1.008379248647979,762.461203438895,734.6347371419271,1,0.956997633907227,0.8010793525103569,4,12,4,0,1,13970703.142857144,0.559104142442079,1
2022-12-05,763.4721069335938,764.2531278294877,755.5436787874839,762.052089952201,11592622.0,0.3640110182174805,0.003633501014981011,761.6531197684152,1.0023882094328342,1.0115273931693545,762.2566528320312,737.2246887207032,1,0.7006416915235953,0.8048813465406162,0,12,4,1,0,13169940.57142857,0.8802334328789249,0
2022-12-06,762.6201171875,763.827096930786,757.342375948978,757.8157149339461,12353092.0,-0.11159408947049032,-0.0011165640203692178,761.2135881696429,1.001847745547001,1.0085624694824218,761.5212838309152,739.947178141276,1,0.6832757168205448,0.7637902703569267,1,12,4,0,0,13733168.57142857,0.8995077818894777,0
2022-12-07,762.2887573242188,766.1464816690436,759.4487233693498,764.0401462647712,11674720.0,-0.04345018651006338,-0.0004345962883884088,761.9033115931919,1.0005058984849677,1.0088192370249551,761.2609470912388,742.3044047037761,1,0.5177587449762767,0.7273229401220288,2,12,4,0,0,13100131.42857143,0.8911910589337598,1
2022-12-08,766.5724487304688,769.6491519825515,759.7090337835149,762.0757285928094,14803634.0,0.5619512770051349,0.005603782212695223,763.3672834123884,1.0041987197876134,1.0130841121495326,761.4502737862723,744.9645670572917,1,0.5320395217540412,0.740445072158276,3,12,4,0,0,13409474.0,1.1039682839162819,1
2022-12-09,772.03955078125,773.8382042003839,766.8091320460886,769.6491658684815,11963384.0,0.7131879132670882,0.007106567557498902,764.8954990931919,1.0093399055119654,1.0091666515962576,762.5896650041852,747.7517435709635,1,0.5396454291616384,0.6946836398404755,4,12,4,0,1,12949270.857142856,0.9238654540460833,1
2022-12-12,778.051025390625,782.7134032490045,767.4719096965754,769.1759186371198,14434808.0,0.7786485295075529,0.007756327068347473,766.5352957589286,1.0150230911680265,1.0198593503682174,764.2379063197544,750.6714599609375,1,0.5543205202234962,0.7080077007187022,0,12,4,1,0,12090476.857142856,1.1938989810374725,1
2022-12-13,780.2047119140625,784.322738181516,778.6426700715715,781.0093651173817,17031702.0,0.27680530622733457,0.002764229058467152,769.3212454659598,1.0141468424435762,1.0072948328267477,765.8996669224331,753.0634012858073,1,0.34948734842266643,0.7080984746893975,1,12,4,0,0,13407708.857142856,1.2702917539059246,1
2022-12-14,786.8077392578125,788.3460909814328,781.0093366072435,782.4293535828931,14227640.0,0.8463198495111568,0.00842758641770931,772.6549072265625,1.018317145078456,1.0093939393939393,767.1540134974888,755.4143188476562,1,0.39442199812410783,0.6132366028872868,2,12,4,0,0,13784140.0,1.0321746587019576,0
2022-12-15,772.3945922851562,790.1921268749417,770.146232067255,784.3464018645261,18182648.0,-1.8318511948359872,-0.018488373493503723,774.0512608119419,0.9978597431324536,1.0260286864663075,767.6324244907925,757.2698099772135,1,0.943321918932399,0.8011703474233545,3,12,4,0,0,14616933.714285715,1.2439440689417214,1
2022-12-16,776.1103515625,778.6900261619706,761.6024987468371,766.8329181370016,14647958.0,0.4810700792648781,0.004799166349302361,776.0257742745536,1.0001089877304985,1.0224362806624845,768.9645429338727,759.354081217448,1,0.9428955023310274,0.7360300010100242,4,12,4,0,1,15041682.0,0.9738244698963853,1
2022-12-19,778.5242919921875,779.4236476156718,769.7438307486328,778.169287755073,9604542.0,0.3110305673449165,0.0031054786791199717,777.7331804547991,1.001017201730966,1.0125753744042674,770.5502319335938,761.6829081217448,1,0.9342721100214274,0.7305964990674475,0,12,4,1,0,14298954.57142857,0.6716953992700485,0
2022-12-20,773.1519165039062,774.5719334714851,766.9038071781762,766.9038071781762,7174698.0,-0.6900716578199129,-0.006924636630026532,777.89208984375,0.9939063870146875,1.0099988110914768,771.393794468471,763.6488403320312,1,0.9622018346888757,0.7550331221208197,1,12,4,0,0,13614856.57142857,0.5269756579776571,0
2022-12-21,765.673095703125,778.5479501770524,760.442734825503,776.7492390037293,9269198.0,-0.9673158199748788,-0.009720247106209832,776.1238141741071,0.9865347277327098,1.0238087820718071,771.3295549665179,765.3725809733073,1,0.9604420473502798,0.7870104693837101,2,12,4,0,0,12876912.285714285,0.7198307943965183,0
2022-12-22,763.046142578125,770.3592068674686,761.6024355451656,767.850487106121,9747096.0,-0.34309069232576483,-0.0034368059810258728,773.672589983259,0.9862649297096542,1.0114978247358608,771.4969177246094,766.7499979654948,1,0.9347111294999735,0.763361330243337,3,12,4,0,0,11836254.285714285,0.8234949811583733,0
2022-12-23,756.2301025390625,759.3068061921712,750.4553317833038,751.1890303820713,10693152.0,-0.8932670855307578,-0.00897280634982371,769.3043561662946,0.9830050960683681,1.011794805145609,770.9796316964286,766.5369974772135,1,0.795931531067791,0.7937235035760095,4,12,4,0,1,11331327.42857143,0.9436804352716612,1
2022-12-26,771.2822265625,775.8026372192614,752.6090257343659,757.1057463283763,9907322.0,1.9904158764507685,0.01970866088589416,769.1454467773438,1.002778121867729,1.030817610062893,771.5983537946429,766.7642008463541,1,1.0500549580494476,0.9646605528075239,0,12,4,1,0,10149138.0,0.9761737400752655,1
2022-12-27,772.063232421875,774.3589150189524,763.732477566371,772.9625880792587,7926772.0,0.10126071008480508,0.0010120947601151133,768.5672869001116,1.0045486525140352,1.0139138216125658,772.2965305873325,766.9551147460937,1,1.0297119108446158,0.9639530395598833,1,12,4,0,0,9188968.57142857,0.8626400164918245,0
2022-12-28,771.4479370117188,772.9625987224337,768.2765309952387,768.2765309952387,8691870.0,-0.07969495040272001,-0.0007972672371058803,767.556379045759,1.0050700613950962,1.0060994544778357,772.644779750279,766.9062032063802,1,1.01610564045659,0.9552770398780804,2,12,4,0,0,9058586.857142856,0.9595172113569024,1
2022-12-29,776.8912963867188,777.9326190377025,762.5491020807658,766.8564752725806,11012896.0,0.7056029465948743,0.007031252174625051,768.090576171875,1.011457919792098,1.0201738050900062,772.9913330078125,767.2714640299479,1,1.0238687974606973,0.9548737614374901,3,12,4,0,0,9606900.857142856,1.1463526233657098,0
2022-12-30,770.6668701171875,778.6426203561981,766.8091458826996,778.6426203561981,7122640.0,-0.8011965507247587,-0.008044233773284584,768.803972516741,1.0024231113093083,1.0154320987654322,772.4638933454241,767.4962972005209,1,0.9973068816574093,0.9553624983105633,4,12,4,0,1,9300249.714285715,0.7658547048537007,1
2023-01-02,770.9271850585938,776.1576039774972,766.1228405647803,770.1225318929031,4381378.0,0.033777881403751486,0.0003377217796168931,769.9298357282366,1.0012953769084865,1.0130981128369954,771.8012128557477,767.9909342447917,1,0.9795953580241237,0.950893955941467,0,1,1,1,0,8533718.57142857,0.5134195560033032,1
2023-01-03,775.9682006835938,777.6958994173672,767.8504260872918,767.8504260872918,8378030.0,0.6538899811422416,0.006517613946422729,772.7495640345982,1.00416517433176,1.0128221239392217,771.0269601004464,768.6906860351562,1,0.8735116175157709,0.9377552817226387,1,1,1,0,0,8202986.857142857,1.0213389520068195,0
2023-01-04,762.0994873046875,778.9976666530196,760.6557802287117,773.9092723546631,10351600.0,-1.7872785723291873,-0.018034432911415994,771.437744140625,0.987894996184896,1.0241132545115124,770.2915954589844,768.8626668294271,1,0.873946875256796,0.9314593103000505,2,1,1,0,0,8266455.142857143,1.2522417192264792,0
2023-01-05,757.2003173828125,765.8861335942461,752.3249607233827,764.4424266422033,10941436.0,-0.642851754067153,-0.006449269443345023,769.314470563616,0.9842533142891119,1.0180256851478435,768.9408787318638,768.4611145019531,1,0.8810110928975415,0.9267111633737112,3,1,1,0,0,8697121.42857143,1.2580525740454354,0
2023-01-06,754.6917114257812,761.649771597572,747.0235849749788,758.2890762614053,9092462.0,-0.33130017241699283,-0.003318501865727544,766.9207240513393,0.9840543980074538,1.019579283595287,767.2385515485491,768.0942769368489,0,0.8768871490158374,0.9168017788510007,4,1,1,0,1,8754348.857142856,1.0386223062816682,1
2023-01-09,756.1590576171875,762.8094937244492,752.6090150931632,755.4490491123827,10729340.0,0.194429880332736,0.001942411100851455,763.9589756556919,0.9897901349587392,1.0135534898290095,766.0247759137835,768.0508890787761,0,0.7957546041835843,0.9122282704061278,0,1,1,1,0,8713840.857142856,1.2312985944889057,0
2023-01-10,742.3375854492188,757.3424088115413,740.7755436187888,757.3424088115413,16371766.0,-1.8278524906549465,-0.018447641109406797,759.9119349888393,0.9768731760478552,1.0223642172523963,764.3579537527902,767.5846537272135,0,0.9627760333629969,0.9963079955568923,1,1,1,0,0,10035144.57142857,1.63144296362333,1
2023-01-11,753.0349731445312,756.3956682495882,738.4087875277582,742.1718091980973,15195798.0,1.4410408289968313,0.014307565186403437,757.3559047154018,0.9942947146196817,1.0243589743589743,763.6428702218192,767.3077514648437,0,1.2141346805698219,1.0886567372702192,2,1,1,0,0,11580061.714285715,1.3122380842974042,1
2023-01-12,757.0584106445312,759.1884361515325,749.8399908708047,751.5676897826115,9250070.0,0.5342962337059776,0.005328739353210508,754.6545061383929,1.0031854371591038,1.0124672535401469,763.7020350864956,766.9906168619792,0,1.1987498858979555,1.074270202508951,3,1,1,0,0,11704638.857142856,0.7902909361748539,1
2023-01-13,757.6500854492188,762.0284712196939,750.7156575106625,756.750729788885,9244546.0,0.0781544457294503,0.0007812392104574342,754.0188773018973,1.0048158053553182,1.0150693722661175,762.7283107212612,766.8888509114583,0,1.0186745354821443,0.9129960607094963,4,1,1,0,1,11546488.285714285,0.800637022378282,0
2023-01-16,750.3843383789062,767.4245423463568,748.017643383427,764.4424835397972,14748094.0,-0.9589845246311235,-0.009636123920111293,753.045166015625,0.9964665763000681,1.025944440127306,761.1798182896206,766.4525919596355,0,1.0542181828831867,0.936594479789402,0,1,1,1,0,12090296.57142857,1.2198289688651853,1
2023-01-17,761.5551147460938,762.5491150718101,746.6922588614403,752.5143515673539,10786354.0,1.4886739762346668,0.014777019826482798,754.025652204241,1.0099856848634285,1.0212361331220285,760.4731881277902,766.4170918782552,0,1.2078883431121257,1.0400618188389659,1,1,1,0,0,12332281.142857144,0.8746438615087408,1
2023-01-18,774.9979858398438,777.0333089188046,757.200392801334,759.7091126719464,19090642.0,1.765186896319637,0.01749788416318661,756.7169276646206,1.0241583840758555,1.0261924271382068,760.3379516601562,766.840732828776,0,1.357285230700146,1.136285995183179,2,1,1,0,0,13526752.857142856,1.4113248169474102,1
2023-01-19,778.2166137695312,781.0093253374716,772.9625625915704,774.8559185317824,11172162.0,0.4153079089876055,0.004144478860312294,761.8425031389509,1.021492776476917,1.0104102878138395,760.877219063895,767.2288716634115,0,0.9618164453034421,1.117606070224599,3,1,1,0,0,12783952.285714285,0.8739208149646008,1
2023-01-20,786.1923828125,790.002784845069,777.8853180956044,778.2166322807672,18843404.0,1.0248777656307828,0.010196615033925188,766.5792759486607,1.0255852297070875,1.0155774462733533,761.9675903320312,767.7006327311198,0,0.918875958986782,1.1457966668945487,4,1,1,0,1,13305038.857142856,1.41626072665574,1
2023-01-23,791.9434814453125,796.4402020140254,786.4054381729433,788.701120801895,15444400.0,0.7315128915696967,0.007288503128699748,771.5628574916294,1.0264147292158943,1.01276029304222,763.1086818150112,768.1637145996094,1,0.9187952701134278,1.148626368382059,0,1,1,1,0,14189943.142857144,1.0884046429582994,1
2023-01-24,802.5462036132812,805.8122539809278,792.8427549703604,792.8664450305238,24983940.0,1.338823087301444,0.013299400486229964,777.9765886579241,1.0315814322867245,1.0163582235307835,765.9977329799107,768.9084309895833,1,0.9117232822596117,1.041537641275219,1,1,1,0,0,16438428.0,1.519849708256775,0
2023-01-25,780.370361328125,801.3392445591735,778.7846872191718,800.6056037705797,14704142.0,-2.763185743738439,-0.028020798736021327,782.2603062220982,0.997583994894103,1.0289612234423071,767.6527361188616,768.6938517252604,1,1.5400520371456783,1.3183283327066144,2,1,1,0,0,16432149.142857144,0.8948398576574332,0
2023-01-27,764.8211669921875,774.8559305182873,752.5853078147762,772.4892355564111,35179948.0,-1.9925403509013395,-0.020126591346059826,782.7268851143973,0.9771239260299679,1.0295921571578066,768.3762686593192,768.4414042154948,1,1.7432290336170222,1.4411598869926152,4,1,1,0,1,19916948.285714287,1.7663322460516362,0
2023-01-30,764.0401611328125,769.3179025577755,748.8223006723755,754.9757076943356,18512822.0,-0.10211614075045228,-0.0010216831480323806,781.1614815848214,0.9780822264594087,1.0273704480582333,768.939204624721,768.0390645345052,1,1.5762259247601935,1.441923146204623,0,1,1,1,0,19834402.57142857,0.9333692776140228,0
2023-01-31,758.9990844726562,768.0871701361255,754.975702983403,766.6671531399184,18596244.0,-0.6597921047346578,-0.006619783546174975,778.4161202566964,0.9750557121329436,1.01736674054663,770.1293116978237,767.3882242838541,1,1.5594227328676864,1.3539091797281748,1,1,1,0,0,20894985.714285713,0.889985963823173,1
2023-02-01,770.3829345703125,788.1094575144623,760.1824557166525,768.7025579600521,17302790.0,1.4998503068769375,0.014887137683568911,776.1576276506696,0.9925598965021624,1.0367372353673723,771.3684517996652,767.2959248860677,1,1.6374004665383028,1.358249619901578,2,2,1,0,0,20674898.0,0.8368984456416665,0
2023-02-02,758.9281005859375,768.9392323415261,752.0173625008308,761.1764609144216,17497106.0,-1.4869013149628074,-0.014980665077332221,771.441144670759,0.98377965166719,1.0225019669551534,771.5020010811942,767.0710917154948,1,1.6240298826229678,1.4226072300850636,3,2,1,0,0,20968141.714285713,0.8344614529230849,1
2023-02-03,785.1748046875,785.9794579248195,760.65581986461,762.5491759812612,14411100.0,3.458391391924809,0.03399933035046407,768.9595162527902,1.0210873109597869,1.0332918481642814,773.4680524553571,767.8087137858073,1,2.155376026475777,1.6930812991195057,4,2,1,0,1,19457736.0,0.7406360123294919,0
2023-02-06,781.837646484375,790.1920908907817,779.2105920792565,785.7426930007946,11167672.0,-0.4250210504975649,-0.00425926832384606,769.1691284179688,1.016470393309288,1.0140931077210105,775.7147173200335,768.6622985839844,1,1.8710665837359675,1.669147536084471,0,2,1,1,0,18952526.0,0.5892445154804167,1
2023-02-07,782.9972534179688,788.06201475717,772.773143844212,785.4586505805794,10264588.0,0.14831812446076675,0.0014820824176776342,771.7657121930804,1.0145530451112843,1.0197844231968292,777.2462986537388,769.0527994791667,1,1.6443762196363094,1.6342076949901596,1,2,1,0,0,15393188.857142856,0.666826613722533,0
2023-02-08,782.9026489257812,789.6240391235308,781.0092930638084,783.0209836671545,8444826.0,-0.012082353006293012,-0.00012083082981363224,774.4603533063616,1.0109008751492279,1.0110302734375,777.8109174455915,769.4141133626302,1,1.6406208071291657,1.572028908836745,2,2,1,0,0,13954903.714285715,0.6051511477900764,0
2023-02-09,781.2697143554688,786.5237657315753,774.1696293119086,785.7427448206556,11777336.0,-0.2085744086513186,-0.002087922280006887,777.6418718610491,1.0046651840978387,1.015957919236185,778.0289960588727,769.7415059407552,1,1.6022733417281445,1.5707557379990327,3,2,1,0,0,12980774.0,0.9072907362842925,1
2023-02-10,784.3700561523438,785.0327423176034,777.3172933990301,780.441377066591,8172116.0,0.396833736148694,0.003960484279708928,779.6400320870536,1.006066933290519,1.0099257394426868,777.8988298688616,769.9907979329427,1,1.5316136146151325,1.5492671042338206,4,2,1,0,1,11676392.0,0.6998836626930648,1
2023-02-13,784.9617309570312,786.5710951374816,778.429687326696,783.3760568391949,5736944.0,0.07543311987072698,0.0007540468339230982,783.3591221400669,1.0020458162440058,1.0104587581169278,777.4001334054129,770.4672932942708,1,1.3345407744904196,1.535118037509696,0,2,1,1,0,9996368.857142856,0.5739027923024964,1
2023-02-14,792.2274780273438,794.026189377833,784.7723886188783,788.1094517520668,10908592.0,0.9256179994219682,0.009213604085368053,784.3666469029018,1.0100218834590693,1.0117917002345618,776.663081577846,771.1773030598958,1,0.4378692553970449,1.5100819935844918,1,2,1,0,0,9496010.57142857,1.1487552502122922,0
2023-02-15,790.6181640625,794.262851292887,784.204397425203,794.262851292887,11438712.0,-0.203137862479974,-0.002033444672783016,785.6210065569196,1.0063607737877085,1.0128263165836728,777.3950674874442,771.6656351725261,1,0.39725660735990237,1.3009312861567677,2,2,1,0,0,9534730.57142857,1.1996890645527867,0
2023-02-16,787.75439453125,796.1088390532639,786.2160428519792,791.9907552742181,8062500.0,-0.3622190409255044,-0.003628766425459942,786.3005981445312,1.001848906626994,1.0125827961553657,779.0331551688058,772.5207987467448,1,0.44395363454444564,1.1649770887900144,3,2,1,0,0,9220146.57142857,0.8744437995144361,0
2023-02-17,783.8020629882812,789.6004657481362,777.6722882594793,786.2160803362563,8956270.0,-0.5017212941503923,-0.005029841411878708,786.4290858677456,0.9966595552902705,1.0153383085249876,780.4447195870536,773.4075236002604,1,0.4975768998085552,1.178229668982281,4,2,1,0,1,9293210.0,0.96374342127209,0
2023-02-20,776.441650390625,790.2158043251848,773.8146534963532,785.7427736956203,8086706.0,-0.939065223890112,-0.009435022408663715,785.7393624441964,0.9881669259579295,1.0211951928730292,781.6906171526227,774.1325215657552,1,0.6155102433566718,1.1959353935277524,0,2,1,1,0,8765977.142857144,0.9225105049001138,1
2023-02-21,779.3526611328125,786.8550727038969,773.4359236507838,776.2759576421577,12389296.0,0.37491687118058614,0.0037421580959817063,785.0225917271206,0.9927773663407142,1.0173500462582237,782.3313119070871,774.9056416829427,1,0.6126887860430225,1.1359239724935986,1,2,1,0,0,9368431.42857143,1.322451479146837,0
2023-02-22,764.0637817382812,777.1989388344294,761.6261321413451,775.8026119130404,10359102.0,-1.9617408340286469,-0.019812383850866935,782.0371704101562,0.977017219446937,1.0204467862063775,782.6981462751116,775.6298482259115,1,0.9251486879451514,1.1922769700238989,2,2,1,0,0,10028739.714285715,1.0329415554821602,0
2023-02-23,758.8806762695312,766.2647523789618,753.6029353883428,763.4957310605046,27882010.0,-0.6783603139725036,-0.006806716362092919,777.2733415876116,0.9763369405150154,1.0168017086930456,780.8199942452567,775.8247049967448,1,0.7244397615351384,0.6911434549669934,3,2,1,0,0,12453513.714285715,2.238887003273293,0
2023-02-24,752.1119384765625,765.8151364213195,750.336917326773,765.8151364213195,17061740.0,-0.8919370336641252,-0.008959386041206057,771.7724522181919,0.9745255046547436,1.0206283587240925,778.6967293875558,775.6598225911458,0,0.7064925634155559,0.7116787818875973,4,2,1,0,1,13256803.42857143,1.2870176503657034,1
2023-02-27,753.981689453125,756.8690457387776,746.5976127581428,750.6683165199346,14312972.0,0.24860009274014772,0.002482915938894338,766.9477800641741,0.9830939068498715,1.0137576558042949,776.6241891043527,775.5375427246094,0,0.7892749771117459,0.716744322520448,0,2,1,1,0,14149728.0,1.011536900214619,1
2023-02-28,757.1530151367188,759.8510819707354,751.9936087375356,753.5556504719998,18993992.0,0.4206104376213604,0.004197283445056301,763.1407732282366,0.9921537961257285,1.0104488564023717,774.784929547991,775.7631652832031,0,0.8838867761723772,0.7376057271483799,1,2,1,0,0,15583688.285714285,1.2188380344730054,0
2023-03-01,756.41943359375,763.4958287329239,755.3307307505042,763.0224897194503,14137256.0,-0.09688682846178409,-0.0009693379408755173,760.2804565429688,0.9949215806930314,1.0108099639667867,773.0099094935825,775.5919759114583,0,0.8697089795728371,0.7385291975608588,2,3,1,0,0,16448052.57142857,0.8595094123517949,0
2023-03-02,749.98193359375,760.1587217973406,748.8222761897821,754.5023440243442,17391814.0,-0.8510489966413792,-0.008546910973779635,756.0846383231027,0.9919285428905318,1.0151390336105404,770.5536150251116,774.7581075032552,0,0.8166984687087772,0.7325868326090964,3,3,1,0,0,17162698.0,1.01334964933835,1
2023-03-03,764.8685302734375,766.8092086899194,751.662360123205,755.4490722648835,14986234.0,1.9849273712973625,0.01965484550735535,756.1996023995536,1.0114638090874102,1.0201511335012594,769.118386404855,774.3131713867188,0,1.0136903760050142,0.9552330380658545,4,3,1,0,1,17823716.85714286,0.8408029660768688,1
2023-03-06,770.2645263671875,776.0155486085717,765.8861409096147,766.8091287857136,27004710.0,0.7054802074051736,0.007030033381818034,757.8258666992188,1.0164136119055245,1.013225735730022,767.5496041434152,773.7822428385417,0,0.9895816241368769,0.9372617518369225,0,3,1,1,0,17698388.285714287,1.5258287683629108,1
2023-03-08,771.8029174804688,776.039278351897,766.8091679963849,766.8091679963849,20099774.0,0.19972244087842483,0.0019952326077229327,760.6388636997768,1.0146772066396785,1.012037037037037,766.2056579589844,773.1108907063802,0,0.8636849055245863,0.9432090790892419,2,3,1,0,0,18132393.14285714,1.1085008934917047,1
2023-03-09,771.8738403320312,779.0922596719008,770.1225092437928,771.5188361022016,20700166.0,0.009189243776641653,9.188821591499271e-05,763.1948852539062,1.0113718726970211,1.0116471734307775,765.0713326590402,772.0884785970052,0,0.8741121293395613,0.9425420493834681,3,3,1,0,0,19044849.42857143,1.086916758131216,0
2023-03-10,751.9700317382812,763.8508293638935,750.2423327911828,762.2887875145955,27387000.0,-2.57863494702556,-0.026124645667476118,762.4544590541294,0.9862491101057305,1.0181388012618295,762.7976161411831,771.1418009440105,0,1.402642493025335,1.1452866816624756,4,3,1,0,1,20243850.57142857,1.3528552734257488,0
2023-03-13,742.4559326171875,759.1411328403547,740.751865944351,751.6150309707979,26443550.0,-1.265223176394492,-0.012732952838839942,760.4596732003348,0.976325186965694,1.024825137460248,760.3700648716518,770.3962931315104,0,1.4714762393119252,1.1626993004657273,0,3,1,1,0,22001892.57142857,1.2018761528878348,0
2023-03-14,740.4678344726562,749.5796099935142,738.0775072511518,743.2605460585534,33185612.0,-0.2677732182061132,-0.0026813237197640077,759.1005161830357,0.9754542628898876,1.0155838684004883,757.5925772530692,769.6105489095052,0,1.4485340656123555,1.1460220862203152,1,3,1,0,0,24258149.42857143,1.3680191103495198,0
2023-03-15,729.8414306640625,749.248330063132,727.3327108002192,746.9289573593102,37264754.0,-1.4350932361783975,-0.014454902906562957,754.0966448102679,0.9678354037070301,1.0301314913209405,755.1481236049107,768.6386271158855,0,1.1440802648556843,1.0969514845797181,2,3,1,0,0,27440795.14285714,1.358005619224924,1
2023-03-16,734.5747680664062,737.982785579755,725.1790009533352,728.4686837227395,21753342.0,0.6485432593264839,0.006464492662879892,748.9981079101562,0.9807431558352079,1.017656033351197,753.4119873046875,767.4450215657552,0,1.1328874199953558,1.1207805962984583,3,3,1,0,0,26690599.714285713,0.8150188543106012,1
2023-03-17,744.3965454101562,747.4968810064513,728.9420164278159,737.2254484326775,22950876.0,1.3370697947607812,0.013282099044842193,745.0829119001116,0.9990788052188648,1.0254545137479707,752.8608877999442,766.9606363932292,0,1.3408631545066767,1.1759291660284903,4,3,1,0,1,27097900.0,0.8469614250550781,0
2023-03-20,739.2371826171875,742.2428737084866,731.4981015299404,742.1718613024195,26503114.0,-0.6930933283853413,-0.0069550637644177505,740.4205322265625,0.9984017871495048,1.0146887218928844,751.8077087402344,765.4293823242188,0,1.3219064367817754,1.1833859864969676,0,3,1,1,0,27926892.57142857,0.9490176514344739,1
2023-03-21,747.615234375,749.0589413869266,736.6101030086518,744.0651919987587,33050494.0,1.1333374395685825,0.011269632860424279,739.7984183175223,1.010566143241094,1.0169001732767824,751.1264386858259,764.2886352539062,0,1.1301311572615573,1.2237436470430225,1,3,1,0,0,28735963.14285714,1.1501439445649941,0
2023-03-22,745.8875732421875,750.7392976925187,740.9175140491653,749.768929690198,14177324.0,-0.23108961045407161,-0.0023135703456670146,740.2886526925223,1.0075631586804703,1.013256244395785,750.3741629464286,763.0516459147135,0,1.0102167209449497,1.2243817412785123,2,3,1,0,0,26983645.14285714,0.5254043301022615,0
2023-03-23,739.89990234375,752.7747006046328,737.7225544029504,742.0772502845497,28364178.0,-0.8027578301660898,-0.008059972791030538,740.20751953125,0.9995844176404817,1.0204035326178476,749.6540178571429,761.6182210286458,0,1.059107019906014,1.222148215470144,3,3,1,0,0,26294868.85714286,1.0786963096906652,0
2023-03-24,738.7164916992188,744.9882331927605,736.0184248411618,738.4088098056723,31477748.0,-0.15994199225903838,-0.0016007003601217682,741.4753853934152,0.9962791837078548,1.012186934523459,747.7860151018415,760.1997802734375,0,0.8640740949558955,1.0666185208475707,4,3,1,0,1,25468153.714285713,1.2359650547555536,1
2023-03-27,741.9351196289062,747.6151870715003,737.8881062444385,739.4500901227714,31872006.0,0.4357054385348613,0.004347589905433948,742.5268641880581,0.9992030664644047,1.0131823249958165,745.7624860491071,758.7852823893229,0,0.8482753809411988,1.0504823314905676,0,3,1,1,0,26913677.14285714,1.1842308217797282,1
2023-03-28,747.9702758789062,749.2483258664123,740.3495294210122,741.1068602762156,39276302.0,0.8134345026042933,0.008101439564024773,743.0373971121652,1.0066388028192292,1.0120197232412094,744.0601545061384,757.5522338867188,0,0.7421436628330372,1.083524101630372,1,3,1,0,0,29245880.85714286,1.3429686796527918,1
2023-03-29,751.5675659179688,758.2889555200643,748.7748547129236,749.7688548962433,39763612.0,0.48094023988258794,0.004797874170924129,744.7988804408482,1.009087937233625,1.0127062237029694,742.6097063337054,756.1969034830729,0,0.6698804956131005,1.0983769854349965,2,3,1,0,0,31140237.714285713,1.276920631269243,1
2023-03-31,761.86279296875,763.4720993070749,753.7450177500838,755.2596794028502,34711228.0,1.3698338669267285,0.01360536452677123,746.834245954241,1.020123001985945,1.0129050027899704,743.3163321358817,755.2383911132813,0,0.7261339183076642,0.9304662425398982,4,3,1,0,1,31377485.42857143,1.1062463268134597,1
2023-04-03,762.336181640625,764.7738313686872,758.6441141730105,760.9161645808721,40025398.0,0.062135685879916025,0.0006211638965543106,749.1840471540179,1.01755527835459,1.0080798322707065,744.73634992327,754.3911173502604,0,0.7002506301401505,0.8446015966263087,0,4,2,1,0,35070067.428571425,1.1412980052439674,1
2023-04-05,782.7843017578125,783.8493144132652,764.9157560941043,766.1464258287228,43365392.0,2.6822969458410117,0.02646953970855807,755.3103899274554,1.0363743332499318,1.0247524752475248,747.7589547293527,754.3571919759114,1,0.9632719597617049,1.061231316529967,2,4,2,0,0,37213098.0,1.1653260365476694,1
2023-04-06,788.7484130859375,790.0974176490104,779.6366375439686,780.3230137466818,44637344.0,0.7619099303258992,0.007590220560078802,762.4578072684152,1.0344813910578359,1.013417507081242,751.9665963309152,754.7674173990886,1,0.8663800968876579,0.92180526791553,3,4,2,0,0,39093040.28571428,1.1418232931940002,0
2023-04-10,785.0090942382812,790.9495222000966,782.9027586588628,787.2811447033577,31813286.0,-0.47408258268645254,-0.004752099185757533,768.6112322126116,1.0213344033217742,1.0102781136638452,755.5690482003348,754.9559651692708,1,1.011400317715744,0.9614741043540835,0,4,2,1,0,39084651.71428572,0.8139585388289905,1
2023-04-11,787.3047485351562,790.1921047569881,781.5299783108553,785.26936780893,42361542.0,0.292436649934924,0.0029200988577123763,774.2304425920759,1.0168868404338487,1.0110835498144992,758.6339198521206,755.7306640625,1,1.030421167756767,0.9298322559455932,1,4,2,0,0,39525400.28571428,1.0717549144040115,1
2023-04-12,797.5288696289062,799.0908536154229,789.4347845187364,789.5294292037479,26955504.0,1.2986230697544787,0.012902632575493652,780.7963431222098,1.021430077963464,1.012231623543892,762.797611781529,757.0189371744792,1,1.0425207900175597,0.9008005831271562,2,4,2,0,0,37695670.571428575,0.7150822253956909,1
2023-04-13,801.1025390625,803.2799446098875,794.3338262706332,799.138228506588,35330086.0,0.44809279885462683,0.004470918520724545,786.4020211356027,1.0186933877734305,1.011262416434229,766.6181335449219,758.6519571940104,1,1.0248895919086045,0.8849885309570773,3,4,2,0,0,37784078.85714286,0.935052198402901,0
2023-04-17,788.8904418945312,814.1430655398879,782.571377912893,814.1430655398879,32405148.0,-1.5244112423186351,-0.01536149839620071,790.1954868861607,0.998348452992598,1.0403435245883845,769.6897670200893,759.8155822753906,1,1.3267527724451906,1.0236353958468676,0,4,2,1,0,36695471.71428572,0.8830830204966278,0
2023-04-18,785.5533447265625,793.9077891209577,784.0386831315956,790.4760815811592,29637226.0,-0.4230114843266075,-0.004239087090423127,790.591064453125,0.9936279070772862,1.0125875243169675,772.9507271902902,760.7622599283854,1,0.9363205557901588,0.993735564814542,1,4,2,0,0,34734305.14285714,0.8532551861367718,1
2023-04-19,788.4407348632812,790.6181404482337,784.3937211551915,788.1094206815565,24741168.0,0.36756130644746143,0.0036688745059494264,790.5471104213169,0.9973355470783859,1.007935325239314,776.502458844866,761.8296366373698,1,0.8977119929077974,0.9794155764821327,2,4,2,0,0,31891994.285714287,0.7757798956800444,1
2023-04-20,791.37548828125,794.0024850715804,788.7721237726142,791.280785812552,32922716.0,0.3722224497289206,0.0037153141622555067,791.4565952845982,0.999897521855486,1.0066310169202606,780.033913748605,763.2094217936198,1,0.8803762363783235,0.9797375541424326,3,4,2,0,0,32050484.285714287,1.0272143068575874,1
2023-04-21,792.6534423828125,793.7657774269219,787.2810565292857,790.0027556575246,20128618.0,0.16148517618836955,0.0016135492907872297,792.2206944056919,1.000546246746868,1.008236856258455,783.225568498884,764.135585530599,1,0.8774578103317876,0.9774591609147095,4,4,2,0,1,28874352.285714287,0.6971106330221898,1
2023-04-24,799.0672607421875,800.6292448057368,792.4168245439707,798.5229093249309,35675852.0,0.8091579518148873,0.008059018218896853,792.4404645647321,1.00836251614321,1.0103637631198608,786.618403843471,765.0956766764323,1,0.7801340096283922,0.9829611770772534,0,4,2,1,0,30120116.285714287,1.184452664843155,0
2023-04-25,787.7070922851562,798.8541908386393,786.6420795569525,798.8541908386393,50353068.0,-1.4216786264625192,-0.014318812918960285,790.5268293108259,0.996433091299219,1.015524355483964,788.4644252232143,765.6258158365886,1,0.9206315472093859,1.0605897301361389,1,4,2,0,0,32266256.57142857,1.5605488008357036,1
2023-04-26,791.3281860351562,792.8428477663938,783.3760674945562,785.7427625625156,27392750.0,0.4597005391299813,0.004586471432788468,790.8750784737723,1.0005729192557924,1.0120845921450152,790.5352826799665,766.2742940266927,1,0.7473027517965992,1.0606748576465865,2,4,2,0,0,31550199.714285713,0.8682274675933906,1
2023-04-27,795.6828002929688,797.6944908945422,788.5117034159383,790.7127411596693,47790392.0,0.5502918175618987,0.005487832439803312,792.3221435546875,1.0042415282289145,1.0116457212224281,791.4566040039062,767.731386311849,1,0.7358464151426004,0.8118993237601569,3,4,2,0,0,34143509.14285714,1.3996918652984385,1
2023-04-28,798.806884765625,800.4162489215953,790.4761299225689,797.4341901096315,27916272.0,0.3926293834057848,0.003918606058828182,793.8030221121652,1.0063036578522282,1.0125748502994012,792.175066266741,769.6097513834635,1,0.7369401203896222,0.7952645760016218,4,4,2,0,1,34597095.428571425,0.8068964071748583,0
2023-05-02,798.6412353515625,804.2029686544997,796.1562055779098,799.3275537958391,32221184.0,-0.020737103951118385,-0.0002073925438581684,794.8409859793527,1.004781144202733,1.0101070154577882,793.1487906319754,771.5488647460937,1,0.7356329277708129,0.7794482051016628,1,5,2,0,0,34496876.571428575,0.9340319241158959,1
2023-05-03,801.4338989257812,802.7829034515152,795.0438227485433,797.5524846534473,29407270.0,0.3496768574677178,0.0034906690942899826,796.0953369140625,1.0067059330260781,1.0097341561326985,794.1580156598773,773.9352803548177,1,0.7402725792366501,0.7805384282103992,2,5,2,0,0,35822398.28571428,0.8209185148758565,1
2023-05-04,817.8351440429688,820.9828021558743,798.5702121515963,798.5702121515963,56854638.0,2.0464875692394857,0.020258283951656665,798.7764630998884,1.023859842926665,1.0280658978549821,795.6084638323102,776.7106262207031,1,1.0171100613222848,0.8852405213889628,3,5,2,0,0,38847939.14285714,1.463517480063127,0
2023-05-05,769.4835815429688,786.1924141095578,767.8032049269116,775.8026458391606,62770416.0,-5.912140466472737,-0.06094116436701504,796.1731044224331,0.9664777386585727,1.0239504199313634,793.3499668666294,777.5468607584636,1,2.5587074480164027,1.8477308719564594,4,5,2,0,1,40621846.0,1.5452378998236564,1
2023-05-08,778.3822631835938,781.174974723999,771.5425380292702,773.9092329312004,37244524.0,1.1564485395232582,0.011498127837996868,794.3236868722098,0.9799308217140191,1.0124846475987346,792.599382672991,778.8516967773437,1,2.606512221354161,1.8467468491715533,0,5,2,1,0,42029242.28571428,0.8861573983849667,1
2023-05-09,778.4059448242188,783.8493430397727,776.2522293745058,780.9619868467801,43688938.0,0.0030424178125709744,3.04237153197894e-05,791.8555646623884,0.9830150592628544,1.0097869138120075,792.0888541085379,779.8780537923177,1,2.588213738647856,1.8441579629971612,1,5,2,0,0,41443320.28571428,1.0541852751855838,1
2023-05-10,782.0033569335938,783.210394506021,773.0099158578086,778.4059920594077,46340550.0,0.4621511607529438,0.004610865211786131,789.455060686384,0.990560952581251,1.0131957927562842,791.6290413992746,781.0819132486979,1,2.591372166348105,1.8459738477075796,2,5,2,0,0,44075360.0,1.051393567743973,1
2023-05-11,782.5239868164062,798.9962066051175,780.6543209380866,788.1804223550088,35734618.0,0.0665764255608936,0.0006655427329027262,787.1525966099331,0.9941198062313952,1.023495528270426,790.9967912946429,782.5027160644531,1,2.5930016799312643,1.8424992670760783,3,5,2,0,0,44577279.14285714,0.801632999750411,1
2023-05-12,789.4347534179688,791.8014482563958,778.2875976167232,779.5892797778581,22478760.0,0.8831379891213409,0.008792611341817812,785.4384329659598,1.0050880123562558,1.017363569304014,790.7668849400112,784.1933247884115,1,2.621625858295537,1.8593126898131125,4,5,2,0,1,43587492.0,0.5157158388466122,1
2023-05-15,793.2215576171875,795.5645626680762,788.1567954042247,791.4228462180713,18512260.0,0.47968551964849837,0.004785386946331116,781.9222063337054,1.0144507358813388,1.0093988497048385,790.3493347167969,785.9028727213541,0,2.4613486268818994,1.850175186473156,0,5,2,1,0,38110009.428571425,0.4857584733663484,0
2023-05-16,788.6731567382812,800.4029520198595,787.0932017516233,800.4029520198595,32722086.0,-0.573408631576966,-0.005750589305323481,784.66357421875,1.005109938387956,1.0169100053699058,790.4183393205915,787.2596354166667,0,0.5798382647917745,1.8148600408545226,1,5,2,0,0,33817390.85714286,0.9676111956191467,0
2023-05-17,784.4360961914062,789.9658807338478,778.1642575542323,789.9658807338478,30466868.0,-0.5372390971689955,-0.005386874160257536,785.5284075055804,0.998609456636148,1.0151659795024612,789.926047188895,788.3552530924479,0,0.5412460512474927,1.8160302656548717,2,5,2,0,0,32849154.285714287,0.9274780024778198,1
2023-05-18,787.572021484375,791.8569644245696,785.1781855528116,789.0083230433131,49646942.0,0.3997681019772381,0.003989711525607428,786.8378470284598,1.0009330695755012,1.0085060677877287,789.3467058454241,789.212227376302,0,0.5486565610952971,1.8126665830831772,3,5,2,0,0,33700297.71428572,1.4731900121747121,1
2023-05-19,788.4817504882812,789.9659171894996,781.1326853109591,789.0083827444214,30460332.0,0.11551057923460117,0.0011544391709463657,787.7633318219866,1.0009119727172793,1.011308234880767,788.6091962541852,790.0837463378906,0,0.533177793786452,1.8088831104554979,4,5,2,0,1,31431695.14285714,0.9690960624795356,0
2023-05-22,785.6809692382812,791.3543491028732,781.6832161993159,787.5720763787239,28334032.0,-0.3552119308107726,-0.0035584430634941927,788.2143293108259,0.9967859502443204,1.0123721895304088,787.6834629603794,790.1803019205729,0,0.5631029000682619,1.8102880250570177,0,5,2,1,0,30374468.57142857,0.9328239581663699,0
2023-05-23,783.837646484375,789.7743715289307,782.0422694614203,789.4871228939105,22470074.0,-0.23461466244922846,-0.0023489031387858954,787.4147426060268,0.9954571638958485,1.0098870641261313,786.4265877859933,790.0166097005208,0,0.43412592784764864,1.8058257617047395,1,5,2,0,0,30373227.714285713,0.7397986875603427,0
2023-05-24,773.5921020507812,782.6647175463944,772.5387790945629,779.2176169192138,33588112.0,-1.3071003261385217,-0.013157180597733884,784.6105346679688,0.9859568128003147,1.013107352958643,783.2663705008371,789.6360432942708,0,0.5466486703565702,1.713118756622173,2,5,2,0,0,32526920.85714286,1.0326250107570236,0
2023-05-25,770.6236572265625,775.6268094273125,764.7587591498904,773.5441253964981,29776930.0,-0.3837222247162875,-0.00384460327225591,782.0320347377232,0.9854118795594009,1.014211083099595,783.3478044782366,789.0800069173177,0,0.5387217167293223,0.6439538627318094,3,5,2,0,0,32106184.285714287,0.9274515381527074,1
2023-05-26,773.5921020507812,775.1241337865805,767.1047828039214,775.1241337865805,26635066.0,0.38520032396902604,0.0038446032722558123,780.482892717634,0.9911711188917172,1.0104540489936027,783.0056501116071,788.2821146647135,0,0.5896871843719385,0.5669485114054353,4,5,2,0,1,31558784.0,0.8439826452121856,1
2023-05-29,783.0237426757812,785.6569622323185,777.9248603912886,779.6723723310973,21816292.0,1.2192007389936865,0.012118283491162807,779.8331386021206,1.0040913932939295,1.0099393941943708,783.3354928152902,787.6794881184895,0,0.778912480258508,0.6600104636707049,0,5,2,1,0,27582976.85714286,0.790933194520318,1
2023-05-30,783.6222534179688,786.446991726549,779.6963855607993,782.1141249746089,37125928.0,0.0764358357949968,0.0007640663848721859,779.1389247349331,1.005754209603327,1.0086579934071316,783.4511282784598,787.5038818359375,0,0.777415519799107,0.6491871330871238,1,5,2,0,0,28535204.85714286,1.3010569990951628,0
2023-05-31,771.22216796875,782.7604463317739,768.2538345692759,780.3427069263231,43334270.0,-1.582405986447244,-0.015950596962129075,777.0733816964286,0.9924701915346723,1.0188825764477065,782.6438555036273,787.0261759440104,0,0.9642465654187268,0.7765454841441303,2,5,2,0,0,30678096.0,1.4125475714007805,0
2023-06-01,767.9425659179688,775.5549758597977,766.0274971750312,775.5549758597977,50366938.0,-0.4252473783811328,-0.004261541265735387,774.8026559012277,0.9911460164326883,1.0124375152587892,781.1086992536273,786.3429036458333,0,0.9660674370975953,0.7260794080484109,3,6,2,0,0,34663362.28571428,1.453030943301123,1
2023-06-02,769.1395263671875,773.1133176055869,766.5063067001975,771.9881679023533,17859710.0,0.15586588142668667,0.0015574453663544368,774.1665736607143,0.9935065043305138,1.0086196432405528,779.3885541643415,785.6017049153646,0,0.8615007663379965,0.7078798401551838,4,6,2,0,1,32416447.714285713,0.5509459320593398,0
2023-06-05,768.1340942382812,773.9271655706029,767.2004631482836,772.9696311869709,18697242.0,-0.1307216824046331,-0.0013080719772872416,773.8109218052456,0.9926638053211749,1.008767855007172,777.9214782714844,784.7843933105469,0,0.8518506969162839,0.7006154620676518,0,6,2,1,0,30833635.14285714,0.6063911022288712,0
2023-06-06,765.7402954101562,770.7433894299307,762.3170981340278,769.6901249341668,32182852.0,-0.3116381431420234,-0.003121247460264395,772.6892351422991,0.9910068117736063,1.0110535252541606,776.5860639299665,783.6734944661458,0,0.8339869729247543,0.6944835404207463,1,6,2,0,0,31626176.0,1.017601748627466,1
2023-06-07,769.7140502929688,772.0361181070452,764.112497093835,767.6792895707576,24949026.0,0.518942898347019,0.0051760103003975965,770.7878505161831,0.99860687967189,1.010369704779527,775.3104945591518,783.0737263997396,0,0.669107568871743,0.7026852746775968,2,6,2,0,0,32073709.42857143,0.7778653122602426,1
2023-06-08,770.1927490234375,778.4754447215801,767.5834912360843,767.5834912360843,37395522.0,0.06219176202988397,0.0006217243096803214,768.8693498883929,1.0017212275859828,1.0141899267113677,774.0041373116629,782.3692118326823,0,0.6679960687576754,0.7012119835728962,3,6,2,0,0,32112222.85714286,1.164526111018875,1
2023-06-09,771.1024169921875,774.8846894448892,769.3788668136775,773.639906451702,18212578.0,0.11810913176000248,0.0011803943779620286,768.8522426060268,1.0029266668697403,1.0071561916614808,772.9628121512277,781.5498657226562,0,0.31791849000691136,0.7027548027065551,4,6,2,0,1,28523409.714285713,0.6385133538532871,0
2023-06-12,766.4105224609375,773.592030136009,765.7641400155738,772.0360368064102,13408292.0,-0.6084658053013947,-0.006103245020072442,768.6333792550223,0.9971080402515966,1.0102223252714289,771.718017578125,780.4699869791667,0,0.3629459345885942,0.7139918404182019,0,6,2,1,0,23243603.14285714,0.5768594446218819,1
2023-06-13,767.7031860351562,770.3364055694209,761.2876940266594,761.2876940266594,27926108.0,0.16866464333866737,0.0016852256426477896,768.4281877790179,0.9990565133406193,1.011886060439123,771.297380719866,779.4387186686198,0,0.3640568610171792,0.635984844948335,1,6,2,0,0,24681660.0,1.1314517743133972,0
2023-06-14,766.8653564453125,771.772720205927,766.1232439139638,771.0306076745784,20113968.0,-0.10913457246032321,-0.0010919416759806518,768.2469395228794,0.9982016419376497,1.0073741089789956,771.0289306640625,778.2864339192708,0,0.3631134349438106,0.6291882872666799,2,6,2,0,0,24884049.42857143,0.8083076694464967,0
2023-06-15,757.4336547851562,768.8761438484094,755.9733914813049,767.9425712071014,35377476.0,-1.2299032132414345,-0.012375291147926402,767.0602765764509,0.987449980027306,1.0170677334844047,769.874755859375,776.2730509440104,0,0.5836474834450058,0.6915724310406571,3,6,2,0,0,25340424.285714287,1.3960885422089842,1
2023-06-16,767.3441162109375,770.4321412189463,758.3672313699111,759.8753597118556,15779272.0,1.3084263371677451,0.012999403812719731,766.7217145647321,1.0008117699477947,1.0159090600832543,768.7547825404575,776.2017354329427,0,0.7789976663444587,0.7054180725428852,4,6,2,0,1,24030459.42857143,0.6566363013950105,1
2023-06-19,768.014404296875,772.8499412572538,765.2375312003252,771.2939478800904,24829146.0,0.08735169421083544,0.0008731356482125753,766.4105224609375,1.0020927189657933,1.0099477740525717,767.6399361746652,775.8561401367188,0,0.7796133378875606,0.7056841409791391,0,6,2,1,0,22235262.85714286,1.1166562841879732,1
2023-06-20,769.6182861328125,771.2939713592292,761.5510703742875,768.0144276761805,20005626.0,0.20883486389893235,0.002086171070125308,766.198503766741,1.0044633112036363,1.0127934965414116,767.525373186384,775.5632181803386,0,0.7833832690587137,0.5744855470561421,1,6,2,0,0,22491412.57142857,0.88947841477123,1
2023-06-21,783.0715942382812,783.8615717803077,771.2939332038942,773.6877691232111,24308946.0,1.7480494353985687,0.017329467982789948,768.5786568777902,1.018856804350209,1.016294227188082,768.6060180664062,775.5988260904948,0,0.9739590842176412,0.7277932043955156,2,6,2,0,0,24048648.85714286,1.0108237741090318,1
2023-06-22,786.9017944335938,793.5806322468177,784.7234386393332,785.1782441229523,56596140.0,0.4891251609041358,0.004879328302013259,771.3213152204241,1.0201997259841278,1.0112870256849247,769.874751499721,775.7447530110677,0,0.973643673743052,0.733711161348319,3,6,2,0,0,28144367.714285713,2.0109224188139265,0
2023-06-23,786.8538818359375,794.7056754911911,782.3295552385844,784.0052404143834,21339218.0,-0.006088764569500693,-6.088949942295254e-05,774.1768188476562,1.0163748935380819,1.015819573950306,771.2118791852679,775.6587239583333,0,0.9661622288277644,0.7305873479452762,4,6,2,0,1,28319403.42857143,0.7535193336195379,0
2023-06-26,783.0476684570312,790.3249060654587,779.7680665871447,787.571994837304,16130314.0,-0.48372556414481016,-0.004848993028978627,777.8359636579241,1.0067002620637364,1.013538435248469,772.4481201171875,775.3195943196614,1,0.7839075311210763,0.740774214656199,0,6,2,1,0,25569808.85714286,0.630834359776375,1
2023-06-27,794.0833129882812,800.929707728713,784.4840651290187,786.5905941784453,33831864.0,1.4093196335026814,0.013994810546181019,781.6558489118304,1.0158988947549634,1.020963641367259,774.1887817382812,775.4999328613281,1,0.8024117882864275,0.8088414491871465,1,6,2,0,0,28148750.57142857,1.2018957613820302,1
2023-06-28,802.4856567382812,804.2810337444777,794.9929383437692,799.5412267594668,59562950.0,1.0581186649522234,0.010525597681732108,786.5803135463169,1.0202208762640583,1.0116832426462286,776.4954180036273,776.1015848795573,1,0.8044513669079967,0.8366524867525654,2,6,2,0,0,33110722.57142857,1.798902149341712,1
2023-06-30,814.5745239257812,818.1174128864183,805.8848875767882,815.8193069543128,40699016.0,1.5064278203594794,0.014951938768003561,793.0026332310268,1.0272027983146303,1.0151789982641466,779.600568498884,777.0016682942709,1,0.8394450388045557,0.8941149909110067,4,6,2,0,1,36066921.14285714,1.1284305593703337,1
2023-07-03,823.3838500976562,841.4333500761821,818.6919081822313,819.8888261766497,44104116.0,1.0814635018806085,0.01075657507648012,798.7615269252232,1.0308256248485264,1.0277777777777777,783.6700919015067,778.1650716145833,1,0.749226608719197,0.86152526937452,0,7,3,1,0,38894802.571428575,1.1339334071436602,1
2023-07-04,827.4053955078125,836.406241634242,820.5111950503219,825.1312514621555,38795188.0,0.48841684345390934,0.004872279579622037,804.5477556501116,1.0284105445539784,1.019372126400963,787.9345354352679,779.5558858235677,1,0.749263363305866,0.8558019484153884,1,7,3,0,0,36351809.428571425,1.0672147716946423,0
2023-07-05,801.1212158203125,823.4796217067899,798.8470715161803,821.6842446245804,37165754.0,-3.1766990921503924,-0.032282508814060536,806.5859462193081,0.9932248628622774,1.030835126107251,790.3813825334821,780.1320048014323,1,1.663427356963904,1.3079650545994832,2,7,3,0,0,38612743.14285714,0.9625256061838534,1
2023-07-06,801.93505859375,808.0872054143094,794.9450691746598,800.977524195429,52156544.0,0.10158796913199986,0.0010153640347468585,809.2841448102679,0.990919028546839,1.0165321312745474,793.560054234096,781.0767700195313,1,1.6337267684255168,1.2327948148161816,3,7,3,0,0,43759347.428571425,1.1918949222251396,0
2023-07-07,794.945068359375,801.9350577712964,792.9821345334826,797.1473857846021,19926336.0,-0.8716404351534979,-0.008754614402146067,809.4072527204241,0.9821323761154331,1.011290195387669,795.5315508161273,781.8874837239583,1,1.6152149896254617,1.2489453601576288,4,7,3,0,1,41772843.428571425,0.4770165103573236,0
2023-07-10,793.0538940429688,802.772891445225,789.8222154878739,795.2323081500037,38398442.0,-0.23789999984644705,-0.0023818343150792767,808.0598580496652,0.9814296380927585,1.0163969507357444,797.320085797991,782.536210123698,1,1.5502709707237565,1.2554130327093553,0,7,3,1,0,38749342.28571428,0.9909443550518365,0
2023-07-11,789.1998291015625,802.4137915457645,787.8113925946035,796.1898182223189,50670426.0,-0.4859776832767726,-0.0048716239466711055,804.4349016462054,0.9810611492446863,1.0185353995745974,798.718767438616,782.7420796712239,1,1.3655803889645077,1.2702499985878541,1,7,3,0,0,40173829.428571425,1.261279462792846,0
2023-07-12,781.8028564453125,797.7697889233564,779.0260418202364,792.5272531476065,70958358.0,-0.9372749946830128,-0.009416950572022671,798.4947596958706,0.9790957886099144,1.0240604884777975,798.6281433105469,782.6814331054687,1,1.1921364561987502,1.2180992761947629,2,7,3,0,0,44010149.71428572,1.6123180325598139,1
2023-07-13,785.7047729492188,793.532604310247,784.2445681802172,793.1735289409957,41913546.0,0.49909212683711957,0.004978507906426435,792.5375279017857,0.9913786354437292,1.0118432903546684,798.5426417759487,783.1641866048177,1,1.1939623451701709,1.218412926449846,3,7,3,0,0,44455629.428571425,0.9428175135242233,1
2023-07-14,787.3326416015625,791.6894113288874,782.7843533101579,791.6894113288874,24727214.0,0.207185791456177,0.0020697145769028582,790.5677315848214,0.9959078901730866,1.0113761318568424,798.5768389020648,783.8105224609375,1,0.5489835732350312,1.2197163200980963,4,7,3,0,1,42678695.14285714,0.5793807406067905,1
2023-07-17,803.80224609375,805.2864126924621,781.8268204083179,789.9658626293475,49252928.0,2.091822899490814,0.020702446841929907,790.83447265625,1.0163975824093048,1.0300061236987141,800.059308733259,784.9659464518229,1,1.0479105141880156,1.3286730946816847,0,7,3,1,0,42263892.85714286,1.1653665734597838,0
2023-07-18,803.1319580078125,815.8192884919896,799.5412040971963,812.9466853634967,81076818.0,-0.0833896756565311,-0.0008342446418793518,792.0040283203125,1.0140503448083467,1.0203592814371258,800.7056405203683,786.1325419108073,1,0.973599983743445,1.2828589520822293,1,7,3,0,0,50999676.0,1.589751629010349,1
2023-07-19,806.7705688476562,808.518080755261,801.935031985233,804.8555001145571,32935134.0,0.45305267752877576,0.004520294831281616,793.9635532924107,1.0161304829448876,1.0082089552238807,801.0117056710379,787.5002176920573,1,0.9626224045303957,1.2576300426665654,2,7,3,0,0,50219203.428571425,0.6558274873245415,1
2023-07-20,808.5181274414062,810.0741208768967,804.3289143458549,804.8795083270657,56210948.0,0.21661159457591062,0.002163773298966965,796.7233101981027,1.0148041573433704,1.0071428571428571,800.579105922154,788.7936869303386,1,0.9082846485276251,1.1876679970270687,3,7,3,0,0,51010706.571428575,1.1019441167961417,0
2023-07-21,802.2940673828125,809.0207693498382,801.0971494842852,804.3288278103088,42154248.0,-0.7698108239440615,-0.007727891623609954,799.6506260463169,1.0033057453472718,1.0098909600048558,799.0726928710938,789.8637308756511,1,0.8701453710667426,1.1550089505855359,4,7,3,0,1,46895833.71428572,0.8988911095349329,1
2023-07-24,803.5628662109375,806.555161158962,799.5890751426567,803.6107312414538,32179444.0,0.15814635552073852,0.0015802143585850238,802.2017822265625,1.0016966853160028,1.0087120825344724,797.3696550641741,790.9457458496094,1,0.8714854764627992,1.1436471922627438,0,7,3,1,0,45505247.71428572,0.7071589677314893,1
2023-07-25,812.2764282226562,813.4254812031791,803.5628884699448,806.555183500857,55992596.0,1.0843659380137982,0.01078528849596778,805.7651803152902,1.0080808256132614,1.012273579174386,798.1664559500558,792.474609375,1,0.913792782322,0.8093896892086463,1,7,3,0,0,49971730.85714286,1.120485423249984,0
2023-07-26,809.45166015625,813.7126998116902,808.1590121278992,813.7126998116902,24794358.0,-0.34775945334116765,-0.0034836554209002487,806.5722394670759,1.00356994767273,1.0068720234513848,798.7033560616629,793.8662251790364,1,0.5917875397367288,0.8182615770427231,2,7,3,0,0,46477649.428571425,0.5334684155683236,0
2023-07-27,801.0493774414062,815.3405671200665,798.3203692500316,813.8564004422645,59741302.0,-1.038021555632096,-0.010434465739436138,806.2747279575893,0.9935191438662357,1.0213200095170116,799.1393781389509,795.005692545573,1,0.7343485472783003,0.8340421139530285,3,7,3,0,0,43429718.571428575,1.375585750152718,0
2023-07-28,786.8538818359375,799.0145802289601,785.7048288838802,795.4716913114755,41015684.0,-1.7721124321711468,-0.017880023492042624,803.4294869559152,0.9793689360558816,1.0169398874180102,798.6965201241629,795.9863667805989,1,0.9406240235380394,0.9662122651546812,4,7,3,0,1,44584082.85714286,0.9199624926999892,1
2023-07-31,790.5403442382812,793.2214872008873,784.5557544882844,789.989808735889,34565006.0,0.46850660426840385,0.004674125279595313,800.8612322126116,0.9871127636609205,1.011045400741793,798.7922712053571,796.7595743815104,1,0.9703795195329912,0.9668879519007312,0,7,3,1,0,41491805.428571425,0.8330562057489646,1
2023-08-01,795.8306884765625,798.3202542585794,789.965790937782,792.0962813602819,35394188.0,0.6692061040070918,0.0066697685992393235,799.9378923688616,0.9948655965275799,1.0105757279829544,799.7942592075893,797.6867838541667,1,1.0100006111723134,0.9399456315855116,1,8,3,0,0,40526082.571428575,0.8733681065179829,0
2023-08-02,785.4176025390625,790.6840418124119,781.8986752587043,786.1357533490648,28116322.0,-1.3084549374985155,-0.013170906211845213,797.3457118443081,0.9850402289395209,1.0112359399391497,799.7737470354352,798.213427734375,0,1.0935044341773394,1.0072576826784563,2,8,3,0,0,39945636.571428575,0.7038646624074685,0
2023-08-03,779.7442626953125,790.6122554650307,777.039216150682,785.1782590801716,57673946.0,-0.7223341857133692,-0.007249556505453132,792.698259626116,0.9836583507362392,1.0174676374528266,799.2317199707031,798.1025166829427,0,0.9032928119454059,1.0232079134732046,3,8,3,0,0,40185829.428571425,1.4351811775469994,1
2023-08-04,791.0191650390625,793.0778874299197,780.0314808905504,782.8562191326811,37388304.0,1.4459743897026645,0.014356198764077075,790.0650460379464,1.0012076461373665,1.0167254871873561,798.3186427525112,798.2397623697917,0,1.188976865258662,0.9287161857512567,4,8,3,0,1,41984964.571428575,0.8905165070793778,0
2023-08-07,790.5643310546875,796.2377106290166,788.7929158097952,796.2377106290166,28300918.0,-0.05749974267090785,-0.0005751628011257207,788.5671822684152,1.0025326298521924,1.0094382120706276,797.4209551130023,798.3634440104166,0,1.1476664624574338,0.9287999433021861,0,8,3,1,0,37493481.14285714,0.7548223621105822,0
2023-08-08,789.9180297851562,792.6469794990385,786.1597188833139,790.779775695363,43773828.0,-0.08175188838447367,-0.0008178532346452734,789.0049176897321,1.0011572958228168,1.0082518354221193,796.2172023228237,798.5924560546875,0,0.9108187201905812,0.9148164759948519,1,8,3,0,0,37887501.71428572,1.1553632733586867,1
2023-08-09,790.2052612304688,792.1203300247262,780.917165889668,791.4021792268796,33361236.0,0.03636218373070932,0.0003635557429085689,788.957048688616,1.0015821045568039,1.0143461619546996,794.9091404506138,798.4631876627604,0,0.8929130847965914,0.9105672764943251,2,8,3,0,0,37715534.571428575,0.8845489366408934,0
2023-08-10,783.1912231445312,792.0005503088863,780.8692141779015,788.5534502391737,50781118.0,-0.887622296391144,-0.008915851305241595,787.1514107840402,0.9949689632956836,1.0142550582464744,793.5446515764509,797.8200398763021,0,0.8915647430342543,0.9171603575171702,3,8,3,0,0,39913667.428571425,1.2722739169703388,0
2023-08-11,775.0283813476562,784.4122069559019,773.7835398495799,784.4122069559019,28225822.0,-1.0422539931054131,-0.010477234973131232,785.667236328125,0.9864588282563618,1.0137359695043242,791.5064740862165,796.5018351236979,0,0.841947859357299,0.9401404468698982,4,8,3,0,1,39929310.28571428,0.7068948047945246,0
2023-08-14,771.24609375,773.2090275802822,766.1472113841155,771.2939587813216,31304410.0,-0.48801923757675336,-0.004892139399611599,784.4532121930804,0.9831639182072345,1.0092173097953445,788.5757359095982,794.7639099121094,0,0.8215282634518541,0.8583418646932954,0,8,3,1,0,36162233.71428572,0.8656658282597556,0
2023-08-16,768.9957885742188,770.6475703412267,757.0745330516527,757.936278873205,34137542.0,-0.29177524450589853,-0.0029220173827662144,781.3070155552456,0.9842427794248363,1.017928270859757,785.686030796596,792.8169230143229,0,0.42400931292375116,0.8585644010392324,2,8,3,0,0,35697839.14285714,0.9562915520849014,0
2023-08-17,764.73486328125,770.7673182443161,763.1549081618289,764.8784583736676,52884040.0,-0.5540895485096065,-0.005556303187822696,777.6170915876116,0.9834337124971613,1.009974921213339,783.0921369280134,791.6040445963541,0,0.39751932696244435,0.8387727462973572,3,8,3,0,0,39209713.71428572,1.3487484347719725,0
2023-08-18,761.598876953125,764.2560581283789,759.085349306415,760.0668453838622,25633366.0,-0.4100749787539937,-0.004109180919151276,773.5714983258929,0.984522928522214,1.0068117621117156,781.2882080078125,790.2595052083333,0,0.3614296310577408,0.7303101361643897,4,8,3,0,1,36618219.14285714,0.7000167293771882,0
2023-08-21,761.00048828125,766.2669276465182,759.803570243689,766.2669276465182,21837270.0,-0.07857005701858988,-0.0007860093946518625,769.3993879045759,0.9890838233622724,1.0085066162570888,779.178218296596,789.1280192057292,0,0.33349305380501354,0.7042142400785337,0,8,3,1,0,34971938.28571428,0.6244226391340832,0
2023-08-22,757.7448120117188,765.069973432526,756.4521639695814,764.2799958764373,32273570.0,-0.42781526683173254,-0.004287330147903002,765.7641863141741,0.9895276190166913,1.0113924050632912,776.4577985491071,787.9510498046875,0,0.29586636534712335,0.6507505757957619,1,8,3,0,0,32328002.85714286,0.9983162319867579,1
2023-08-23,759.6119995117188,761.5031649471699,753.2204693186583,756.4521477981758,36498588.0,0.24641376231173684,0.002461106614198831,763.5618460518973,0.9948270771246602,1.0109963761818688,774.6145411900112,786.9647888183594,0,0.28128110648141147,0.605262434113155,2,8,3,0,0,33509826.57142857,1.0891905967403523,0
2023-08-24,756.1170043945312,764.2081226998831,754.6088761414499,762.8197446808867,43145792.0,-0.4601026733956459,-0.004611644036973969,761.4005475725446,0.9930607573177376,1.0127208238094378,772.9268798828125,786.10859375,0,0.27812419250803594,0.5930094367286052,3,8,3,0,0,35201452.571428575,1.2256821479866853,0
2023-08-25,747.594970703125,755.2552457791736,746.1108040957927,753.8429059393314,30069756.0,-1.1270786983861525,-0.011334783619486718,758.3432878766741,0.9858265809886128,1.012256144306157,769.8251517159598,784.8382670084635,0,0.4238758093923473,0.4073108532919337,4,8,3,0,1,34620340.28571428,0.8685574940003685,1
2023-08-28,755.3749389648438,757.7209098998453,747.5949720764402,747.5949720764402,28867238.0,1.040666211866248,0.010352885578193275,757.0061558314732,0.9978451735774357,1.0135446842229028,767.3116237095425,783.7730102539062,0,0.6796611467722636,0.5569522669496102,0,8,3,1,0,31189368.57142857,0.9255473682928038,1
2023-08-29,761.3834838867188,762.5085750919843,757.1463475103358,761.0961768187698,35538932.0,0.7954387433224852,0.007922918063062362,756.9753853934152,1.0058233049295422,1.007082154723827,765.273441859654,782.3590515136718,0,0.7580249867407028,0.6306744732820453,1,8,3,0,0,32604449.42857143,1.0900025187622726,0
2023-08-30,755.8297119140625,767.918583020737,753.4358760513546,767.918583020737,28084204.0,-0.7294316320476613,-0.007321049927356858,756.2367030552456,0.9994618204332866,1.0192222157581399,762.8180454799107,780.7823099772136,0,0.8073554351950014,0.636122177182497,2,8,3,0,0,33496868.57142857,0.8384128188016552,0
2023-08-31,752.3587036132812,757.9603149977916,748.3610091258726,755.9734194012763,100075772.0,-0.4592315234593358,-0.0046028923087958334,755.4672589983259,0.9958852546579368,1.0128271058417802,760.61572265625,778.9685811360677,0,0.8096009445033833,0.61647450165089,3,8,3,0,0,43182897.428571425,2.3174862725581287,1
2023-09-01,753.9146728515625,755.9733951516992,746.5656081528945,752.1432576208482,43226776.0,0.2068121536719758,0.002065985917347811,754.6533551897321,0.9990211633817173,1.012601420285192,759.1076006208148,777.1484659830729,0,0.8069185021498828,0.5881397266679196,4,9,3,0,1,44144067.14285714,0.979220511334204,1
2023-09-04,758.6305541992188,761.9340009681175,754.010439249432,761.2398119383075,25073638.0,0.6255192420939526,0.006235709907200233,755.012433733259,1.0047921336183425,1.010508557052039,758.2064906529018,775.6930155436198,0,0.8311893638502952,0.6199703316126463,0,9,3,1,0,41562330.85714286,0.603277955853404,0
2023-09-05,754.010498046875,760.4738554447009,751.9517756465584,760.4738554447009,38712082.0,-0.6089994829196588,-0.006108614481922188,755.928937639509,0.9974621429381649,1.0113332797050913,757.1361127580915,774.041269938151,0,0.7251756151013786,0.6325598910413209,1,9,3,0,0,42796948.85714286,0.9045523812742298,1
2023-09-06,763.873046875,766.0274992165465,754.010454511239,754.9201238552107,56320910.0,1.308012136922776,0.012995315297018943,757.1429530552456,1.0088888020321618,1.0159375040934906,757.0745544433594,772.4278238932292,0,0.7859668583930904,0.7271724218655607,2,9,3,0,0,46718902.0,1.2055272617494306,1
2023-09-07,771.22216796875,772.730296406896,759.8754081832036,763.8731027987624,34208342.0,0.9620867137301481,0.00957488130882906,758.5484793526786,1.016707816258345,1.0169170999419856,757.7619323730469,771.1535074869792,0,0.8104724967539145,0.7601859399933781,3,9,3,0,0,46528817.71428572,0.7352076343323255,1
2023-09-08,777.230712890625,781.7790014587035,769.6661674737783,770.0013395921213,34502210.0,0.7790939072330305,0.007760746424509076,761.6057652064732,1.0205157949138106,1.0157377763201965,758.9212341308594,770.3595520019531,0,0.7221096062980777,0.7796565203077886,4,9,3,0,1,47445675.71428572,0.7271939851330121,1
2023-09-11,781.2523803710938,783.5025629490954,777.5179726424265,779.8639437312936,31573022.0,0.517435481352968,0.005161013840490901,765.7334333147321,1.0202667748085423,1.0076970443349753,760.600346156529,770.1728352864583,0,0.6143001725153996,0.7662402783728409,0,9,3,1,0,37659568.571428575,0.8383798114977267,1
2023-09-12,783.694091796875,786.5666951817179,778.0207118004635,785.1782585237241,39033340.0,0.31253811023543854,0.0031205072512911023,769.9876360212054,1.0178008777472007,1.010984262053227,762.3204956054688,769.9446268717448,1,0.6059448899069023,0.7666114400226276,1,9,3,0,0,37060506.28571428,1.0532327782863071,1
2023-09-13,787.0454711914062,790.731955532435,779.7203091010442,781.0130157046019,46420094.0,0.4276387214872557,0.004267269455869831,774.0469098772321,1.016792989091883,1.0141225594650554,764.5296718052456,769.651786295573,1,0.6068049574997226,0.7418167536566054,2,9,3,0,0,40110000.0,1.1573197207678882,0
2023-09-14,786.566650390625,789.965885847133,782.8322428256791,787.2129744267565,23538848.0,-0.06083775567076177,-0.0006085626934258614,778.6977887834821,1.0101051546832256,1.0091126075692853,767.3133632114956,769.690087890625,1,0.450929952627232,0.6317871104304885,3,9,3,0,0,37942395.14285714,0.6203838189806875,1
2023-09-15,795.5914306640625,799.5412602431078,789.9659158090586,789.9659158090586,173411202.0,1.1473637064266073,0.01140831407717942,783.228986467634,1.015783946214993,1.012121212121212,770.1859697614398,770.2183268229167,1,0.41165839556605666,0.6411328080769959,4,9,3,0,1,54669579.71428572,3.1719871070215286,0
2023-09-18,779.9357299804688,792.3597154342939,778.5233316755201,791.7612564347212,37056288.0,-1.9678066002453365,-0.01987425718404131,784.4737810407366,0.9942151654141361,1.017772599992598,771.5111301967075,769.8488789876302,1,1.0129966929183696,0.8814219666025949,0,9,3,1,0,55076429.14285714,0.6728157321870571,0
2023-09-20,748.648193359375,765.5486976798287,747.0682967790859,765.5486976798287,115474648.0,-4.011553185526873,-0.04094234744494942,780.3905639648438,0.9593250199692334,1.024737230826712,770.9981645856585,768.4516743977864,1,1.8232492635699635,1.4154183844067778,2,9,3,0,0,66643920.28571428,1.7327109135377952,0
2023-09-21,743.6930541992188,751.1618111897758,735.8891835298491,743.5254973598124,72841442.0,-0.6618781964758735,-0.006640783236925899,775.0249459402902,0.9595730538672425,1.0207539776392258,770.3791896275112,766.9108418782552,1,1.7650406716584972,1.4208551351079988,3,9,3,0,0,72539408.85714285,1.0041637111139403,0
2023-09-22,732.3462524414062,748.9834124885792,729.5215142987016,746.3980579436757,61704250.0,-1.5257372236762823,-0.015374963563575443,767.6895403180804,0.9539614830989749,1.0266776206162838,768.8385881696429,764.9822082519531,1,1.727761414855438,1.4692197106390614,4,9,3,0,1,75778110.28571428,0.8142753859571041,1
2023-09-25,732.9925537109375,737.636571986799,730.1199506265053,730.1199506265053,40208754.0,0.08825077855956209,0.0008821186045531714,759.9676949637277,0.9645048843108026,1.0102950499487704,767.00730242048,763.3089192708334,0,1.6869255001420038,1.453011836882959,0,9,3,1,0,74890776.0,0.5368986161927338,1
2023-09-26,736.1763916015625,737.3014828250133,730.1199748754191,730.1199748754191,27575308.0,0.43436155995120185,0.004334209329584489,752.7690865652902,0.9779577891017864,1.0098360655737704,765.7334376743862,762.0138529459635,0,1.7422943519516971,1.4591154043717542,1,9,3,0,0,75467413.14285715,0.36539357653350213,0
2023-09-27,731.0056762695312,733.7107225961398,725.3322967263633,729.1624342668326,39338538.0,-0.7023745111932045,-0.007048527722300873,743.5425502232143,0.9831389959459355,1.0115511551155116,763.3857683454241,760.6725056966146,0,1.4982207078483274,1.401221540393637,2,9,3,0,0,56314175.428571425,0.698554807925702,0
2023-09-28,729.4974975585938,736.1523727643475,726.9361049439,734.4288226787853,55354188.0,-0.20631559506268937,-0.002065287188754161,736.3370884486607,0.9907113318107108,1.012678236447148,760.4054347446987,759.3558959960938,0,1.4942000598041587,1.353986535775796,3,9,3,0,0,58928161.14285714,0.9393503365191915,1
2023-09-29,730.742431640625,735.1231049512756,728.8273627596361,729.4975901133708,32053782.0,0.1706563882943657,0.0017051093573924297,733.7791224888393,0.9958615736600485,1.008638180333682,757.0848432268415,758.2228149414062,0,0.671130120491902,1.3230608337664505,4,9,3,0,1,47010894.571428575,0.681837312227644,0
2023-10-03,722.0048828125,731.0774976675469,721.0233866976592,731.0774976675469,38971694.0,-1.1957084260876827,-0.01202914519470947,730.6808122907366,0.9881262388004456,1.0139442231075697,752.8528791155134,756.9030151367188,0,0.740146478234573,1.307697435000512,1,10,4,0,0,42172359.14285714,0.9241051435606195,1
2023-10-04,732.2984008789062,734.9076587656226,713.0040591639762,715.7569705893197,54649430.0,1.4256853812828485,0.014156180599781857,730.6739763532366,1.0022231865075817,1.0307201611549437,749.1817583356585,755.946278889974,0,0.8390217544366854,1.3953210662230586,2,10,4,0,0,41164527.71428572,1.327585497380418,1
2023-10-05,735.2667236328125,742.8312687313597,733.7585952718871,734.9316099718342,48512674.0,0.4053433341304036,0.004045240312845217,730.9988577706473,1.0058384029151304,1.01236465714737,745.4832763671875,755.1970092773438,0,0.8528948142815347,1.394224930506702,3,10,4,0,0,42350802.0,1.1454959932045679,0
2023-10-06,734.4528198242188,739.6952970962377,732.4419625913994,739.2165299136511,17759356.0,-0.11069504200766911,-0.001107563542198568,730.7526332310268,1.0050635282377725,1.0099029477764707,741.7608598981585,754.3583699544271,0,0.8363977892495621,1.3931468551112018,4,10,4,0,1,40948523.14285714,0.4336995485293309,0
2023-10-09,725.9307250976562,732.513773717668,723.8959646151071,731.556239372939,16454972.0,-1.1603324946866111,-0.011671168842245614,730.0276402064732,0.9943880000109884,1.0119047619047619,736.7850952148438,753.3521606445313,0,0.9121882907595332,1.3205030494887222,0,10,4,1,0,37679442.28571428,0.43670954244030064,1
2023-10-10,730.048095703125,732.0349911152088,725.4279808985405,727.9894319713059,33266292.0,0.5671850581768556,0.00565582620063519,730.1062970842634,0.9999202836883194,1.0091077410723592,733.2216927664621,752.767264811198,0,0.9429172683351597,1.298659726659581,1,10,4,0,0,34524028.571428575,0.9635692408020583,1
2023-10-11,737.1099853515625,738.330865115236,731.7956810054357,732.5616968533279,31333360.0,0.9673184123076162,0.009626698413676898,731.0159476143973,1.0083363950636817,1.0089303398194718,732.3975350516183,752.1584330240886,0,1.0105464203922594,0.859715505740184,2,10,4,0,0,34421111.14285714,0.9102948440553787,1
2023-10-12,742.0173950195312,743.0467562738991,733.2798928919548,735.4343454713572,22025336.0,0.6657635584231159,0.006635571404483902,733.8748779296875,1.0110952388952383,1.0133194206968161,732.2778451102121,751.5128967285157,0,0.8334378350777653,0.8670460346796017,3,10,4,0,0,32000202.85714286,0.6882873867496019,0
2023-10-13,735.2667236328125,741.5146589381054,732.4898505097352,737.3014842223872,39745300.0,-0.909772659243524,-0.009139363634351872,734.2989240373884,1.0013179913026466,1.0123207282969038,732.4864501953125,750.8274637858073,0,0.8190928714005862,0.7971702780001999,4,10,4,0,1,29871041.42857143,1.3305629164299546,0
2023-10-16,732.3223266601562,734.6443359841811,727.965556654919,733.2319960651158,17856084.0,-0.40045290749846085,-0.0040125686719184265,733.8782958984375,0.9978797993523213,1.00917458150074,732.4385768345425,750.1595845540364,0,0.8192051900123889,0.8051485800611279,0,10,4,1,0,25491528.57142857,0.7004712938247832,1
2023-10-17,737.8759765625,744.8420626176685,734.9076433348039,744.8420626176685,32902558.0,0.758361407287933,0.007555003030697969,734.3673182896206,1.0047777974121332,1.0135179153094462,732.5599757603237,749.6249613444011,0,0.8733219029719916,0.8231582000108904,1,10,4,0,0,27654843.14285714,1.1897575346941813,0
2023-10-18,727.6063842773438,737.8759163813697,726.8164067824365,737.8759163813697,31216200.0,-1.3917775630802653,-0.014015536001239372,734.6066981724331,0.9904706642173222,1.0152163730699102,732.3171691894531,748.5908223470052,0,0.9301829990431726,0.8877577366856315,2,10,4,0,0,29763590.0,1.048804932469504,0
2023-10-19,725.308349609375,730.7184423716426,719.682834983418,720.7361578942352,30252364.0,-0.31583486863590027,-0.0031633467961949126,733.9295915876116,0.988253311929299,1.0153339872118512,732.0179443359375,747.6340840657552,0,0.9058007906362111,0.8899143995419875,3,10,4,0,0,29333028.85714286,1.031341296097804,1
2023-10-20,729.0667114257812,731.0775102771368,720.5446319365362,720.5446319365362,21094010.0,0.5181743486657009,0.005168364451791664,732.7805524553571,0.9949318509925902,1.0146179401993356,731.8982500348773,746.4738728841146,0,0.8313090367243574,0.9009439983315075,4,10,4,0,1,27870264.57142857,0.7568643615111101,0
2023-10-23,721.04736328125,731.9153553189844,718.1986633818357,729.4018275247573,22376136.0,-1.0999470993331206,-0.011060412469104094,729.7848336356027,0.9880273336034885,1.0190987433373377,731.829855782645,744.8013793945313,0,0.8088163189615131,0.8915858378199182,0,10,4,1,0,27920378.85714286,0.8014266609521856,0
2023-10-25,716.47509765625,729.066698092264,714.0572999767982,728.2048937755804,28311996.0,-0.6341144642971974,-0.006361335099657551,727.1003156389509,0.985386860995427,1.0210198790992733,730.6996198381696,742.776192220052,0,0.7866000543951639,0.8027197358720135,2,10,4,0,0,26287049.714285713,1.077032086435087,0
2023-10-26,700.6279907226562,714.3207220983548,699.1198622279642,713.9616466683456,55561798.0,-2.211815453940158,-0.022366428658203107,722.5725533621652,0.9696299526775549,1.021742852251327,728.2254246303013,740.0887125651042,0,1.052592659779439,0.9533279680658512,3,10,4,0,0,31673580.285714287,1.75420010932771,1
2023-10-27,703.380859375,707.6179375015631,702.3036331507926,703.548416210113,31940532.0,0.3929144551453545,0.00392144562321235,717.6446794782366,0.9801241192039393,1.0075669612115326,726.0059988839286,737.4116048177083,0,0.979020439473249,0.9719593023051448,4,10,4,0,1,31536148.0,1.0128228723431918,1
2023-10-30,711.0171508789062,713.3391600901615,699.9097753123232,700.5560993380782,23310982.0,1.0856552893252713,0.010798043614690755,715.2747889927456,0.9940475490268084,1.0191873084953638,724.9407435825893,734.8773274739583,0,1.1159845750305326,1.00453378384713,0,10,4,1,0,30406831.14285714,0.7666363486047106,0
2023-10-31,706.8997802734375,720.0658784498816,705.7028622573972,720.0658784498816,32634824.0,-0.5790817563794626,-0.00580764935918188,712.6449933733259,0.9919381835930774,1.0203527815468114,723.2872924804688,732.2217651367188,0,1.1201084530536627,0.9887466623254688,1,10,4,0,0,30747182.57142857,1.0613923381170376,0
2023-11-01,705.9421997070312,707.354539496317,700.0773018118728,700.0773018118728,33877466.0,-0.13546199802690895,-0.0013555383073310383,709.3414916992188,0.9952078201656518,1.010394905913404,721.0610220772879,729.233457438151,0,1.0602292468791674,0.9285166487887536,2,11,4,0,0,32573390.57142857,1.0400349919272844,1
2023-11-02,707.01953125,713.6025808891993,702.4233773723762,710.9693610335196,45225154.0,0.15260902994831405,0.001524927007057851,707.3375156947544,0.9995504487777068,1.0159151928551158,718.5611746651786,726.8029174804688,0,1.0386283625320667,0.8968749432661698,3,11,4,0,0,35837536.0,1.2619493148189653,1
2023-11-03,710.370849609375,714.0334304636632,709.3654501545199,712.4056102569502,18095340.0,0.4740064752454476,0.004728866020060132,706.4654802594866,1.0055280398816568,1.006580501359527,716.7828979492188,725.5270060221354,0,1.059125557962773,0.9055502399497389,4,11,4,0,1,34378013.71428572,0.5263637437110137,1
2023-11-06,715.5176391601562,717.1933244977679,710.0118159080039,717.1933244977679,25593730.0,0.7245215022000817,0.007219094541426991,708.5925728934152,1.0097729873719445,1.0101146325016856,715.5825631277902,724.5878255208333,0,0.5508307707214847,0.9396700091224541,0,11,4,1,0,30096861.14285714,0.8503787115379683,0
2023-11-07,712.0465698242188,715.2782486585194,707.2349357380649,715.2782486585194,41952848.0,-0.48511303509046755,-0.0048629352773774705,709.8305315290179,1.003121925863667,1.011372901017765,713.7376055036273,723.9111694335937,0,0.6220835009742823,0.9041243728902093,1,11,4,0,0,31527192.0,1.3306877440908789,1
2023-11-08,714.1052856445312,715.0148966273784,709.0542679881736,710.466607940081,31399546.0,0.2891265694631162,0.0028870940249752053,710.2716936383929,1.0053973599686912,1.0084064491369853,712.7732413155692,723.2815938313802,0,0.4861042494356566,0.8509352401865041,2,11,4,0,0,32682701.14285714,0.960739011832332,0
2023-11-09,711.280517578125,714.607926311971,710.2511563874616,711.4480744130556,22116740.0,-0.39556744967329527,-0.003963518870454573,710.8975132533482,1.0005387616606283,1.0061341257741405,711.7712533133371,722.4517313639323,0,0.4492602656195442,0.8525377449618361,3,11,4,0,0,31180117.714285713,0.7093218891173984,1
2023-11-10,714.0812377929688,716.2356900692465,708.5993770450763,708.6232803377466,14015186.0,0.3937574762176821,0.003929842804800385,712.0602329799107,1.0028382497988975,1.010776629604184,710.7008623395648,721.8875834147135,0,0.44968927570767725,0.8458159212643569,4,11,4,0,1,28342649.14285714,0.494491038200361,0
2023-11-13,712.7886352539062,716.2117740009877,711.4001986764561,714.3685319579603,20605914.0,-0.18101617444221674,-0.0018118020669909837,712.8843906947544,0.9998656788644862,1.0067635282271266,710.1109531947544,721.3306213378906,0,0.4684793343313504,0.8004383601272826,0,11,4,1,0,24825614.85714286,0.8300263304081364,1
2023-11-15,720.2573852539062,723.3932753387419,718.4141432279705,720.1137317170233,41245460.0,1.0478211394798098,0.010423695426990967,714.2967529296875,1.008344756293195,1.0069307267370868,710.3811165945871,720.9811197916666,0,0.5785984213114891,0.8361767142149127,2,11,4,0,0,28132774.85714286,1.4660999567032704,1
2023-11-16,722.1484985351562,727.2473809327844,719.9461810912933,722.7948225701767,29713838.0,0.2625607623007342,0.002622166736940821,715.2440185546875,1.0096533208266751,1.0101413133832087,711.9182957240513,720.9859069824219,0,0.5332458876194922,0.5281796132329244,3,11,4,0,0,28721361.714285713,1.034555335348903,0
2023-11-17,720.5924682617188,721.7415211781168,712.8843283809061,713.3630955591337,23701874.0,-0.2154723407434611,-0.0021570481639877855,716.464861188616,1.0057610739851985,1.0124244459368703,713.1476963588169,720.5957092285156,0,0.48905450679864326,0.5375918773450137,4,11,4,0,1,26114079.714285713,0.9076281553599564,1
2023-11-20,720.640380859375,724.3747884733571,718.8929272981045,724.3747884733571,19331452.0,0.006649056126240005,6.648835086301147e-05,717.3984462193081,1.004519015419049,1.0076254209313975,713.8350699288504,720.108164469401,0,0.48939484924675386,0.4699555484587501,0,11,4,1,0,24390066.285714287,0.7925953039054587,1
2023-11-21,726.74462890625,728.6836593929769,723.9438525479579,727.2473578304415,24959972.0,0.8470588394721368,0.008434914273147964,719.6076049804688,1.009917938438095,1.0065472022841784,715.2525591169085,719.8512247721354,0,0.4918175846320714,0.46666647356119734,1,11,4,0,0,24796242.285714287,1.0066030051004962,0
2023-11-22,724.1593627929688,727.7261551101178,719.8504579271851,727.7261551101178,29123650.0,-0.35573240041306686,-0.0035636663267642086,721.0473371233259,1.0043159796998329,1.010940740672182,716.5537850516183,719.7921793619792,1,0.5485424976557315,0.4822614964148383,2,11,4,0,0,26954594.285714287,1.0804707238882574,1
2023-11-23,728.3485107421875,729.5693319457266,722.2202676591917,722.2202676591917,13046220.0,0.5784842625056852,0.005768174673051969,723.2701764787946,1.007021351672644,1.0101756550122225,718.0772835867746,719.735526529948,1,0.5351773613389714,0.4934824377310313,3,11,4,0,0,25874638.0,0.5042087931819568,1
2023-11-24,733.5191650390625,734.0218939418301,727.6542672419772,728.3005912289228,16469192.0,0.7099148581502623,0.007074068255561047,725.1647164481027,1.0115207599066325,1.0087508958395695,719.730734688895,719.6158325195313,1,0.46866146038601536,0.5069017919200873,4,11,4,0,1,22335171.14285714,0.7373658296442872,0
2023-11-28,731.867431640625,735.9848175325754,730.5029569217514,735.0033214761758,28489338.0,-0.2251793105296107,-0.0022543322037897446,726.5531354631696,1.0073143943891558,1.0075042278184936,720.8985770089286,719.277500406901,1,0.5035119305113075,0.4991919861099818,1,11,4,0,0,22160242.57142857,1.2856058731383924,1
2023-11-29,746.4698486328125,748.3130905581396,733.950075384279,734.3809775281464,34042488.0,1.9952270535462002,0.01975583260864109,730.2499040876116,1.0222114983574921,1.019569471624266,723.3573826381138,719.650937906901,1,0.8069986731688791,0.6644108500837635,2,11,4,0,0,23637473.14285714,1.440191504153526,0
2023-11-30,746.3023071289062,752.8374324125391,738.3308218551477,751.2575357769422,69491440.0,-0.022444510546959506,-0.0002244702970417669,733.9158935546875,1.01687715674643,1.0196478463691137,725.6571698869977,720.1169372558594,1,0.8100804849196186,0.6714210878794652,3,11,4,0,0,30803185.714285713,2.255982243024029,0
2023-12-01,744.674560546875,749.6297896841719,743.0946053120196,745.871478620776,22153536.0,-0.218108207154466,-0.002183464095269158,736.477312360491,1.01113034719306,1.0087945523025406,728.04245867048,720.3435567220052,1,0.8345503779536234,0.6584723725642359,4,12,4,0,1,30402266.285714287,0.7286804145390213,1
2023-12-04,770.5279541015625,771.7727371502491,753.4120264631497,760.2823241901957,50662456.0,3.471770747170577,0.034128643111118254,743.1013968331473,1.0369082300010444,1.0243700791096908,732.0743669782366,721.7742757161458,1,1.3735668206664138,1.067887941358337,0,12,4,1,0,33479238.57142857,1.513249947184752,1
2023-12-05,777.374267578125,784.6994290053266,773.9271671672425,783.5025110233172,52230820.0,0.8885224007927572,0.00884598267912345,750.1050763811384,1.036353828357683,1.0139189607175998,736.6876264299665,723.5098063151041,1,1.3665075795032458,1.0496618827584736,1,12,4,0,0,39077038.571428575,1.3366115219946297,1
2023-12-06,779.3372802734375,784.4361042559843,773.9990142449448,784.4361042559843,38613060.0,0.2525183527656738,0.002522000608909182,756.6505214146206,1.0299831404548592,1.0134846295911903,740.9076189313616,725.1854919433594,1,1.3902300259743285,1.0466228046626622,2,12,4,0,0,42240448.28571428,0.9141252417308965,1
2023-12-07,780.6058959960938,782.3055427986936,773.7834639368028,777.9966383401941,20450386.0,0.1627813470197692,0.001626490017878499,763.6131591796875,1.0222530696493768,1.0110135189740717,745.0831473214286,727.1707763671875,1,1.3459741059311376,1.0492117020777494,3,12,4,0,0,41092026.571428575,0.49767285058214245,1
2023-12-08,791.4978637695312,792.3596680546885,780.6059106285983,780.6059106285983,33728038.0,1.3953222527916864,0.013856772475621776,770.0457327706473,1.0278582557969622,1.0150572231980992,750.1478184291294,729.6715352376302,1,1.2847668696806336,1.0456421964441416,4,12,4,0,1,41047105.14285714,0.8216910274820981,0
2023-12-11,790.4446411132812,796.5249611291558,788.5295723280279,789.9898356540881,23187620.0,-0.1330670244937826,-0.0013315563727714,776.3517804827009,1.0181526738069926,1.01013961819786,755.1338370186942,732.6654235839844,1,1.297860286567978,1.0531782684286193,0,12,4,1,0,34432273.71428572,0.6734269189542256,0
2023-12-12,782.5928955078125,792.9582176337611,781.2762856370243,791.9767214436858,36581476.0,-0.9933327645070933,-0.009982992308069236,781.7686854771206,1.0010542888785432,1.0149523698741372,759.1229989188058,735.3058247884114,1,1.4288085657307663,1.1403148856881031,1,12,4,0,0,36493408.0,1.0024132577587712,0
2023-12-13,780.8214111328125,783.2631120796166,773.2568662574292,781.563465201162,29346914.0,-0.2263609068225092,-0.0022661749039959937,783.2391793387277,0.9969131163638207,1.0129403905207046,763.1702880859375,737.6326334635417,1,0.7771048266127308,1.1330319095196744,2,12,4,0,0,33448330.57142857,0.8773805298691952,1
2023-12-14,790.0376586914062,794.2507747290626,787.5719960728002,788.0507632436652,35172366.0,1.1803272076290616,0.011734156786550433,785.0482352120536,1.006355562952135,1.0084802134783435,767.576655796596,740.403896077474,1,0.8269054419349023,1.145728654078392,3,12,4,0,0,31011408.57142857,1.1341750542864732,1
2023-12-15,793.101806640625,798.5836675519721,788.3380380661904,789.9658581899005,138837130.0,0.3878483405834299,0.0038709814802092278,787.0145961216518,1.0077345586078967,1.0129964926098383,771.8325587681362,743.3092163085937,1,0.8289891876782861,1.1463347407779654,4,12,4,0,1,45329132.85714286,3.062867547842852,0
2023-12-18,792.69482421875,797.0037289891579,790.4206800343679,795.0886602023099,18014754.0,-0.05131528114894479,-0.0005132845194528861,788.7415858677456,1.005012083072373,1.0083285383607419,776.1773725237165,746.1650594075521,1,0.8368007214427292,1.1380226002825153,0,12,4,1,0,44981185.428571425,0.40049531439332137,0
2023-12-19,791.3543090820312,794.1072204559873,787.1172310907685,789.9658725265142,24008446.0,-0.16910860217107526,-0.0016925175217646228,788.7210780552456,1.0033386086666765,1.0088804933866486,779.3834054129464,748.8645080566406,1,0.6621281496831882,1.0759814326139965,1,12,4,0,0,43592672.28571428,0.5507449931640871,1
2023-12-20,793.3171997070312,799.038444004139,787.308648353673,793.795966876438,34232520.0,0.2480419456206695,0.002477348293333742,789.1314435686384,1.005304257196322,1.0148985987579255,782.7416120256696,751.4578267415365,1,0.6650935233182603,1.0697736127304553,2,12,4,0,0,45170515.14285714,0.7578509984164575,1
2023-12-21,807.53662109375,808.9968844459388,790.0855798531799,793.3172584861196,36589240.0,1.7924004915019998,0.017765263981288346,792.6948329380581,1.0187232053736015,1.0239357673079834,787.2317592075893,754.6408284505209,1,0.7607149421714245,1.1085078272859907,3,12,4,0,0,45171624.28571428,0.8100049661391411,0
2023-12-22,799.9481811523438,807.1536510402615,798.1528041148157,806.0524630799391,48578850.0,-0.9397022677594791,-0.009441453257708048,795.427228655134,1.0056836783232246,1.0112770974167384,789.3332039969308,757.5022583007812,1,0.9014478817999734,0.8126765533468593,4,12,4,0,1,47919043.71428572,1.0137691872494021,1
2023-12-26,805.5018920898438,807.1775773726962,798.847074435413,801.0972570093661,18045856.0,0.6942588368036295,0.00691859956699375,797.6364048549107,1.0098609932884943,1.0104281572830078,791.3423200334821,760.6429707845052,1,0.8436783892960634,0.8029227462387329,1,12,4,0,0,45472399.428571425,0.39685295314901164,1
2023-12-27,815.4841918945312,817.0162235511344,803.6586070355986,805.0470435987298,27009078.0,1.2392646004578456,0.012316485739670438,800.8338884626116,1.0182938105429633,1.0166210084712552,793.9242422921317,764.0230692545573,1,0.9197072540927553,0.8447034946812136,2,12,4,0,0,29496963.42857143,0.9156562188309321,1
2023-12-28,816.4177856445312,824.149887782185,814.8617922105217,818.3568162242175,44076470.0,0.11448336574508833,0.0011441788351267072,804.222882952009,1.0151635858056653,1.0113983692209534,796.4822344098773,767.4773742675782,1,0.9081501560295462,0.8455269373198818,3,12,4,0,0,33220065.714285713,1.3268026131882598,1
2023-12-29,818.3328247070312,821.0378710363707,811.9891593992248,812.4679265922668,25011426.0,0.23456606362246557,0.002342913868798742,808.0769566127232,1.012691697257769,1.0111438823196124,798.3990173339844,770.7465555826823,1,0.8763471805688858,0.7873245979392838,4,12,4,0,1,33363348.57142857,0.7496677363320503,0
2024-01-01,812.9945678710938,818.2849687904367,810.0740996496615,816.7768404269046,14239686.0,-0.6523332163595685,-0.006544702080930583,810.8880092075893,1.0025978416742936,1.0101359482352616,800.0097263881138,773.7747578938802,1,0.9769396742523289,0.8179532548044839,0,1,1,1,0,30507229.42857143,0.4667643134667574,1
2024-01-02,813.4733276367188,815.2448013204753,808.4941371304667,813.3297325444754,29242092.0,0.05888843352037654,0.0005887110108656281,811.7361101422991,1.0021401259260414,1.0083496761200623,802.2154715401786,776.8707865397135,1,0.7436074721620175,0.7444941132855801,1,1,1,0,0,29457636.85714286,0.9926828870154059,0
2024-01-03,800.9296264648438,816.1543877106121,799.038461039413,814.8617397029581,28389762.0,-1.541992926592517,-0.015540052839858692,811.8763166155134,0.9865168007409019,1.0214206543311246,803.6517726353237,779.5470947265625,1,0.9027324946037896,0.8833288647164882,2,1,1,0,0,26573481.42857143,1.0683493646216686,1
2024-01-04,809.5234985351562,811.4864323425077,799.8763278844378,803.3713517790169,26734056.0,1.0729871622110254,0.010672715041277281,812.4508318219866,0.9963969102225354,1.014514874429122,805.0436183384487,782.3063903808594,1,0.9593791316069858,0.8744500129207593,3,1,1,0,0,27814652.85714286,0.9611500865140095,0
2024-01-05,805.3822021484375,816.2502532169135,798.6315959676855,807.7521349770598,31889470.0,-0.5115721031214604,-0.005128851131143846,811.0076904296875,0.9930635820749498,1.0220610571109197,805.9207894461496,785.013818359375,1,0.8239658343628664,0.8907140760223752,4,1,1,0,1,28511851.714285713,1.1184636592376058,0
2024-01-08,796.4052734375,805.4539851831421,794.7535499790049,803.6107431564817,17998470.0,-1.1146172198728266,-0.011208756259091589,808.1487601143973,0.9854686571872795,1.01346384071442,806.1858215332031,787.2823771158854,1,0.8809838132238287,0.9492571982239428,0,1,1,1,0,24786423.14285714,0.7261422875041464,0
2024-01-09,790.2052612304688,803.2756291285802,788.4098842358525,798.1767467752176,25326888.0,-0.7784996425589052,-0.007815457707232831,804.1305367606027,0.982682817162707,1.0188553507381963,806.1037466866629,789.1719136555989,1,0.8515569656141805,0.9731333961938312,1,1,1,0,0,24831489.14285714,1.019950428840284,1
2024-01-10,792.8145751953125,794.7296441251053,785.8485470291504,786.6145629124144,16115824.0,0.3302071110967697,0.003296631246081087,801.2476806640625,0.9894750329114703,1.0113012833446462,806.0678449358259,791.2034851074219,1,0.9009066759122984,0.9750292122016204,2,1,1,0,0,25099508.85714286,0.6420772650064718,0
2024-01-11,789.4871215820312,796.1419974247106,786.6145183500772,794.7535608406137,18314010.0,-0.41970136743026965,-0.0042058458573852545,797.8210797991071,0.9895541012539123,1.012112005121158,804.7785949707031,792.6373942057292,1,0.8822332741458243,0.8307671186032475,3,1,1,0,0,23538354.285714287,0.7780497216457904,0
2024-01-12,785.752685546875,792.8384633063858,782.1140666068262,790.9233945544381,19773552.0,-0.47302051332679396,-0.004741427958398496,795.6529453822544,0.9875570625448724,1.0137120621626037,803.764630998884,793.9524068196614,1,0.7368622211766881,0.8059873326470118,4,1,1,0,1,22307467.14285714,0.8864095539565323,1
2024-01-15,800.8818359375,804.7598387644721,786.901797926325,788.8647318566922,28320356.0,1.9254341307271883,0.019071322023604353,794.4184221540179,1.0081360321000072,1.0226941161974814,803.4346269880023,795.8259826660156,0,1.0141769791665074,0.9555229498725201,0,1,1,1,0,22534081.42857143,1.2567788081253684,1
2024-01-16,803.9219360351562,806.0763883828079,793.8438633427261,800.9775061380469,25322500.0,0.3795940875719328,0.0037887544725199542,794.2098127092634,1.0122286619612042,1.0154092329801139,802.6087515694754,796.9391153971354,0,1.0169821110471011,0.8927693195865644,1,1,1,0,0,21595942.85714286,1.1725582053772003,0
2024-01-17,736.1045532226562,764.4954709128732,731.7477834906084,751.6644868680132,170145236.0,-8.435816933540464,-0.08813000533243474,785.5954241071429,0.9370020886504847,1.0447526978025825,796.87209211077,795.5634582519531,0,3.3703112041354726,2.395656022080442,2,1,1,0,0,43331195.14285714,3.926622273838835,0
2024-01-18,711.5198974609375,725.3323197153799,708.5994291824192,715.2782083529884,161070930.0,-3.339832046152602,-0.033968781999236516,774.3546578543527,0.918855320677578,1.023614033322419,789.2425973074777,793.3028788248698,0,3.4712453095004645,2.4764678607869373,3,1,1,0,0,62723201.14285714,2.5679641195791008,0
2024-01-19,704.0989990234375,723.0581685801238,703.0217728163159,720.999446229209,109600538.0,-1.042964288698256,-0.010484412765377768,761.6810041155134,0.9244014163659736,1.0285003915078503,781.4643423897879,790.7526489257813,0,3.3928916699523533,2.474882607723747,4,1,1,0,1,76078160.28571428,1.4406307616849725,0
2024-01-23,683.368408203125,706.0380253244172,682.2433168779795,701.3940064745544,115469402.0,-2.944272161878536,-0.029884858659510315,746.5211879185268,0.9154039018082175,1.0348771587171053,772.1711338588169,787.1483337402344,0,3.377004138675871,2.5067157780149434,1,1,1,0,0,89957502.0,1.2835994712258685,1
2024-01-24,697.0372314453125,698.2580528326665,660.8184783083515,660.8184783083515,86004404.0,2.000212927332834,0.019804714816871762,733.8475516183036,0.9498392818892483,1.0566563674492846,764.750248500279,784.0347534179688,0,3.6781402427204064,2.64521172438037,2,1,1,0,0,99419052.28571428,0.8650696423140029,0
2024-01-25,686.9830932617188,697.7313939357863,679.5622013776972,695.4093846155678,98941852.0,-1.4424104954546602,-0.014529143639286448,717.5763026646206,0.9573659145525037,1.0267366144280157,755.9973624093192,780.8477600097656,0,3.3391662358355982,2.581625850637279,3,1,1,0,0,109507837.42857143,0.9035138883510205,1
2024-01-29,696.438720703125,700.3406850803747,692.2016426624417,693.2788688648152,65645498.0,1.3763988567043084,0.013670125185370726,702.2215576171875,0.9917649396385877,1.0117581957572759,748.2156851632254,778.0350036621094,0,3.481640963912991,2.6645828398787517,0,1,1,1,0,115268265.71428572,0.5695019144533225,0
2024-01-30,691.4835205078125,700.53217422801,689.8557002681358,696.3908845219285,41728768.0,-0.7115055564845263,-0.007140488281285243,695.8471243722098,0.9937290768165002,1.0154763872440635,740.7212742396763,774.7498657226563,0,2.002904840790219,2.6654096860238683,1,1,1,0,0,96923056.0,0.430535000877397,1
2024-01-31,700.2210083007812,706.1576749666016,687.8927526091608,689.1854007024332,65761040.0,1.2635858315975579,0.012556692049900281,694.2329973493304,1.00862536205325,1.026551991263409,734.2938276018415,771.6538391113281,0,1.8033967047083435,2.7317304573769476,2,1,1,0,0,83307357.42857143,0.7893785378606467,1
2024-02-01,702.0402221679688,705.5112841214318,697.1089554241759,701.4178599181299,32690740.0,0.25980566787080495,0.002594687563628131,693.9388863699777,1.0116744225710848,1.0120531068090257,727.8099452427456,768.6320190429688,0,1.770564383923533,2.7295064733205425,3,2,1,0,0,72320243.42857143,0.45202751608942904,0
2024-02-02,692.3692016601562,708.9824002114282,690.4062678183428,706.1816237651476,44867754.0,-1.377559319599586,-0.01387135716737466,695.2247140066964,0.9958926771603337,1.0269060888624102,720.8729509626116,765.3325154622396,0,1.4009745962430178,2.7304653848965676,4,2,1,0,1,62234293.71428572,0.7209490350446562,0
2024-02-05,691.7467041015625,695.1220358820352,686.576053954148,692.2972980120073,38605046.0,-0.08990832594822917,-0.0008994876772577039,694.4689243861607,0.9960801409695843,1.0124472472913508,714.1582380022321,761.9468322753906,0,1.153023420794309,2.7369568775237605,0,2,1,1,0,55462956.85714286,0.6960509894817879,0
2024-02-06,691.3877563476562,694.068841190409,685.881933113519,692.0820039083551,41075740.0,-0.05189005625584331,-0.0005190352380461509,695.098161969866,0.9946620408091791,1.0119363226841769,706.3372323172433,758.0752034505208,0,0.992419981727413,2.6305589254702944,1,2,1,0,0,47196369.428571425,0.8703156725257312,0
2024-02-07,684.6130981445312,696.0317420167268,683.0332015338389,695.6487048996299,54837086.0,-0.9798637799016019,-0.009846960373086437,693.4087873186384,0.9873152902948932,1.0190306129390168,697.8151724679129,754.2307006835938,0,0.8786579104164637,2.6001868931244165,2,2,1,0,0,45652310.571428575,1.2011897166563066,0
2024-02-08,671.7343139648438,688.9220089386799,670.5134342809237,684.5652392978377,69106124.0,-1.8811770056097576,-0.01899096224261776,690.5874720982143,0.9726998260248061,1.027454445677883,693.2172982352121,749.7717814127604,0,1.0728066002744896,1.5622590292039338,3,2,1,0,0,49563361.428571425,1.394298570721293,1
2024-02-09,671.99755859375,677.072478684091,664.0500356096397,666.5156981154427,56642124.0,0.0391888017976072,0.0003918112499224208,686.5555507114956,0.9787956093244622,1.0196106353077685,690.3942740304129,744.9888936360677,0,0.8263117205365309,1.361159208975571,4,2,1,0,1,48260659.14285714,1.1736707497577428,0
2024-02-12,665.4863891601562,676.8092448082598,662.3025756816373,670.1065041980137,34447812.0,-0.968927543013598,-0.009736521896369534,681.3335745675223,0.9767409298486059,1.021903386245618,687.63623046875,739.9578470865886,0,0.7438122052119104,1.3586051799658838,0,2,1,1,0,48511669.428571425,0.7100933116870148,1
2024-02-13,667.6168823242188,672.3566891768745,662.7813454112104,666.4199643535106,57580994.0,0.3201407570110115,0.0031962939757881857,677.7975289481027,0.9849798115379919,1.0144472137484848,686.5111214773996,734.9339823404948,0,0.7840428687923856,1.1514827237402474,1,2,1,0,0,50327846.571428575,1.1441179768794059,0
2024-02-14,662.6378173828125,666.2046099191948,652.8230890297091,658.7837177497752,91320810.0,-0.745796739601956,-0.007485917086826506,673.6391165597098,0.9836688533868384,1.020497928327527,684.0540204729352,729.9220906575521,0,0.7635502786217356,0.9756005774095579,2,2,1,0,0,57858670.0,1.5783427099171135,1
2024-02-15,677.0007934570312,677.6949825309235,662.7813723217212,663.0925826953933,41584944.0,2.1675454822285056,0.021443882466709436,671.5838361467634,1.0080659435482364,1.0225015530490245,683.3409990583148,725.3730061848959,0,1.3036209447887697,1.131151870619768,3,2,1,0,0,57931413.428571425,0.7178306472924852,1
2024-02-16,679.8015747070312,683.5359238875297,674.31965507416,681.7166435513678,32175742.0,0.4137042787938361,0.004128508755432188,670.8964756556919,1.0132734324511632,1.0136675073075783,682.1526314871652,721.3354044596355,0,1.287500242494801,1.0617204735454948,4,2,1,0,1,54694078.571428575,0.588285657979951,0
2024-02-19,678.4609985351562,684.1583399970523,677.5513291516161,684.1583399970523,34451756.0,-0.1972010983429584,-0.0019739579571457482,671.8574305943081,1.009828823259433,1.009751306744109,681.2224513462612,716.9666544596354,0,1.0292546553023687,1.0502794217165168,0,2,1,1,0,49743454.571428575,0.6925887294484016,1
2024-02-20,696.2711181640625,697.6834579371554,675.9235134549672,677.4555450204665,56133508.0,2.6250764107825786,0.02591212634726957,675.3250819614956,1.0310162272393744,1.0321929094772317,680.9403163364956,713.3296183268229,0,1.3862675756624088,1.235927381523762,1,2,1,0,0,49670795.14285714,1.1301109200800106,0
2024-02-21,689.017822265625,700.9151754054046,687.0309267122648,700.9151754054046,45893136.0,-1.0417344205750023,-0.010471984538603499,678.6867152622768,1.0152222030739997,1.0202090592334494,680.0101449148996,709.7500366210937,0,1.3994790144413811,1.260879418435647,2,2,1,0,0,51305841.428571425,0.8945011858716506,0
2024-02-22,679.634033203125,684.0626300055545,676.1150473676641,678.7722288264276,50560882.0,-1.3619080318770682,-0.013712670707947435,680.4034511021206,0.9988691740205766,1.0117547785230234,679.1004900251116,706.0643290201823,0,1.5706407554789845,1.2596910512856998,3,2,1,0,0,50302968.28571428,1.0051272066654358,1
2024-02-23,680.1365966796875,686.5042231059118,678.8918137873462,681.0702276813848,29833452.0,0.07394619045104633,0.0007391886372618676,682.9032767159598,0.9959486502252894,1.0112129932398184,678.2711966378348,702.3083964029948,0,1.5121271656510686,1.2608048378021437,4,2,1,0,1,41519060.0,0.7185483486379508,1
2024-02-26,680.9505615234375,686.9590543726445,676.761348833584,676.761348833584,23506870.0,0.11967667196908227,0.001196051165244408,683.467529296875,0.9963173557403278,1.015068392361113,677.5256827218192,698.6905110677084,0,1.2912448227228275,1.2622825918471055,0,2,1,1,0,38936478.0,0.6037235828058203,0
2024-02-27,679.9212646484375,683.0571548064959,676.5220291476985,676.7614127525852,32087150.0,-0.15115588901156718,-0.0015127024477699148,683.4846278599331,0.9947864764381712,1.0096598859715338,677.1905517578125,695.1627970377605,0,1.2852964392878554,1.2370902487998146,1,2,1,0,0,38923822.0,0.8243576388772922,0
2024-02-28,674.7744750976562,681.8601942948292,672.1891206373224,679.9212222820232,25321986.0,-0.7569684636121066,-0.007598480105987792,682.9579816545759,0.9880175548470878,1.0143874296095976,677.4077061244419,690.959218343099,0,1.3173166764689155,1.1413060271045987,2,2,1,0,0,37619569.14285714,0.673106752069432,0
2024-02-29,671.90185546875,675.253225645792,668.9813874316935,671.2794347728534,53295700.0,-0.4257155145784841,-0.004266242631146463,679.4766584123884,0.988852004186079,1.0093752058456766,677.4008701869419,686.5585489908855,0,0.5690259846989594,1.1480204831416325,3,2,1,0,0,37214168.0,1.4321346644106083,1
2024-03-01,684.9961547851562,685.9536891619308,670.2740637422462,670.2740637422462,34738898.0,1.9488410710327697,0.01930094334669932,678.9021344866071,1.0089762868445795,1.023392857142857,678.7944248744419,684.8549357096355,0,1.0332728529033184,1.220181707921215,4,3,1,0,1,35620705.428571425,0.9752445265201254,1
2024-03-04,685.9296875,687.9884096675396,681.9080901062357,685.0918449690896,35616474.0,0.13628291317000496,0.0013619013229464782,679.801513671875,1.0090146516370997,1.0089166262279667,680.1024823869977,684.0019287109375,0,0.8646654718079655,1.2199345964179955,0,3,1,1,0,33485790.0,1.0636294977660674,1
2024-03-05,689.831787109375,690.8611483954301,680.6394791982608,680.807036048719,37991672.0,0.5688774929099472,0.005672654955376291,681.186540876116,1.0126914519217303,1.0150177436213508,682.0449087960379,683.5263549804688,0,0.8789595817071556,1.1917778289627514,1,3,1,0,0,34651250.0,1.0964011976479926,1
2024-03-06,690.6695556640625,695.576919496979,686.3367475409569,686.3367475409569,42409530.0,0.12144533933382551,0.0012137165413372308,682.574968610491,1.0118588981808834,1.0134630296121085,683.0212489536831,683.7697265625,0,0.8789309886477756,1.0628650311780314,2,3,1,0,0,37351630.0,1.1354130997763685,1
2024-03-07,692.3452758789062,694.7152087205789,690.0950932873528,692.0580272311091,49348046.0,0.24262256836158347,0.002423287150152405,684.3498273577009,1.0116832768878983,1.0066948968021459,683.9172276088169,683.6133280436198,1,0.8647534872846232,1.0605571654827646,3,3,1,0,0,39817472.28571428,1.239356573061648,0
2024-03-11,683.5838623046875,692.2734406211868,681.2857562639475,684.6371268147891,50531094.0,-1.265468817288662,-0.012735440728189938,685.6083112444196,0.9970472222892725,1.0161278644918306,684.2831464494977,683.5000203450521,1,0.9785123194819262,1.122957810876059,0,3,1,1,0,43418773.428571425,1.1638074963846943,1
2024-03-12,698.7846069335938,700.9150973426133,684.2779391235861,686.5520830528056,65418454.0,2.2236839497142835,0.021993206124612766,689.4487043108259,1.013541112724405,1.0243134511107226,684.4626813616071,683.5782165527344,1,1.1903277733629452,1.0555164114425644,1,3,1,0,0,45150595.428571425,1.44889460214301,1
2024-03-13,699.1915893554688,704.5537583020961,694.2602641088363,701.6332902428926,63067454.0,0.05824146923627538,0.0005822451547500842,691.4766235351562,1.0111572330252756,1.014826563934885,685.1893790108817,683.8351521809896,1,1.0282625148106537,1.0094667021483008,2,3,1,0,0,49197532.0,1.281923125737283,0
2024-03-14,696.8217163085938,701.8727337796063,691.4835086418929,700.0055299615263,52432158.0,-0.3389447303076998,-0.0033952044923948395,693.0326276506696,1.0054674029861608,1.015024545065606,686.4170706612723,683.7218424479166,1,1.0560289723598468,0.9285514447047615,3,3,1,0,0,51599772.571428575,1.016131571654103,0
2024-03-15,695.481201171875,698.665014815619,690.5020104857863,694.2124563732988,143613804.0,-0.19237562569377475,-0.0019256090526053034,693.8396868024554,1.0023658409869642,1.0118218400611025,687.5131138392857,683.5032084147135,1,1.0545187842503156,0.9336609761117792,4,3,1,0,1,66688648.571428575,2.153496990513742,0
2024-03-18,692.3212890625,697.0849990233024,687.4139255734966,692.7760944963727,21437856.0,-0.45434903259076176,-0.0045538433492214965,694.0756487165179,0.9974723797654304,1.0140687773261756,688.3253086635044,683.501611328125,1,1.0767300329550529,0.9482242899676164,0,3,1,1,0,63692695.14285714,0.33658264816580247,1
2024-03-19,693.9012451171875,695.361508487081,687.2703309378574,687.2703309378574,36183594.0,0.22821139254969314,0.0022795138585271057,694.2979300362723,0.9994286531733372,1.0117729184354318,689.3238786969866,683.5734293619792,1,1.0762896297264082,0.9452182260263928,1,3,1,0,0,61812059.14285714,0.585380822152748,0
2024-03-20,685.1398315429688,695.002424269405,682.0757097447741,693.757641226056,43606094.0,-1.262631193685071,-0.012706701210274285,694.5202113560268,0.986493726662406,1.0189520229791909,690.0642613002232,683.365165201823,1,1.0757176885502224,0.9910737350821179,2,3,1,0,0,60822773.428571425,0.7169369553857945,1
2024-03-21,692.1776733398438,694.8108929167894,688.6108811083764,690.6695449843953,28922860.0,1.0272124715075215,0.010219724974278713,693.5763636997768,0.9979833650148169,1.009003650651633,691.5125340053013,683.6173177083333,1,0.6998105210464938,1.0062245579784774,3,3,1,0,0,55609117.14285714,0.5201100374548038,0
2024-03-22,690.7892456054688,694.5715181893103,688.3475445643155,689.9035379705642,45980326.0,-0.2005883442723122,-0.0020078979212395337,692.3760288783482,0.9977082059362309,1.0090419057555209,691.9263262067523,684.2524820963541,1,0.6948098342869166,0.8774335797580032,4,3,1,0,1,53168098.85714286,0.8648104218197522,0
2024-03-26,682.434814453125,688.4433080631126,680.8788209713061,683.2965603924812,56844290.0,-1.209403766125683,-0.012167765583241515,690.3207571847098,0.9885764079241286,1.011109887484847,691.6766924176898,684.600390625,1,0.7999247493109695,0.9403282371625992,1,3,1,0,0,53798403.428571425,1.0566166721931185,1
2024-03-27,689.7599487304688,693.2310112679723,680.4479491623351,681.5491372067122,62168668.0,1.0733822662921666,0.010676624130342385,689.503435407366,1.0003720261711984,1.0187862453276166,691.6715611049107,685.4095092773438,1,0.9549824797670275,0.97420000133625,2,3,1,0,0,42163384.0,1.4744705500867767,1
2024-03-28,693.2069702148438,699.2394246339555,689.75981165874,689.75981165874,55592142.0,0.4997421915724942,0.0049849762497636615,689.6299612862723,1.0051868525577103,1.0137433535775575,691.852805001395,686.2625122070312,1,0.9663328535768638,0.9829260239631904,3,3,1,0,0,47042567.71428572,1.1817412335491624,1
2024-04-01,704.0272216796875,705.6071769383561,696.893578163066,698.0426312199826,25199570.0,1.5608976726662505,0.01548840965007085,691.0765293666294,1.0187398815655444,1.0125034855368567,692.6872297014509,687.642159016927,1,1.1309305320818783,1.0645481400990708,0,4,2,1,0,45473421.428571425,0.5541604130136302,1
2024-04-02,708.6472778320312,715.685132245699,700.5561005197442,701.4657698820595,41225446.0,0.6562326015350894,0.006540887693047085,694.4347359793527,1.0204663463912629,1.021595746171835,694.4774736676898,688.6970418294271,1,0.9281069497938279,0.992979013706789,1,4,2,0,0,45133328.85714286,0.9134146991569758,1
2024-04-03,709.6766967773438,716.0682276845824,704.4581222201347,704.7932359077813,45584386.0,0.14526534956316173,0.0014515994152280093,696.9345964704241,1.0182830646827565,1.0164809022683392,695.2554800851004,689.6928792317708,1,0.9020111963329195,0.816905452918394,2,4,2,0,0,47513546.85714286,0.9593976668813382,1
2024-04-04,731.3648071289062,732.5138601668406,720.065912216293,720.065912216293,88935066.0,3.0560550247808127,0.030102877747181418,702.7311052594866,1.0407463134264514,1.0172872340425532,697.5535670689175,691.4563395182291,1,1.3112304187878792,1.1330080556287223,3,4,2,0,0,53649938.28571428,1.6576918602659663,1
2024-04-05,741.8737182617188,744.2435924609226,732.5856231419043,736.8227010597361,59055902.0,1.4368904588213605,0.014266650236712218,711.2223772321429,1.043096705068338,1.0159134563261285,700.7715672084263,692.9764261881511,1,0.9613991483217573,1.1518745990101025,4,4,2,0,1,53965882.85714286,1.0943192045302272,0
2024-04-08,740.4613647460938,745.5602472863112,738.0436253706997,744.4590593119542,20482940.0,-0.19037653994998793,-0.001905579864090366,718.4654366629464,1.0306151513499546,1.0101845225095414,703.9844360351562,694.6912109375,1,1.0988606062659636,1.1517883467751397,0,4,2,1,0,48010778.85714286,0.4266321123626726,1
2024-04-09,741.3949584960938,744.4111567395224,737.4451291623751,744.4111567395224,21884494.0,0.12608270930112297,0.001260032918006811,725.3494349888393,1.0221210946521262,1.0094461639268804,707.4896981375558,696.7499084472656,1,1.1369608247287668,1.1267211299801037,1,4,2,0,0,43195400.571428575,0.5066394502769216,0
2024-04-10,735.5540161132812,742.041335404094,733.9261958559255,742.041335404094,27807400.0,-0.7878314137259257,-0.007909512019926577,729.8532627650669,1.0078108212144135,1.0110571602348986,710.4648960658482,698.5971557617188,1,1.2721057370940605,1.1769161646887047,2,4,2,0,0,43567947.71428572,0.6382536120902039,0
2024-04-12,727.223388671875,732.4419626511461,724.5901691674342,728.2048847735614,41084208.0,-1.1325650134338061,-0.011390273709138077,732.5069928850446,0.9927869573062236,1.0108361854988093,713.4708644321987,700.1395833333333,1,1.4361330494737645,1.1630122448941909,4,4,2,0,1,43547770.85714286,0.9434284968288158,0
2024-04-15,715.6133422851562,722.9385041482021,714.3446559033487,716.9778756204448,23415248.0,-1.5964896849539056,-0.01609370863278799,733.3550851004464,0.9758074319306587,1.0120303948154912,715.1448407854352,701.3293192545573,1,1.6222242064542467,1.2666561009822035,0,4,2,1,0,40380751.14285714,0.5798616255839973,1
2024-04-16,722.5794067382812,724.3269187314523,709.6526921569106,711.9268363888184,20744886.0,0.9734397112944215,0.009687323114163895,732.1000279017857,0.9869954640067551,1.0206780397463737,717.4155665806362,702.9228169759115,1,1.1045888364850511,1.273693267324804,1,4,2,0,0,30639296.85714286,0.6770679528555761,0
2024-04-18,715.6133422851562,727.1755823679675,713.8658886820585,722.8427740812498,34234884.0,-0.964055214992876,-0.009687323114163893,728.3485456194196,0.9825149601645284,1.0186445295915194,719.7854614257812,704.3798665364583,1,0.8716609384762168,1.2524022585400227,3,4,2,0,0,27093437.14285714,1.2635858573235923,1
2024-04-19,733.1361694335938,734.8836227985638,708.6950827400411,711.7113392004461,34576434.0,2.448644556078583,0.024191458312357084,727.3020891462054,1.0080215365450649,1.0369531843755277,722.8837629045759,705.9845336914062,1,1.4269203478105639,1.3628333656925216,4,4,2,0,1,29106793.42857143,1.1879162878195828,0
2024-04-22,723.9917602539062,745.6320734709891,722.124614867159,745.6320734709891,42298438.0,-1.247300237110427,-0.012551443209540259,724.81591796875,0.9988629420320219,1.0325531883553845,725.0826764787946,707.2532694498698,1,1.4787945883648386,1.4354963390643372,0,4,2,1,0,32023071.14285714,1.3208738728182483,0
2024-04-23,721.7894287109375,730.838140600938,719.7068030516607,730.7424105369589,26827060.0,-0.30419290161484147,-0.003046565086336165,722.8495483398438,0.9985334159351126,1.0154664892732412,726.3514055524554,708.3185241699218,1,1.4650432782807723,1.3975547457578938,1,4,2,0,0,31883022.57142857,0.841421478779136,1
2024-04-24,723.7523803710938,728.5640142912791,722.4836939974829,725.3323355684494,22441580.0,0.271956277284624,0.002715871453011321,722.3536900111607,1.001936295722268,1.0084158581630458,727.4303414481027,709.4212849934896,1,1.421203595123827,1.3913927681068798,2,4,2,0,0,29219790.0,0.7680267380429496,0
2024-04-25,723.2975463867188,727.5824894434112,721.1430939897369,721.1430939897369,35445204.0,-0.06284386714442425,-0.0006286362217959821,723.451433454241,0.9997872876320286,1.0089294281639005,728.4032592773438,710.45302734375,1,1.2530787480881904,1.3926696970447838,3,4,2,0,0,30938355.14285714,1.1456718961409742,0
2024-04-26,722.8427734375,731.5563134799157,720.8080127488288,727.6304456461381,24854694.0,-0.06287494703812735,-0.0006289472162222655,723.4890572684152,0.9991067123622362,1.0149114612226602,727.7945425851004,711.7616577148438,1,1.2010077387465548,1.1124075214584341,4,4,2,0,1,31525470.57142857,0.7884004124121061,1
2024-04-29,732.2744140625,734.6442882658492,721.2867304749565,725.3322898363435,36093350.0,1.3047983560999787,0.012963591924590056,725.8692103794643,1.00882418429029,1.0185190676973872,727.1088779994419,712.8779846191406,1,1.2000556266716171,1.099050549447945,0,4,2,1,0,31790965.714285713,1.1353335511849818,0
2024-04-30,727.7739868164062,737.0620819015442,725.2844208297038,732.1307565147657,52307382.0,-0.6145820691899284,-0.006164783984475137,725.1031842912946,1.0036833413270996,1.0162386792458151,726.20263671875,713.8307312011718,1,0.789232085686948,1.1079197453175376,1,4,2,0,0,34323958.28571428,1.523932104933552,1
2024-05-02,733.591064453125,735.8652087221101,727.8937229116466,728.6837005042626,33475006.0,0.7992972738920079,0.007961198135709342,726.4745134626116,1.0097960091629279,1.0109514418926113,725.6452157156808,715.0563761393229,1,0.6633487917832298,1.1336259970548357,3,5,2,0,0,33063468.0,1.0124469096829165,0
2024-05-03,727.5345458984375,737.5886559993384,721.5978215787784,734.0697291526741,31865242.0,-0.825598735884614,-0.008290256771382483,727.2952444893973,1.0003290292502987,1.0221603141561233,725.0723964146206,716.1248209635417,1,0.7515315787790986,1.1355099661639354,4,5,2,0,1,33783208.28571428,0.9432272308333332,1
2024-05-06,728.994873046875,734.6682525558684,726.361653503664,728.6836626849343,28793396.0,0.2007227226075159,0.002005215437135146,728.044172014509,1.0013058287792285,1.0114358997506778,725.1989310128348,717.3472737630208,1,0.7495433463990676,1.094932848708024,0,5,2,1,0,34690610.571428575,0.8300054546665846,0
2024-05-07,721.0952758789062,729.6652209931847,720.1377414179425,728.6597630545604,28480602.0,-1.0836286317010613,-0.010895426495574538,727.7295619419643,0.9908835831193193,1.0132300795074047,725.5904976981027,718.2537414550782,1,0.8763411984342183,1.0439785137126796,1,5,2,0,0,33695667.428571425,0.8452303863804924,0
2024-05-08,709.84423828125,716.6905745370962,708.7430502857517,716.211807311795,41687862.0,-1.5602706014046341,-0.015725709365851475,725.8726283482143,0.977918453677695,1.0112135480526268,724.6808428083148,719.0772216796875,1,1.0486047144765829,1.0918822776028367,2,5,2,0,0,36100405.71428572,1.154775442966925,0
2024-05-09,693.0155029296875,711.8071150125822,691.9622384959757,706.1576388307392,46281278.0,-2.370764520440427,-0.023993193575399547,720.2642124720982,0.9621684528113824,1.0286791322019835,723.0667114257812,719.1051493326823,1,1.0580626765426215,1.2312236485417463,3,5,2,0,0,37555824.0,1.23233291326533,1
2024-05-10,697.820068359375,704.6385680353703,692.4331947307146,698.353892008822,27276608.0,0.693283975520953,0.0069089181212690495,715.9850812639509,0.9746293416162966,1.0176267882555838,720.5441327776227,719.3395100911458,0,1.198185386618882,1.0073767789067003,4,5,2,0,1,33979999.14285714,0.8027253881121346,1
2024-05-13,706.2400512695312,708.4482125597933,694.1317160729689,694.956710818051,27047202.0,1.2066123191257994,0.011993907852562796,712.0777936662946,0.9918018193395606,1.020625042993021,719.2761535644531,720.1330179850261,0,1.2838633755020312,1.0512613451558377,0,5,2,1,0,33061741.42857143,0.8180815901193347,1
2024-05-14,709.0062866210938,711.2144479759614,703.8378359787137,704.7841569928967,25665142.0,0.39168485936049713,0.003909197713869993,709.4308994838169,0.9994014739659182,1.010480556202254,718.3630719866071,720.7745625813802,0,1.3197589720139427,1.0609371966453547,1,5,2,0,0,32176012.85714286,0.7976483013588339,0
2024-05-15,698.1111450195312,708.3995858863757,696.8008453990276,708.3995858863757,38931996.0,-1.536677714591983,-0.015486069738900241,705.0189383370536,0.9902019748096187,1.0166457038103993,716.5315551757812,720.9380350748698,0,1.3594330066494293,1.1178279363612698,2,5,2,0,0,33624384.28571428,1.1578500789541808,1
2024-05-16,708.6665649414062,709.782790041372,696.655267230535,701.7752582341244,34945236.0,1.5119970504954061,0.015006803050798254,703.243408203125,1.0077116353669608,1.0188436425134972,715.4864850725446,721.0926798502604,0,1.5490230602309472,1.2134234532818873,3,5,2,0,0,34547903.428571425,1.0115009170455183,1
2024-05-17,710.5349731445312,712.4276743183018,701.848002597153,701.848002597153,20920190.0,0.26365124242591076,0.0026330429222961955,703.3420846121652,1.01022672848637,1.0150740212724112,714.6073564801898,721.1556030273438,0,1.4389739072689656,1.2181281845808265,4,5,2,0,1,31581093.14285714,0.6624276716884838,0
2024-05-21,707.9629516601562,713.2527287219871,703.7407626513565,703.7407626513565,43769978.0,-0.36198379834736505,-0.003626405450554899,705.4774344308036,1.0035231704205507,1.0135162926114925,712.8708234514509,721.0984781901042,0,1.0219440871459247,1.1480535034348756,1,5,2,0,0,31222336.0,1.401880307738665,1
2024-05-22,708.1570434570312,711.2630073542172,702.7944586673697,707.5018935449791,39996278.0,0.027415530208174665,0.0002741177283841123,706.9541451590402,1.0017015223776933,1.0120498227930048,711.4696132114956,720.3248860677083,0,1.011233003150359,1.144530302923889,2,5,2,0,0,33039431.714285713,1.2105619232762488,1
2024-05-23,724.3661499023438,725.8463536828482,707.1135946322969,707.8900706969359,40861920.0,2.2889141038807015,0.02263111456643225,709.5435878208706,1.0208902769835406,1.0264918666431415,710.8106907435825,719.7413004557292,0,1.2441027309185,1.3018863322224496,3,5,2,0,0,35012962.85714286,1.1670511909181065,1
2024-05-24,736.3046875,737.6150464828621,721.1631959122375,721.8911533778286,31060206.0,1.6481357665961927,0.01634701418957186,713.443359375,1.032043648349362,1.0228129370215764,711.4371294294085,719.6027445475261,0,1.335176691296059,1.3598496793228805,4,5,2,0,1,35783686.28571428,0.8679990583418452,1
2024-05-27,741.400390625,749.7961904344879,737.2025499615863,739.2893258205864,29385440.0,0.6920644688955591,0.006896806946004029,719.6275373186384,1.0302557256042315,1.0170830126314103,712.323237827846,719.6029256184896,1,0.9710792293334333,1.3691186165172542,0,5,2,1,0,34419892.571428575,0.8537342160211274,1
2024-05-28,742.75927734375,745.4527436990592,739.9930626339711,742.5651435020584,27908904.0,0.18328648540426595,0.0018311872068769535,724.4979248046875,1.0252055277369987,1.0073780165528234,713.8706665039062,719.8431009928386,1,0.9537343584438714,1.3239028373976103,1,5,2,0,0,33414702.285714287,0.8352282705188677,0
2024-05-29,731.9855346679688,739.5319916615282,728.5641108173895,736.6929693394153,35147706.0,-1.4505026062158644,-0.014611252414704803,727.5622907366071,1.0060795398382776,1.0150541053028725,715.4521876743862,720.0018391927083,1,1.2513007549395057,1.3128284164871231,2,5,2,0,0,35447204.571428575,0.9915508549954888,1
2024-05-30,735.1642456054688,739.4106642295702,726.8170235494816,727.569210732381,33755350.0,0.43425870962625623,0.0043331852739126025,731.4481898716518,1.0050804086813983,1.0173271129762294,718.4628121512277,720.6535359700521,1,1.2022747201270325,1.0789828198536595,3,5,2,0,0,34016543.428571425,0.9923215764376565,1
2024-05-31,743.2688598632812,745.4284433104547,734.751733835956,737.1782587165238,74079588.0,1.102422255469948,0.010963898756959441,736.4641636439732,1.0092396840949314,1.0145310435931307,721.7091544015067,721.343184407552,1,1.193586232486618,1.0921804547148204,4,5,2,0,1,38885587.71428572,1.9050654073767483,1
2024-06-03,762.9964599609375,776.0026570209221,752.2227131847588,776.0026570209221,72637256.0,2.6541674437006613,0.02619555522752645,741.9827793666294,1.0283209815357788,1.0316129032258063,725.76318359375,722.9226216634114,1,1.2795246927888286,1.2285836583374936,0,6,2,1,0,43424921.428571425,1.6727089793237557,0
2024-06-04,719.7800903320312,756.5904610836327,705.6334383679294,755.6198511271432,89531240.0,-5.664032783470418,-0.058307656379466166,739.6221226283482,0.9731727436358913,1.0722145804676753,726.5327410016741,722.4774190266927,1,2.6629216316464914,2.0703199198567237,1,6,2,0,0,51777926.28571428,1.7291391606909912,1
2024-06-05,753.0962524414062,756.8815955434779,719.3917877908412,725.06989130594,81631650.0,4.62865846900633,0.04524730965590084,741.2929600306919,1.0159225745381768,1.0521131994955948,730.4602486746652,723.447568766276,1,3.2553151121799004,2.3285785237494117,2,6,2,0,0,59241670.571428575,1.3779430798052106,1
2024-06-06,756.93017578125,759.7206794979887,750.5726922052945,759.4537972959696,46422870.0,0.5090880916502893,0.005077966195243781,743.3173740931919,1.0183135793168632,1.012188009752681,733.9076494489398,724.6189270019531,1,3.256201803371502,2.312691291390537,3,6,2,0,0,61886522.85714286,0.7501289110580873,1
2024-06-07,763.5545654296875,768.8929201187634,753.2176050765474,757.585349822155,36712216.0,0.8751652213627503,0.00871357848283879,747.8272356305804,1.0210306994045832,1.0208111373613247,737.6947631835938,725.9456665039063,1,3.1632048889115008,2.3137231792611455,4,6,2,0,1,62110024.28571428,0.5910835879103665,0
2024-06-10,757.7066650390625,767.0973042572016,755.9110011249785,763.8700143938665,22454058.0,-0.7658785181035688,-0.007688264288821438,751.0475812639509,1.0088663940091585,1.0147984393871436,741.2478855678013,727.0926371256511,1,3.208947774494798,2.3283139042713836,0,6,2,1,0,60495554.0,0.37116873084590646,1
2024-06-11,759.4052734375,762.4141406844706,753.2903831592504,755.1345658211561,29545326.0,0.2241775711910865,0.0022392666818283956,753.352783203125,1.0080340716452136,1.0121118730959444,744.9084734235491,728.3113871256511,1,3.197572035061595,2.3257584952173844,1,6,2,0,0,54133516.571428575,0.5457861944183003,1
2024-06-12,763.94287109375,770.8099486335476,760.1817573757736,764.3553684919713,39280436.0,0.5975199033989131,0.005957418325931566,753.4879847935268,1.0138753191971444,1.0139811185346825,747.7353820800781,729.367002360026,1,3.0414166042207316,2.270393118819191,2,6,2,0,0,49368256.571428575,0.7956618022993583,1
2024-06-13,767.1458129882812,769.5480488358222,763.8700045190919,767.6311179466796,24120192.0,0.4192645832201469,0.0041838811821730566,760.2545166015625,1.0090644596463876,1.0074332599567186,749.9383196149554,730.6793965657552,1,1.7129780070289153,2.2422103932612796,3,6,2,0,0,40023821.14285714,0.6026459071438414,1
2024-06-14,774.9835205078125,776.0026490992642,765.6656295141681,768.7230745298527,25540554.0,1.0216711590982808,0.01016487376885695,763.3812691824777,1.0151985014483784,1.0135006968925262,752.3371146065848,732.0591451009115,1,0.5849203991570717,2.2481727064553443,4,6,2,0,1,32010807.42857143,0.797872845194265,1
2024-06-18,780.2733764648438,781.5836762242601,771.3679826211641,774.983540294414,32415714.0,0.6825765731850675,0.006802575659796252,766.7160121372768,1.0176823805854462,1.0132436059484637,755.0166931152344,733.8171061197917,1,0.5933556243010021,2.2494440155852886,1,6,2,0,0,30009785.14285714,1.0801714789256167,1
2024-06-19,804.5628051757812,810.4107535609992,778.4291452824868,782.9910236928816,90131196.0,3.1129382910621395,0.030654689800098417,772.5743321010044,1.0414050425255323,1.0410848032506625,760.2007838657925,736.3360371907552,1,1.1810014298225977,2.2945458522619884,2,6,2,0,0,37641068.0,2.3944909320851364,1
2024-06-20,810.143798828125,816.0159768197282,801.7237698729426,810.3622215983705,41408742.0,0.6936678673735708,0.006912730601165143,780.0653512137277,1.0385588817239444,1.0178268469563407,765.5564662388393,739.3043212890625,1,0.9791084235104065,2.2932620021952195,3,6,2,0,0,40348880.0,1.0262674453417295,0
2024-06-21,808.396728515625,811.8423818466847,797.4288483846301,811.8423818466847,51630776.0,-0.21564940878732175,-0.00215882266956614,787.0641305106027,1.0271040150072432,1.0180750088127015,770.2084568568638,742.589404296875,1,1.0463427948476414,2.303423955136688,4,6,2,0,1,43503944.28571428,1.1868067791948322,1
2024-06-24,811.6240844726562,812.9343842609869,798.6906945237919,799.2973257667842,28544994.0,0.39922922040485087,0.003984344152467378,793.875732421875,1.0223565872162843,1.017833799535736,773.6818586077009,746.5430236816406,1,1.058563400067237,2.2283605133469355,0,6,2,1,0,41970309.71428572,0.6801235014542661,1
2024-06-25,830.5266723632812,833.2443684249017,810.9931467609703,810.9931467609703,74521548.0,2.3289831157372154,0.023022761757740068,802.9301409040179,1.0343697789551063,1.0274370033246283,781.5923287527902,750.9665771484375,1,1.162961306845117,1.4111923531657056,1,6,2,0,0,49170503.428571425,1.5155742325936383,0
2024-06-26,825.7463989257812,830.3082774504516,820.699215435536,828.8765922572081,47596666.0,-0.5755713328143508,-0.005772341280617175,810.1819806780134,1.019211015079282,1.0117083845508688,786.7816249302456,754.9501220703125,1,1.3353785964884877,1.024692677644068,2,6,2,0,0,52321376.571428575,0.9096982747581488,0
2024-06-27,823.1500244140625,831.3274011881083,818.5153383232833,823.1257354693937,55074650.0,-0.31442759121885766,-0.0031492295341226523,816.3072160993304,1.0083826385211072,1.01565280730239,791.5116141183036,758.7549133300781,1,1.4154455564558845,1.0574327836341086,3,6,2,0,0,55558367.428571425,0.9912935269526536,0
2024-06-28,817.156494140625,828.2214113967111,814.8270066965403,823.8536668700472,26476046.0,-0.7281212531948689,-0.007307849940433618,818.1063145228794,0.9988390012821153,1.016438341623548,795.3403233119419,762.7230916341146,1,1.0576100728243512,1.1114743271346228,4,6,2,0,1,46464774.571428575,0.5698089842080124,1
2024-07-01,827.5420532226562,828.5612411045389,815.3123910533884,815.3123910533884,21187024.0,1.2709388172890135,0.012629301751455444,820.591779436384,1.0084698311151081,1.0162500290643601,800.3285653250558,766.6856079101562,1,1.1206995195203437,1.0666356697162291,0,7,3,1,0,43575957.71428572,0.48620902698035606,1
2024-07-02,839.8687744140625,841.9556094944659,826.353042764463,832.2980286836319,45921690.0,1.4895582820719344,0.014785733133593956,825.0877859933036,1.0179144433740035,1.018881235891389,806.0759582519531,770.9967346191406,1,1.1717305265911402,1.0824636859945658,1,7,3,0,0,42760374.0,1.0739309716982364,1
2024-07-03,858.3346557617188,870.6371250279785,856.3934358619908,869.1812101031826,123217802.0,2.198662685196151,0.021748406423846456,831.760724748884,1.031949009158683,1.0166321792876085,812.8182285853794,776.0091247558594,1,1.3203484468650983,1.1501611770120177,2,7,3,0,0,56285060.85714286,2.1891741809205674,0
2024-07-04,838.1945190429688,854.0154497500956,837.0782938778042,854.0154497500956,45848658.0,-2.346420080274736,-0.023743868613118297,832.8561314174107,1.0064097356364212,1.0202336579459363,817.8931361607143,780.3437072753907,1,1.5807623570864484,1.431421786745104,3,7,3,0,0,52188933.71428572,0.878513024446978,0
2024-07-05,799.8311157226562,817.7388811097651,796.9678045280713,817.7388811097651,82242548.0,-4.576909350840774,-0.0468495964733088,829.1539481026786,0.9646352375851063,1.0260626294609148,819.667964390346,782.8592061360677,1,2.3965085431412567,1.9906437182085361,4,7,3,0,1,57138345.428571425,1.4393582345294074,0
2024-07-08,793.6434326171875,803.1553977227993,789.6639557513818,798.472252380916,39087800.0,-0.7736237042838878,-0.007766316961982927,824.938720703125,0.962063499626659,1.017085042153887,820.6229684012277,784.770497639974,1,2.3991160515514998,2.003978220593111,0,7,3,1,0,54854509.71428572,0.7125722243000997,1
2024-07-09,794.2015991210938,799.1516862165171,786.3639118522315,788.6205918556537,48550878.0,0.07032963179265384,0.0007030491209661517,821.6594499860491,0.9665824437783541,1.016261903899131,819.8828822544643,786.5305379231771,1,2.4051657206759542,1.8126421953747647,1,7,3,0,0,58008057.14285714,0.836967835010112,0
2024-07-10,789.1544799804688,795.9002315965357,786.5581099756618,791.0228924563764,45507182.0,-0.6354959680527461,-0.00637523839606407,816.1755109514509,0.9668931123166358,1.0118772173376522,818.3836451939175,788.0770446777344,1,2.29220902367555,1.803954484077076,2,7,3,0,0,61482365.428571425,0.7401664149189092,0
2024-07-11,787.1161499023438,789.0330808548738,776.973264088155,788.1109895551602,44177074.0,-0.25829291093619755,-0.0025862706259277843,808.639421735491,0.9733833507808037,1.0155215337825967,816.8636038643973,789.9147318522135,1,2.1076328433654927,1.8040697859591546,3,7,3,0,0,61233134.571428575,0.7214570070468523,1
2024-07-12,787.50439453125,795.1237185250396,781.899157363576,787.1647047300575,56049960.0,0.04932494765281792,0.0004931278689920572,798.5208129882812,0.9862039682900627,1.0169133845930394,815.1407688685825,791.6594034830729,1,1.6970021525270143,1.7979146160981767,4,7,3,0,1,51637728.571428575,1.0854458852206899,0
2024-07-15,787.213134765625,790.9500183647494,783.8645188167274,787.892573532859,33375694.0,-0.03698516067308644,-0.0003699200187050708,791.2377580915179,0.9949135095175433,1.0090391890153645,812.0469447544643,793.1242126464844,0,1.6634402848443364,1.6467468083607502,0,7,3,1,0,49855876.571428575,0.6694435299353849,0
2024-07-16,786.07275390625,789.5912150674294,784.6411278889234,786.5580588939988,28950324.0,-0.14486303759585484,-0.0014496806553752756,789.2722778320312,0.9959462355189141,1.0063087276495744,809.213112967355,793.8934224446615,0,0.33452301417810104,1.646615507748216,1,7,3,0,0,42242701.71428572,0.6853331540157983,0
2024-07-18,783.6704711914062,788.1109641715035,776.0754367376819,780.3703737749313,33717064.0,-0.30560564564870996,-0.0030607357328734475,787.8475690569196,0.994698088780659,1.015508192714376,806.3931448800223,796.0231018066406,0,0.24709157589979655,1.6466270378154053,3,7,3,0,0,41475453.71428572,0.8129402087381281,0
2024-07-19,780.0307006835938,787.649965003423,778.1865181041212,784.2528302190582,26002152.0,-0.4644516594173864,-0.004655335874587161,785.8231549944196,0.9926288067817663,1.0121608980355472,803.7413024902344,796.9209167480469,0,0.23926093917770416,1.643322338827138,4,7,3,0,1,38254207.14285714,0.6797200606693307,1
2024-07-22,797.1377563476562,801.2385599263364,782.6271249101725,784.7381898248855,53744822.0,2.193125943513552,0.02169422869272428,786.963623046875,1.0129283400182973,1.023780718076057,801.5695669991629,798.2611694335938,0,0.9181677587579798,1.7282371840460422,0,7,3,1,0,39431012.85714286,1.3630089136871923,0
2024-07-23,785.4175415039062,799.6855188562965,778.9144433374342,799.5641926190166,52002152.0,-1.4702872559254954,-0.014812031073826228,786.720964704241,0.9983432204570463,1.0266666970891745,797.680193219866,798.9899353027344,0,1.1030886199120815,1.679013314818521,1,7,3,0,0,40548881.14285714,1.2824559034512448,0
2024-07-24,778.4534301757812,786.6793253968798,770.6885509614999,780.4431686261755,61728206.0,-0.8866763167512448,-0.008906306835142229,785.4279697963169,0.9911200773479657,1.020748685594758,791.9743913922991,799.681494140625,0,1.148285959956092,1.4949819980073986,2,7,3,0,0,41360059.14285714,1.4924593262014332,1
2024-07-25,784.5440673828125,788.6206413154175,773.0908809941293,773.0908809941293,25535732.0,0.7824022569540068,0.007793573623991446,785.0466744559152,0.9993597742790885,1.0200878844946641,788.1422162737165,800.519453938802,0,1.2032901411583503,1.46095093437396,3,7,3,0,0,40240064.571428575,0.6345847669968947,1
2024-07-26,785.2962646484375,787.0433507268658,774.7651110455088,778.9144923179402,43810540.0,0.09587699364477231,0.0009583106101209419,784.9357474190848,1.0004592952105165,1.0158476930702107,787.1040126255581,801.2312337239583,0,1.2033117413956467,0.8575164976195585,4,7,3,0,1,42362952.571428575,1.0341710702560365,0
2024-07-29,778.9387817382812,791.9449196556922,775.6629731237323,783.7675425920842,51001148.0,-0.8095648987968107,-0.008128596696779407,784.2597917829241,0.9932152456362117,1.0209910065274737,786.0536804199219,801.6243326822917,0,1.238646119286255,0.8596507494947503,0,7,3,1,0,44832107.428571425,1.1376031805164941,1
2024-07-30,784.034423828125,793.3522550308714,776.0026033303951,777.4585181584071,54595834.0,0.6541774795796318,0.006520470249610344,784.8317522321429,0.9989840772856727,1.0223577235772359,785.3274536132812,801.9260294596354,0,1.2528488402664135,0.8839397499772667,1,7,3,0,0,48916919.14285714,1.1160930605739527,1
2024-07-31,784.1315307617188,790.0279981871195,780.9527594083772,783.2822470366172,37820484.0,0.012385544644799573,0.00012384777699545076,782.9737200055804,1.0014787351434096,1.011620726951035,784.9686715262277,802.0546346028646,0,0.844303158136215,0.8699415743679202,2,7,3,0,0,46642013.71428572,0.8108673058516807,1
2024-08-01,795.3178100585938,800.7774909815698,785.1991540216145,787.6014491725216,26215174.0,1.4265820028954046,0.014165020743637522,784.3880440848214,1.0139341312711165,1.0198399818443087,785.5545043945312,801.7464680989583,0,0.8459585153895756,0.950542450267553,3,8,3,0,0,42958159.71428572,0.6102489998258039,1
2024-08-02,805.1937255859375,810.7019249608421,791.5323792943032,791.5323792943032,44119238.0,1.2417571192849586,0.012341105516932217,788.2080862862723,1.021549689219372,1.024218270999387,786.8180280412946,801.581465657552,0,0.7774955451312952,0.9998946340871249,4,8,3,0,1,40442592.85714286,1.0909102231858456,0
2024-08-05,784.1315307617188,798.8120065813332,776.9732822215763,795.9486953170099,41333634.0,-2.615792219306212,-0.02650612626056978,788.149152483259,0.9949024601385643,1.028107432854466,786.5979134695871,800.7726257324218,0,1.3851685209678843,1.2467218231957768,0,8,3,1,0,42699436.0,0.968013582193451,0
2024-08-06,777.0703125,792.4787456590307,773.2364505401089,791.0471196604719,45116050.0,-0.9005145163413331,-0.009045936556054146,786.9740164620536,0.9874154625757824,1.0248853958003157,785.9548819405692,799.6208333333333,0,1.424406340566126,1.2686712409844192,1,8,3,0,0,42885937.428571425,1.0520010219000793,1
2024-08-07,787.892578125,791.0470602671697,777.5555591010518,784.7380959828303,42346264.0,1.392700950082948,0.01383091983731027,788.2531302315848,0.9995425934985137,1.0173511731839662,786.2564610072544,798.199696858724,0,1.493792948753484,1.324850308957779,2,8,3,0,0,41649525.428571425,1.0167286076914244,1
2024-08-08,797.2105102539062,802.3547907144078,785.8301315512568,788.1353303314752,33976950.0,1.1826399166090296,0.011757013824208403,790.1354282924107,1.0089542649375762,1.021028283975992,787.4835902622768,797.2485005696615,0,1.5349486642517944,1.3488958921932348,3,8,3,0,0,38703970.571428575,0.877867296258279,1
2024-08-09,800.8502197265625,806.8437833638833,798.7149252998082,801.7237923493824,26644618.0,0.4565556306447949,0.004555165767976699,792.5238124302456,1.0105061919474498,1.0101774210129149,787.7487662179129,796.5051737467448,0,1.532738551924824,1.2218299881246684,4,8,3,0,1,37107418.28571428,0.7180401987237608,1
2024-08-12,805.65478515625,813.3468572381819,799.4671466635041,801.7238266679481,39316196.0,0.5999330850315454,0.005981406518594093,794.0005231584821,1.01467790216486,1.017361201936319,789.1942836216518,796.1217834472657,0,1.4627997829648915,1.148010168487455,0,8,3,1,0,38978992.85714286,1.0086508941904422,0
2024-08-13,778.0408935546875,792.2118340294594,777.0460539246062,790.0764803424304,54055042.0,-3.427509165257059,-0.03487625929288938,790.1215471540179,0.9847103858351359,1.0195172216990946,789.164816720145,794.4717447916667,0,1.903535923373621,1.4829562494401736,1,8,3,0,0,40398393.428571425,1.3380492988062744,1
2024-08-14,780.2733764648438,783.1366284755188,778.0409261468292,779.6424562895212,32334428.0,0.2869364487972481,0.0028652557195164353,789.5703822544643,0.9882252348890357,1.0065494013970777,788.8597673688616,792.4852315266927,0,1.6595062746355096,1.4688614178859647,2,8,3,0,0,39112792.571428575,0.8266969928304202,1
2024-08-16,792.0662841796875,793.0611831331643,781.8263604564881,790.319198015761,27849246.0,1.5113815324923063,0.01500073953232666,791.712663922991,1.0004466522676854,1.0143699717033285,789.3433401925223,790.2762858072916,1,1.7052910004516901,1.5257236744404408,4,8,3,0,1,36646106.28571428,0.759951024069819,0
2024-08-19,791.7993774414062,794.759726022084,787.9896858897818,794.759726022084,19502164.0,-0.033697525524356564,-0.00033703204416288756,792.2707781110491,0.9994050005595728,1.0085915339420435,790.2619541713169,788.7297810872395,1,1.6347846505585988,1.5051817235129032,0,8,3,1,0,33382663.42857143,0.5842003602177698,1
2024-08-20,794.783935546875,798.8119905444514,789.8095595425733,789.8095595425733,31134494.0,0.37693362618103077,0.003762250115014318,791.9241245814732,1.0036112183940769,1.0113982299822908,791.0297764369419,788.5615417480469,1,1.571542811815923,1.4995351688164826,1,8,3,0,0,32976598.285714287,0.9441390446111508,0
2024-08-21,789.0089111328125,793.255329982036,785.126471042094,790.1250771140934,47630904.0,-0.7266156442994554,-0.007292683535837351,790.2325090680804,0.9984515975725792,1.0103535662593985,791.3781607491629,788.4070576985677,1,1.573766837368745,1.5160709975032995,2,8,3,0,0,35974639.14285714,1.3240133920692083,1
2024-08-22,791.6780395507812,795.0751744192786,790.0765094162431,792.0177293410987,21300638.0,0.3382887544497448,0.0033771784522828954,788.2358311244419,1.004366977864263,1.006326811319487,791.1181771414621,788.322939046224,0,1.5545411852632798,1.467461016453659,3,8,3,0,0,33400988.0,0.6377247882607544,0
2024-08-23,788.6448364257812,792.988292052303,787.6499375770427,792.988292052303,20333422.0,-0.3831359433338788,-0.0038387178921728622,789.7506801060268,0.9985997559633667,1.006777572396796,789.9361136300223,788.3059509277343,1,0.7107343128988713,1.4233600578029428,4,8,3,0,1,28583613.714285713,0.711366386463501,1
2024-08-26,795.8758544921875,799.7582942162704,792.1147410094821,792.1147410094821,22364266.0,0.9168915755763951,0.009127136434233666,791.9796055385044,1.0049196329380652,1.00964955303956,790.7749938964844,788.5979410807291,1,0.7622255172465936,1.2534358194295412,0,8,3,1,0,27159304.85714286,0.8234476588276238,0
2024-08-27,794.8082885742188,799.4914938187558,792.1148220435606,797.5502737581256,35773244.0,-0.13413724162418816,-0.0013422728615331326,792.371320452009,1.003075538020255,1.0093126293940116,792.0419921875,788.8414042154948,1,0.5436212653941042,1.22208107772605,1,8,3,0,0,28291304.57142857,1.2644607430414307,0
2024-08-28,794.4927368164062,795.7788068064845,791.1441207498361,794.8081968881353,26921188.0,-0.03970161891222457,-0.00039709502091514736,792.756086077009,1.002190649519944,1.0058582070385047,792.513432094029,789.0840576171875,1,0.5437812370812326,1.1705691330041266,2,8,3,0,0,29351165.14285714,0.9172101982653831,1
2024-08-29,795.1964721679688,798.035494358065,791.6052035874162,796.8707505966252,49052604.0,0.08857668786028672,0.0008853748186200027,792.8150198800223,1.0030037931020868,1.0081231032104234,792.3695722307477,789.3881815592448,1,0.5254824118486264,1.1259615853808995,3,8,3,0,0,31910895.14285714,1.5371741776720362,0
2024-08-30,794.395751953125,806.5768953841255,786.7521983416328,803.6650654368904,445342100.0,-0.1006946387300589,-0.001007453698399349,793.5845685686384,1.0010221763585319,1.0251981463595277,791.9085388183594,789.7456909179688,1,0.42273547402775835,1.1179411611685774,4,8,3,0,1,88726780.28571428,5.019252344849299,0
2024-09-02,789.56689453125,799.200245545704,787.747000900005,799.200245545704,34049680.0,-0.6078654637820757,-0.006097204870766882,793.282976422991,0.9953155658167564,1.0145392424631432,790.7594037737165,790.063564046224,1,0.4804296511842188,1.1103472491666655,0,9,3,1,0,90548072.0,0.37603981231096784,1
2024-09-03,794.6141357421875,795.875916903195,788.4264969467081,792.9883758285047,37282860.0,0.6392417470762801,0.0063720726260005685,794.1357334681919,1.0006024187728038,1.0094484647400055,791.9432067871094,789.979443359375,1,0.5120803935106272,0.5968251284596248,1,9,3,0,0,92969420.28571428,0.4010228297156425,1
2024-09-04,796.773681640625,798.2295964742419,792.0176694876126,795.4148040993854,24682744.0,0.27177290225530726,0.002714042674519298,794.2639944893973,1.0031597644720647,1.0078431671740962,793.1218000139509,790.3579813639323,1,0.3846173843774898,0.5965757323091082,2,9,3,0,0,93300631.42857143,0.2645506640423594,1
2024-09-05,798.5450439453125,800.7046866194709,796.8707654853739,798.8119853769339,22876318.0,0.22231686933233963,0.002220701110362615,794.7978166852679,1.004714692443007,1.00481122071502,793.5845685686384,791.0277018229167,1,0.38490875092584187,0.45260667951151956,3,9,3,0,0,91458213.42857143,0.2501286340768763,0
2024-09-06,794.4199829101562,799.6613005199742,793.0368755313057,795.0751920423825,26029602.0,-0.5165721165553583,-0.005179109630420957,794.7874232700893,0.9995376872492253,1.0083532370222135,793.7717546735491,791.3568990071615,1,0.4446433478388533,0.4779179232424714,4,9,3,0,1,91330844.0,0.2850034102389331,1
2024-09-09,799.0546264648438,800.0252363967779,791.0956131747174,794.9295342541234,23792914.0,0.5833996694934118,0.0058170448356556015,795.3385881696429,1.0046722720995505,1.011287666210441,794.0768040248325,791.8155110677084,1,0.4973651993882167,0.4925849180994456,0,9,3,1,0,87722316.85714285,0.2712298859906668,1
2024-09-10,800.9229736328125,802.6943484628727,794.9294696385643,802.6943484628727,26606646.0,0.23381970469711355,0.0023354677179007344,796.2710484095982,1.0058421378405076,1.0097680097680097,794.9278084891183,792.5483174641927,1,0.4942662188770395,0.4419734391200364,1,9,3,0,0,27902966.285714287,0.9535418466825165,0
2024-09-11,797.7929077148438,801.9665188998836,795.5119386518413,800.9473902400173,22226684.0,-0.39080735863668004,-0.003915730060498017,797.4461931501116,1.0004347811397312,1.0081137440363006,795.3645847865513,793.00693359375,1,0.44554483447624016,0.45550086416797286,2,9,3,0,0,26213966.85714286,0.8478947166267439,1
2024-09-12,808.8092651367188,810.4593139115112,799.32158835399,802.6944342572692,32424046.0,1.380854268738707,0.01371407342363532,799.4740687779018,1.0116766718563954,1.0139339731589843,796.8049011230469,793.8295247395833,1,0.6310814749824434,0.5573022935458428,3,9,3,0,0,25519850.57142857,1.2705421573393225,0
2024-09-13,808.4937744140625,812.400503038587,804.1746076631325,812.400503038587,23860532.0,-0.039006813627795456,-0.000390144232642579,801.1483677455357,1.0091685971840612,1.0102289916854728,797.7061811174665,794.2687235514323,1,0.6405628697794646,0.517464494109541,4,9,3,0,1,25402391.714285713,0.9393025770318073,1
2024-09-16,810.9202880859375,814.2446744093743,807.5717313009576,809.0033572167779,15172820.0,0.3001276878889403,0.002996782038698411,802.916259765625,1.0099686962655967,1.008262972624942,798.8570382254464,794.4596089680989,1,0.6414751337379099,0.5144752757946544,0,9,3,1,0,24301892.0,0.6243472730435967,0
2024-09-17,809.876953125,814.3417351276187,807.6202731787942,814.3417351276187,20127122.0,-0.12866060650673639,-0.001287434453266453,805.1243983677456,1.0059028825444731,1.0083225522835984,799.9559108189175,795.3177897135416,1,0.580970719098169,0.5174683208835859,1,9,3,0,0,23458680.57142857,0.8579818433826908,1
2024-09-18,822.494873046875,824.4846115422112,810.9931099061356,811.3570886275262,40917342.0,1.5580045676305998,0.015459922837628119,808.4730050223214,1.0173436440517472,1.0166357783700988,801.9057965959821,796.8319417317708,1,0.7567868435319743,0.640903826063414,2,9,3,0,0,25905027.42857143,1.5795135563095772,1
2024-09-19,829.1435546875,834.2392569551141,824.6059649927001,824.6301946967953,30651776.0,0.8083553902282103,0.008051056989999842,812.5045166015625,1.0204787022668294,1.011682297207854,804.3877825055804,798.2069742838542,1,0.7648063418731256,0.6493673849720639,3,9,3,0,0,26482903.14285714,1.15741751705448,1
2024-09-20,845.0130004882812,846.8328941482245,828.6825354394553,833.0259912779876,60623386.0,1.9139563602785792,0.018958706199615753,819.250244140625,1.031446748453131,1.0219026683109038,808.3482186453683,799.800390625,1,0.8127925468534817,0.7214712778135152,4,9,3,0,1,31968146.285714287,1.8963685118987013,1
2024-09-23,854.0397338867188,857.2184459846895,844.5519977602407,848.7984163669939,26965350.0,1.0682360381700118,0.010625707073613221,825.7117396763393,1.0343073652089327,1.0149978311081382,812.5929042271206,801.5733744303385,1,0.7854598223201177,0.7373095849384519,0,9,3,1,0,31188332.57142857,0.8645973598698502,1
2024-09-24,858.0435180664062,864.6436541344489,851.3462854547951,856.5633141386422,33039036.0,0.4688053753033605,0.00467709905317687,832.7902744838169,1.0303236533330578,1.015619224405907,816.9693211146763,803.3196655273438,1,0.7173870401765364,0.7341013090784844,1,9,3,0,0,32499547.42857143,1.016599879509531,1
2024-09-25,863.406005859375,867.7252316684056,854.2095009540504,854.2095009540504,31965312.0,0.6249668787258189,0.006230220595062091,840.2882341657366,1.0275117165202132,1.0158225010366424,821.6022469656808,806.1651692708333,1,0.685257567635759,0.7288593420001792,2,9,3,0,0,34898474.85714286,0.91595154604464,1
2024-09-26,865.5171508789062,867.7253122548344,858.0435015109396,860.4700264333525,31899644.0,0.24451358980646098,0.0024421514172686923,848.236833844866,1.0203720427415448,1.0112835896161978,826.6806161063058,809.0066284179687,1,0.6010596728553511,0.6680883190332191,3,9,3,0,0,36580263.71428572,0.8720452167637657,0
2024-09-27,850.5697631835938,862.9692695590985,849.2836931713828,862.3869272945984,35613502.0,-1.7269891971677165,-0.017420756016212003,852.2475324358259,0.9980313592138697,1.0161142578125,830.3602687290737,810.9567443847657,1,1.1148404584473357,0.9161184755750372,4,9,3,0,1,35822572.28571428,0.9941637277176307,0
2024-09-30,840.572509765625,849.987378933711,836.8599148404105,848.7013681367213,26383534.0,-1.175359606077464,-0.011823215628835568,853.8802403041294,0.9844149918099,1.0156865729383202,833.192378452846,812.5825154622396,1,1.2616899591841317,1.0140180636413905,0,9,3,1,0,35212823.428571425,0.7492592593013315,0
2024-10-01,837.7334594726562,845.4013020975134,834.773110848595,836.6658121791694,24572284.0,-0.3377519797501338,-0.0033832364932909397,852.8403058733259,0.9822864300659432,1.012731832291668,836.0452750069754,814.0141662597656,1,1.0157140897343921,1.0111295049570956,1,10,4,0,0,30062666.0,0.8173687589783288,0
2024-10-03,816.282958984375,837.7091852435565,812.0850591484665,832.613483062025,48473398.0,-2.5605400197079464,-0.025938924116040256,847.4464808872768,0.9632265604899632,1.0315535002231895,836.5791102818081,814.9233011881511,1,1.2151744478701967,1.2286252231103465,3,10,4,0,0,33135244.285714287,1.4628954469757298,0
2024-10-04,804.4658203125,820.4808848190723,802.2091402837622,812.6431974622866,48683232.0,-1.4476767574050475,-0.01458257841461808,839.7925240652902,0.9579340101984003,1.0227767842795297,836.2913992745536,815.349560546875,1,1.1378156931256413,1.2944039173090014,4,10,4,0,1,35370129.428571425,1.3763939455837688,0
2024-10-07,785.1264038085938,805.1209448670484,782.7969162571121,801.8208473760044,94458296.0,-2.4040072325749895,-0.024333751122744763,828.6097237723214,0.9475225564988956,1.0285182889026658,834.448978969029,815.2322794596354,1,1.026755783074562,1.435737804604307,0,10,4,1,0,44297698.571428575,2.1323522224905007,1
2024-10-08,801.2627563476562,804.0532597925816,787.1646239424159,791.0470635179641,29734406.0,2.055255365350872,0.020344199887412193,819.4305245535714,0.977828787601227,1.0214550239384248,833.8336791992188,815.4118428548177,1,1.5752476312731252,1.5598234523304142,1,10,4,0,0,43988378.85714286,0.6759604871224235,0
2024-10-09,792.5758056640625,804.0289908485573,790.4161630516477,800.5105298956967,41125642.0,-1.084157551911047,-0.010900773655167846,811.1456734793527,0.977106617932589,1.017222355049463,831.6966029575893,815.3374267578125,0,1.5501412863303499,1.507301366181467,2,10,4,0,0,44775827.428571425,0.9184786605139932,1
2024-10-10,806.7709350585938,808.2510795642027,792.2603056670246,795.4147877416559,21754766.0,1.7910122026293607,0.017751625454904604,806.316877092634,1.0005631259605987,1.020183737318147,830.0985586983817,815.7467000325521,0,1.865511074945655,1.5816117262971785,3,10,4,0,0,44114574.85714286,0.4931423700772117,0
2024-10-11,801.238525390625,807.7658537028776,797.4774117796152,807.7658537028776,23672594.0,-0.6857472707004431,-0.006881093219583502,801.1033150809152,1.0001687801150794,1.0129012330271565,826.9718104771206,815.9481018066406,0,1.8629349509740638,1.4646961358700208,4,10,4,0,1,43986047.71428572,0.5381841567982397,1
2024-10-14,819.2432861328125,821.1602762579215,802.6943989459767,803.689297804442,18527508.0,2.2471162046794557,0.022222405159879,801.5262189592634,1.0221041642237902,1.0230048662806075,824.48634992327,816.7763529459636,0,1.9135567933530448,1.5828183112928662,0,10,4,1,0,39708063.428571425,0.46659308967127244,0
2024-10-15,817.3020629882812,824.0478137120458,813.1284522229286,822.1065938917583,19651130.0,-0.2369531953926307,-0.002372343737385329,803.3599679129464,1.0173547296756087,1.0134288272157566,821.5762459891183,817.700858561198,0,1.8054530952592593,1.5681329111310867,1,10,4,0,0,35560620.28571428,0.5526093145201525,1
2024-10-16,824.9214477539062,828.8766360391955,815.3609038822862,815.3609038822862,20470682.0,0.9322605571025377,0.009279418288216788,809.0449741908482,1.0196237218813906,1.0165763799718077,818.8273489815848,818.7111022949218,0,1.3816606835190672,1.5846736156064587,2,10,4,0,0,24990961.14285714,0.8191234375893895,0
2024-10-17,811.988037109375,823.8780090897097,808.1298269832027,822.5676501021808,14695732.0,-1.5678354199355926,-0.015802559528480597,810.5771571568081,1.0017405868646925,1.019487193246283,815.0038408551898,819.2182474772136,0,1.472412219996127,1.609415395415553,3,10,4,0,0,22842579.14285714,0.6433481923426035,1
2024-10-18,816.2101440429688,820.6506963237373,802.7429312558701,807.1106759435778,24809724.0,0.5199715686236228,0.005186243844279787,813.9534912109375,1.0027724591839688,1.0223082189460715,812.549582345145,819.8070841471355,0,1.3598821136621795,1.5833432738815771,4,10,4,0,1,20511733.714285713,1.2095381280579363,1
2024-10-21,838.9466552734375,848.3858722296796,830.3810701774502,832.2980010606213,46548354.0,2.785619781426263,0.027475271853412864,818.5500226702009,1.0249180038340242,1.0216825776729013,812.4334498814175,821.2913065592448,0,1.5627879723326792,1.7559973547289809,0,10,4,1,0,24053674.85714286,1.9351867968805287,0
2024-10-22,832.0797119140625,844.4307004744691,830.2112402699462,839.601939418289,38875280.0,-0.818519665846551,-0.008218879305949866,822.9559064592634,1.0110866273432,1.0171275207017185,812.0296107700893,822.3921427408854,1,1.5812744286025575,1.7677818874835,1,10,4,0,0,26225487.14285714,1.4823472978113277,1
2024-10-23,842.3923950195312,847.5851345291038,827.4692671141377,827.4692671141377,38036090.0,1.2393864383192454,0.012317689203450692,826.262922014509,1.0195209933488205,1.0243101081990897,813.8945704868862,823.7744567871093,1,1.440827661930297,1.6368691968248794,2,10,4,0,0,29012427.42857143,1.3110274930853276,1
2024-10-24,849.1138305664062,858.3346247570413,843.5085346118838,843.5085346118838,30832258.0,0.7978984124992206,0.007947320349482733,830.8074602399554,1.0220344318058525,1.017576692513229,817.0837140764509,825.4851542154948,1,1.4165442700214783,1.56758601272842,3,10,4,0,0,30609731.42857143,1.0072697982322334,0
2024-10-25,846.0806884765625,853.0933215296461,838.9466699408074,851.7102142266036,26130478.0,-0.3572126587339297,-0.00357852186588921,833.8302089146206,1.0146918154691087,1.0168623967359414,821.4375915527344,826.7275349934896,1,1.4429859790295765,1.3690339792572601,4,10,4,0,1,31418273.714285713,0.8316968092399876,0
2024-10-28,841.6158447265625,849.7689918168825,839.043763962605,845.4012471416386,22012142.0,-0.5277089775018173,-0.005291062792856625,838.0627528599331,1.0042396489457435,1.0127826798969637,824.3199550083706,827.8316040039062,1,1.2507736519533679,1.3229975417736208,0,10,4,1,0,32463475.14285714,0.6780587076132322,1
2024-10-29,850.1814575195312,856.0779244597386,837.1995502183419,837.7091441080032,35794926.0,1.0177580242386908,0.010126137420453112,842.9157976422991,1.0086196745838134,1.0225494318964616,828.4346444266183,829.1403096516927,1,1.2648486751851333,1.2645198023138162,1,10,4,0,0,34032789.71428572,1.0517776033204413,0
2024-10-30,841.8099975585938,851.5889046504595,836.7628139716957,845.4012662208864,32715724.0,-0.9846674362155472,-0.009895473463639217,843.3248465401786,0.9982037183087874,1.0177183909600283,830.9374346051898,830.2047444661458,1,0.9340717038656218,1.2657830454827423,2,10,4,0,0,32056699.714285713,1.0205580827592369,1
2024-10-31,842.3438720703125,843.8968836285101,834.4334360468695,838.6070472346083,22895912.0,0.06341983503013182,0.0006339973315135879,844.7911551339286,0.9971030910435751,1.0113411653618216,833.873530796596,830.866377766927,1,0.8529761138988446,1.2358615927763013,3,10,4,0,0,29773932.85714286,0.7689918597538317,1
2024-11-01,843.120361328125,846.4203996311912,837.6849100339031,841.0335262277963,1759692.0,0.09218197977793885,0.0009213951828352053,844.8951503208706,0.9978993973488053,1.010428132932387,835.5790361676898,831.3322713216146,1,0.7140452615904429,1.1113448908466885,4,11,4,0,1,24591590.285714287,0.07155665735949732,0
2024-11-04,831.8612670898438,846.8572030494149,830.3083148266296,846.8572030494149,28089248.0,-1.3354077015226395,-0.013444044555066757,842.4304983956473,0.9874538833459473,1.0199310158976798,836.6189793178013,830.8938802083334,1,0.7764945290048573,1.1819448397671897,0,11,4,1,0,24199731.714285713,1.1607255952931994,1
2024-11-05,853.0933227539062,855.447039991069,823.999313734677,826.4743572133567,44232406.0,2.552355363093173,0.025203266214790285,843.4323032924107,1.011454410062056,1.0381647481159408,838.6312561035156,830.8623331705729,1,1.3218749526965932,1.3355789415378345,1,11,4,0,0,26785721.42857143,1.6513427169752755,0
2024-11-06,851.83154296875,859.7177486791857,847.0270119492034,859.7177486791857,27787910.0,-0.1479064190870738,-0.0014801590860577785,844.8916887555804,1.008213898071824,1.0149826824303725,841.4772208077567,830.6552673339844,1,1.298181037724239,1.2373492462542823,2,11,4,0,0,27610831.14285714,1.006413383799519,0
2024-11-07,847.6094360351562,854.5977803501312,843.4600547619757,846.5174998307751,18895456.0,-0.49565045676509545,-0.00496882877661259,844.5242571149554,1.0036531560748063,1.0132048050471087,843.7200273786273,830.1287150065104,1,1.2608283221978387,1.2562329790821272,3,11,4,0,0,25196621.14285714,0.749920233068892,1
2024-11-08,851.4432983398438,855.0103373353861,847.2696873607207,850.2543248355499,19902986.0,0.45231472677098594,0.004512948578990525,845.9004429408482,1.006552609642484,1.0091359930493653,844.6126447405134,829.6595865885416,1,1.1960441903686532,1.0327499366721624,4,11,4,0,1,23366230.0,0.851784220218666,1
2024-11-11,857.1941528320312,865.2016844692026,849.8660007285889,851.4918196964699,24565362.0,0.675424247674572,0.006731534772577008,848.0219116210938,1.0108160427050803,1.018044825569521,846.4065333775112,829.8803995768229,1,1.209355027830433,1.0062045728515507,0,11,4,1,0,23604722.85714286,1.0406969041183405,0
2024-11-12,833.8509521484375,861.4162973605047,829.2163253609564,859.9603824917264,31395406.0,-2.723210442636781,-0.027609770397841335,846.6977103097098,0.9848272199099568,1.038831811452255,845.7964303152902,829.65634765625,1,1.6579507126756272,1.2292013726809392,1,11,4,0,0,27838396.285714287,1.127773513882732,0
2024-11-13,815.967529296875,839.2864576545572,811.9152444974701,833.1473377113161,35728500.0,-2.144678590998239,-0.021680110293077856,844.4271763392857,0.9662970972040628,1.033711909392745,843.4288373674665,828.9308166503906,1,1.7785410808607764,1.3185008410255183,2,11,4,0,0,28929718.0,1.2350103101592624,1
2024-11-14,821.5,827.3721783747438,811.4784403744485,811.9637453515568,27146470.0,0.6780258410395756,0.00675737583329886,839.9138445172991,0.9780765079210217,1.019586149439733,841.673073904855,829.1047180175781,1,1.3809325352118464,1.342404471900059,3,11,4,0,0,26488870.0,1.0248255210584671,1
2024-11-18,827.4934692382812,834.190701332557,822.5919010273279,825.0184258091194,27081968.0,0.7295762919392823,0.007269277583575151,836.4369768415179,0.9893076133039833,1.0141003093888274,840.6643327985491,829.8723063151042,1,1.4589554244432887,1.3608661900337866,0,11,4,1,0,26388021.14285714,1.0262977982845334,1
2024-11-19,845.5226440429688,851.1036515944076,826.3288074195308,831.8127776666084,50981272.0,2.1787694374535205,0.02155373475585606,836.1388636997768,1.011222753481007,1.0299818231585607,840.331560407366,831.8855143229167,1,1.7517594254499664,1.4663097712784163,1,11,4,0,0,30971709.14285714,1.646059368724169,0
2024-11-21,845.0130004882812,853.6514527573436,841.6158656563873,848.9925368361551,35716512.0,-0.06027556544796475,-0.0006029373846987651,835.2202497209821,1.0117247525674462,1.014300570595315,840.5603463309152,833.3438557942708,1,1.7392984200595933,1.440564384487387,3,11,4,0,0,33230784.285714287,1.0748019575136634,1
2024-11-22,847.1483154296875,851.3705040721685,839.3592064666866,846.1534758192824,24773612.0,0.2526961052874199,0.002523773655283329,833.7851300920759,1.0160271331969375,1.0143100802528204,840.9035208565848,835.162939453125,0,1.7152550472830599,1.4417213353268556,4,11,4,0,1,33260534.285714287,0.7448350584867334,1
2024-11-25,866.560546875,875.2718066744363,856.5147576427843,866.293664684976,427737274.0,2.291479672655239,0.022656195843550858,838.4579293387277,1.033517027572792,1.0218992712784931,842.5778198242188,837.1559265136718,1,1.4975302912173258,1.5614815274521836,0,11,4,1,0,89880801.14285715,4.758939268021782,0
2024-11-26,866.5363159179688,878.4019987795361,858.8927626136716,878.4019987795361,30935566.0,-0.00279622204341079,-2.796261138428161e-05,845.6820417131696,1.0246597103594075,1.022714402792843,845.0546090262277,839.33251953125,1,0.9830422412394217,1.4995901009933172,1,11,4,0,0,89196096.28571428,0.3468264564057459,1
2024-11-27,879.5181884765625,881.9689429401197,866.3421471774458,868.6473457001546,32714976.0,1.4981336985099514,0.014870225117905388,853.9703543526786,1.0299165351509767,1.0180376723140925,846.9420994349888,841.3416829427083,1,1.00541248486278,1.4011668670907818,2,11,4,0,0,89991597.14285715,0.36353367468372205,0
2024-11-28,870.2245483398438,891.0683714170436,867.7252160984541,882.769668950273,35722392.0,-1.056674012940717,-0.010622964551203092,860.0747942243304,1.011801013334738,1.0269015523411285,848.2558855329241,843.1057657877604,1,1.272053399554504,1.4403865007617647,3,11,4,0,0,91225943.42857143,0.391581502557659,1
2024-11-29,871.632080078125,875.7814023363161,865.2503073983569,874.1799313606635,27669536.0,0.16174351102442586,0.0016161284708229092,863.8047136579241,1.0090615000085548,1.0121711542289122,849.9717886788504,844.6627868652344,1,1.1065342223353616,1.427946809871061,4,11,4,0,1,87895695.42857143,0.3147996709632463,1
2024-12-02,875.8298950195312,877.5042327860683,861.4163604593637,875.2475527258944,15110876.0,0.48160399752954497,0.0048044799555938865,868.2071271623884,1.0087798955095622,1.0186760700924296,851.7136884416852,846.790848795573,1,1.0843852847506217,1.4283516010845116,0,12,4,1,0,84952033.14285715,0.17787538968713354,1
2024-12-03,886.3125,891.6993733770357,881.3623537076274,884.5653546960274,43410242.0,1.1968768182130773,0.011897708908940595,873.8020106724331,1.0143173043490017,1.0117284560951845,853.7935703822544,849.1275939941406,1,1.1044177942312878,1.4480452428676571,1,12,4,0,0,87614408.85714285,0.4954692106726568,1
2024-12-04,902.7157592773438,905.0937654692016,888.6662041479593,891.9905313310416,44669084.0,1.8507308965340918,0.018338132864513076,878.967041015625,1.027018895081979,1.0184856375144735,858.7124851771763,851.2532307942708,1,1.003373031248644,1.2247166011955675,2,12,4,0,0,32890381.714285713,1.3581199630954204,1
2024-12-05,905.457763671875,912.349070670313,890.6316728815866,902.6672600453908,39682714.0,0.3037505844282862,0.0030329019439658627,884.5272478376116,1.0236629407239086,1.024384263944332,865.1046447753906,853.6991658528646,1,0.9795989811019883,0.9505464429893802,3,12,4,0,0,34139974.28571428,1.1623533652339348,0
2024-12-06,900.6531982421875,904.7054828102569,894.9023463139778,901.2113107944992,17783156.0,-0.5306228100804722,-0.005320356128989224,887.5465349469866,1.0147672970138786,1.0109544203752032,870.7584446498325,855.6411926269532,1,0.9813478711717555,1.01060146194593,4,12,4,0,1,32006857.14285714,0.555604566878526,1
2024-12-09,907.5203247070312,912.3733745717748,897.3289199910699,899.585600026442,26947912.0,0.7624606761233332,0.0075956863585405765,892.8745029994419,1.0164030013830494,1.0167658193618172,876.4746486118862,857.588075764974,1,0.7658372922286566,1.0108039770418535,0,12,4,1,0,30753360.0,0.876259114451234,0
2024-12-10,906.59814453125,911.2570600965298,901.963517909446,911.2570600965298,13325480.0,-0.10161537440817048,-0.0010166703783137025,897.8696550641741,1.0097213325095078,1.0103036785884913,880.8371843610491,859.6053243001302,1,0.7970074184027953,0.9287297418963556,1,12,4,0,0,28704209.14285714,0.4642343544001093,0
2024-12-11,904.1716918945312,908.4423993938312,901.0900171351184,903.492253077643,14045426.0,-0.26764367998716176,-0.0026800248604182827,901.9184831891741,1.0024982398602031,1.00815943148731,885.0628051757812,861.6905192057292,1,0.8582173060748555,0.939996301560249,2,12,4,0,0,28552002.0,0.49192438414651274,0
2024-12-12,902.30322265625,906.8651010060448,897.183231769173,898.2994568437374,17293790.0,-0.20664982713252122,-0.0020686364250463796,904.2028721400669,0.9978990893057873,1.0107914068097104,889.00244140625,863.4279113769531,1,0.8202451375323496,0.9567308853078111,3,12,4,0,0,24821080.285714287,0.6967380066029357,1
2024-12-13,908.3695678710938,909.9468090067054,887.7441068669418,903.8804969466609,19009002.0,0.6723178043169797,0.006700678272015541,905.0105590820312,1.0037115686169116,1.025010250102501,891.9888000488281,865.6465637207032,1,0.4957797519137482,0.803317212678167,4,12,4,0,1,21155354.285714287,0.898543306969637,0
2024-12-16,905.1907958984376,907.4959944793276,900.3620351992098,905.1422772502634,13107082.0,-0.3499425878066398,-0.003505563191035545,904.9724208286831,1.000241305773224,1.0079234341311818,894.7498343331473,867.7414611816406,1,0.5102243991332758,0.819902660417594,0,12,4,1,0,17358835.42857143,0.7550668968510791,0
2024-12-17,889.6853637695312,903.8077269850552,886.4095551207139,900.8958970749952,21079532.0,-1.712946287032957,-0.01727786930935988,903.4055873325893,0.9848127753962994,1.0196276898910144,895.4760611397879,869.2936279296875,1,0.8172688922555735,0.9079746491229257,1,12,4,0,0,17829746.285714287,1.1822676364660072,0
2024-12-18,878.74169921875,891.0199388482123,877.0189020931173,888.0353013877913,23422312.0,-1.2300600860076782,-0.01237687941093236,899.2943551199777,0.9771457968303541,1.01596435005184,896.0844290597098,870.8563090006511,1,0.7838655664659601,0.925767096500938,2,12,4,0,0,17326089.14285714,1.3518522158623483,0
2024-12-19,870.3944702148438,874.0827761662058,863.3575480971324,873.3548187057529,25380770.0,-0.9499070103680562,-0.009544474028909587,894.1224016462054,0.9734623230693301,1.0124226956638211,895.9960283551898,871.4330139160156,1,0.7854008372466209,0.9644865766014586,3,12,4,0,0,19048273.42857143,1.3324446488640882,0
2024-12-20,859.7177734375,872.3599918831414,857.5581899695972,864.9105130352275,25692348.0,-1.2266503456425215,-0.012342357961249651,887.7718418666294,0.9683994613186391,1.0172604052840648,894.8451625279018,871.695888264974,1,0.8056558791407774,1.0052712004049602,4,12,4,0,1,20712119.42857143,1.2404499736786265,1
2024-12-23,874.0343017578125,876.4608267488114,864.4738169898098,864.8135067920166,11044592.0,1.6652590841607529,0.016515456781537985,883.7334245954241,0.989024831959873,1.0138662496462203,893.9681483677456,872.5767171223958,1,1.2110947474286213,1.0591027193112856,0,12,4,1,0,19819376.85714286,0.5572623236143549,0
2024-12-24,872.6268310546875,877.7710517489787,868.4775092184595,874.5438211790217,14485834.0,-0.1610315179043198,-0.0016116131301251585,878.6273193359375,0.9931706103951046,1.0107009593591922,891.8189392089844,873.2828348795573,1,1.1202306977237113,0.8993127887801599,1,12,4,0,0,19173210.0,0.7555247139107119,0
2024-12-26,869.059814453125,879.372544346817,864.2067650913875,872.8452166518102,10481678.0,-0.40876769709811134,-0.004096054359656759,873.4657505580357,0.9949557998100145,1.0175487856240348,889.2190856933594,873.6783569335937,0,1.1185550679328191,0.8863581433066915,3,12,4,0,0,18798152.285714287,0.5575908653514624,1
2024-12-27,872.6996459960938,876.4364704987394,868.2590937552997,871.0253675774094,7259330.0,0.4188240535847543,0.004179494268929822,871.0392194475446,1.0019062592263093,1.0094181296830096,887.2224033900669,874.9733133951823,0,1.0448289270562188,0.9026208315776154,4,12,4,0,1,16823837.714285713,0.43149072900506213,0
2024-12-30,862.82373046875,880.8285332674382,859.4751142791366,869.7635560951499,22222218.0,-1.13165114397078,-0.011381030369917696,868.7652239118304,0.9931609907031875,1.0248447204968945,884.029789515904,876.5351867675781,0,1.0303247370743271,0.8856379413685775,0,12,4,1,0,16652395.714285715,1.334475734379532,0
2024-12-31,860.3728637695312,864.7163785916373,856.8544029024364,859.1353716990042,14117236.0,-0.28405184195470223,-0.0028445603479221363,867.3335658482143,0.9919745962190731,1.0091753927651768,880.7279837472098,877.8309488932292,0,0.9853698885194999,0.8829377744584244,1,12,4,0,0,15043319.42857143,0.938438890899801,1
2025-01-01,865.1774291992188,870.637110073425,854.6705648241472,860.6640693133434,7313806.0,0.5584282852247879,0.0055687485498871515,868.1135166713169,0.9966178530621707,1.0186815199989518,877.9426792689732,879.087080891927,0,0.8900392895372162,0.9172052242227675,2,1,1,0,0,12417813.42857143,0.5889769597578336,1
2025-01-02,870.5158081054688,875.2232427161829,860.4457297678027,862.4354683380634,18558576.0,0.617027065903808,0.006151312483782739,867.6108747209821,1.0033481984483203,1.017174253340031,875.6721496582031,879.9201863606771,0,0.6325154858061497,0.9502020731137324,3,1,1,0,0,13491239.714285715,1.375601975283898,0
2025-01-03,848.8954467773438,871.2437647886038,847.4881097293069,869.181218624921,24426194.0,-2.4836265035988347,-0.02514988878708523,864.2206769670759,0.9822669943011373,1.02803066472152,871.4239981515067,880.0496012369791,0,1.1189782734514122,1.0796738588059465,4,1,1,0,1,14911291.142857144,1.638100535090197,0
2025-01-06,830.1141357421875,852.7778537230372,827.8332261221516,844.4791507386858,18816348.0,-2.2124410145508033,-0.022372825776775702,858.6570085797991,0.9667587027737409,1.0301324310425841,866.0613795689175,879.4817952473958,0,1.31511750715693,1.1734756040223766,0,1,1,1,0,16101958.285714285,1.1685751301873593,1
2025-01-07,831.5215454101562,835.209851324859,825.0184469798143,832.2980215119891,13527906.0,0.169544115365583,0.0016940055157670562,852.7744227818081,0.9750779610599442,1.0123529411764705,861.9068211146763,878.3138285319011,0,1.2845174326695006,1.1448911913001811,1,1,1,0,0,16997469.14285714,0.7958776619215009,0
2025-01-08,822.2522583007812,830.6722879270967,816.9381331798057,829.022239132803,19738190.0,-1.1147380558615416,-0.011209978240128092,846.978498186384,0.9708065317613748,1.0168117439858424,857.8718610491071,876.8376932779948,0,1.2835439536341005,1.1394477413508763,2,1,1,0,0,16642608.0,1.1860034196563423,0
2025-01-09,809.3916625976562,819.6801043914131,804.6841687860751,817.3263871062876,40420222.0,-1.5640693684079388,-0.015764299885402684,839.6954694475446,0.963910955873293,1.0186358029485785,853.5145176478794,874.5001424153646,0,1.3089028344850429,1.1708427984840255,3,1,1,0,0,20400177.42857143,1.981366198481663,0
2025-01-10,804.029052734375,812.8373502667392,802.6944639943603,810.9446489326335,17453280.0,-0.6625481965147118,-0.00664752790137233,830.9599870954241,0.9675905762259567,1.0126360486179338,849.5367518833706,872.2936258951823,0,1.161177136205207,1.1539146459307796,4,1,1,0,1,21848673.714285713,0.7988256050795526,0
2025-01-13,791.4595947265625,799.1759555612708,788.2808827329198,795.9001470292906,21669066.0,-1.563308933311025,-0.015756574737128052,819.666242327009,0.9655876426966559,1.0138213079461962,843.6385585239956,869.6212097167969,0,0.9089501155766704,1.007464794757286,0,1,1,1,0,22293029.42857143,0.9720108282918365,1
2025-01-14,799.1031494140625,803.7620652641559,794.4442335639691,795.8516298211142,26661432.0,0.96575425181884,0.009611206543344106,812.5530569893973,0.983447348502794,1.0117287423163561,838.3868669782366,867.063651529948,0,1.1042692764977409,1.0951634124893084,1,1,1,0,0,22612349.14285714,1.179065113118594,0
2025-01-15,797.38037109375,806.9165665577839,794.1045624787163,803.9076993782851,14022892.0,-0.21558897891663653,-0.002158217065059733,807.8768048967634,0.9870073831314483,1.0161339006025558,833.2669067382812,864.0992472330729,0,0.9408516904943692,1.0992540309152758,2,1,1,0,0,21927569.714285713,0.6395096302379625,1
2025-01-16,801.7481079101562,805.873200199019,797.2832665938832,802.1363163454865,21212454.0,0.5477607644661653,0.00546266011154484,803.6234566824777,0.9976663837314266,1.0107740046292872,828.1989397321429,860.7336588541667,0,0.9993910220622773,1.1090094115513485,3,1,1,0,0,23025362.285714287,0.9212647226472056,0
2025-01-17,794.3229370117188,800.9958805790999,790.31917087129,797.5987456720695,23112076.0,-0.9261226593714089,-0.009304378385043211,799.6335536411831,0.9933586871070104,1.013509364445809,823.3060259137835,857.0291646321615,0,0.9829413369740176,1.1027459554565782,4,1,1,0,1,23507346.0,0.9831852562173543,1
2025-01-20,801.35986328125,806.0672979791628,789.1059123060181,789.1059123060181,17557618.0,0.8859024386233205,0.008820013459568801,798.4861537388393,1.0035989472440503,1.0214944349150523,819.0908115931919,853.7193868001302,0,0.9721737292318287,1.1694892194291533,0,1,1,1,0,20241259.714285713,0.8674172580083208,0
2025-01-21,797.0648803710938,806.115829748555,792.5272908307279,804.756952160241,31158144.0,-0.5359618202701144,-0.005374032482768235,797.4912719726562,0.999465333833049,1.0171458309070764,814.2256295340402,850.037538655599,0,0.9619201290310402,1.1291912522612058,1,1,1,0,0,22199097.42857143,1.403577064349373,1
2025-01-22,808.5423583984375,811.3813805875693,788.8389294808721,797.0648841596673,30619306.0,1.4399678507978075,0.014296987772519152,799.9316667829241,1.010764283967083,1.0285767477544905,809.7989545549665,846.7690124511719,0,0.8770138134903936,1.2143921361120384,2,1,1,0,0,23477703.14285714,1.3041866069132755,0
2025-01-23,807.9843139648438,818.70954271768,801.3598888041311,818.70954271768,34909158.0,-0.0690185774186447,-0.0006904240620361228,801.2004045758929,1.0084671816816442,1.021650264950795,806.876730782645,843.5627665201823,0,0.8339809607866521,1.0777183941775192,3,1,1,0,0,24655949.714285713,1.4158512815174,0
2025-01-24,800.6561889648438,810.6049411699597,798.0840488445496,805.6062761215885,24236200.0,-0.906963770625735,-0.009111017258705644,801.6683785574777,0.9987373961357248,1.0156886888586956,804.7725917271206,840.1745320638021,0,0.9222775415451309,0.9531555577279917,4,1,1,0,1,26114993.714285713,0.9280568957878801,0
2025-01-27,790.9500732421875,797.6472463633178,789.1058906376462,796.433983923838,22804166.0,-1.212270117490144,-0.012196780419241025,800.1258021763393,0.9885321421841492,1.0108240932262837,801.8746294294085,836.2605489095052,0,1.0041275462577914,0.9772166871253128,0,1,1,1,0,26342381.14285714,0.8656835491192282,1
2025-01-28,810.6535034179688,817.3992549290822,799.2973542955573,799.2973542955573,30179312.0,2.491109216921217,0.024605869481186704,802.458740234375,1.0102120679515563,1.022647267048042,801.046146937779,833.109305826823,0,1.3553898466718706,1.2085849872809746,1,1,1,0,0,27351986.285714287,1.1033682045885786,1
2025-01-29,814.0020141601562,815.8704263644069,809.9011517987993,812.8857890816031,12619890.0,0.41306313092697167,0.00412212367165938,804.2647617885044,1.0121070235005676,1.0073703742146183,801.3754577636719,830.5865275065104,0,1.3328587355234998,1.1370760021189255,2,1,1,0,0,26646596.57142857,0.47360232163876026,1
2025-01-30,820.8933715820312,823.9993352943973,811.696865930955,815.7976693049923,25744846.0,0.8466020110509342,0.00843038434970588,807.6688319614956,1.0163737154353458,1.0151564825242145,802.5800519670759,828.6582499186198,0,1.3022790985126882,1.136215367915614,3,1,1,0,0,25873268.285714287,0.9950364876869772,1
2025-01-31,824.4118041992188,827.2993450265934,817.2292670650723,818.830797136207,15821686.0,0.42861018726545463,0.004276942700127697,809.9358956473214,1.0178729065222227,1.0123222189504861,804.9337812151227,827.1254943847656,0,1.2252388337452182,1.023728440644191,4,1,1,0,1,23759322.57142857,0.665914861521605,0
2025-02-01,820.6264038085938,831.3274019434516,813.3954072501344,823.8051750140157,5587528.0,-0.4591637785077429,-0.004602211734096874,811.7419084821429,1.0109449755317719,1.0220458519109916,806.4711565290179,825.8224487304688,0,1.2525664229363014,1.022919383534068,5,2,1,0,0,19570518.285714287,0.2855074106074481,0
2025-02-03,814.3417358398438,818.6124432523412,807.2805248629369,810.4592960980566,20276540.0,-0.7658378940261223,-0.007687854912807175,813.6969866071429,1.0007923701860926,1.014037150705857,807.6826825823102,823.8326965332031,0,1.2322107886956888,1.0501124208264814,0,2,1,1,0,19004852.57142857,1.0669138276022858,1
2025-02-04,835.1613159179688,837.5393220656948,815.3366201880791,819.534460691003,28616502.0,2.5566146449135907,0.02524479810704116,820.0128784179688,1.0184734141361602,1.0272313316093837,810.069340297154,822.5838460286458,0,1.308407287016711,1.2297156781620289,1,2,1,0,0,19835186.285714287,1.4427140530870737,1
2025-02-05,843.3629760742188,846.4688803989707,834.1907005592836,841.0334885893271,23675506.0,0.9820450253057,0.009772543023172158,824.6856602260044,1.0226477999424604,1.0147186726385886,813.5722002301898,821.727284749349,1,1.0863676788147105,1.188535292927774,2,2,1,0,0,18906071.14285714,1.2522700153355124,1
2025-02-06,846.299072265625,848.7984047453597,836.6657803207547,842.2467875560731,26760716.0,0.3481414615891243,0.0034753685206067885,829.2995256696429,1.0204986811999626,1.0145011600928076,816.7821437290737,820.847265625,1,1.0882232970838828,1.181522681220546,3,2,1,0,0,20926189.14285714,1.2788145905263593,0
2025-02-07,840.9122314453125,857.5339275509261,837.1511177279839,849.2837426225924,23509600.0,-0.6365173963728266,-0.0063855180586056375,832.1593627929688,1.0105182601358549,1.0243478260869565,819.9140973772321,820.1168823242188,1,1.1653230422059915,1.187918313209928,4,2,1,0,1,20606868.285714287,1.1408623413339343,0
2025-02-10,832.6619873046875,836.3988118099606,829.1435263354559,833.4142336911924,17195950.0,-0.9811064498901345,-0.009859510121385959,833.3379603794643,0.9991888368142152,1.00875033723844,821.6369280133929,819.1931864420573,1,1.2669648205322188,1.1994393637042293,0,2,1,1,0,20803191.714285713,0.8266015251972806,0
2025-02-11,825.6978759765625,830.3567917735487,819.5344674010676,826.4743520691721,22724704.0,-0.8363671494921565,-0.00839884324261775,834.0624564034598,0.9899712780947293,1.013205453587329,822.9021824428013,817.8772013346354,1,1.3046126513584335,1.2306325446585598,1,2,1,0,0,23251359.714285713,0.9773494659771603,1
2025-02-12,828.3185424804688,830.8421046157138,815.8946879155817,821.6213102303759,22809570.0,0.317388064103552,0.00316885451395065,836.0591430664062,0.9907415633808544,1.0183202770180049,824.8780648367746,816.470625813802,1,1.248483326533152,1.1917126956307063,2,2,1,0,0,23613221.14285714,0.9659660518996901,0
2025-02-13,823.9022827148438,831.934104238501,821.8883143385714,824.5332029174352,12602434.0,-0.5331595924920607,-0.005345859603845266,834.4507097516741,0.9873588374800837,1.012222816317828,827.2317940848214,815.637520345052,1,0.7395371885773356,1.1403520955493809,3,2,1,0,0,21325497.14285714,0.5909561646126086,0
2025-02-14,822.5191040039062,825.9405276867242,815.3123371576534,825.9405276867242,19959892.0,-0.16788140292314235,-0.001680224816691413,831.4730137416294,0.9892312683758303,1.0130357288178944,828.0793369838169,815.3843526204427,1,0.5348271685258709,0.9530242916410246,4,2,1,0,1,20794695.14285714,0.9598549948858524,1
2025-02-17,833.4384765625,834.7245465784594,815.918979031997,817.8359099627821,12938946.0,1.327552455066372,0.013188176981921183,829.6357857840402,1.0045835664801586,1.0230483271375466,829.4676557268415,815.4482503255208,1,0.8079851746880892,1.0054379926844805,0,2,1,1,0,18820156.57142857,0.6875046948144412,1
2025-02-18,836.2047729492188,840.3298652963055,828.0031069049801,831.3517231291166,16350910.0,0.3319136882338647,0.0033136407058669,828.9632917131696,1.0087355873395596,1.0148873334997521,830.5613272530692,815.9133341471354,1,0.8068360925193628,0.9881889487845947,1,2,1,0,0,17797486.57142857,0.918720176266302,1
2025-02-19,838.21875,843.4115489066289,831.0605014404679,833.268662828246,11884112.0,0.2408473517411469,0.0024055777936534332,829.7571149553571,1.0101977252043186,1.0148617909824291,831.5475376674107,816.8742370605469,1,0.7044080270433398,0.9851903769753704,2,2,1,0,0,17038652.57142857,0.6974795659562886,0
2025-02-20,818.7579956054688,832.152400807599,817.8844822121968,830.3567961314325,26390510.0,-2.321679680218469,-0.02349055207692294,828.7657034737723,0.9879245632072415,1.017444906836734,831.414079938616,817.3652018229167,1,1.1285215479167374,1.176965419847555,3,2,1,0,0,17562339.14285714,1.50267625430371,1
2025-02-21,821.3786010742188,822.567574466393,813.977700828203,815.74907568617,15680940.0,0.320070824690033,0.003195596884009551,827.7742832728794,0.9922736398944731,1.010552959410866,831.9167131696429,818.3625020345052,1,1.1286933061193947,1.1589565340822083,4,2,1,0,1,16543963.42857143,0.9478345420492778,0
2025-02-24,813.9049682617188,817.3506217636291,806.1400885993494,815.8461881773111,20693646.0,-0.9098889114868336,-0.00914053683088823,826.3460954938616,0.9849444109435678,1.013906433041629,830.3984026227679,818.8558959960938,1,1.1605095232908886,0.9349630143686459,0,2,1,1,0,17699850.85714286,1.1691423937422039,1
2025-02-25,816.4528198242188,819.1948048046805,810.9931388087847,810.9931388087847,24138708.0,0.3130404238644191,0.0031255147247414156,825.4794834681919,0.9890649448899101,1.0101131139135686,828.4762486049107,819.4916442871094,1,1.1746967275996452,0.8868668639824209,1,2,1,0,0,18296824.57142857,1.3192840050340664,1
2025-02-27,825.358154296875,830.235493033587,816.5499163188684,816.5499163188684,35786800.0,1.0907347315639804,0.010848291244883904,824.3251517159598,1.0012531494141175,1.016760245076523,826.98046875,820.2786458333334,1,1.1292719916269676,0.9443026887829875,3,2,1,0,0,21560803.714285713,1.6598082554913505,1
2025-02-28,840.7423095703125,843.0960267361039,817.7388430279666,817.7388430279666,54516728.0,1.863936909491537,0.018467784922640954,824.973371233259,1.019114481614698,1.0310089020771513,826.9683314732143,821.8259582519531,1,1.3595083930709935,1.0773223883178995,4,2,1,0,1,27013063.42857143,2.0181616255466324,0
2025-03-03,825.7706909179688,845.9108470636534,822.1551333662954,844.3336059197142,21205364.0,-1.7807618912381695,-0.017968082393824178,823.1950770786831,1.0031288013145387,1.0288944418556272,826.47609601702,822.6396525065104,1,1.5255438843386107,1.1521652808069778,0,3,1,1,0,28344670.85714286,0.7481252510172031,1
2025-03-04,829.8715209960938,831.9583561196923,821.7426625301964,824.04786119963,19920958.0,0.4966063972997592,0.004953773749867472,824.7827235630581,1.0061698642413994,1.0124317429960874,826.7742135184152,823.7332071940104,1,1.213296498576896,1.1374471954958039,1,3,1,0,0,27420449.14285714,0.7265000619141677,0
2025-03-05,820.1654052734375,830.2597724194886,819.316121569752,825.9647760106438,21583872.0,-1.1695925787411077,-0.011764861163298362,824.6094098772321,0.9946107762650244,1.0133570554290685,826.1918465750558,824.1206420898437,1,1.3149282813091694,1.1784459736135553,2,3,1,0,0,28263725.14285714,0.7636598463544964,1
2025-03-06,820.7477416992188,824.9699304836942,811.5512362127743,818.7094845214233,32966088.0,0.07100231514729494,0.0007097712042869719,825.5869489397321,0.9941384644624917,1.0165346236591792,825.9665222167969,824.5460896809896,1,1.254378701047321,1.1709887891944046,3,3,1,0,0,30016931.14285714,1.098249779203183,0
2025-03-07,819.8013916015625,825.5765323887408,814.1475770525966,816.2829306934012,13372914.0,-0.11530340561120012,-0.0011536993113030387,826.0653163364956,0.9924171556279437,1.0140379406120936,825.7723999023438,825.1842631022135,1,1.2542056310993184,1.1705657392632862,4,3,1,0,1,28478960.57142857,0.4695717024664283,0
2025-03-10,818.9521484375,824.969941998729,816.7925649870414,819.6801059027778,15604050.0,-0.1035913298955804,-0.0010364502279772514,825.1501726422991,0.9924886106671325,1.0100115713122553,824.7376621791294,826.117665608724,0,1.1698477109527152,1.1047301349571077,0,3,1,1,0,25595710.57142857,0.6096353510661334,0
2025-03-11,817.9815673828125,822.1066598317914,810.4836289220838,816.4771337496867,19898430.0,-0.11851498973893815,-0.0011858527429020934,821.8986380440848,0.9952341195374238,1.0143408583405513,823.4360046386719,826.3619344075521,0,0.7928593482240396,1.0971055999214265,1,3,1,0,0,20650239.42857143,0.9635931858721583,1
2025-03-12,830.4296264648438,833.9966062113717,820.9176607269924,820.9176607269924,18784106.0,1.5218019058619747,0.015103386530244432,822.5642002650669,1.0095620818377973,1.0159321039247673,822.879638671875,826.909521484375,0,0.8088161989168224,1.1824522063519989,2,3,1,0,0,20304345.42857143,0.9251273854693088,0
2025-03-13,828.2214965820312,835.112863088808,825.0427843943695,832.8076643515269,15736264.0,-0.26590210807055925,-0.0026625625565584437,822.3284824916294,1.0071662531650931,1.012205523016398,823.5556030273438,827.1537923177083,0,0.795090269192422,0.9923735290861555,3,3,1,0,0,19706532.0,0.7985303553156893,1
2025-03-17,830.0656127929688,836.6657483797172,827.4449541690359,827.4449541690359,18950652.0,0.222659785884316,0.002224122663326415,823.7427978515625,1.0076757149900395,1.0111436950146628,824.1761038643973,827.3422526041667,0,0.6150032087767998,0.9909517945254781,0,3,1,1,0,19330357.714285713,0.980357025984827,0
2025-03-18,830.0656127929688,830.0656127929688,830.0656127929688,830.0656127929688,0.0,0.0,0.0,825.0739222935268,1.006049991842629,1.0,825.3304356166294,827.6568929036458,0,0.6175492337623844,0.9500480048015958,1,3,1,0,0,14620916.57142857,0.0,1
2025-03-19,846.42041015625,849.7690263917825,840.6452690024086,842.004146653194,15221406.0,1.9703017582250348,0.019511425668012967,828.8766392299107,1.0211657200794546,1.0108532786964959,827.4709777832031,828.7261820475261,1,0.8995931671034842,1.0684969502474944,2,3,1,0,0,14884986.857142856,1.0226012388244539,1
2025-03-20,858.3832397460938,860.9310910584144,848.9440809617447,851.2249908210027,17833978.0,1.4133437055984244,0.01403449124093201,834.5096522739956,1.0286079225171858,1.0141199053806818,829.8299124581473,829.5002461751302,1,0.9233256127389876,1.0909615679608493,3,3,1,0,0,15203548.0,1.1730142201017815,1
2025-03-21,859.15966796875,860.9795616616999,851.9771897387066,851.9771897387066,33508264.0,0.0904523977991456,0.0009041151426937211,840.3922380719866,1.0223317506356546,1.0105664471202032,831.1454380580357,830.0268025716146,1,0.896275338857067,0.9921522677427791,4,3,1,0,1,17147810.0,1.9540841658497499,1
2025-03-24,873.5489501953125,875.6843039218336,860.7611760226637,863.3575457763671,17393736.0,1.6748088583559806,0.016609385875777774,846.5521414620536,1.0318903082409474,1.017337129409258,834.5581708635602,830.9351318359375,1,0.920969091239833,0.8976732233311245,0,3,1,1,0,16949185.714285713,1.0262284155243868,1
2025-03-25,883.958740234375,894.7567761384419,874.2769294910811,875.9269782864857,39101416.0,1.1916664815102784,0.01184622045392233,854.5146048409598,1.0344571470477035,1.0234248965705661,838.4215436662946,832.3700154622396,1,0.817386485721631,0.9219450158344519,1,3,1,0,0,20287064.57142857,1.927406296871,0
2025-03-26,876.7277221679688,886.8948376499686,874.5195608455505,885.681575218163,24478442.0,-0.8180266495797062,-0.008213908468250802,861.1806204659598,1.0180532414832986,1.0141509433962264,842.4617091587612,833.8388732910156,1,1.0348188981013446,0.8780039299560409,2,3,1,0,0,21076748.85714286,1.1613955342882172,1
2025-03-27,885.8514404296875,893.4464752752693,872.6268796196651,873.548970937254,41658100.0,1.0406558422902057,0.010352782950439886,869.1500244140625,1.0192158034245977,1.023858531225486,847.1119733537946,835.8439921061198,1,0.9756481753157409,0.88140806686996,3,3,1,0,0,27027906.0,1.541299573855259,1
2025-03-28,887.2344970703125,891.0198994245295,876.3879431494396,887.6227647317345,28773648.0,0.1561273795473106,0.0015600562746317399,874.9806082589286,1.0140047547290987,1.0166957525938887,851.9286237444196,837.8078572591146,1,0.8930648000824329,0.8685318348262767,4,3,1,0,1,28963940.57142857,0.9934300178886473,0
2025-04-01,857.9463500976562,878.3534470865061,856.7330877140463,874.5195261060333,28511006.0,-3.3010604377272323,-0.03356774985295643,874.918195452009,0.9806017917531312,1.0252358169452143,854.7139238630023,838.9426595052083,1,1.6786190776054408,1.3475248957039794,1,4,2,0,0,30489230.285714287,0.9351172769146231,1
2025-04-02,872.0444946289062,873.16066049231,859.3294691298255,859.3294691298255,11573564.0,1.6432431386467439,0.016298880048549836,876.7588849748884,0.9946229340508854,1.0160953299745326,858.5755615234375,840.593505859375,1,1.7906621721304465,1.3830735424384926,2,4,2,0,0,27355701.714285713,0.42307684594893963,0
2025-04-03,871.0496215820312,875.490173946712,862.3869396359797,864.3766781830471,11250038.0,-0.11408512444062158,-0.0011415025105661403,876.401838030134,0.9938929652861834,1.0151941474395048,861.4769897460938,841.8472106933593,1,1.6733719078253488,1.3559551479634468,3,4,2,0,0,26478030.57142857,0.4248819778967808,1
2025-04-04,881.9447631835938,893.9074835384829,878.9358367650708,879.8579280746396,33540454.0,1.250806077129618,0.012430481222467692,876.1141270228794,1.0066551103114014,1.0170338335827964,865.3143659319196,843.3718770345052,1,1.680693946537027,1.3635045787731896,4,4,2,0,1,25683607.42857143,1.3059089963619486,0
2025-04-07,853.0205078125,863.7700245665659,843.5570610557007,855.4956105111871,37995450.0,-3.2795994237422077,-0.03334583808283329,872.7273821149554,0.9774192093587141,1.0239615841583602,866.9540012904575,843.8652689615885,1,2.084437136989379,1.69186891463042,0,4,2,1,0,27614608.57142857,1.375918470896305,1
2025-04-08,858.5773315429688,864.8134887917699,849.4293443655757,856.5633039940931,35563872.0,0.6514290898725017,0.006493164604684329,868.8310808454241,0.9881982245703297,1.01811115253816,868.9905526297433,845.1925801595052,1,2.045297324430293,1.6946499998536158,1,4,2,0,0,26744004.57142857,1.3297885851393385,0
2025-04-09,856.5632934570312,861.4163432783175,850.982286162552,856.5632934570312,22454608.0,-0.2345785303134007,-0.002348540967786781,864.449480329241,0.9908772148614096,1.0122611919019104,869.7150442940848,846.3654032389323,1,2.032000901443013,1.6239576345146591,2,4,2,0,0,25841284.57142857,0.8689431803567129,1
2025-04-11,876.8247680664062,882.9638878798253,861.2950087869681,861.2950087869681,32775766.0,2.3654381134639912,0.023378951221950033,867.1463971819196,1.0111611729183674,1.0251584867807086,871.0322963169643,848.4627298990886,1,1.8422756772854714,1.7013891181568894,4,4,2,0,1,26450536.0,1.2391342844621371,1
2025-04-15,905.0452270507812,910.8203678930464,900.240696123474,905.0937456982635,49298344.0,3.2184833289560677,0.03167775304728625,871.8607875279018,1.0380616263485958,1.0117520478857815,874.309836251395,851.4158101399739,1,2.1071478039713774,1.8861331404022341,1,4,2,0,0,31839790.285714287,1.5483250221694747,1
2025-04-16,911.4027099609376,914.2175024102768,902.9098732067754,914.2175024102768,19136820.0,0.7024491948179445,0.00699993513696289,877.6255144391741,1.0384870254636431,1.0125235414287157,877.013676234654,854.2839619954427,1,2.0866869469155813,1.8527483172821264,2,4,2,0,0,32966473.42857143,0.5804933925208534,1
2025-04-17,925.3309326171876,931.639897022746,910.7717839889756,913.3439239431574,35703084.0,1.5282182622484042,0.015166586291399373,883.8235386439732,1.0469634402777936,1.0229125598757274,879.9688328334263,857.1035827636719,1,2.102182108342677,1.8670632985292333,3,4,2,0,0,33275420.57142857,1.072956656501463,1
2025-04-21,935.231201171875,946.6843866809209,926.9324979858176,933.7267676045618,34247298.0,1.0699165245330766,0.010642334180785206,895.5679234095982,1.0442884081994264,1.021308874959097,884.1476527622768,860.752266438802,1,1.1581313296849127,1.844760493439351,0,4,2,1,0,32739970.285714287,1.0460393733143802,1
2025-04-22,952.0227661132812,956.3419923313836,939.0651467003056,939.0651467003056,45961750.0,1.795445331631984,0.017795175787839474,908.9172712053571,1.0474251026727217,1.018397920199451,888.8741760253906,864.823974609375,1,1.1269167184245872,1.873266109105305,1,4,2,0,0,34225381.428571425,1.342914178938296,0
2025-04-23,933.67822265625,960.3699954066212,932.0281739470524,960.3699954066212,30570642.0,-1.9269017622261853,-0.019457084977510655,919.9336896623884,1.0149407866548574,1.0304087604342944,892.1915849958148,868.607735188802,1,1.6288539035044336,1.9848442072488008,2,4,2,0,0,35384814.85714286,0.8639480557810222,0
2025-04-24,930.2325439453124,933.6781972127432,924.554440533806,926.9324466168476,25931754.0,-0.3690434913577456,-0.003697261368737384,927.5633719308036,1.0028776168780282,1.0098682741425906,897.3548845563616,872.2572285970052,1,1.6447022766889745,1.7004769446971644,3,4,2,0,0,34407098.85714286,0.7536745282613855,0
2025-04-25,927.5148315429688,938.094503546439,918.099962552793,934.1150265036636,18500878.0,-0.2921540877098616,-0.002925816908077238,930.7733154296875,0.9964991649065331,1.0217781742829515,901.3170514787946,875.8476765950521,1,1.3059605887013441,1.687141440100323,4,4,2,0,1,30007460.85714286,0.6165426021241022,1
2025-04-28,931.882568359375,936.4929655182808,926.156005327847,927.5148236825167,13920492.0,0.47090749041072133,0.004698021896923962,933.6990094866071,0.99805457528735,1.0111611436204797,905.6622619628906,879.6120239257813,1,1.2987025635527245,1.6791962656372945,0,4,2,1,0,29262271.14285714,0.4757146816130833,0
2025-04-29,926.3501586914062,936.0562581779408,922.1764885191324,931.2032084346736,18918308.0,-0.5936809911262553,-0.005954502828301809,933.8446132114956,0.9919746236000485,1.0150510990375574,908.8340759277344,883.2243103027344,1,1.2161170620779127,1.687796932193235,1,4,2,0,0,26864446.0,0.704213591450946,1
2025-04-30,934.2120361328124,939.9871769317172,927.0780770079656,928.3883766867898,31936870.0,0.8486939164032758,0.00845112757371413,933.6990182059152,1.0005494467884126,1.0139245013380256,914.6334708077567,886.6837239583333,1,1.1868710686111736,1.3234057703362359,2,4,2,0,0,26534384.85714286,1.2036031802486966,0
2025-05-02,932.7075805664062,942.4136794135692,931.7854893276606,936.5415014593008,17840404.0,-0.16104005388689613,-0.0016116986276325047,930.9397059849331,1.0018990215693966,1.0114062627156573,919.928488595145,890.1665934244792,1,0.8822462033731133,1.341482977857053,4,5,2,0,1,22517049.714285713,0.7923064622751771,1
2025-05-05,939.9386596679688,947.31527128059,937.754787372496,941.0063068714468,15068024.0,0.7752782600063401,0.007722884212083537,931.8340541294643,1.0086974773057376,1.010195078752817,925.8838718959263,893.8290283203125,1,0.5883839865618729,1.3200424560732813,0,5,2,1,0,20302390.0,0.7421798123275142,0
2025-05-06,937.4635620117188,941.5401354999644,933.8723527219416,936.638567281111,17490156.0,-0.2633254447821476,-0.0026367275607147526,932.8670567103794,1.0049272886937912,1.0082107396751534,930.2152143205915,897.4089599609375,1,0.5756469904713326,1.2457674491559623,1,5,2,0,0,19096447.42857143,0.915885327122774,1
2025-05-07,944.2092895507812,945.7137230326643,932.950238518458,938.5797640346196,21420778.0,0.7195722385824554,0.007169956703461974,935.2519792829241,1.0095774298972613,1.0136807773740162,933.0126473563058,900.6685892740885,1,0.5841798778307967,0.9733746640452844,2,5,2,0,0,19513576.0,1.0977371856393723,0
2025-05-08,935.91064453125,948.6741890736062,931.348765916796,948.6741890736062,34803430.0,-0.8788988957606492,-0.00882783992907459,935.8274187360491,1.0000889328454527,1.0186025083092858,934.7632141113281,903.2528361002604,1,0.7107300907728974,1.014879519560246,3,5,2,0,0,22496852.85714286,1.5470354996321072,0
2025-05-09,917.080810546875,931.3002703673066,915.6734734771652,926.9810441332826,17188796.0,-2.011926469092129,-0.020324413387608146,934.5032261439732,0.981356494970073,1.017065905415825,934.1739196777344,905.1835408528646,1,1.05038378312606,1.094885493347879,4,5,2,0,1,22249779.714285713,0.7725378057996568,1
2025-05-12,949.8388671875,951.149226156264,928.0487213449755,930.6208021509264,18618972.0,3.571992376668609,0.03509676343325393,936.7356305803571,1.0139881906691484,1.0248914785182939,935.2173243931362,907.7265380859375,1,1.7490582849559722,1.4423108421430106,0,5,2,1,0,20347222.85714286,0.9150620765655909,0
2025-05-13,933.0473022460938,952.0227142931208,931.7855212010662,946.3446699698328,24242102.0,-1.7678330000462705,-0.017836458074788026,936.784162248884,0.9960109701323095,1.021718724568685,933.8619341169085,909.3628234863281,1,1.9100548675507798,1.4383687935228886,1,5,2,0,0,21261751.14285714,1.1401742893667581,0
2025-05-14,927.2236938476562,936.7356597192896,923.5353878045328,932.8047011833116,15445308.0,-0.6241493206634363,-0.00626105275502381,934.9677385602679,0.9917173134502625,1.0142931955711378,933.400896344866,911.0460225423177,1,1.8910540461191063,1.3530798217112443,2,5,2,0,0,21315648.85714286,0.7245994763525244,1
2025-05-15,938.4827270507812,943.8210814498384,920.6234813646776,928.6310129632632,32241458.0,1.2142736728829595,0.012069605117924247,935.1133335658482,1.003603192644131,1.0251977062878888,933.9901951381138,912.8003987630208,1,1.96126555578713,1.3892478402353445,3,5,2,0,0,23422977.714285713,1.3764884376906477,1
2025-05-16,938.9195556640624,943.3358785376588,935.8621697223412,938.4828285590544,15868010.0,0.04654626032958298,0.0004653543091815667,934.3576572963169,1.0048823898772832,1.0079859076016877,934.8048182896206,914.5232340494791,1,1.938295468775321,1.3853625991129885,4,5,2,0,1,22629725.14285714,0.7012020649755256,1
2025-05-19,940.8607788085938,943.918224001894,937.1239540090784,940.0357840059994,10202964.0,0.20675074161795592,0.002065373064074483,935.0648193359375,1.006198457425414,1.0072501294665976,935.4461190359933,917.2870483398438,1,1.9054056518395004,1.3816601149297691,0,5,2,1,0,19115372.85714286,0.5337569963322714,0
2025-05-20,929.310546875,938.8710315810084,928.388455536133,935.7165491131648,23879090.0,-1.2276239156466584,-0.0123522146159609,936.8119245256696,0.9919926535366554,1.011291152946125,935.6575753348214,919.1959167480469,1,1.7800898508006264,1.4153203100128133,1,5,2,0,0,20071129.14285714,1.1897233000714373,1
2025-05-21,935.085693359375,944.840311965864,932.319419327406,935.1827306623918,15132040.0,0.6214441990134656,0.006195211973602974,934.704328264509,1.0004080061291405,1.0134298314278285,935.7199794224331,921.3304524739583,1,1.048232591229014,1.4065092463351294,2,5,2,0,0,19572996.0,0.7731080106489574,0
2025-05-22,931.7369995117188,933.8237752836328,924.6029810935156,929.4560306672616,21306670.0,-0.3581162530276516,-0.0035875902431888166,934.5171421595982,0.997025049062819,1.0099727065331456,935.650652204241,922.9901936848959,1,0.8091506589356778,1.4093984041320484,3,5,2,0,0,19153648.57142857,1.112407900799803,1
2025-05-23,938.3856811523438,940.0357299039,929.1163680438908,931.8340640363384,9566072.0,0.7135792229040261,0.007110452936214967,936.1117117745536,1.0024291645422099,1.0117524157743536,935.5397251674107,925.8356994628906,1,0.799847438615134,1.4068876893997888,4,5,2,0,1,18313757.714285713,0.5223434834751555,1
2025-05-26,941.5886840820312,946.2961778607493,935.13416349166,939.0651219212036,10802860.0,0.3413311811998554,0.0034074996852144633,936.555419921875,1.0053742299207196,1.0119362705426265,935.8343767438616,928.6027445475261,1,0.6677348386058004,1.4075521057956086,0,5,2,1,0,15251100.857142856,0.7083331296009677,0
2025-05-27,934.8429565429688,945.3740503477449,929.989907003196,937.415037254252,26162148.0,-0.716419775757926,-0.007189983853939407,935.9730486188616,0.9987926019049795,1.0165422691458263,935.1653529575893,931.2120666503906,1,0.7277956888975489,1.4065813360809534,1,5,2,0,0,16721692.0,1.5645634425033066,0
2025-05-28,933.484130859375,938.8224856498368,930.6693382733266,931.8826007257044,18157594.0,-0.1453533638011928,-0.0014545910428035095,934.9192417689732,0.9984649894392132,1.0087605200270557,934.9920305524554,933.1007120768229,1,0.7184047945039344,1.3873445246168614,2,5,2,0,0,17858067.714285713,1.0167726033133293,1
2025-05-29,935.42529296875,941.8798725130029,925.6221566559584,935.6679454442282,28917794.0,0.20794805666251026,0.0020773214396352367,935.7927769252232,0.9996073019951269,1.017564095392638,936.3023507254464,934.1133809407552,1,0.5251517472087931,1.262104473463624,3,5,2,0,0,18577882.57142857,1.5565710402580248,1
2025-05-30,943.86962890625,945.7623300992254,934.406182182701,937.560664423884,28748078.0,0.9027269201477672,0.008986766974044779,937.047624860491,1.0072803173123401,1.0121533313167914,935.8759765625,935.1956115722656,1,0.5800473729717173,0.834334329452836,4,5,2,0,1,20523030.85714286,1.400771562451483,0
2025-06-02,937.65771484375,939.5504160632177,925.9618769879232,936.6871049098004,14668822.0,-0.658132635298192,-0.0066030787736449615,937.8934413364956,0.9997486638861557,1.0146750524109014,936.2052917480469,935.606504313151,1,0.6313776708955966,0.6995683903136974,0,6,2,1,0,19574766.85714286,0.7493740337779465,0
2025-06-03,934.0178833007812,947.315250613602,931.7854924068216,940.5209813981356,24377584.0,-0.3881833941477564,-0.003889387813774236,937.2694702148438,0.9965307875510795,1.0166666666666666,936.6905909946987,935.5660603841146,1,0.5863956445242576,0.6850942153387847,1,6,2,0,0,21690697.14285714,1.1238727754782039,1
2025-06-04,942.073974609375,943.0931624292062,932.2223193620798,932.2708380103268,12961542.0,0.8625200280024448,0.008588215753894658,937.3387974330357,1.0050517242957477,1.0116612130404314,936.9471086774554,935.234434000651,1,0.673263612981027,0.6445317065325934,2,6,2,0,0,21999080.285714287,0.5891856310200811,1
2025-06-05,946.1505126953124,950.6638723983344,941.5886343458624,945.3740366284826,22255418.0,0.4327195311416787,0.0043178599227962754,938.9541625976562,1.0076642187492382,1.0096382196231337,937.463605608259,935.6501770019531,1,0.6032786072333711,0.653531093609783,3,6,2,0,0,21440976.0,1.037985304400322,1
2025-06-06,960.2728881835938,968.8143027617216,942.801909850504,943.432829986841,30127008.0,1.4926140501737573,0.014815841867449182,942.7811279296875,1.0185533627431824,1.0275905178377738,938.8501848493304,936.6515218098958,1,0.7570675221294486,0.7582019671148389,4,6,2,0,1,23150892.285714287,1.3013324768734924,1
2025-06-09,960.3699951171876,968.1833931080394,958.9140802403332,968.1833931080394,13202588.0,0.01011243103796744,0.00010111919766127669,946.3446568080357,1.014820539439044,1.0096664686218635,941.0687168666294,937.7466939290365,1,0.7693499178181044,0.6497902547877885,0,6,2,1,0,20905862.85714286,0.6315256198807935,0
2025-06-10,953.7698974609376,962.2627345803988,951.7315810074684,962.2627345803988,15533126.0,-0.687245300228756,-0.006896177064904751,947.7589808872768,1.0063422417459273,1.0110652559850777,942.403302873884,938.4762715657552,1,0.8219353092703211,0.6834979151079713,1,6,2,0,0,19018012.57142857,0.816758635617686,0
2025-06-11,946.538818359375,954.8860400853164,944.8887696252716,954.8860400853164,11096394.0,-0.75815761441127,-0.007610462387314127,949.0277099609375,0.9973774299997363,1.0105803675325822,943.4605756487165,939.1492268880208,1,0.8390590158913587,0.7137766164400651,2,6,2,0,0,18507665.714285713,0.5995566470295012,0
2025-06-12,943.1417236328124,951.6830795561876,939.2107650861756,946.3447246989118,16349130.0,-0.3588965038381353,-0.0035954208244269007,950.3311157226562,0.9924348556298961,1.0132795693295398,943.80029296875,939.4468831380208,1,0.8360670218676052,0.702048333640341,3,6,2,0,0,17360743.714285713,0.9417298169401993,0
2025-06-13,930.6207885742188,938.094496879778,928.3883975845916,931.7855323379068,12117762.0,-1.3275772606438418,-0.01336468345921349,948.6949462890625,0.9809483988656806,1.0104547830632513,943.0168718610491,939.3773234049479,1,0.926384547290395,0.7836065570479622,4,6,2,0,1,17240203.714285713,0.7028781214434772,1
2025-06-16,939.2592163085938,940.957783641244,931.8340268436208,933.7267280054108,16513746.0,0.9282435811056589,0.009239618764138924,947.7104753766741,0.9910824462874894,1.0097911822650734,943.3323189871652,939.3546752929688,1,0.9964797057258333,0.8040038008320938,0,6,2,1,0,16419964.857142856,1.005711409474567,0
2025-06-17,936.4445190429688,942.2681790609493,931.348816527236,940.0357879023232,16978736.0,-0.29967204119509816,-0.0030012195692906986,944.3064226422991,0.9916744147759456,1.0117242458893423,943.5437752859933,939.3207071940104,1,0.7073327225547356,0.80774038974893,1,6,2,0,0,14541640.285714285,1.1675942786646922,1
2025-06-18,938.5313110351562,939.6960548333932,930.329645039179,930.329645039179,18433816.0,0.22284203172229233,0.0022259410711861455,941.1866106305804,0.9971787745751662,1.0100678397642802,943.7656337193081,939.1314412434896,1,0.729902381617469,0.8080087311708667,2,6,2,0,0,15288958.57142857,1.2056946791947243,1
2025-06-19,939.2107543945312,944.7917616817876,934.5032605291776,938.5313155721644,16876220.0,0.07239431986829636,0.000723681278208245,939.1067330496652,1.0001107662645845,1.0110095936388537,943.432856968471,939.241444905599,0,0.7236476087596623,0.7682571257000413,3,6,2,0,0,15480829.142857144,1.0901367003192262,1
2025-06-20,953.4786987304688,956.0023202459612,937.415115265286,937.415115265286,32900408.0,1.5191419251939342,0.015077185108816782,940.09814453125,1.014233146057203,1.0198281472935447,944.5629272460938,940.4547078450521,0,0.924089497781811,0.8481135635420997,4,6,2,0,1,18595688.285714287,1.7692492740521462,0
2025-06-23,945.5681762695312,950.1785732937572,942.3651754483344,945.5681762695312,11739518.0,-0.8296485775162177,-0.008331093159311189,940.4447806222098,1.0054478431407017,1.008291263354151,945.3879481724331,940.3123514811198,1,0.9792213506982769,0.8763163234092178,0,6,2,1,0,17937172.285714287,0.6544798596459772,1
2025-06-24,951.634521484375,960.418529537386,949.06238146316,953.6242600004869,22625322.0,0.6415555606764212,0.006395063528572414,943.4467424665179,1.0086785810468233,1.011965649778172,946.0708443777902,940.9319254557291,1,0.7839750837135031,0.8632516700066406,1,6,2,0,0,19438252.285714287,1.1639586557186512,1
2025-06-25,961.0009155273438,961.874488204082,953.0904797513926,954.1096083800328,18405932.0,0.9842427771912687,0.009794306574996258,946.5526994977679,1.0152640376359836,1.0092163426655785,947.131587437221,942.0578328450521,1,0.7914411024489237,0.8928783654265878,2,6,2,0,0,19708564.57142857,0.9339052538957103,1
2025-06-26,981.1896362304688,983.7617170900772,960.9038642878594,961.5833031108746,50084830.0,2.100801401635133,0.020790388335221698,952.9448590959821,1.02963946640237,1.0237878664575444,948.6256408691406,943.481396484375,1,0.9724330251674475,0.9759879951854336,3,6,2,0,0,24438006.57142857,2.049464626077813,1
2025-06-27,988.5982666015624,991.0024333509556,978.0494242399598,987.666031344486,28213384.0,0.7550661052185603,0.0075222974972717965,960.0972813197544,1.0296855181618996,1.013243716309185,950.6419459751675,945.137353515625,1,0.9519569683649367,0.9875185596374202,4,6,2,0,1,25835087.714285713,1.0920568303083094,0
2025-06-30,982.023681640625,988.0586250503452,979.0798184930638,986.9301202198938,13649020.0,-0.6650411176157944,-0.006672623696934556,966.2134137834821,1.0163631218854987,1.0091706583954523,952.6600734165737,946.5094502766927,1,1.0724954379977987,0.9859804625313078,0,6,2,1,0,25374059.14285714,0.5379123585688588,1
2025-07-01,987.2244873046876,989.138010315157,983.250284063281,983.740927917604,14389386.0,0.5296008397041696,0.005282033862359038,971.0342407226562,1.0166731984342616,1.0059880239520957,955.5661926269531,948.4399149576823,1,1.000689428012243,0.9477129747233779,1,7,3,0,0,22729627.42857143,0.6330673938769608,0
2025-07-02,974.418701171875,991.051539922754,970.4444979040134,991.051539922754,18878250.0,-1.2971503743565815,-0.013056368378365673,975.155744280134,0.999244179083616,1.0212346425408647,957.8002624511719,949.7510152180989,1,1.1136315799811627,1.028057725154352,2,7,3,0,0,23749446.285714287,0.794892216554775,1
2025-07-03,974.9583740234376,985.2128423794024,973.584607191008,978.7854199779472,16860506.0,0.05538408190581823,0.0005536875058365564,978.4877232142857,0.9963930572585477,1.011943733603127,960.9672328404018,951.191727701823,1,1.1175935485413702,0.9275644414533057,3,7,3,0,0,22925901.14285714,0.7354348208577662,1
2025-07-04,976.037841796875,983.0049605598704,971.4748300017684,974.9583893832662,7863944.0,0.11071937040580959,0.0011065812171616783,980.6358555385044,0.9953111914930906,1.011868686868687,963.5942775181362,952.4467997233073,1,1.0834587885647302,0.9130992153992993,4,7,3,0,1,21419902.85714286,0.3671325706959322,0
2025-07-07,975.1055908203124,980.5026731224452,973.3392849545876,975.8906089947404,11349426.0,-0.09551381479701027,-0.0009555945830731544,979.7667061941964,0.995242627306668,1.0073596003763394,966.3557826450893,953.5640299479167,1,0.7008691550876394,0.9047457137793625,0,7,3,1,0,15886273.714285715,0.714417125382527,1
2025-07-08,981.974609375,983.740915249207,970.0028875050784,970.0028875050784,15224316.0,0.7044384340888721,0.00701968857533246,978.8204694475446,1.0032223886053748,1.0141628730399594,969.4588753836496,955.1350850423177,1,0.6909255399438327,0.9109998900403458,1,7,3,0,0,14030692.57142857,1.0850723100442003,1
2025-07-09,986.7828369140624,988.058558773539,980.3554147849676,984.7221568062153,13861428.0,0.48964886598470425,0.004884539848188772,979.5003487723214,1.007434901019554,1.0078575013432869,972.8568812779018,956.911708577474,1,0.6693541206869343,0.9088322542943282,2,7,3,0,0,14061036.57142857,0.9858041353911157,0
2025-07-10,984.3296508789062,989.6286283244264,981.2876830187668,989.1379844829172,17030310.0,-0.24860444906276147,-0.0024891398303981097,979.0868007114956,1.0053548369394836,1.0085000000000002,975.0605207170759,958.5418538411458,1,0.6446647000126301,0.8562883831772239,3,7,3,0,0,14438311.42857143,1.1795222789210213,0
2025-07-11,973.2902221679688,983.642855752239,971.9164552660966,980.306453474884,12516922.0,-1.1215174409386575,-0.011278538684276253,978.9255894252232,0.9942433139779672,1.0120652350545212,977.0406668526786,959.5225402832032,1,0.5885654522195074,0.8870995542719672,4,7,3,0,1,13529550.285714285,0.9251543277987954,0
2025-07-14,972.94677734375,975.7434233970494,966.8627814826074,972.94677734375,13088850.0,-0.035286990087468606,-0.00035293217410815506,978.6382184709821,0.9941843257091222,1.0091850075155693,978.562970842634,960.6988423665365,1,0.5877538319717385,0.8802030801312483,0,7,3,1,0,12990742.285714285,1.0075521253618895,1
2025-07-15,979.079833984375,983.0540373178538,968.0403470063502,968.0403470063502,14498168.0,0.6303589038414659,0.0062838045198200625,979.0727887834821,1.0000071957886825,1.015509364209801,979.8543221609933,962.2009073893229,1,0.638796130171211,0.8596115996105017,1,7,3,0,0,13938488.57142857,1.0401535235117725,1
2025-07-16,979.4722900390624,992.4252390812768,977.656871954008,990.1192370651518,17994612.0,0.040084173022969516,0.00040076141464519017,979.6966029575893,0.9997710383828526,1.0151058797323766,979.7316545758929,963.4475179036458,1,0.6358309655858039,0.647727887544324,2,7,3,0,0,14887800.857142856,1.2086816698227503,0
2025-07-17,974.8602294921876,983.6427659529008,972.7994894879338,983.25022693503,22529158.0,-0.47087197808228787,-0.00471984072581889,978.6802629743304,0.9960967502598518,1.0111464660314273,978.7503662109375,964.4045084635417,1,0.5927353275522561,0.6184674063308108,3,7,3,0,0,15931349.714285715,1.4141399444516618,0
2025-07-18,960.38623046875,979.8157138677898,958.2273856704024,974.8602232374528,16129446.0,-1.4847255622457034,-0.014958579398171317,974.9093191964286,0.9851031388851127,1.0225294418842805,977.204833984375,964.4082865397136,1,0.7201595461049909,0.7085087574054967,4,7,3,0,1,16255352.285714285,0.9922544720347318,1
2025-07-21,981.5330200195312,982.2689857931024,969.7575676423912,970.5916382285528,22309078.0,2.2019047004099512,0.02178012859815878,974.5098005022321,1.007206925485695,1.0129015937262837,976.7983006068638,965.113720703125,1,1.2195824467948675,0.9371792263559084,0,7,3,1,0,17009462.0,1.3115687021729434,1
2025-07-22,984.771240234375,990.119270074138,982.759612467046,987.715103277212,14836814.0,0.32991454681567944,0.00329371522790395,976.1499459402902,1.0088319364560125,1.007488766849725,977.5377676827567,966.1470987955729,1,1.12353080777108,0.8671901277626839,1,7,3,0,0,17340875.14285714,0.8555977641135034,1
2025-07-23,993.2103881835938,995.9089294093236,982.7596500249108,986.6848008987,13634916.0,0.856965313813407,0.008533142103661719,979.0447474888393,1.0144688388667504,1.0133799544823392,978.8414829799107,967.7028177897135,1,1.1463367036938912,0.8916289398018105,2,7,3,0,0,17418884.57142857,0.782766309983175,0
2025-07-24,988.2548217773438,999.7849522880986,985.4091233743482,999.7849522880986,19107176.0,-0.4989442785946707,-0.005001931614452556,980.3554600306919,1.0080576505856402,1.0145886906998822,979.7141244070871,969.2065877278645,1,1.1713726906232504,0.9077148009016439,3,7,3,0,0,18077314.285714287,1.0569698406526886,0
2025-07-25,985.9922485351562,991.1076548914018,983.237817433207,991.1076548914018,9306598.0,-0.22894633978292056,-0.0022920882262185117,981.286882672991,1.0047950970763493,1.0080040020010006,980.4917428152902,971.0523030598958,1,1.1795512150574359,0.9105391992888098,4,7,3,0,1,16836169.42857143,0.5527740760440706,1
2025-07-28,987.9105224609376,994.2555908496132,983.9756037755068,985.205265864704,12059580.0,0.1945526375720652,0.0019436362903582508,983.1512102399554,1.0048408751079303,1.010447400356942,980.9157366071429,972.674013264974,1,1.152304150954768,0.893821758530104,0,7,3,1,0,15340515.42857143,0.7861261283006993,1
2025-07-29,994.3539428710938,996.7640925817828,981.9097985152404,983.6804999207344,19895696.0,0.6522271262082713,0.006501093286664323,988.0037405831473,1.0064273059170792,1.015127961946203,981.4565298897879,974.6043273925782,1,0.8849244902686261,0.9010455375519039,1,7,3,0,0,15878551.142857144,1.2529919021578957,1
2025-07-30,996.4197998046876,999.764444634085,992.091365270063,997.5018784172968,15154036.0,0.2077587109102108,0.002075431909564431,990.1304234095982,1.0063520686228704,1.0077342466960524,982.3201119559152,976.5339436848958,1,0.4697086516649622,0.8973333042565864,2,7,3,0,0,14856402.285714285,1.020034037081233,0
2025-07-31,992.6815795898438,999.1742313953042,987.664582321978,990.9108782036614,22183032.0,-0.37516518796361087,-0.0037587069765886425,991.2604718889509,1.001433637011859,1.0116533986125809,983.7052089146206,978.3163045247396,1,0.5147078763114887,0.84010396087647,3,7,3,0,0,15905862.0,1.394645068591693,0
2025-08-01,989.7304077148438,997.6494796779898,988.3040477115344,990.6157884442932,11317258.0,-0.2972929019413595,-0.0029773569510193857,990.7633318219866,0.998957446169063,1.0094560292332053,984.9040396554129,979.5246948242187,1,0.4122751733288883,0.8472991515559631,4,8,3,0,1,15574768.0,0.72664055092185,0
2025-08-04,979.7947387695312,992.8291567300696,977.8764539291844,988.6974801605749,13933946.0,-1.0038762947834123,-0.010089491112820342,989.5547485351562,0.9901369683889923,1.0152909938068393,984.9551042829241,980.6655802408854,1,0.5310894525029762,0.8841745276604202,0,8,3,1,0,14835735.142857144,0.9392150686047182,0
2025-08-05,972.7118530273438,980.975205994727,966.7603007320948,977.089461920278,23978058.0,-0.7228948535774382,-0.007255203993663643,987.6575491768973,0.9848675321096779,1.0147036501725069,984.4722159249442,981.3681579589844,1,0.5784430087010437,0.9053600691453149,1,8,3,0,0,16931658.0,1.4161671585854143,1
2025-08-06,976.499267578125,977.8272785976123,968.9737116887808,969.5147509914576,14080204.0,0.38936654662875547,0.0038861047704312522,986.0273699079241,0.990336878447209,1.0091370558375634,984.5892900739398,981.8847696940104,1,0.6042569368802806,0.903472066406026,2,8,3,0,0,17220318.57142857,0.8176506109103839,1
2025-08-07,981.4671020507812,984.5166400056098,972.3184281442016,973.9415460716062,13081186.0,0.508739190862606,0.00507449485349862,984.1863926478794,0.9972370166693911,1.0125454907654996,986.0950666155134,981.8940185546875,1,0.5735985489341636,0.7999551125580163,3,8,3,0,0,16246817.142857144,0.805153765502377,0
2025-08-08,970.8920288085938,980.1882863803764,968.9737439061472,977.3846207407717,13895264.0,-1.0774760784228898,-0.01083322888502743,980.539568219866,0.9901609891900772,1.011573628846764,985.3349958147321,981.3038106282552,0,0.6299432366222931,0.6139929685510143,4,8,3,0,1,16066992.57142857,0.864832913703434,1
2025-08-11,981.5654296875,982.5491593344192,970.4984711596596,971.8757166821836,9105854.0,1.099339634295271,0.010933408209833581,978.9515468052456,1.002670084020792,1.01241700892157,985.1060093470982,981.2885355631511,0,0.8390972724108213,0.6836172692604167,0,8,3,1,0,14198824.285714285,0.6413104223820544,0
2025-08-12,968.924560546875,981.7622208654036,967.7440729221852,979.7455870293594,12937802.0,-1.287827459922819,-0.012961918479483438,975.9792829241071,0.9927716474102856,1.0144853875476494,983.3713073730469,980.6785380045573,0,0.9435735834746318,0.7114593034358838,1,8,3,0,0,14430330.57142857,0.8965700360057092,1
2025-08-13,974.0399169921876,980.7784409396806,968.5309950398891,980.7784409396806,13577396.0,0.5279416637375078,0.005265529373683404,975.1571655273438,0.9988542887499042,1.0126453835370413,982.35595703125,980.6659118652344,0,0.9304543865859036,0.7281552011755513,2,8,3,0,0,14379394.857142856,0.9442258269481717,1
2025-08-14,979.35205078125,981.7622004561192,969.5639286580632,972.908633518138,17511716.0,0.5453712621415141,0.005438894980426911,976.1057652064732,1.0033257518708438,1.0125811939135763,981.8816571916852,980.8123677571615,0,0.9076967905067678,0.7468539068977119,3,8,3,0,0,13455631.714285715,1.3014413869107297,1
2025-08-18,985.5003662109376,996.8132573563984,981.5654475516468,988.6483131467888,19284796.0,0.6277942058509955,0.006258317870449775,977.3916364397321,1.0082962954345942,1.0155341753754523,981.7095031738281,981.1277852376302,0,0.924646041223646,0.7662953361031328,0,8,3,1,0,14199144.857142856,1.3581660159131919,0
2025-08-19,979.35205078125,986.7300232295676,977.1878335213248,982.8935135816984,12352438.0,-0.6238775388107354,-0.00625831787044977,977.0894862583706,1.002315616486207,1.0097649493586685,980.637939453125,981.2693339029948,0,0.9471372829887792,0.7566964495861074,1,8,3,0,0,14095038.0,0.8763678395191272,0
2025-08-20,977.9256591796876,979.7947696044056,973.4005266300796,977.3354453835108,9950228.0,-0.1456464608844743,-0.0014575262844102915,978.0942905970982,0.9998275918599754,1.0065689742294088,979.3169294084821,981.1343688964844,0,0.8335543049196774,0.7513048093217567,2,8,3,0,0,13531461.42857143,0.7353402330209713,1
2025-08-21,979.4012451171876,982.5000176251586,975.4663263982884,982.5000176251586,12439850.0,0.15088937729046403,0.0015077565365312104,977.785121372768,1.001652841415863,1.007210593576142,978.3683340890067,980.8883158365885,0,0.713670867779188,0.7513146054082503,3,8,3,0,0,14007746.57142857,0.8880693219688461,0
2025-08-22,966.317626953125,981.762194526744,962.628640751246,978.7618310909676,19833502.0,-1.3358792659587726,-0.013448824036257172,977.4127022879466,0.9886485255318966,1.0198763603798096,976.6959926060268,980.2879150390625,0,0.7278829235061777,0.8210227197711616,4,8,3,0,1,14992846.57142857,1.322864334368373,0
2025-08-25,966.0717163085938,972.6135426708398,962.5794879672084,964.1534314319724,17518044.0,-0.025448220923651732,-0.00025451459532849896,976.274387904576,0.9895493810732036,1.0104241310240483,975.7157767159598,980.0472981770833,0,0.6851996538950337,0.7852346854386149,0,8,3,1,0,15555796.285714285,1.1261425437981436,0
2025-08-26,957.5625,969.6623631247152,952.2503356808104,963.563227065448,16917731.0,-0.8808058620231485,-0.008847078865943889,973.161594935826,0.983970704334202,1.0182851365775114,974.6336800711496,979.5344889322917,0,0.6678396730453067,0.7959648190495637,1,8,3,0,0,15470941.285714285,1.0935165926601806,0
2025-08-28,942.2162475585938,956.3819785474136,939.4618165446824,951.266572354668,25438255.0,-1.6026371585568855,-0.016156182680858815,966.9781494140626,0.9743924908019139,1.0180104839864201,972.1848929268973,978.3057027180989,0,0.6728907322503284,0.8742027662154581,3,8,3,0,0,16350006.857142856,1.5558559224020596,0
2025-08-29,936.1171264648438,947.6267755693488,934.6415319653456,938.4781016808784,14823813.0,-0.6473164848890711,-0.006494206634254011,960.801731654576,0.9743083256654592,1.0138932875973294,968.9456089564732,976.8605305989583,0,0.6728692136724851,0.8511750007928037,4,8,3,0,1,16703060.42857143,0.8874908321976204,0
2025-09-01,935.1333618164062,941.8719458039564,930.9525108908948,934.149632186874,20178344.0,-0.10508991029281045,-0.0010514516845626573,954.6885463169643,0.9795166868022049,1.0117293146377702,966.3914184570312,975.5363016764323,0,0.6780001947818222,0.825112199556672,0,9,3,1,0,18164219.85714286,1.1108841535005487,0
2025-09-02,929.1326904296876,939.2650942089082,928.6408255856272,935.5269334024698,14196320.0,-0.6416915096540743,-0.006437591998297236,947.50732421875,0.9806073965663401,1.0114406650349246,962.646222795759,974.4945170084635,0,0.5845933127608262,0.7293930770401255,1,9,3,0,0,18415144.14285714,0.7709046364161348,1
2025-09-03,938.9207763671876,940.740652202688,924.7058709175366,929.624519167098,16083481.0,1.053464810604532,0.010479545354908625,943.593488420759,0.9950479606833745,1.0173404125457115,960.5030953543527,973.0741088867187,0,0.8303173302563943,0.7744406762303584,2,9,3,0,0,17879426.85714286,0.8995523809855586,1
2025-09-04,945.610107421875,949.9877162864988,940.6914592688354,944.5772033181552,17597657.0,0.7124489331857387,0.007099230059721336,940.6704014369419,1.0052512612041236,1.0098823657066995,958.472394670759,971.7687377929688,0,0.9279431834737121,0.789599497189435,3,9,3,0,0,17890800.14285714,0.9836148668300798,1
2025-09-05,947.7251586914062,951.7584261964354,938.5272505370174,951.7584261964354,11602111.0,0.22367054380347806,0.002234207736148733,939.2650669642857,1.009007139757112,1.0140978065920272,956.2133309500558,970.2525634765625,0,0.9067128313945074,0.7704224364005753,4,9,3,0,1,17131425.85714286,0.6772414098364474,1
2025-09-08,950.2828369140624,957.3165278914954,944.823149393627,953.2340258485784,11711307.0,0.26987552237061063,0.002695120122524156,940.4174368722098,1.010490447810777,1.013222980941869,953.6977931431362,968.9868306477864,0,0.6422726143733418,0.7452436219630162,0,9,3,1,0,15170433.285714285,0.7719823672424914,0
2025-09-09,949.4467163085938,958.5462157684692,947.0365666053972,958.1526998830964,13985539.0,-0.08798649970190864,-0.0008802523054283165,942.3216639927456,1.0075611678985055,1.0121533313167914,951.5616978236607,967.7686462402344,0,0.5598842963265188,0.7386839478469329,1,9,3,0,0,15050679.857142856,0.9292297180424475,1
2025-09-10,950.1845092773438,958.0543466125588,946.0528326679372,958.0543466125588,18091100.0,0.07770767501502629,0.0007767749823335012,944.4718279157366,1.0060485460685618,1.0126858813062019,949.5801871163504,966.5111124674479,0,0.5472103405136973,0.742784275444491,2,9,3,0,0,14752502.142857144,1.2263072273986644,1
2025-09-11,952.0535278320312,953.4799478098324,944.2820997482356,944.6755555766032,15113633.0,0.19670059198386713,0.0019650738968132954,947.7462332589286,1.0045447762512245,1.0097405722972501,947.6267787388393,965.1010986328125,0,0.395407933226688,0.7445609057096498,3,9,3,0,0,14883546.857142856,1.0154590935255947,0
2025-09-12,951.5617065429688,954.9555859441328,946.5938836721522,954.1194397337724,14363519.0,-0.051658995496028925,-0.0005167234335221745,949.5520804268973,1.002116393779231,1.0088334632372047,946.5727844238281,963.6058288574219,0,0.26732632613819746,0.6690703890239912,4,9,3,0,1,14637838.0,0.9812595958501522,0
2025-09-15,951.3157348632812,956.5294899386952,949.2991011128588,953.824233432933,14486377.0,-0.025849262112609406,-0.0002585260361021563,950.367170061384,1.0009981035033397,1.0076165550113343,945.5187857491629,962.2269673665364,0,0.14538357223749565,0.6690666019716518,0,9,3,1,0,14193369.42857143,1.0206439755480994,0
2025-09-16,951.1190185546876,953.5783427584718,945.560981879392,945.560981879392,18661794.0,-0.020678340679591845,-0.0002068047894323486,950.8520071847098,1.0002808127531522,1.0084789463955508,945.0585370744977,960.9399210611979,0,0.13586021648125704,0.6310342812344267,1,9,3,0,0,15201895.57142857,1.2275965133633853,0
2025-09-17,950.7747192382812,958.5462075924,948.6596764461076,949.4467082101404,17361476.0,-0.036199393523805856,-0.00036205947085877517,950.9222760881696,0.9998448276440685,1.0104215783507629,945.6698564801898,959.972587076823,0,0.0976039944421524,0.44544652291350145,2,9,3,0,0,16009062.57142857,1.0844779900470303,1
2025-09-18,961.0055541992188,963.7108108355188,953.4799980850368,957.4640913046234,17791598.0,1.0760524816156192,0.010703042362250259,952.5735386439732,1.0088518263558413,1.0107299710230204,947.4476013183594,959.5823771158854,0,0.40751908544065235,0.47070830688590565,3,9,3,0,0,16552785.285714285,1.0748401367445308,0
2025-09-19,951.168212890625,960.8087513537788,946.4462625851606,959.0380500102756,31243267.0,-1.0236508275741407,-0.010289261642218276,952.7140677315848,0.998377419948631,1.0151751761683625,948.5929478236607,958.7380086263021,0,0.6120506426164445,0.5686313051873616,4,9,3,0,1,18431666.285714287,1.6950864081244525,0
2025-09-22,948.5121459960938,955.398253585716,946.298754270858,948.315388056543,10854415.0,-0.2792426048868313,-0.002796332143836392,952.2081560407366,0.9961184852059966,1.0096158842794518,949.9771946498325,957.6395100911458,0,0.6151098164575377,0.5385944768986637,0,9,3,1,0,17823206.57142857,0.6090046118525121,0
2025-09-23,941.6260375976562,952.447063800625,939.9536851760516,951.266576206428,21022298.0,-0.7259905344918827,-0.007286386703675075,950.7887747628348,0.9903630149951401,1.0132914832098705,950.170427594866,956.6639770507812,0,0.6658324969964212,0.51829054574112,1,9,3,0,0,18774460.714285713,1.119728460908807,0
2025-09-24,935.5761108398438,940.8882751893464,927.6570988338276,936.7074240016012,15117220.0,-0.6424978193304343,-0.006445707202353135,948.5402570452009,0.9863325292637112,1.0142630034008815,949.4537135532925,955.1309997558594,0,0.6874300398075078,0.5057581770830611,2,9,3,0,0,18864581.14285714,0.8013546595877621,0
2025-09-25,934.3955688476562,942.4129893816752,931.9854792780052,937.0024763946196,31413279.0,-0.12618342628776258,-0.001262631046073865,946.1511928013393,0.987575321953696,1.0111884898804948,948.5015999930246,953.9800333658854,0,0.6830641978871413,0.49845707390731686,3,9,3,0,0,20686221.85714286,1.5185604803495394,0
2025-09-26,929.6737060546876,935.9695999150294,925.9847198182592,929.7228805294212,14874656.0,-0.5053387398649467,-0.0050661989400962535,943.1367623465402,0.9857252343145269,1.0107829858129083,947.029519217355,952.5011596679688,0,0.6814778006226543,0.49726816238780536,4,9,3,0,1,20330961.85714286,0.7316257885149738,1
2025-09-29,934.8382568359376,941.232499440892,923.8204729543668,930.6574059019288,32398179.0,0.5555229482790303,0.005539856104304532,939.3985770089286,0.9951454895881244,1.018847846520268,945.986057826451,951.0173665364583,0,0.5110932821005555,0.5324687784359188,0,9,3,1,0,22417616.285714287,1.445210703363045,1
2025-09-30,935.5269165039062,944.3804835370664,930.9033750448372,942.4621986714628,28296687.0,0.0736661837417163,0.0007363906352671525,937.1641060965402,0.9982530385212328,1.0144774515309714,944.9390869140626,949.3515848795573,0,0.44985281817178585,0.5323606317155949,1,9,3,0,0,21996676.285714287,1.2864073932104574,1
2025-10-01,949.5450439453124,953.8242439027432,930.6082481971154,937.1992488555558,25350832.0,1.4984205365028203,0.014873051155952683,937.3116629464286,1.0130515616976623,1.0249471200697013,944.7599094935825,948.3580179850261,0,0.792477741572422,0.6824928440288852,2,10,4,0,0,24067593.0,1.0533181278244153,0
2025-10-03,949.4467163085938,951.0206597658968,936.5106471136628,936.5106471136628,26658296.0,-0.010355236683678992,-0.0001035577287532913,938.4289027622768,1.0117407014147644,1.0154936974789919,944.6088387625558,947.4087198893229,0,0.7236388340772567,0.6824193116196392,4,10,4,0,1,24872735.57142857,1.0717878587758762,1
2025-10-06,957.6116333007812,961.497377400324,946.3479168763192,956.0868643620496,18542683.0,0.859965793966011,0.008562891516726328,941.5768345424107,1.0170297294603294,1.0160083413867596,945.0585457938058,946.6823994954427,0,0.6811989043983849,0.7211749180582223,0,10,4,1,0,25362087.42857143,0.7311181720441082,1
2025-10-07,966.514404296875,973.7447933808842,955.201513050652,958.152702071406,25535736.0,0.9296849251305472,0.009253899541075247,946.1652396065848,1.0215069882494852,1.0194129511698635,946.1582162039621,946.6889587402344,0,0.6789300010835914,0.7578528705941757,1,10,4,0,0,24522438.42857143,1.0413212403154803,0
2025-10-08,962.7762451171876,969.8591107869768,958.69374294831,960.1201629857547,15939710.0,-0.38676704279506646,-0.003875169206668151,950.8941737583706,1.0124956821555164,1.0116464386263015,947.0154680524555,946.5791097005208,1,0.6509802502275769,0.7690282888616092,2,10,4,0,0,24674589.0,0.6459969809426208,0
2025-10-09,961.2022094726562,963.0713198098596,954.3653364923584,958.644536419518,15370950.0,-0.16348924815233756,-0.0016362303766450715,954.6604527064732,1.0068524434500634,1.0091222752803437,947.029514857701,946.7004333496094,1,0.6964277705743467,0.7166354520126209,3,10,4,0,0,22242127.714285713,0.6910737226873992,1
2025-10-10,964.9404296875,970.1541847807785,962.1859386567032,963.0713193511868,13757080.0,0.3889109053228923,0.00388156601941051,958.8623831612723,1.0063388100659336,1.0082813994717066,948.0132446289064,947.4579060872396,1,0.6818358309097101,0.6578744592189771,4,10,4,0,1,20165041.0,0.682224251366511,0
2025-10-13,961.1038818359376,965.0388004923792,956.1852335153852,958.4477997344204,18634254.0,-0.39759426940011444,-0.00398386776755449,960.5136457170759,1.000614500503448,1.0092592592592589,948.9126543317524,948.2907979329427,1,0.5592942296544929,0.6639207621900671,0,10,4,1,0,19205529.85714286,0.9702546161760598,1
2025-10-14,961.25146484375,964.4977607253468,951.2665847409552,954.2177737318784,22934382.0,0.015355572961639474,0.00015354394114212212,962.2000383649554,0.9990141618339391,1.0139090095212318,950.3144705636162,949.1614013671875,1,0.5579620166286686,0.621501879999395,1,10,4,0,0,18673542.14285714,1.2281752344866548,1
2025-10-15,962.3335571289062,968.8753835018975,957.5132576917448,959.1364356766506,23310447.0,0.11257119752032807,0.0011250788365876566,962.8745989118304,0.9994380973560466,1.011866285629865,952.2257167271207,950.2680969238281,1,0.47034520549412157,0.5788063509633948,2,10,4,0,0,19354651.285714287,1.204384757745829,1
2025-10-16,978.1715698242188,980.384961573746,965.5306676270898,966.6619807603524,22936566.0,1.6457924155284243,0.01632396036707134,964.5399082728794,1.0141328123745013,1.0153845905103795,955.3525739397322,951.5764567057291,1,0.706679837894689,0.685207890929706,3,10,4,0,0,18983341.285714287,1.2082470443314777,1
2025-10-17,986.2381591796876,992.5832274986776,969.9574453059424,977.7781081157632,25210511.0,0.8246599680788558,0.00821278226953513,967.8916102818081,1.018955168846373,1.0233265720081137,959.3928920200893,952.9307250976562,1,0.6948310323227138,0.651912587865428,4,10,4,0,1,20307741.42857143,1.2414236752360237,1
2025-10-20,986.6316528320312,1003.4042311581684,980.77844947519,980.77844947519,22195202.0,0.039898441231578374,0.00039890483920006654,971.5243879045759,1.01555006247454,1.0230692076228687,963.0924203055246,954.227608235677,1,0.673882519228887,0.6584876254511357,0,10,4,1,0,21282634.57142857,1.0428784991589588,1
2025-10-21,991.3043823242188,993.5669485153896,987.664570603417,989.632029907408,3471600.0,0.47360425532414485,0.004724862788373615,975.2906668526786,1.01641942860298,1.0059760956175299,967.0765250069754,955.5949930826823,1,0.674919662314381,0.6524538190704774,1,10,4,0,0,19813280.285714287,0.1752158123207434,1
2025-10-23,992.386474609375,1003.8961237048558,989.6320435542232,999.469340209832,43526526.0,0.10915842847574186,0.0010909889398387712,979.7596086774554,1.0128877183954992,1.01441351888668,970.1366271972656,957.026318359375,1,0.5996187724279058,0.5764630965739433,3,10,4,0,0,23369319.14285714,1.8625500269785964,0
2025-10-24,978.5650634765624,995.4852253636408,975.1711841959708,994.5506701933195,17707768.0,-1.3927448112644902,-0.014025345050669748,982.2329799107143,0.9962657368372162,1.0208312566007771,972.2165091378348,957.9723368326823,1,0.9228018651989237,0.7338131496360282,4,10,4,0,1,22622660.0,0.7827447347040534,1
2025-10-27,986.6316528320312,992.6323796093756,979.9914777728962,980.286584655995,15700796.0,0.8243283616534036,0.008209493322457349,985.7041364397321,1.0009409683474082,1.012898991596546,974.2893676757812,959.124940999349,1,0.9429718535573279,0.7314748829774287,0,10,4,1,0,21535567.0,0.7290635068953606,1
2025-10-28,987.2218627929688,991.5994716753509,978.8109864255694,981.4178939740924,33904289.0,0.059820699978896386,0.0005980281453061134,986.9970354352679,1.0002277892938165,1.013065326633166,975.7684718540737,960.3136128743489,1,0.7544114602121608,0.7025580483611124,1,10,4,0,0,23102384.57142857,1.4675666442645265,1
2025-10-29,991.451904296875,996.0262711888014,983.729650556841,988.5499498614066,17769445.0,0.4284793179051949,0.004275639590931182,987.7418561662946,1.0037560908322547,1.0125,977.8167332240513,961.6514851888021,1,0.7073643757148068,0.6879383195519996,2,10,4,0,0,22039375.14285714,0.806259019814316,0
2025-10-30,981.9097900390624,993.0750977302372,980.876825856188,983.7296659041476,19962917.0,-0.962438441689184,-0.009670998131246436,987.0673043387277,0.994774911217305,1.0124360893768711,979.2958461216518,962.6778442382813,1,0.8102192543773062,0.7516737046649307,3,10,4,0,0,21720477.285714287,0.919082796266625,0
2025-10-31,971.2362670898438,988.1072545286754,965.1863657946756,977.8272677237644,23221330.0,-1.0870166544315718,-0.010929678467287655,984.2004307338169,0.9868277200058659,1.0237476300394361,979.7455487932477,963.3598958333333,1,0.8507921989988638,0.8170032332018253,4,10,4,0,1,24541867.285714287,0.9461924689616846,1
2025-11-03,976.499267578125,978.3683179002892,967.3013592642496,968.9737116887808,16607180.0,0.5418867341157929,0.005404238104990927,981.9308297293527,0.9944684880168955,1.0114410659408741,980.845219203404,963.8763529459635,1,0.8988748939042467,0.8160323859186247,0,11,4,1,0,20696246.42857143,0.80242473229704,0
2025-11-04,969.2196655273438,980.7784892471572,967.6948965344257,970.9411924643372,20024544.0,-0.7454795197989084,-0.007482721057986358,980.5957728794643,0.9883987799389393,1.0135203696532733,981.4143763950893,964.4780680338541,1,0.7850289734627405,0.8480067928906545,1,11,4,0,0,21027214.42857143,0.9523155845498481,0
2025-11-06,968.6294555664062,974.9252895070432,958.1527104344484,965.0388182096444,22279516.0,-0.060895376139147306,-0.0006091392490393192,978.0240304129464,0.9903943312695768,1.0175051209373396,981.8640834263393,965.1486450195313,1,0.6673350186468983,0.8484832750714105,3,11,4,0,0,21967031.57142857,1.0142251549807877,0
2025-11-07,966.317626953125,968.8753600783504,958.8904800750938,964.0550607577244,15004568.0,-0.23867007140820906,-0.002389553424178803,975.0377110072544,0.9910566699567741,1.0104129514378686,981.0173732212612,965.9716979980469,1,0.652811416070712,0.714782133537283,4,11,4,0,1,19267071.42857143,0.7787674455677525,1
2025-11-10,968.4818725585938,974.8269410200376,964.2518469316628,966.3176552483678,15988262.0,0.22396834592501857,0.002237179106858712,971.7562779017857,0.9966304253261301,1.0109671494247334,979.7490670340402,967.0685567220052,1,0.6182572316113254,0.6727941767432514,0,11,4,1,0,19012616.714285713,0.8409290651710624,1
2025-11-11,975.564697265625,977.3353986115102,962.0875891716728,967.498102198712,10200530.0,0.7313327082023147,0.007286714378353791,970.849836077009,1.0048564268266942,1.0158486707566463,978.9585702078683,968.4408610026042,1,0.6606923730003397,0.7103632577232402,1,11,4,0,0,17617990.0,0.57898375467349,0
2025-11-12,973.4005126953124,982.7459446009268,971.629811290036,982.549186657653,13137263.0,-0.22183916416599336,-0.002220855917558404,971.1590140206473,1.0023080655611538,1.011440708366216,977.6797223772321,969.8984212239583,1,0.5060792841504497,0.6929102068469181,2,11,4,0,0,16177409.0,0.8120746035412717,0
2025-11-13,970.596923828125,973.9907432290496,966.6127705451346,967.990016129637,14124839.0,-0.28802007299383314,-0.00288435648959355,970.3158220563616,1.000289701317214,1.007632811099479,976.1233258928571,971.0903767903645,0,0.46228208000552956,0.6905861987969377,3,11,4,0,0,15822788.857142856,0.8926895964755067,1
2025-11-14,973.4988403320312,975.5155341538172,960.169315545859,960.169315545859,21386965.0,0.2989826603262635,0.0029853659605243695,970.9271327427456,1.002648713278844,1.0159828254866006,975.761452811105,972.3561075846354,0,0.3739359221115802,0.5995936165210703,4,11,4,0,1,16017420.42857143,1.3352315433920012,1
2025-11-17,980.3357543945312,981.7129998984626,969.5639028977658,975.121999344663,18396408.0,0.7023032569990706,0.0069984859376059005,972.5994611467634,1.007954243814454,1.0125304757782199,975.311745779855,973.3824645996094,0,0.4374690918795258,0.5868870231216209,0,11,4,1,0,15462690.714285715,1.1897287697156016,0
2025-11-18,976.302490234375,982.7459073482096,973.8923406153428,981.4178963551165,20002640.0,-0.41141661334664903,-0.00412265259943847,974.0258701869419,1.0023373301645429,1.009090909090909,974.5317905970982,974.277657063802,0,0.46831924534792435,0.5939386555250573,1,11,4,0,0,16176701.0,1.2365092239758897,1
2025-11-19,978.41748046875,980.3357652840727,967.9899702531848,973.8923481205824,19813847.0,0.2166326784506456,0.002163983681978141,975.4452427455357,1.0030470574799755,1.012754052635131,973.6007603236607,974.9711853027344,1,0.46812883146489565,0.5826397666099572,2,11,4,0,0,16723213.142857144,1.1848110067569722,1
2025-11-20,992.4356689453124,995.1409255797436,976.3025381325072,979.106143718625,19850865.0,1.43274100845443,0.014225742681081564,977.8553815569196,1.014910474149233,1.0192956452651152,974.3526088169641,975.8352274576823,1,0.6527475548546178,0.6548533584532594,3,11,4,0,0,18101832.42857143,1.0966218518666622,0
2025-11-21,981.8114013671876,991.8946306513916,980.3358068377918,986.7792242744008,17499897.0,-1.0705245599863855,-0.010762959001864306,979.0569370814732,1.0028133851887362,1.0117906779829704,975.1079755510602,976.4697326660156,1,0.8134017875703098,0.6526070494322289,4,11,4,0,1,18725065.85714286,0.9345706516340232,1
2025-11-24,982.8934936523438,994.9933562138264,977.4337461176168,983.7296398293618,32204053.0,0.11021386425633661,0.0011015317336605542,980.8135899135044,1.0021205902530599,1.0179650131438132,975.5647059849331,977.1927754720052,1,0.7933120171150402,0.6391313832996198,0,11,4,1,0,21307810.714285713,1.511373150053795,0
2025-11-25,973.6956176757812,989.7303993265384,972.3184321597588,987.6645910314578,24989383.0,-0.9357957943524453,-0.00940201872670022,980.8417009626116,0.9927143357793443,1.0179076798205948,975.8844168526786,977.4846150716146,1,0.8940334817127764,0.6590326561940616,1,11,4,0,0,21822441.85714286,1.1451231334966554,1
2025-11-26,987.5662231445312,990.566586579224,965.3338969506472,965.3338969506472,19494356.0,1.4245319807291823,0.01414480865679182,981.8746250697544,1.0057966647975778,1.0261388206798532,977.237043108259,978.3666931152344,1,1.0204744952833245,0.7550047618297525,2,11,4,0,0,21979291.57142857,0.8869419624671252,1
2025-11-27,993.0750732421876,1000.2562876177888,984.713371288192,985.795449877166,25536848.0,0.5578208294847897,0.005562707707909698,984.2707083565848,1.0089450644125164,1.0157842035893792,979.1482892717634,979.427480061849,1,1.0036330762638606,0.7542007740968971,3,11,4,0,0,22769892.714285713,1.1215181520806339,0
2025-11-28,991.2059936523438,995.583602701878,987.8613487922536,990.615779865885,15988807.0,-0.18821130851081058,-0.0018838864854500168,986.097638811384,1.005180374275226,1.0078171434878644,980.7714407784598,980.3898946126302,1,1.0173097250725904,0.7611191776382741,4,11,4,0,1,22223458.42857143,0.7194562921603644,0
2025-12-01,985.7954711914062,1000.944932017152,983.04104014366,1000.944932017152,16746566.0,-0.5458524762346428,-0.005473476944698148,985.1490391322544,1.0006561769168665,1.0182127613623086,981.5022103445871,980.6440246582031,1,0.880129258231894,0.7649982535492703,0,12,4,1,0,21779987.14285714,0.7688969644544589,0
2025-12-02,973.6956176757812,978.2208101938114,968.973727256958,971.9249162739844,27316662.0,-1.2274202782653676,-0.012350152934553141,983.9896414620536,0.9895384835850741,1.0095431719939723,981.5232892717634,980.2259399414063,1,0.9106541810398182,0.8388812098158763,1,12,4,0,0,23182382.14285714,1.178337145495494,1
2025-12-03,984.2214965820312,985.992197910792,969.957416921422,969.957416921422,15448777.0,1.081023547315052,0.010752222591783489,984.1793561662946,1.0000428178212362,1.0165314277819157,982.4964730398996,980.1456013997396,1,1.018232040748457,0.8807907315049088,2,12,4,0,0,20788771.285714287,0.7431308367231956,0
2025-12-04,980.9752197265624,988.3531921071142,976.8435431850352,983.7296507402166,14528169.0,-0.32983193993856297,-0.0033037708451893522,985.2192993164062,0.9956922488294854,1.0117824896344725,983.030500139509,979.8012959798177,1,0.9462770505068462,0.8860570833550483,3,12,4,0,0,19294312.14285714,0.7529767784636161,1
2025-12-05,986.9759521484376,991.5994935414244,974.0891176678616,975.8598190407668,12843366.0,0.6117109077992788,0.006098475516664647,985.1349748883929,1.0018687563704185,1.0179761538815726,983.5047999790737,979.6209452311198,1,0.7960796594267343,0.8813102319262557,4,12,4,0,1,18344170.714285713,0.7001333666175542,0
2025-12-08,986.7791748046876,990.123879587144,981.2703128546212,983.7296369469886,12901022.0,-0.019937400026992513,-0.000199393877908017,984.2355608258929,1.0025843548841706,1.0090225563909772,984.2531345912388,979.8947489420573,1,0.7568878685982516,0.871638889592611,0,12,4,1,0,16539052.714285715,0.7800339126349515,0
2025-12-09,980.8768310546876,986.4841021884776,977.82729309106,978.7126738119038,15294322.0,-0.5981423099213901,-0.005999383465204779,982.7599661690848,0.9980838300508538,1.008853106431558,984.4288024902344,979.7029215494791,1,0.7813638837541165,0.888830659163312,1,12,4,0,0,16439840.57142857,0.9303205790560152,0
2025-12-10,973.6956176757812,982.2540778335764,969.268834150242,981.2703481612342,15322830.0,-0.732121827282306,-0.007348149920145996,981.0314156668527,0.9925223617980827,1.0133969474988005,983.0902273995537,979.2520467122396,1,0.8001597789827649,0.8091902242824616,2,12,4,0,0,16236449.714285715,0.9437303271119756,1
2025-12-11,984.0247802734376,986.3857555063868,972.4167821359742,973.892376646044,11844809.0,1.060820487444758,0.010552332657722242,982.5070103236607,1.0015447929977386,1.0143652121467184,983.2483258928571,979.0044759114584,1,0.7644682221336206,0.8196715778996196,3,12,4,0,0,14026185.0,0.8444783096757956,1
2025-12-12,985.2052612304688,988.3532081724248,981.9589653386772,986.6808557305644,11988618.0,0.1199645558420892,0.001198926558660436,982.6475481305804,1.0026028794400945,1.0065117210183445,983.4134521484375,979.1143249511719,1,0.6474408863191486,0.819758998944766,4,12,4,0,1,13531876.57142857,0.8859538391972158,0
2025-12-15,979.89306640625,985.5003373398883,975.8597989154724,975.8597989154724,9790060.0,-0.5391967575958834,-0.0054065566994817155,982.4929547991071,0.9973537841872986,1.0098790199525896,983.8561270577567,979.4028849283854,1,0.6705082194920629,0.790523906762758,0,12,4,1,0,12855003.857142856,0.7615758119403576,0
2025-12-16,978.1223754882812,982.4508099496376,973.9906989646398,973.9906989646398,20049088.0,-0.1807024642456856,-0.0018086592810043257,981.2281581333706,0.9968348007348284,1.008686028515458,983.1815665108817,979.4569885253907,1,0.6115974999948097,0.6849030130285395,1,12,4,0,0,13884392.714285715,1.4440017948621837,0
2025-12-17,967.989990234375,979.7947462128428,964.8420432983648,979.7947462128428,19080922.0,-1.0359015914392256,-0.010413043961905259,978.5439889090402,0.9892145894366674,1.0154975656568213,981.3897748674665,979.4159993489583,0,0.6965871950368875,0.7053065848213046,2,12,4,0,0,14767235.57142857,1.292111980452014,0
2025-12-18,963.7599487304688,971.334679033018,957.464054962666,957.464054962666,14912404.0,-0.43699227745961355,-0.00437949879495336,976.0987200055804,0.9873590949130217,1.0144868353004572,979.4293430873325,979.2536824544271,0,0.6866106360138197,0.7086480986256668,3,12,4,0,0,14712675.857142856,1.0135752425185238,1
2025-12-19,969.465576171875,971.9249003123414,962.7762265182248,970.9411706561548,25952384.0,0.5920174882679152,0.005902719506065423,975.4944283621652,0.9938196959254677,1.009502388553155,978.262922014509,979.3586140950521,0,0.7132622615178075,0.7306007114538606,4,12,4,0,1,16231183.57142857,1.5989212299763194,1
2025-12-22,971.6298217773438,976.745228147207,967.8916609831688,971.9249286743926,13540411.0,0.2232410988758149,0.0022299228616735464,973.7237200055804,0.9978495971853036,1.0091472708371563,978.1153651646206,979.463545735677,0,0.544093687736415,0.6604683398511434,0,12,4,1,0,16473412.42857143,0.8219554423657577,1
2025-12-23,980.3849487304688,982.647574967353,971.6297908389564,974.3842218605324,17927849.0,0.9010763931792232,0.008970409235077708,973.0351039341518,1.007553524807687,1.0113394877681583,977.841326032366,979.6242207845052,0,0.6791257259253398,0.6389367434060379,1,12,4,0,0,17321874.0,1.0349832241015031,1
2025-12-24,980.9752197265624,983.1394369666097,976.8435431850352,976.8435431850352,13699996.0,0.06020808426914215,0.0006018996647397218,973.189697265625,1.0080000050173286,1.0064451403968402,977.841326032366,979.8767110188802,0,0.6468427550518181,0.6331468011904166,2,12,4,0,0,17880436.285714287,0.7662003197844628,0
2025-12-26,975.9581909179688,980.9752483081762,971.6298163538564,979.7947606844748,9360853.0,-0.5114327770677107,-0.005127450707404752,972.8805280412946,1.0031634540809142,1.0096183050345136,977.0543430873325,980.055419921875,0,0.6751956631097854,0.6209683311576745,4,12,4,0,1,16353545.57142857,0.5724051068383869,0
2025-12-29,975.564697265625,981.1719682293384,971.1379138798658,976.9418827381612,13545749.0,-0.04031869971536928,-0.00040326829888496466,973.962629045759,1.0016448970135905,1.0103322650738502,976.2533089773996,980.1242818196614,0,0.5133834175248738,0.6208446965693523,0,12,4,1,0,15562806.57142857,0.8703924281156559,0
2025-12-30,974.7777709960938,978.8110386964976,966.219310709625,974.0891482066822,33155849.0,-0.08066366810288716,-0.0008069621874518475,975.536603655134,0.999222138199431,1.0130319564588548,975.8176618303571,979.9390157063802,0,0.4652197662099636,0.6027527292720547,1,12,4,0,0,18169013.0,1.8248569143519244,1
2025-12-31,975.0728759765624,981.368709936572,971.531413084593,974.8761180311038,10963454.0,0.0302740777692323,0.000302694960949915,976.337646484375,0.9987045767287916,1.0101255571559398,975.91603742327,979.8980285644532,0,0.42574628511975404,0.5691955178367535,2,12,4,0,0,16027737.285714285,0.6840300539348033,0
2026-01-01,975.023681640625,981.3195154723956,973.4005036762728,977.3354223369146,7132074.0,-0.0050451958155561805,-5.0453230898411095e-05,976.8224836077009,0.9981585170312293,1.0081354095937025,975.2731018066406,979.784901936849,0,0.42195756957117786,0.4827844450850733,3,1,1,0,0,15112260.57142857,0.4719395861585386,1
2026-01-02,985.3035888671876,986.8775923251652,972.7118614138294,975.0236621058956,11751459.0,1.0543238508079256,0.010488046167362102,977.525146484375,1.0079572811101458,1.0145631316664998,975.2801252092634,979.5471659342448,0,0.47418176966111875,0.5674161528568353,4,1,1,0,1,14229919.142857144,0.8258275315569005,0
2026-01-05,961.5957641601562,990.0255759869466,960.4152765333308,989.3861276768052,27647379.0,-2.406144154441625,-0.024355646952696024,974.7566528320312,0.9864982827933129,1.0308307251843136,973.9731750488281,978.8733113606771,0,1.0506761584978876,0.8523074964833011,0,1,1,1,0,16222402.42857143,1.7042715542123728,0
2026-01-06,946.544677734375,950.9714611429872,940.445541918535,947.036542557554,31988783.0,-1.5652197094406572,-0.015775986144139123,970.5547223772321,0.9752615240652809,1.011192481388108,971.7176252092634,977.6616841634115,0,1.1592678643544088,0.9348283572882665,1,1,1,0,0,19454963.85714286,1.644247876012135,0
2026-01-07,933.608642578125,940.888266240862,930.6082790568151,940.4455758755976,52884712.0,-1.3666586966833316,-0.013760834445883531,964.5610002790179,0.9679104196707732,1.0110465245317457,969.2618146623884,976.3254516601562,0,1.1927922538682931,0.9605858306354291,2,1,1,0,0,25074815.714285713,2.1090767965193993,0
2026-01-08,931.296875,937.4943598087852,926.083119844739,929.3294156929512,21928849.0,-0.2476163429401379,-0.002479234192253767,958.3494437081473,0.9717717071932837,1.0123220472542025,966.9430236816406,974.4498067220052,0,1.181832300729603,0.9591379737035455,3,1,1,0,0,23470958.57142857,0.9342971201310117,0
2026-01-09,923.72216796875,935.1334082207486,918.1148967937476,929.6245460388378,38183839.0,-0.8133504186030871,-0.008166761586769525,951.0136282784598,0.9713027663345758,1.0185363634621694,963.6756373814175,972.1380432128906,0,1.1440563141517441,0.9386693648295173,4,1,1,0,1,27359585.0,1.3956293196698708,0
2026-01-12,921.7055053710938,926.6733280832916,914.475056435634,922.246544668881,21071666.0,-0.21831917297068237,-0.0021855783670618194,943.396745954241,0.9770072976442093,1.0133390971812868,960.109614780971,969.8213602701823,0,1.1231163534089992,0.925596648672256,0,1,1,1,0,29350955.285714287,0.7179209601486468,1
2026-01-13,922.0989990234376,932.2806373194226,917.4262830054704,932.2806373194226,32042827.0,0.04269190647672172,0.00042682796075172477,934.3675188337054,0.9868697064452951,1.0161913328505148,955.9463326590402,967.69814453125,0,0.8854804453101818,0.8609469707027531,1,1,1,0,0,32249722.14285714,0.9935845914597138,0
2026-01-14,910.3926391601562,924.7550683892156,905.2280583696796,914.8685971701506,36688248.0,-1.2695339519595117,-0.012776613946010143,927.0527866908482,0.9820289116543611,1.0215713707048633,950.9047197614398,965.5880452473958,0,0.6425424420544467,0.875531420583729,2,1,1,0,0,33541274.85714286,1.0938238977576302,0
2026-01-15,910.3926391601562,910.3926391601562,910.3926391601562,910.3926391601562,0.0,0.0,0.0,921.8882097516741,0.9875304071904614,1.0,946.2214660644531,963.1270833333333,0,0.5928984658519468,0.8868878676011374,3,1,1,0,0,28971448.714285713,0.0,1
2026-01-16,915.95068359375,920.7218085803552,904.2443363942556,906.9987674975428,37780235.0,0.6105106955523132,0.006086546294957257,919.3656441824777,0.9962855251223094,1.018222367033898,941.9633222307477,960.9595987955729,0,0.6114791547499134,0.9284579598753026,4,1,1,0,1,26813666.285714287,1.4089917655210191,0
2026-01-19,912.8027954101562,920.9185652819042,904.5394420693568,920.6726328615482,38191942.0,-0.3436744182823248,-0.003442663353787753,916.7236328125,0.9957229886281925,1.0181076937618951,937.5365382603237,958.4871602376302,0,0.6119497664349648,0.9231572391039398,0,1,1,1,0,29136965.285714287,1.3107728147215565,1
2026-01-20,916.049072265625,919.2953681382724,904.637772173591,914.1799618930222,36022727.0,0.3556383560383569,0.0035500745820425173,915.6274762834821,1.0004604448785812,1.0162027238034328,933.320552280971,956.1294901529948,0,0.6030241521298757,0.9404937830704911,1,1,1,0,0,28828235.0,1.2495640818801428,0
2026-01-21,905.3755493164062,916.9836070913004,900.6044845836736,909.9499161549952,32766854.0,-1.1651693421642073,-0.01172010633821507,913.2946254185268,0.9913291112399883,1.018186809846054,928.345685686384,953.6127807617188,0,0.7235502518671365,0.9501970095215176,2,1,1,0,0,30498976.14285714,1.0743591472225207,0
2026-01-22,903.75244140625,913.1962220288154,898.3419283315923,912.9011151422528,44444755.0,-0.1792745464997081,-0.0017943543563241806,910.6736886160714,0.9923998603491669,1.0165352336663287,922.5206037248884,951.2813415527344,0,0.7132327687610522,0.8438470344316868,3,1,1,0,0,32270680.14285714,1.3772487844461343,0
2026-01-23,901.1947021484376,911.0319985807624,894.4561781091321,905.0312717738811,30985247.0,-0.28301326122367465,-0.0028341450097376553,909.3596976143974,0.9910211597375826,1.0185317300917651,918.2062421526227,948.5203389485677,0,0.5690467548018433,0.6693132471160493,4,1,1,0,1,31455965.714285713,0.9850356298528156,1
2026-01-27,911.3272094726562,916.0490999795524,890.2753700750383,891.2590997657288,44753093.0,1.1243416433832643,0.01118067904436115,909.4932076590402,1.0020165096321463,1.0289502897315261,915.6907087053571,946.0577372233073,0,0.7471365808573743,0.7123538125044875,1,1,1,0,0,37849264.71428572,1.1824032339288357,1
2026-01-28,917.524658203125,926.1322926560076,913.294632708984,917.3279002643548,35347138.0,0.6800464932957384,0.006777446071683697,909.7180611746652,1.0085813367477607,1.0140564276710409,914.5418526785714,943.9787902832031,0,0.7567426078952517,0.6787866768203674,2,1,1,0,0,37501679.428571425,0.9425481348728627,1
2026-01-29,920.2791137695312,924.0172745375144,909.310503842987,914.9669494914904,37175628.0,0.30020507261359075,0.0029975535700671337,910.7861066545759,1.0104228721162911,1.016173540976787,913.7548697335379,942.0506815592448,0,0.7431903341701255,0.6867262888935542,3,1,1,0,0,37356491.71428572,0.9951584395111559,0
2026-01-30,914.1307983398438,923.6238136980638,912.6552038308206,914.8685955943554,29691233.0,-0.6680924664804744,-0.0067033419432125435,910.5120675223214,1.003974390836323,1.0120183502172595,913.0697719029018,940.2553751627604,0,0.7882178490830987,0.6758504024184673,4,1,1,0,1,36451992.571428575,0.8145297665640445,0
2026-02-02,912.9994506835938,914.6718030723492,894.5053455447564,900.1126164754811,28032106.0,-0.12376212007129128,-0.001238387686308956,911.6011962890625,1.001533844405013,1.022544814995277,912.4479108537946,938.5633585611979,0,0.6174284204803744,0.6747516102227294,0,2,1,1,0,35775600.0,0.7835537628998536,1
2026-02-03,933.2643432617188,977.8272849855384,929.6245315003356,967.7440559401642,50336968.0,2.219595265139751,0.021953207895365222,915.8171822684152,1.0190509212221681,1.051851851851852,913.2454354422433,937.3566507975261,0,0.9812234635236446,0.9110803686888397,1,2,1,0,0,36617344.71428572,1.3746755367644605,1
2026-02-04,937.5927124023438,941.62604002273,932.5265406922532,937.0024986247718,24366770.0,0.46378811875502635,0.004627159354871773,921.0168980189732,1.0179972967043533,1.0097578984976898,915.1882978166852,936.222080485026,0,0.9254560294139407,0.8259354485478524,2,2,1,0,0,35671848.0,0.6830812353764234,0
2026-02-05,934.248046875,940.4947060438036,931.2968579683982,940.4455315704454,28103169.0,-0.35672904482948464,-0.00357366840139119,924.2913033621652,1.0107723003306603,1.0098763868864225,916.8922555106027,934.6841837565104,0,0.94688688594046,0.8384417784198435,3,2,1,0,0,33293287.42857143,0.8441091634550512,0
2026-02-06,925.7879638671876,932.674071523322,922.3449100391202,929.6245335781572,18120272.0,-0.9055499806620793,-0.009096750061614246,925.4717755998884,1.0003416509024214,1.0111988057523553,917.5949183872768,932.8446085611979,0,1.0422215296412654,0.8767283610697774,4,2,1,0,1,30832306.57142857,0.5877040680696768,0
2026-02-09,922.0006103515624,934.5431633331388,920.1315000080592,929.6245151050696,23947829.0,-0.40909513446305557,-0.004099342178229241,925.7177036830357,0.9959846362269139,1.0156626127080242,918.2519051688058,931.0460225423177,0,1.0575977783803423,0.8793300316122735,0,2,1,1,0,28942621.0,0.8274243372775396,0
2026-02-10,917.2295532226562,925.5912552799808,914.8194035624206,914.868578036692,31525385.0,-0.5174678926825105,-0.00518811394580435,926.160382952009,0.9903571455940634,1.0117748395755635,918.3362252371652,929.1015177408855,0,1.0424161234878502,0.8888216736155609,1,2,1,0,0,29204642.714285713,1.0794648408617262,0
2026-02-11,912.0157470703124,920.7709650928404,910.245045684322,916.098249190927,24869804.0,-0.5684298040796176,-0.005700515147348551,926.0198538643973,0.9848770987623602,1.0115638304854546,918.81052507673,927.0094502766927,0,1.0682105988293216,0.841005772477512,2,2,1,0,0,28752885.285714287,0.8649498564360226,0
2026-02-12,905.6215209960938,913.4913584500406,903.5557126812706,911.9174149760892,33872203.0,-0.7011091743491238,-0.007035784932371021,922.0708792550223,0.9821604188690801,1.0109961628589412,918.9440307617188,924.694405110677,0,0.4341832078245964,0.8634739378388593,3,2,1,0,0,26400776.0,1.28300027999177,0
2026-02-13,889.1932373046875,913.097855324917,886.3403973585059,898.1451529282086,50188359.0,-1.814034153399624,-0.01830689482658746,915.1566685267857,0.9716295229931571,1.0301886927935975,918.0867832728794,921.8333902994792,0,0.5027590708964,0.9919499264701445,4,2,1,0,1,30089574.42857143,1.667965066077633,1
2026-02-16,910.7368774414062,914.3766890728148,887.4224732532938,889.1932346170704,18806989.0,2.4228299578640033,0.02393945057518973,911.7979300362723,0.9988363073002109,1.0303736006602433,918.0446166992188,919.3478332519531,0,1.3129408682596913,1.1606966726377341,0,2,1,1,0,28761548.714285713,0.6538934737773237,0
2026-02-17,910.6385498046876,912.9994649414832,903.6540332583628,907.9824677389612,22599629.0,-0.010796492285991555,-0.00010797075149172858,909.6337280273438,1.0011046443710074,1.0103418247904268,917.552751813616,917.6492594401042,0,1.293953398464357,1.1442018205128055,1,2,1,0,0,29401456.85714286,0.7686567747240591,0
2026-02-18,909.6548461914062,910.4418179261976,904.5886143276532,908.1792516728872,12738702.0,-0.1080234977414829,-0.0010808188517368942,907.8700474330357,1.0019659187605285,1.0064705696112424,916.7938755580357,916.4195983886718,0,1.2919444654557712,1.1398454485882126,2,2,1,0,0,27800153.0,0.4582241687662654,0
2026-02-19,900.702880859375,914.0816406792112,897.6041683586819,913.8848827326366,21209234.0,-0.9841057154273192,-0.009889800410988185,905.5090942382812,0.9946922527785883,1.0183571700103167,915.834738595145,915.3227396647136,0,1.3235923339849607,1.1554748419835295,3,2,1,0,0,26326417.14285714,0.8056255389751913,0
2026-02-20,897.0138549804688,902.9162328649714,893.6200357305538,896.1777087970013,22654907.0,-0.4095718973815776,-0.004104129403130474,903.365966796875,0.9929683959216116,1.0104028521773438,914.6929103306362,914.1799723307291,0,1.318614230504117,1.1584576307713113,4,2,1,0,1,26010003.285714287,0.8710074639799436,1
2026-02-23,908.5726928710938,910.589386714232,900.3585742006053,901.5882362795462,23270122.0,1.2885907866915458,0.012803590954059018,903.7875627790179,1.005294529698287,1.0113630422442639,912.92922101702,913.674989827474,0,1.4111536166121728,1.033850009521073,0,2,1,1,0,24495420.285714287,0.9499784746935377,0
2026-02-24,895.6858520507812,912.8519465614362,894.3578410316289,912.8519465614362,31313985.0,-1.4183610096832222,-0.014285158856812093,904.7150791713169,0.9900198113987377,1.0206786419052072,909.9358738490513,912.8076680501302,0,1.329365663680437,1.0647107472076307,1,2,1,0,0,21799081.14285714,1.4364818771391465,0
2026-02-25,892.8330078125,901.0963609031212,888.4062243801156,895.7350222932594,27884303.0,-0.3185094675492883,-0.003190177886079909,902.1573835100446,0.9896643580510686,1.0142841598525045,906.9776567731585,911.8321350097656,0,0.8536613222098537,1.0646606630017785,2,2,1,0,0,23095840.285714287,1.207330092997204,0
2026-02-26,883.9794311523438,897.1614323550999,880.4380284625158,897.1614323550999,41165937.0,-0.9916273908654127,-0.009965767620055025,898.3489379882812,0.9840045374037889,1.0189944134078213,903.9913330078125,910.9516947428385,0,0.8821109488212845,1.0685554524236944,3,2,1,0,0,25748170.0,1.5987907878501657,0
2026-02-27,873.3060302734375,884.3238147843207,870.6007736322075,883.9794733683615,34620755.0,-1.2074263837782429,-0.012147749887076642,893.15625,0.9777751992145132,1.0157627256576625,900.5131487165179,909.7154744466146,0,0.9145358240926883,1.0944191933697685,4,2,1,0,1,28874177.57142857,1.199021337122265,0
2026-03-02,865.0918579101562,873.3059762779105,857.3695443137591,861.9439110956672,38378924.0,-0.9405834929033241,-0.009450349143180468,888.0689610072544,0.9741268931738845,1.0185875881291153,896.7890276227679,908.0201802571614,0,0.9114518586641145,1.1042669710599866,0,3,1,1,0,31326990.42857143,1.2251072788976543,0
2026-03-04,854.5167846679688,864.993469417403,834.202743374385,834.202743374385,39862322.0,-1.22242200588204,-0.012299550369187607,881.9979509626116,0.9688421427003884,1.0369103629634064,892.6819588797433,906.0773132324218,0,0.9388162475325985,1.125052971368994,2,3,1,0,0,33785192.571428575,1.1798755302555453,1
2026-03-05,863.4686889648438,867.0593261570968,849.4505416361635,859.6321193633155,31324582.0,1.0475984155599027,0.010421491280846561,875.5545218331473,0.9861963674826332,1.0207296171558338,889.6710423060825,904.3246337890625,0,0.8549599826750337,1.19114550080417,3,3,1,0,0,34935829.71428572,0.8966319751435865,0
2026-03-06,843.10546875,857.5171318697022,841.1871839599715,853.9264946975441,34439647.0,-2.358304415097656,-0.023865574935064714,868.0430385044643,0.9712715053882249,1.0194129775406893,886.3790588378906,902.248964436849,0,1.0370483938169506,1.2505890908487576,4,3,1,0,1,35382352.85714286,0.973356609128029,0
2026-03-09,827.0215454101562,828.7430723323081,808.1339237415574,811.5769775858611,35592613.0,-1.9077000370653519,-0.019261314210614097,858.6414010184152,0.9631745504342613,1.0255021451089852,880.39939226423,899.6912679036458,0,1.073121063824702,1.0204726252044591,0,3,1,1,0,36483540.0,0.9755800286923911,1
2026-03-10,835.629150390625,842.8595391904452,826.923107096334,836.2193641547399,52866024.0,1.0407957360046627,0.010354167478444453,851.7342180524554,0.981091439887603,1.0192719636896719,875.0415780203683,897.5057495117187,0,1.3429616237742055,1.1085417920596763,1,3,1,0,0,38154981.0,1.385560223447628,0
2026-03-11,820.38134765625,835.0388833093358,814.1346283989498,831.2515482012323,42261076.0,-1.8247092896708117,-0.01841562438422919,844.1735491071429,0.9718159832465052,1.025676656146534,868.6648995535714,894.4742207845052,0,1.3940371827764593,1.1435649076093055,2,3,1,0,0,39246455.428571425,1.0768125564081878,0
2026-03-12,819.2008666992188,822.7915039414563,806.7566625998296,806.7566625998296,46107561.0,-0.14389417316761355,-0.001439978002537935,837.617693219866,0.9780128492154319,1.0198756850547144,862.8433271135602,891.1967610677083,0,1.420607742383363,1.1511704390745434,3,3,1,0,0,40350546.428571425,1.142675008915174,0
2026-03-13,803.7071533203125,810.3965031755142,798.7885048911796,806.6583423777922,41700464.0,-1.8913204329647049,-0.019094346602420296,830.3591744559152,0.9679030208185919,1.014532004671144,856.1785627092634,887.3110290527344,0,1.4777007543325482,1.1928448479228815,4,3,1,0,1,40613138.14285714,1.0267727613984956,1
2026-03-16,826.9231567382812,830.7597265616207,802.3791489072894,803.7071599773169,52182605.0,2.8886147550208685,0.028476806950271483,825.1383841378348,1.0021629979101159,1.035370532363635,850.346452985491,884.4041076660156,0,1.9595836912132205,1.4538474732365105,0,3,1,1,0,43592855.71428572,1.1970448860247382,1
2026-03-17,831.5958251953125,835.0881134427475,821.5125964091002,833.907625869114,38826979.0,0.565066828635219,0.0056347631486199715,823.4941493443081,1.0098381705048605,1.0165250260227134,845.7685939243862,881.6906534830729,0,1.8294705952378252,1.4708617186148811,1,3,1,0,0,44219617.428571425,0.8780487317131987,0
2026-03-18,829.333251953125,833.0222380629118,818.0695356894909,831.5958180920426,23507063.0,-0.2720760703261216,-0.00272446869990493,823.8243931361607,1.0066869333596606,1.0182780334935935,841.2328970772879,878.2262837727865,0,1.669793869760343,1.471400563465261,2,3,1,0,0,42493110.28571428,0.5531970439900422,0
2026-03-19,785.2130126953125,802.3791069663046,757.4718247668609,757.4718247668609,171637393.0,-5.319965062766618,-0.05466703233906636,816.622087751116,0.9615378085813224,1.0592857459922889,834.1781529017857,873.1469604492188,0,2.543845415487836,1.9545342219990256,3,3,1,0,0,59460448.71428572,2.886580856877441,0
2026-03-20,767.7518310546875,780.8354236248008,765.5384393026802,772.2277890336613,103129469.0,-2.2237509259669497,-0.022488490444394726,809.1035853794643,0.9488918908876381,1.0199819937664456,826.6385672433036,867.5970865885416,0,2.5734470320528153,1.9884214909483435,4,3,1,0,1,68155933.42857143,1.5131399984138054,0
2026-03-23,732.04248046875,756.1930326018271,728.9928823726722,750.7333447737776,72341738.0,-4.651157983808685,-0.0476279985755421,796.6523873465402,0.9188982448254621,1.0373119558323065,817.1350402832031,861.1389038085938,0,2.892741774960256,2.2275468311468645,0,3,1,1,0,71903673.0,1.0060923869633196,1
2026-03-24,752.454833984375,760.1770877270425,735.5346719806084,742.7158864237038,61269986.0,2.788411063597618,0.027502427833767513,789.3306274414062,0.9532821961101863,1.0335027248682624,809.8449009486607,855.4873779296875,0,3.313041766244453,2.464542054709659,1,3,1,0,0,74699319.0,0.8202214801985008,1
2026-03-25,769.5717163085938,781.8683373030494,755.7011518436857,755.7011518436857,59230640.0,2.2748052841367272,0.02249317397942538,781.1375645228794,0.9851935833845731,1.0346263670440672,803.1379743303571,850.5654500325521,0,3.2026711824233223,2.55826060286867,2,3,1,0,0,75706181.14285715,0.7823752183224261,0
2026-03-27,743.8963623046875,762.2921184952538,742.2731843894259,760.6197661066401,65485199.0,-3.3363172606009073,-0.03393242036522728,768.6090698242188,0.9678474942727607,1.0269697660198986,796.0516095842634,844.9614705403645,0,3.2289574091025437,2.617108841178046,4,3,1,0,1,79514498.28571428,0.8235630031229813,0
2026-03-30,719.6473999023438,738.7809532430898,714.8271607333363,733.0753333889118,103500135.0,-3.2597232129509712,-0.03314035745356986,752.9396623883929,0.9557836249714312,1.0335099081646246,788.3820277622768,838.7623331705729,0,3.2317633385279816,2.6829370644827124,0,3,1,1,0,90942080.0,1.1380884954467723,1
2026-04-01,730.17333984375,743.6012737142313,727.0745673991486,730.9111370884557,78862761.0,1.4626523965534544,0.01452058809687678,745.0768519810268,0.9799973491356616,1.022730414535336,780.8494698660714,833.461669921875,0,3.0695787517267457,2.7093117152854016,2,4,2,0,0,77688561.14285715,1.0151141923581732,1
2026-04-02,738.6826171875,742.7158847301245,714.8271732077576,718.1226435138951,49310300.0,1.1653777095683715,0.01158639483534907,740.9241071428571,0.996974737447806,1.0390146213905347,775.0138462611607,827.7265279134115,0,3.1099601343191146,2.7504343919960115,3,4,2,0,0,70000108.42857143,0.7044317659924277,1
2026-04-06,758.45556640625,760.1770933079504,732.8785952952741,746.6508105088765,42976659.0,2.6767855041769595,0.02641586356626505,744.6974051339286,1.0184748344461427,1.037248322147651,770.6748962402344,822.6537618001302,0,2.687528652178054,2.8946960696751463,0,4,2,1,0,65805097.14285714,0.6530901231967093,1
2026-04-07,759.4392700195312,761.4067292682865,748.6182441513773,753.5368922732654,51309793.0,0.1296982521919121,0.0012961421666269769,745.6951817103794,1.018431241942086,1.0170827858081473,767.5129045758929,817.6465759277344,0,2.497797404752673,2.8707775500767,1,4,2,0,0,64382212.428571425,0.7969560390134998,1
2026-04-08,802.82177734375,804.4941298279846,783.0488345582994,786.9837533249241,70269512.0,5.712439300525385,0.055552384926165856,750.4451904296875,1.0697940203788538,1.0273869193379006,765.7913774762835,814.3838724772136,0,3.2173887949291546,3.1975718506909683,2,4,2,0,0,65959194.14285714,1.065348249219167,0
2026-04-09,784.72119140625,805.674621946626,780.1959987742106,801.7397031581198,48879392.0,-2.2546206951919445,-0.022804258778951383,756.2773088727679,1.0376103873536517,1.0326566955129808,762.4431893484933,810.6407836914062,0,3.0135307492666343,3.236719967216356,3,4,2,0,0,63586936.0,0.7687017974887168,1
2026-04-10,797.1161499023438,799.0344347920734,787.9674758614352,790.9186649096054,38156026.0,1.5795366089045526,0.015671917540624757,767.3442731584821,1.0387985911738378,1.0140449438202248,760.1419677734375,806.9255655924479,0,2.4229442272890322,3.2783632205498185,4,4,2,0,1,54252063.28571428,0.7033101358570318,0
2026-04-13,781.7699584960938,785.5081191272287,774.5395096022282,778.6220116333144,47549328.0,-1.9252139613693764,-0.019439875504534927,774.7152186802456,1.0091062362604237,1.0141614590205135,759.8960353306362,803.128369140625,0,2.747354967733641,2.9856047618744217,0,4,2,1,0,49778715.71428572,0.955214037118159,1
2026-04-15,796.72265625,801.5428954413671,790.9186273804953,791.8531825431569,39769515.0,1.912672339401622,0.018946107052142572,783.0066528320312,1.0175170969088958,1.0134328206380208,761.9653799874442,799.9246907552083,0,2.7687440837198305,2.9520381283233887,2,4,2,0,0,48415746.428571425,0.8214169548882747,0
2026-04-16,782.5077514648438,806.7074765090769,779.3106301457999,804.6908427624061,62861293.0,-1.7841722804849969,-0.01800280520904854,786.4426792689732,0.9949965484988847,1.035155232462505,765.5700422014509,796.5423014322917,0,2.8621765763282805,2.6674781121438484,3,4,2,0,0,51256408.428571425,1.2264084614434234,1
2026-04-17,786.8853759765625,790.8694690755784,775.3757269911107,777.2447773125524,37282544.0,0.5594352903883548,0.005578762629647865,790.3635515485491,0.9955992712908232,1.0199822377011878,768.0293666294643,793.6616129557292,0,2.8579793466136594,2.586322923396823,4,4,2,0,1,49252515.71428572,0.7569673032800268,0
2026-04-20,782.5077514648438,796.7718311959621,777.146412936798,784.130869340026,52148044.0,-0.5563230230687499,-0.005578762629647836,787.4615478515625,0.9937091577357215,1.0252531800089002,768.953369140625,790.9088094075521,0,1.7261768278071938,2.534489607821243,0,4,2,1,0,46663734.571428575,1.1175283007016197,1
2026-04-21,798.5425415039062,801.6413139109341,782.2618278432276,782.2618278432276,49135752.0,2.0491541469136454,0.020284414619140687,789.4360264369419,1.011535469324938,1.0247736568217034,772.856667654855,789.0430013020833,1,1.7021255290338317,2.3680838758211116,1,4,2,0,0,46700357.428571425,1.0521493775535558,0
2026-04-22,786.8853759765625,799.8213849297669,785.0162656130275,796.8210214869076,23876412.0,-1.4598051977781523,-0.01470565198949276,787.9744873046875,0.9986178342755101,1.0188596338257754,777.6593802315848,786.490224202474,1,1.6977135188105092,2.1883489846899797,2,4,2,0,0,44660412.571428575,0.5346213934278542,0
2026-04-23,771.5883178710938,783.6882404572269,769.7684420568696,779.1138736217773,37677616.0,-1.9440008128864261,-0.019631450239249663,786.5199672154018,0.9810155495515618,1.0180830982927316,780.6175929478237,784.1063191731771,1,1.7009587032552538,2.2799525451452176,3,4,2,0,0,43250168.0,0.8711553675352197,1
2026-04-24,772.0802001953125,774.7854567622786,764.3579463755373,764.6530532653331,27720358.0,0.06374932238164543,0.000637290111328554,782.9996163504464,0.986054378664923,1.0136421822212838,783.0031345912388,782.2749409993489,1,1.4474612642958917,2.271191367171109,4,4,2,0,1,41528859.85714286,0.6674962446683248,1
2026-04-27,776.9496459960938,780.0975928052393,772.227755803421,774.6870798664892,18115375.0,0.6306917078756191,0.006287111707506324,782.2056012834821,0.9932805962028857,1.0101910828025478,784.3241402762277,780.3189575195313,1,1.3584194003735868,2.172958599517189,0,4,2,1,0,35136585.85714286,0.5155701545293239,0
2026-04-28,769.817626953125,781.5732082997206,765.6367759332712,772.2277766082829,35366803.0,-0.9179512571661053,-0.009221903917875435,779.767351422991,0.9872401371361486,1.0208146119248565,785.06545148577,778.6335001627605,1,1.3547636915434111,2.1932804394053185,1,4,2,0,0,34862908.571428575,1.014453596937818,0
2026-04-29,766.3253784179688,777.1464043006358,764.7022005187322,772.7196209849993,25799963.0,-0.4536462160496746,-0.004546783130585717,777.455583844866,0.9856838054055083,1.016273267911956,782.4585658482143,776.8709838867187,1,1.352141462958066,1.4900044101989278,2,4,2,0,0,31098897.0,0.8296102270122313,0
2026-04-30,759.1441650390625,766.1286213727735,749.847908057028,757.4718126650201,47998755.0,-0.9370971627915337,-0.00941515542928,771.8272443498884,0.9835674635695079,1.0217120207188832,780.6316353934152,775.3855509440104,0,0.8795180743415798,1.3972332351222942,3,4,2,0,0,30936468.85714286,1.5515266212716992,0
2026-05-01,759.1441650390625,759.1441650390625,759.1441650390625,759.1441650390625,0.0,0.0,0.0,767.8642142159598,0.9886437614679034,1.0,777.9193507603237,773.1262512207031,0,0.8464451590799138,1.3005328039534365,4,5,2,0,1,27525552.85714286,0.0,1
2026-05-04,766.7189331054688,773.8017387354295,760.0295232783589,760.0295232783589,29028060.0,0.9978036340457797,0.009928584419149563,767.1685878208706,0.9994138775719701,1.0181206322060552,776.8442775181362,770.9636881510417,0,0.7382119577102291,1.260512308405906,0,5,2,1,0,26289902.0,1.104152461275816,0
2026-05-05,759.734375,764.2595672860843,751.2743242683289,761.8002432312857,38887657.0,-0.9109672141757286,-0.009151418931474852,765.4048985072544,0.992591472149821,1.0172842896373464,774.2022574288504,768.6437255859375,0,0.7945794081246604,1.1271348557554013,1,5,2,0,0,27885230.42857143,1.3945610777580448,1
2026-05-06,783.58984375,785.9508189360297,760.9148872376333,762.5380651832903,35530831.0,3.1399749089936924,0.030916859363349022,766.353498186384,1.0224913771574173,1.0329024075074742,774.2795497349331,768.5896199544271,0,1.4995041695639093,1.3795242231039389,2,5,2,0,0,30373152.714285713,1.1698104353615035,0
2026-05-07,783.0979614257812,788.5084744009563,775.7199891869062,781.0813276889071,46137553.0,-0.06277293256695682,-0.0006279264302125718,768.2506888253348,1.0193260778238262,1.0164859554894992,774.0090201241629,769.1011576334636,0,1.4331537006524613,1.3707564637330554,3,5,2,0,0,31911831.285714287,1.445782054527658,0
2026-05-08,768.145263671875,775.9167518274592,764.5546865191014,771.2440360478325,38016841.0,-1.9094287675940236,-0.0192789378748839,768.5106724330357,0.9995245235046589,1.0148610236896034,772.9831281389509,770.3045837402344,0,1.6430927907913502,1.4560874609809835,4,5,2,0,1,33657099.571428575,1.129534080003507,0
2026-05-11,751.2251586914062,762.2428825536997,749.5036318326614,759.3901026416063,41123422.0,-2.2027220345781418,-0.022273441999053685,767.3793858119419,0.9789488388413726,1.0169969165991748,769.6033150809152,770.263594563802,0,1.828402858337899,1.4110233815482387,0,5,2,1,0,32674909.14285714,1.2585627038840514,0
2026-05-12,738.2399291992188,747.3394284783378,735.6330216051203,744.2898305325124,43937132.0,-1.7285402840883424,-0.017436539588413902,764.39306640625,0.9657857477305639,1.015913378722008,766.128640311105,769.2192016601563,0,1.921419382516245,1.4278937402335576,1,5,2,0,0,38951642.28571428,1.1279917718928676,0
2026-05-13,737.4037475585938,747.5853858194506,735.1903557682459,739.7647228184694,28960919.0,-0.11326692143731609,-0.0011333111689416557,760.2051827566964,0.9700062092244374,1.0168596200343956,763.6868852887835,769.0027811686198,0,1.8322244221399353,1.3624179485214416,2,5,2,0,0,38942050.71428572,0.7436927041280806,1
2026-05-14,757.0291748046875,765.6368096362314,734.846082190099,738.7810009702333,50992358.0,2.6614222277917543,0.026266224815799998,759.8187255859375,0.9963286627621624,1.0419009207402525,762.611812046596,770.2488403320312,0,2.1770970940558874,1.5777749039017972,3,5,2,0,0,40671293.71428572,1.2537677891000805,0
2026-05-15,755.0125122070312,769.1782432932904,752.9467039429112,760.4230253238243,24347873.0,-0.26639166161285255,-0.0026674711560660653,755.7362496512277,0.9990423412340873,1.021557354943425,761.0448739188058,771.0768127441406,0,1.6724652708821655,1.5626913549576498,4,5,2,0,1,39073728.28571428,0.6231264347738684,1
2026-05-18,756.143798828125,761.5050772404568,739.1252283144738,746.6507839481793,29812079.0,0.149836804397685,0.0014972466106527192,751.8856549944196,1.0056632864391288,1.0302788324206154,760.0681719098773,771.6588521321614,0,1.6839881268149866,1.5506038287017239,0,5,2,1,0,36741517.71428572,0.8114003137221674,0
2026-05-19,750.044677734375,758.2587962302428,747.8804605130283,754.2255287138954,40307830.0,-0.8066086243387116,-0.00809879311338434,749.2998570033482,1.0009940222516598,1.013876998083484,758.9052647181919,771.3784891764323,0,1.5769182017790453,1.5593460370205205,1,5,2,0,0,37068801.85714286,1.0873788194002016,0
2026-05-20,747.1427001953125,749.8479568451309,742.8635000569833,747.2410491475586,24013451.0,-0.3869072903534665,-0.0038765771286175276,748.7166486467634,0.9978978049248729,1.0094020729078919,758.0480172293527,770.968603515625,0,1.350507044205065,1.5446313580552664,2,5,2,0,0,34624520.28571428,0.6935388794370589,0
2026-05-21,746.7984008789062,755.7503168336749,742.8634822100684,754.5206547496631,34664725.0,-0.04608213615903134,-0.0004609275723846843,749.9392874581473,0.9958118121936419,1.0173475139540678,757.1661769321987,769.1011576334636,0,1.1393616746996476,1.5444446343704084,3,5,2,0,0,33299890.714285713,1.0409861490965426,1
2026-05-22,754.3239135742188,762.390509033052,746.7984174780529,746.7984174780529,25604071.0,1.0077033756975995,0.010026598991190589,752.3564540318081,1.0026150630221449,1.0208785814084258,756.2808183942523,768.0879150390625,0,1.1711977487006282,1.544991078841432,4,5,2,0,1,32820341.0,0.7801281223738656,1
2026-05-25,774.0476684570312,775.0313981291084,762.5872538025895,763.3742255318324,26043952.0,2.614759326580973,0.025811589488299386,754.7876674107143,1.0255171114710817,1.0163183219552478,757.3031964983259,767.3189656575521,0,1.155750055689634,1.684612634563291,0,5,2,1,0,29256283.0,0.8902003032989529,0
2026-05-26,766.22705078125,777.9825721015808,764.1120080103449,771.2932224692265,31528062.0,-1.010353495589067,-0.01015492208597672,756.3897443498884,1.0130056052515846,1.01815252730729,756.0629970005581,766.800868733724,0,1.2494704448145189,1.4686463400814094,1,5,2,0,0,30282024.285714287,1.0411477681455246,0
2026-05-27,746.3065185546875,761.3083956280444,744.584991677417,756.9799611769273,63680153.0,-2.5998210590779114,-0.026342138165498092,754.9844185965402,0.9885058554480047,1.022460033626185,753.43503679548,765.1203308105469,0,1.6441598773485993,1.6070632131071059,2,5,2,0,0,35120320.571428575,1.813199650911094,0
2026-05-28,746.3065185546875,746.3065185546875,746.3065185546875,746.3065185546875,0.0,0.0,0.0,754.4503958565848,0.9892055496999893,1.0,751.8751264299665,763.913623046875,0,1.6206404467311712,1.5425461949550603,3,5,2,0,0,29362059.14285714,0.0,0
2026-05-29,732.4359130859375,748.1264133157719,725.7465633447872,733.9115075895189,101299431.0,-1.858566838678044,-0.01876055219960015,752.3494262695312,0.9735315632759456,1.0308370044052864,750.5330374581473,762.0986409505208,0,1.7595991384781569,1.510494868023707,4,5,2,0,1,40402913.428571425,2.507230850544675,0
2026-06-01,730.6160278320312,740.1089829912345,727.1729740345589,736.8135126590627,47996441.0,-0.24847023765377507,-0.0024877943723425385,750.0376586914062,0.9741057923767988,1.017789452329207,749.9884730747768,760.3689168294271,0,1.75696096575416,1.4433392117770405,0,6,2,1,0,42307444.28571428,1.1344679833616584,1
2026-06-02,736.0757446289062,741.3386744827858,721.2214502442791,725.0087855549667,47314447.0,0.7472758041013217,0.007444975307888749,747.4307774135044,0.984807913819267,1.027893269441297,749.8936157226562,758.286690266927,0,1.7271783970675798,1.4593370559267693,1,6,2,0,0,45408926.571428575,1.0419635647095518,1
2026-06-03,741.3878784179688,744.5849997963322,730.5176176978582,732.3375535846441,36109480.0,0.7216830370820881,0.007190913666789286,742.7650931222098,0.9981458273726194,1.019256732154942,748.7763802664621,756.770107014974,0,1.2778173738135414,1.2662132303831253,2,6,2,0,0,46846859.14285714,0.770798313071234,1
2026-06-04,741.9288940429688,744.9784318589446,732.8785694984622,736.9610714527732,42673538.0,0.07297335723297493,0.000729467446246012,739.293927873884,1.0035641658476253,1.016510050728817,747.8418361118862,755.7814595540365,0,1.2863828594687285,1.266887997100781,3,6,2,0,0,48439070.0,0.8809735199292638,0
2026-06-05,734.8952026367188,746.355676758121,732.5342875674706,741.6829610502508,22116568.0,-0.9480276968216628,-0.009525500844115454,737.6637398856027,0.9962468844553573,1.0188679075167213,746.3240792410714,754.5419596354167,0,0.9284625154446295,1.2829551643269368,4,6,2,0,1,42501415.0,0.5203725099505511,0
2026-06-08,726.6319580078125,729.4355636015806,722.5494557860566,725.9925096938186,21550700.0,-1.1244112901075853,-0.01130780583564831,734.8530883789062,0.9888125524664669,1.0095302927161334,744.6517421177456,752.8647033691407,0,0.9806318272226183,1.2973260476564181,0,6,2,1,0,45580086.428571425,0.47280954663769914,0
2026-06-09,726.3367919921875,731.8457142768752,720.3852393810432,727.4189306755471,38539563.0,-0.04062111669768109,-0.0004062936930823397,733.9817853655134,0.9895842192193928,1.0159088141584895,743.1656058175223,751.415342203776,0,0.7320125710573637,1.2971682355320793,1,6,2,0,0,36614391.0,1.0525796537214016,1
2026-06-10,734.698486328125,743.6504624272108,724.418559222074,724.5169081730804,44458159.0,1.1512144817837466,0.011446384293906518,734.5649937220982,1.0001817301493643,1.0265480542433771,742.3013262067523,750.3611124674479,0,0.86857193856957,1.3461919939309681,2,6,2,0,0,36108922.14285714,1.231223652262754,0
2026-06-11,732.485107421875,743.699649970007,728.0583237911012,730.9111639255492,32632007.0,-0.3012635723958046,-0.003017182845804936,734.0520455496652,0.997865358270861,1.021483616995764,740.7414114815848,749.4724772135417,0,0.8241726821908643,1.3076314794322972,3,6,2,0,0,34011430.71428572,0.9594423496655105,1
2026-06-12,759.8819580078125,761.8494172504803,740.8467538097462,742.4207572291352,36088159.0,3.7402604241833837,0.03672009328658465,736.6940569196429,1.0314756185018321,1.0283495383258812,739.7295750209263,749.4970703125,0,1.665663815058928,1.5126339783577283,4,6,2,0,1,34008384.85714286,1.0611547461484434,1
2026-06-15,764.7022094726562,780.5894671305239,762.980682607529,777.1464134002696,39990334.0,0.6343421388081083,0.0063233865721772555,739.9473876953125,1.0334548404237858,1.023078938857031,739.6206577845982,749.4298461914062,0,1.6628110734765946,1.5021048374821604,0,6,2,1,0,33625070.0,1.1893011375143605,1
2026-06-16,772.1294555664062,774.8838866823837,766.7681167622869,767.8010209255166,27820970.0,0.9712599233722363,0.00966573514551492,745.2665666852679,1.0360446719092966,1.0105843862605635,741.4651532854352,749.8430155436198,0,1.5492876002945513,1.319463178500069,1,6,2,0,0,34439984.571428575,0.807810176055662,1
2026-06-17,774.2935791015625,781.376444549763,770.3586605239058,774.8346784396643,32405604.0,0.2802798830629616,0.0027988783138918135,752.0753696986607,1.029542530307573,1.014302148584095,743.4642290387835,749.5331400553385,1,1.34876941027537,1.3174824202773407,2,6,2,0,0,35990685.14285714,0.9003886386539476,1
2026-06-18,786.0,789.8857441736253,773.4082723338255,773.7033792240301,41492071.0,1.5118840210480489,0.015005689591172117,760.5986851283482,1.033396474866855,1.021305011116674,747.2902352469308,749.6298746744792,1,1.2910132404994301,1.201162950331011,3,6,2,0,0,36412472.0,1.1395016246081837,0
2026-06-19,779.7999877929688,789.0499877929688,776.2000122070312,788.7000122070312,33798761.0,-0.7888056243042341,-0.007919331534763678,767.0417567661831,1.0166330332269964,1.016554979881281,750.8033752441406,750.0183654785156,1,1.4825209361288176,1.2356641545637863,4,6,2,0,1,34889700.85714286,0.9687317509081046,1
2026-06-22,786.4000244140625,789.9000244140625,783.0999755859375,789.9000244140625,25194765.0,0.8463755737895706,0.008428138983862457,774.7438877650669,1.0150451482523088,1.0086835002427845,754.397966657366,751.1908610026042,1,1.3929310679932998,1.237635829196996,0,6,2,1,0,33827237.71428572,0.7448070461088786,0
2026-06-23,774.6500244140625,790.9000244140625,772.5499877929688,783.0499877929688,28289062.0,-1.4941505131252697,-0.015054253919755725,776.8536115373884,0.9971634461234402,1.023752555706481,756.7738342285156,752.404530843099,1,1.0592193311000557,1.341728625879007,1,6,2,0,0,32713081.0,0.8647629980190493,1
2026-06-24,793.2000122070312,794.9000244140625,772.6500244140625,773.0,34701292.0,2.394628181545566,0.023664066076691862,780.9247262137277,1.0157189106468938,1.0287969964368708,760.43605695452,754.2644063313802,1,1.3313222263350357,1.447829512898495,2,6,2,0,0,31957503.57142857,1.0858574081807972,1
2026-06-25,796.2999877929688,804.4500122070312,794.75,798.5,46707966.0,0.3908189029538711,0.0039005718984687016,784.3776593889509,1.0151997296981987,1.0122051113017065,764.8221130371094,755.5734334309896,1,1.3173803837935336,1.388684533066074,3,6,2,0,0,34655645.85714286,1.3477736410551715,0
2026-06-26,796.2999877929688,796.2999877929688,796.2999877929688,796.2999877929688,0.0,0.0,0.0,787.5214320591518,1.0111470689894286,1.0,769.7984008789062,756.9496826171875,1,1.3275730268944717,1.3127344919233268,4,6,2,0,1,30026273.85714286,0.0,1
2026-06-29,798.9000244140625,805.9000244140625,793.2999877929688,800.0,46695977.0,0.32651471316733627,0.003259828113883163,789.3642926897321,1.012080267390659,1.0158830667023557,774.9814889090402,758.3748901367187,1,1.2358304253606813,1.3011917601397853,0,6,2,1,0,30769689.0,1.5175966516918646,0
2026-06-30,797.9500122070312,806.0999755859375,792.75,806.0999755859375,45778356.0,-0.11891503041673301,-0.0011898579044079326,791.9571533203125,1.0075671503964494,1.0168400827321822,779.4994550432477,759.9717346191406,1,1.166963039807017,1.3108219218263386,1,6,2,0,0,32481059.714285713,1.4093861592781074,0
2026-07-01,796.1500244140625,802.25,793.5,793.5,26094378.0,-0.22557651048719096,-0.002258313175596629,793.3500104631696,1.0035293551572,1.0110270951480782,784.0469491141183,761.605312093099,1,1.1589856376948116,1.3069714851028755,2,7,3,0,0,32609575.85714286,0.8002059920777609,0
2026-07-02,795.9000244140625,805.4500122070312,794.0,795.0,34143823.0,-0.03140111691687375,-0.0003140604809991661,796.385724748884,0.9993901192352806,1.0144206702859335,786.6196681431362,763.2420328776042,1,0.9119729332801769,0.9513039734691465,3,7,3,0,0,33445970.285714287,1.0208650760711757,1
2026-07-03,801.0499877929688,807.0,798.5499877929688,803.0,25871958.0,0.6470615932820944,0.006449771367345385,797.5071498325893,1.0044423902169695,1.0105816947419728,789.2159380231585,764.7995686848958,1,0.3174010378418461,0.9516173371654403,4,7,3,0,1,32184636.85714286,0.8038604914151187,1
2026-07-06,829.8499755859375,831.5,805.0,805.0,63203327.0,3.595279724342504,0.03532158029294231,802.3000052315848,1.0343387388442062,1.0329192546583852,793.3388323102679,766.6596455891927,1,1.3543624155150753,1.2859528636552455,0,7,3,1,0,34541117.0,1.829799742724012,0
2026-07-07,829.2999877929688,843.0,826.0999755859375,843.0,57611729.0,-0.06627556897623732,-0.0006629754094001864,807.0142909458706,1.0276149965336772,1.0204576018805418,797.2678615025112,768.7620768229167,1,1.3594697318847377,1.2943106209930688,1,7,3,0,0,42771364.0,1.346969645391716,0
2026-07-08,810.2999877929688,834.3499755859375,806.9500122070312,825.9000244140625,38754632.0,-2.2910889038555315,-0.023177422335627095,808.6428571428571,1.0020492738363715,1.0339549699044759,799.0035749162946,770.8951924641927,1,1.7482793355911368,1.454555713011007,2,7,3,0,0,41636886.14285714,0.9307764242271129,1
2026-07-09,817.5499877929688,822.8499755859375,812.2999877929688,813.0,39891798.0,0.8947303602641066,0.008907513647510199,811.442853655134,1.0075262652327583,1.0129877975520265,801.7000034877232,773.2699747721355,1,1.7579084479245508,1.4335141989200708,3,7,3,0,0,40795949.28571428,0.9778372289027505,1
2026-07-10,824.9500122070312,827.7000122070312,820.2999877929688,824.0,23595785.0,0.9051464160667821,0.00901074518539137,815.5571376255581,1.011517126327678,1.0090211197417818,804.4535740443638,776.3537780761719,1,1.7470073384318796,1.435171906973531,4,7,3,0,1,40439007.428571425,0.5834907061375804,0
2026-07-13,817.9500122070312,821.9500122070312,811.0,817.0,21741736.0,-0.8485362623697035,-0.008521568270638118,818.7071358816964,0.9990752203792022,1.0135018646202605,807.5464303152902,779.2649108886719,1,1.8160768040993136,1.3806268189774928,0,7,3,1,0,38667280.71428572,0.5622773465931228,0
2026-07-14,809.4000244140625,818.4000244140625,807.0,811.4000244140625,25605395.0,-1.0452946592541479,-0.010507962359187736,819.8999982561384,0.9871935920668271,1.0141264243049102,808.7035740443638,781.709053548177,1,1.8896672857401815,1.3018106165549168,1,7,3,0,0,38629200.28571428,0.6628507660167455,1
2026-07-15,815.4500122070312,819.7000122070312,809.7000122070312,811.0,21488739.0,0.7474657289945563,0.007446860467687855,817.8428606305804,0.9970741953757423,1.0123502529939978,810.0714329310825,784.1777913411458,1,1.2131187308561837,1.3102986595986028,2,7,3,0,0,32669973.42857143,0.6577519582922919,0
2026-07-16,808.2999877929688,818.0,806.5,814.5,18698186.0,-0.8768194625089043,-0.008806861434919797,814.8428606305804,0.99197038698658,1.014259144451333,810.9285757882254,786.3901611328125,1,1.2319309198623718,1.340067635897478,3,7,3,0,0,27110895.85714286,0.6896926644743694,1
2026-07-17,819.5999755859375,823.7000122070312,808.5,810.0,17415322.0,1.3979943045431487,0.013883124939272731,816.1714303152902,1.004200766093127,1.0188002624700447,812.4071437290737,789.2136535644531,1,1.0422144485953384,1.3829771906624464,4,7,3,0,1,24062423.0,0.7237559575775058,0
2026-07-20,777.5999755859375,790.0,774.5499877929688,790.0,56061789.0,-5.1244511043297525,-0.052604164827423104,810.4642857142857,0.9594500205528688,1.019947082112873,810.9535696847098,790.912587483724,1,2.191693263248335,1.985319696557524,0,7,3,1,0,26372421.714285713,2.125773264486811,0
2026-07-21,761.4500122070312,772.5,760.0999755859375,769.1500244140625,42246009.0,-2.076898647886005,-0.02098769542054655,801.3928571428571,0.9501582219259715,1.0163136755852462,808.4749973842075,792.0830281575521,1,2.11807269222563,2.0502005023155365,1,7,3,0,0,29036739.42857143,1.4549157319788797,0
2026-07-22,753.1500244140625,761.3499755859375,750.3499755859375,760.25,23385446.0,-1.0900239884311769,-0.010960082764236904,792.1357160295759,0.950784075472671,1.0146598258917916,805.4214259556362,792.6980794270834,0,2.114915103115549,2.0591111059903233,2,7,3,0,0,29271555.14285714,0.7989136855172018,0
2026-07-23,747.25,751.0,743.25,749.4000244140625,32532090.0,-0.7833797016275179,-0.007864642400712779,783.2571411132812,0.9540289654274935,1.010427177934746,801.5785696847098,793.1902425130208,0,2.119441425947,2.0399650860817093,3,7,3,0,0,30261083.0,1.0750471157955583,0
2026-07-24,742.7999877929688,748.25,737.25,738.5,23837859.0,-0.5955185288767151,-0.005972988119302858,772.8785661969866,0.9610824006259845,1.0149203119701593,795.3607134137835,792.6208435058594,0,1.9788544258939371,1.6706639808078743,4,7,3,0,1,30596671.57142857,0.7790997443741559,0
2026-07-27,739.5499877929688,747.9500122070312,738.0999755859375,746.0999755859375,29678752.0,-0.43753366362545565,-0.004384936433391154,763.0571376255581,0.969193460524152,1.013345125249834,788.9499991280692,791.7824361165365,0,2.0016056142002294,1.6614666214277252,0,7,3,1,0,32165323.85714286,0.9226940207974722,0
2026-07-28,735.4000244140625,740.25,732.0,732.0,33883461.0,-0.5611471093780906,-0.005627274545837754,751.0285731724331,0.9791904738159911,1.0112704918032787,783.6000017438616,790.5581217447917,0,1.6820310726460463,1.6055684447955323,1,7,3,0,0,34517915.14285714,0.981619569425576,0
